2026-07-10 12:51:31.885 | INFO     | __main__:<module>:63 - Gateway starting on port 9900, PID=21968
2026-07-10 12:57:52.156 | INFO     | __main__:<module>:63 - Gateway starting on port 9900, PID=19352
2026-07-10 13:00:30.843 | INFO     | __main__:log_requests:44 - POST /api/auth/login -> 422 (0.057s)
2026-07-10 13:00:41.523 | INFO     | __main__:log_requests:44 - POST /api/auth/login -> 422 (0.001s)
2026-07-10 13:00:43.964 | INFO     | __main__:log_requests:44 - POST /api/auth/login -> 422 (0.001s)
2026-07-10 13:00:56.857 | INFO     | __main__:log_requests:44 - GET /api/auth/login -> 405 (0.001s)
2026-07-10 13:03:13.943 | INFO     | __main__:<module>:63 - Gateway starting on port 9900, PID=26308
2026-07-10 13:08:51.812 | INFO     | __main__:<module>:63 - Gateway starting on port 9900, PID=2192
2026-07-10 13:09:11.145 | ERROR    | __main__:global_exception_handler:50 - Unhandled exception on POST /api/auth/login: 'user_id'
2026-07-10 13:10:38.109 | INFO     | __main__:<module>:63 - Gateway starting on port 9900, PID=14504
2026-07-10 13:10:44.514 | INFO     | __main__:log_requests:44 - POST /api/auth/login -> 200 (0.413s)
2026-07-10 13:10:44.533 | INFO     | __main__:log_requests:44 - GET /api/user/profile -> 200 (0.013s)
2026-07-10 13:10:44.807 | ERROR    | __main__:global_exception_handler:50 - Unhandled exception on GET /api/asset/list: (pymysql.err.ProgrammingError) (1146, "Table 'user_auth_db.asset_info' doesn't exist")
[SQL: SELECT COUNT(*) FROM asset_info a WHERE 1=1]
(Background on this error at: https://sqlalche.me/e/20/f405)
2026-07-10 13:11:02.262 | ERROR    | __main__:global_exception_handler:50 - Unhandled exception on GET /api/asset/list: (pymysql.err.ProgrammingError) (1146, "Table 'user_auth_db.asset_info' doesn't exist")
[SQL: SELECT COUNT(*) FROM asset_info a WHERE 1=1]
(Background on this error at: https://sqlalche.me/e/20/f405)
2026-07-10 13:11:03.631 | INFO     | __main__:log_requests:44 - GET /api/role/list -> 200 (0.018s)
2026-07-10 13:11:03.635 | INFO     | __main__:log_requests:44 - GET /api/dept/tree -> 200 (0.006s)
2026-07-10 13:11:03.656 | INFO     | __main__:log_requests:44 - GET /api/user/list -> 200 (0.009s)
2026-07-10 13:11:04.685 | ERROR    | __main__:global_exception_handler:50 - Unhandled exception on GET /api/asset/list: (pymysql.err.ProgrammingError) (1146, "Table 'user_auth_db.asset_info' doesn't exist")
[SQL: SELECT COUNT(*) FROM asset_info a WHERE 1=1]
(Background on this error at: https://sqlalche.me/e/20/f405)
2026-07-10 13:11:08.678 | INFO     | __main__:log_requests:44 - GET /api/role/list -> 200 (0.014s)
2026-07-10 13:11:08.678 | INFO     | __main__:log_requests:44 - GET /api/dept/tree -> 200 (0.015s)
2026-07-10 13:11:08.711 | INFO     | __main__:log_requests:44 - GET /api/user/list -> 200 (0.008s)
2026-07-10 13:11:10.168 | ERROR    | __main__:global_exception_handler:50 - Unhandled exception on GET /api/asset/category/list: (pymysql.err.ProgrammingError) (1146, "Table 'user_auth_db.asset_category' doesn't exist")
[SQL: SELECT category_id, category_name, parent_id, order_num, status
                 FROM asset_category ORDER BY order_num ASC]
(Background on this error at: https://sqlalche.me/e/20/f405)
2026-07-10 13:11:10.193 | ERROR    | __main__:global_exception_handler:50 - Unhandled exception on GET /api/asset/list: (pymysql.err.ProgrammingError) (1146, "Table 'user_auth_db.asset_info' doesn't exist")
[SQL: SELECT COUNT(*) FROM asset_info a WHERE 1=1]
(Background on this error at: https://sqlalche.me/e/20/f405)
2026-07-10 13:11:14.141 | ERROR    | __main__:global_exception_handler:50 - Unhandled exception on GET /api/asset/list: (pymysql.err.ProgrammingError) (1146, "Table 'user_auth_db.asset_info' doesn't exist")
[SQL: SELECT COUNT(*) FROM asset_info a WHERE 1=1]
(Background on this error at: https://sqlalche.me/e/20/f405)
2026-07-10 13:11:14.805 | ERROR    | __main__:global_exception_handler:50 - Unhandled exception on GET /api/apply/pending: (pymysql.err.ProgrammingError) (1146, "Table 'user_auth_db.asset_apply' doesn't exist")
[SQL: SELECT COUNT(*) FROM asset_apply a WHERE 1=1]
(Background on this error at: https://sqlalche.me/e/20/f405)
2026-07-10 13:11:16.394 | ERROR    | __main__:global_exception_handler:50 - Unhandled exception on GET /api/asset/list: (pymysql.err.ProgrammingError) (1146, "Table 'user_auth_db.asset_info' doesn't exist")
[SQL: SELECT COUNT(*) FROM asset_info a WHERE 1=1]
(Background on this error at: https://sqlalche.me/e/20/f405)
2026-07-10 13:11:18.765 | ERROR    | __main__:global_exception_handler:50 - Unhandled exception on GET /api/asset/list: (pymysql.err.ProgrammingError) (1146, "Table 'user_auth_db.asset_info' doesn't exist")
[SQL: SELECT COUNT(*) FROM asset_info a WHERE 1=1]
(Background on this error at: https://sqlalche.me/e/20/f405)
2026-07-10 13:11:19.774 | INFO     | __main__:log_requests:44 - GET /api/dept/tree -> 200 (0.004s)
2026-07-10 13:11:22.017 | ERROR    | __main__:global_exception_handler:50 - Unhandled exception on GET /api/asset/list: (pymysql.err.ProgrammingError) (1146, "Table 'user_auth_db.asset_info' doesn't exist")
[SQL: SELECT COUNT(*) FROM asset_info a WHERE 1=1]
(Background on this error at: https://sqlalche.me/e/20/f405)
2026-07-10 13:11:22.914 | ERROR    | __main__:global_exception_handler:50 - Unhandled exception on GET /api/report/asset: (pymysql.err.ProgrammingError) (1146, "Table 'user_auth_db.asset_info' doesn't exist")
[SQL: SELECT COUNT(*) FROM asset_info]
(Background on this error at: https://sqlalche.me/e/20/f405)
2026-07-10 13:11:22.956 | ERROR    | __main__:global_exception_handler:50 - Unhandled exception on GET /api/report/repair: (pymysql.err.ProgrammingError) (1146, "Table 'user_auth_db.repair_order' doesn't exist")
[SQL: SELECT COUNT(*) FROM repair_order]
(Background on this error at: https://sqlalche.me/e/20/f405)
2026-07-10 13:11:22.964 | ERROR    | __main__:global_exception_handler:50 - Unhandled exception on GET /api/report/inventory: (pymysql.err.ProgrammingError) (1146, "Table 'user_auth_db.check_task' doesn't exist")
[SQL: SELECT COUNT(*) FROM check_task]
(Background on this error at: https://sqlalche.me/e/20/f405)
2026-07-10 13:17:47.610 | INFO     | __main__:<module>:63 - Gateway starting on port 9900, PID=18648
2026-07-10 13:17:51.977 | INFO     | __main__:log_requests:44 - GET /api/report/asset -> 200 (0.332s)
2026-07-10 13:17:51.977 | INFO     | __main__:log_requests:44 - GET /api/report/repair -> 200 (0.288s)
2026-07-10 13:17:51.977 | INFO     | __main__:log_requests:44 - GET /api/report/inventory -> 200 (0.288s)
2026-07-10 13:18:07.368 | INFO     | __main__:log_requests:44 - GET /api/repair/statistics/my -> 200 (0.011s)
2026-07-10 13:18:16.677 | INFO     | __main__:log_requests:44 - GET /api/role/list -> 200 (0.043s)
2026-07-10 13:18:16.697 | INFO     | __main__:log_requests:44 - GET /api/dept/tree -> 200 (0.061s)
2026-07-10 13:18:16.733 | INFO     | __main__:log_requests:44 - GET /api/user/list -> 200 (0.027s)
2026-07-10 13:18:18.445 | ERROR    | __main__:global_exception_handler:50 - Unhandled exception on GET /api/asset/category/list: (pymysql.err.InternalError) (1054, "Unknown column 'order_num' in 'field list'")
[SQL: SELECT category_id, category_name, parent_id, order_num, status
                 FROM asset_category ORDER BY order_num ASC]
(Background on this error at: https://sqlalche.me/e/20/2j85)
2026-07-10 13:18:22.834 | INFO     | __main__:log_requests:44 - GET /api/dept/tree -> 200 (0.004s)
2026-07-10 13:18:25.707 | INFO     | __main__:log_requests:44 - GET /api/report/asset -> 200 (0.052s)
2026-07-10 13:18:25.710 | INFO     | __main__:log_requests:44 - GET /api/report/repair -> 200 (0.054s)
2026-07-10 13:18:25.737 | INFO     | __main__:log_requests:44 - GET /api/report/inventory -> 200 (0.052s)
2026-07-10 13:18:28.782 | INFO     | __main__:log_requests:44 - GET /api/dept/tree -> 200 (0.006s)
2026-07-10 13:18:28.793 | INFO     | __main__:log_requests:44 - GET /api/user/list -> 200 (0.009s)
2026-07-10 13:35:38.031 | INFO     | __main__:<module>:63 - Gateway starting on port 9900, PID=2016
2026-07-10 13:35:40.861 | INFO     | __main__:log_requests:44 - GET /api/repair/list -> 200 (0.176s)
2026-07-10 13:35:40.862 | INFO     | __main__:log_requests:44 - GET /api/asset/list -> 200 (0.241s)
2026-07-10 13:35:44.384 | INFO     | __main__:log_requests:44 - GET /api/apply/my -> 200 (0.059s)
2026-07-10 13:35:47.420 | INFO     | __main__:log_requests:44 - GET /api/repair/list -> 200 (0.012s)
2026-07-10 13:35:47.420 | INFO     | __main__:log_requests:44 - GET /api/asset/list -> 200 (0.013s)
2026-07-10 13:35:49.943 | INFO     | __main__:log_requests:44 - GET /api/dept/tree -> 200 (0.026s)
2026-07-10 13:35:49.972 | INFO     | __main__:log_requests:44 - GET /api/role/list -> 200 (0.053s)
2026-07-10 13:35:50.012 | INFO     | __main__:log_requests:44 - GET /api/user/list -> 200 (0.028s)
2026-07-10 13:35:51.169 | ERROR    | __main__:global_exception_handler:50 - Unhandled exception on GET /api/asset/category/list: (pymysql.err.InternalError) (1054, "Unknown column 'order_num' in 'field list'")
[SQL: SELECT category_id, category_name, parent_id, order_num, status
                 FROM asset_category ORDER BY order_num ASC]
(Background on this error at: https://sqlalche.me/e/20/2j85)
2026-07-10 13:35:51.533 | INFO     | __main__:log_requests:44 - GET /api/asset/list -> 200 (0.008s)
2026-07-10 13:35:53.431 | INFO     | __main__:log_requests:44 - GET /api/apply/my -> 200 (0.004s)
2026-07-10 13:35:55.175 | INFO     | __main__:log_requests:44 - GET /api/repair/list -> 200 (0.014s)
2026-07-10 13:35:55.176 | INFO     | __main__:log_requests:44 - GET /api/asset/list -> 200 (0.015s)
2026-07-10 13:35:55.780 | INFO     | __main__:log_requests:44 - GET /api/apply/pending -> 200 (0.012s)
2026-07-10 13:36:00.190 | INFO     | __main__:log_requests:44 - GET /api/repair/list -> 200 (0.011s)
2026-07-10 13:36:00.192 | INFO     | __main__:log_requests:44 - GET /api/asset/list -> 200 (0.012s)
2026-07-10 13:36:01.481 | INFO     | __main__:log_requests:44 - GET /api/apply/pending -> 200 (0.008s)
2026-07-10 13:36:03.881 | INFO     | __main__:log_requests:44 - GET /api/asset/list -> 200 (0.006s)
2026-07-10 13:36:03.886 | INFO     | __main__:log_requests:44 - GET /api/repair/list -> 200 (0.005s)
2026-07-10 13:36:04.560 | INFO     | __main__:log_requests:44 - GET /api/repair/statistics/my -> 200 (0.006s)
2026-07-10 13:36:04.565 | INFO     | __main__:log_requests:44 - GET /api/repair/list -> 200 (0.010s)
2026-07-10 13:36:07.588 | INFO     | __main__:log_requests:44 - GET /api/asset/list -> 200 (0.011s)
2026-07-10 13:36:07.588 | INFO     | __main__:log_requests:44 - GET /api/repair/list -> 200 (0.011s)
2026-07-10 13:36:08.262 | INFO     | __main__:log_requests:44 - GET /api/dept/tree -> 200 (0.003s)
2026-07-10 13:36:08.277 | INFO     | __main__:log_requests:44 - GET /api/repair/list -> 200 (0.006s)
2026-07-10 13:36:10.593 | INFO     | __main__:log_requests:44 - GET /api/repair/list -> 200 (0.012s)
2026-07-10 13:36:10.593 | INFO     | __main__:log_requests:44 - GET /api/asset/list -> 200 (0.013s)
2026-07-10 13:36:11.373 | INFO     | __main__:log_requests:44 - GET /api/dept/tree -> 200 (0.004s)
2026-07-10 13:36:11.379 | INFO     | __main__:log_requests:44 - GET /api/user/list -> 200 (0.006s)
2026-07-10 13:36:11.423 | INFO     | __main__:log_requests:44 - GET /api/check/task/list -> 200 (0.036s)
2026-07-10 13:36:14.051 | INFO     | __main__:log_requests:44 - GET /api/repair/list -> 200 (0.010s)
2026-07-10 13:36:14.052 | INFO     | __main__:log_requests:44 - GET /api/asset/list -> 200 (0.011s)
2026-07-10 13:36:14.976 | INFO     | __main__:log_requests:44 - GET /api/report/asset -> 200 (0.074s)
2026-07-10 13:36:15.034 | INFO     | __main__:log_requests:44 - GET /api/report/repair -> 200 (0.131s)
2026-07-10 13:36:15.036 | INFO     | __main__:log_requests:44 - GET /api/report/inventory -> 200 (0.062s)
2026-07-10 13:36:21.415 | INFO     | __main__:log_requests:44 - GET /api/repair/list -> 200 (0.010s)
2026-07-10 13:36:21.416 | INFO     | __main__:log_requests:44 - GET /api/asset/list -> 200 (0.011s)
2026-07-10 14:00:26.179 | INFO     | __main__:<module>:63 - Gateway starting on port 9900, PID=2984
2026-07-10 14:00:30.146 | INFO     | __main__:log_requests:44 - GET /api/report/repair -> 200 (0.247s)
2026-07-10 14:00:30.146 | INFO     | __main__:log_requests:44 - GET /api/report/inventory -> 200 (0.247s)
2026-07-10 14:00:30.146 | INFO     | __main__:log_requests:44 - GET /api/report/asset -> 200 (0.302s)
2026-07-10 14:00:36.887 | INFO     | __main__:log_requests:44 - GET /api/report/dashboard -> 200 (0.070s)
2026-07-10 14:00:36.969 | INFO     | __main__:log_requests:44 - GET /api/report/asset -> 200 (0.150s)
2026-07-10 14:00:36.971 | INFO     | __main__:log_requests:44 - GET /api/repair/list -> 200 (0.150s)
2026-07-10 14:00:36.971 | INFO     | __main__:log_requests:44 - GET /api/apply/pending -> 200 (0.151s)
2026-07-10 14:01:32.427 | INFO     | __main__:log_requests:44 - GET /api/asset/category/list -> 200 (0.031s)
2026-07-10 14:01:32.450 | INFO     | __main__:log_requests:44 - GET /api/asset/list -> 200 (0.014s)
2026-07-10 14:01:35.555 | INFO     | __main__:log_requests:44 - GET /api/asset/list -> 200 (0.007s)
2026-07-10 14:01:41.078 | INFO     | __main__:log_requests:44 - GET /api/role/list -> 200 (0.038s)
2026-07-10 14:01:41.078 | INFO     | __main__:log_requests:44 - GET /api/dept/tree -> 200 (0.038s)
2026-07-10 14:01:41.112 | INFO     | __main__:log_requests:44 - GET /api/user/list -> 200 (0.026s)
2026-07-10 14:02:13.240 | INFO     | __main__:log_requests:44 - GET /api/apply/my -> 200 (0.007s)
2026-07-10 14:02:15.017 | INFO     | __main__:log_requests:44 - GET /api/apply/pending -> 200 (0.009s)
2026-07-10 14:02:15.621 | INFO     | __main__:log_requests:44 - GET /api/repair/list -> 200 (0.007s)
2026-07-10 14:02:16.875 | INFO     | __main__:log_requests:44 - GET /api/repair/list -> 200 (0.006s)
2026-07-10 14:02:17.249 | INFO     | __main__:log_requests:44 - GET /api/repair/list -> 200 (0.006s)
2026-07-10 14:02:17.879 | INFO     | __main__:log_requests:44 - GET /api/dept/tree -> 200 (0.005s)
2026-07-10 14:02:17.895 | INFO     | __main__:log_requests:44 - GET /api/repair/list -> 200 (0.007s)
2026-07-10 14:02:18.519 | INFO     | __main__:log_requests:44 - GET /api/dept/tree -> 200 (0.009s)
2026-07-10 14:02:18.519 | INFO     | __main__:log_requests:44 - GET /api/user/list -> 200 (0.009s)
2026-07-10 14:02:18.539 | INFO     | __main__:log_requests:44 - GET /api/check/task/list -> 200 (0.013s)
2026-07-10 14:02:19.066 | INFO     | __main__:log_requests:44 - GET /api/report/asset -> 200 (0.032s)
2026-07-10 14:02:19.066 | INFO     | __main__:log_requests:44 - GET /api/report/repair -> 200 (0.032s)
2026-07-10 14:02:19.066 | INFO     | __main__:log_requests:44 - GET /api/report/inventory -> 200 (0.032s)
2026-07-10 14:02:27.884 | INFO     | __main__:log_requests:44 - GET /api/report/dashboard -> 200 (0.016s)
2026-07-10 14:02:27.905 | INFO     | __main__:log_requests:44 - GET /api/report/asset -> 200 (0.035s)
2026-07-10 14:02:27.905 | INFO     | __main__:log_requests:44 - GET /api/repair/list -> 200 (0.023s)
2026-07-10 14:02:27.906 | INFO     | __main__:log_requests:44 - GET /api/apply/pending -> 200 (0.024s)
2026-07-10 14:02:33.036 | INFO     | __main__:log_requests:44 - GET /api/report/inventory -> 200 (0.025s)
2026-07-10 14:02:33.036 | INFO     | __main__:log_requests:44 - GET /api/report/asset -> 200 (0.027s)
2026-07-10 14:02:33.036 | INFO     | __main__:log_requests:44 - GET /api/report/repair -> 200 (0.026s)
2026-07-10 14:02:34.912 | INFO     | __main__:log_requests:44 - GET /api/report/dashboard -> 200 (0.015s)
2026-07-10 14:02:34.932 | INFO     | __main__:log_requests:44 - GET /api/repair/list -> 200 (0.034s)
2026-07-10 14:02:34.933 | INFO     | __main__:log_requests:44 - GET /api/report/asset -> 200 (0.035s)
2026-07-10 14:02:34.933 | INFO     | __main__:log_requests:44 - GET /api/apply/pending -> 200 (0.022s)
2026-07-10 14:08:59.019 | INFO     | __main__:<module>:63 - Gateway starting on port 9900, PID=18884
2026-07-10 14:31:09.190 | INFO     | __main__:<module>:63 - Gateway starting on port 9900, PID=31432
2026-07-10 14:31:13.215 | INFO     | __main__:log_requests:44 - GET /api/report/asset -> 200 (0.346s)
2026-07-10 14:31:13.217 | INFO     | __main__:log_requests:44 - GET /api/repair/list -> 200 (0.346s)
2026-07-10 14:31:13.217 | INFO     | __main__:log_requests:44 - GET /api/apply/pending -> 403 (0.347s)
2026-07-10 14:31:13.217 | INFO     | __main__:log_requests:44 - GET /api/report/dashboard -> 200 (0.401s)
2026-07-10 14:31:19.300 | INFO     | __main__:log_requests:44 - POST /api/auth/login -> 200 (0.352s)
2026-07-10 14:31:19.312 | INFO     | __main__:log_requests:44 - GET /api/user/profile -> 200 (0.007s)
2026-07-10 14:31:19.389 | INFO     | __main__:log_requests:44 - GET /api/report/dashboard -> 200 (0.017s)
2026-07-10 14:31:19.407 | INFO     | __main__:log_requests:44 - GET /api/report/asset -> 200 (0.017s)
2026-07-10 14:31:19.435 | INFO     | __main__:log_requests:44 - GET /api/repair/list -> 200 (0.044s)
2026-07-10 14:31:19.435 | INFO     | __main__:log_requests:44 - GET /api/apply/pending -> 200 (0.043s)
2026-07-10 14:31:32.402 | INFO     | __main__:log_requests:44 - GET /api/dept/tree -> 200 (0.005s)
2026-07-10 14:31:32.436 | INFO     | __main__:log_requests:44 - GET /api/role/list -> 200 (0.038s)
2026-07-10 14:31:32.452 | INFO     | __main__:log_requests:44 - GET /api/user/list -> 200 (0.006s)
2026-07-10 14:31:34.087 | INFO     | __main__:log_requests:44 - GET /api/user/list -> 200 (0.005s)
2026-07-10 14:31:35.233 | INFO     | __main__:log_requests:44 - GET /api/user/list -> 200 (0.006s)
2026-07-10 14:31:39.279 | INFO     | __main__:log_requests:44 - GET /api/user/list -> 200 (0.005s)
2026-07-10 14:31:53.829 | INFO     | __main__:log_requests:44 - GET /api/user/list -> 200 (0.007s)
2026-07-10 14:31:59.944 | INFO     | __main__:log_requests:44 - GET /api/asset/category/list -> 200 (0.022s)
2026-07-10 14:31:59.980 | INFO     | __main__:log_requests:44 - GET /api/asset/list -> 200 (0.027s)
2026-07-10 14:32:26.016 | INFO     | __main__:log_requests:44 - GET /api/apply/my -> 200 (0.007s)
2026-07-10 14:32:27.725 | INFO     | __main__:log_requests:44 - GET /api/apply/pending -> 200 (0.006s)
2026-07-10 14:32:29.874 | INFO     | __main__:log_requests:44 - GET /api/apply/my -> 200 (0.005s)
2026-07-10 14:32:31.797 | INFO     | __main__:log_requests:44 - GET /api/apply/pending -> 200 (0.005s)
2026-07-10 14:32:33.491 | INFO     | __main__:log_requests:44 - GET /api/repair/list -> 200 (0.006s)
2026-07-10 14:32:35.010 | INFO     | __main__:log_requests:44 - GET /api/dept/tree -> 200 (0.003s)
2026-07-10 14:32:35.024 | INFO     | __main__:log_requests:44 - GET /api/repair/list -> 200 (0.006s)
2026-07-10 14:32:36.218 | INFO     | __main__:log_requests:44 - GET /api/dept/tree -> 200 (0.003s)
2026-07-10 14:32:36.225 | INFO     | __main__:log_requests:44 - GET /api/user/list -> 200 (0.005s)
2026-07-10 14:32:36.265 | INFO     | __main__:log_requests:44 - GET /api/check/task/list -> 200 (0.026s)
2026-07-10 14:32:44.987 | INFO     | __main__:log_requests:44 - GET /api/report/dashboard -> 200 (0.016s)
2026-07-10 14:32:45.004 | INFO     | __main__:log_requests:44 - GET /api/report/asset -> 200 (0.032s)
2026-07-10 14:32:45.004 | INFO     | __main__:log_requests:44 - GET /api/repair/list -> 200 (0.031s)
2026-07-10 14:32:45.004 | INFO     | __main__:log_requests:44 - GET /api/apply/pending -> 200 (0.018s)
2026-07-10 14:32:51.340 | INFO     | __main__:log_requests:44 - GET /api/report/dashboard -> 200 (0.034s)
2026-07-10 14:32:51.340 | INFO     | __main__:log_requests:44 - GET /api/report/asset -> 200 (0.033s)
2026-07-10 14:32:51.341 | INFO     | __main__:log_requests:44 - GET /api/repair/list -> 200 (0.033s)
2026-07-10 14:32:51.342 | INFO     | __main__:log_requests:44 - GET /api/apply/pending -> 200 (0.034s)
2026-07-10 14:33:16.293 | INFO     | __main__:log_requests:44 - GET /api/dept/tree -> 200 (0.014s)
2026-07-10 14:33:16.294 | INFO     | __main__:log_requests:44 - GET /api/role/list -> 200 (0.014s)
2026-07-10 14:33:16.322 | INFO     | __main__:log_requests:44 - GET /api/user/list -> 200 (0.006s)
2026-07-10 14:33:19.259 | INFO     | __main__:log_requests:44 - GET /api/dept/tree -> 200 (0.010s)
2026-07-10 14:33:19.259 | INFO     | __main__:log_requests:44 - GET /api/role/list -> 200 (0.010s)
2026-07-10 14:33:19.279 | INFO     | __main__:log_requests:44 - GET /api/user/list -> 200 (0.008s)
2026-07-10 14:35:13.734 | INFO     | __main__:log_requests:44 - GET /api/report/dashboard -> 200 (0.045s)
2026-07-10 14:35:13.735 | INFO     | __main__:log_requests:44 - GET /api/report/asset -> 200 (0.047s)
2026-07-10 14:35:13.750 | INFO     | __main__:log_requests:44 - GET /api/apply/pending -> 200 (0.015s)
2026-07-10 14:35:13.750 | INFO     | __main__:log_requests:44 - GET /api/repair/list -> 200 (0.014s)
2026-07-10 14:35:47.261 | INFO     | __main__:log_requests:44 - GET /api/apply/my -> 200 (0.007s)
2026-07-10 14:35:49.346 | INFO     | __main__:log_requests:44 - GET /api/report/dashboard -> 200 (0.014s)
2026-07-10 14:35:49.363 | INFO     | __main__:log_requests:44 - GET /api/report/asset -> 200 (0.031s)
2026-07-10 14:35:49.364 | INFO     | __main__:log_requests:44 - GET /api/repair/list -> 200 (0.019s)
2026-07-10 14:35:49.369 | INFO     | __main__:log_requests:44 - GET /api/apply/pending -> 200 (0.010s)
2026-07-10 14:35:50.663 | INFO     | __main__:log_requests:44 - GET /api/repair/list -> 200 (0.008s)
2026-07-10 14:35:52.082 | INFO     | __main__:log_requests:44 - GET /api/report/dashboard -> 200 (0.020s)
2026-07-10 14:35:52.102 | INFO     | __main__:log_requests:44 - GET /api/report/asset -> 200 (0.040s)
2026-07-10 14:35:52.104 | INFO     | __main__:log_requests:44 - GET /api/repair/list -> 200 (0.040s)
2026-07-10 14:35:52.104 | INFO     | __main__:log_requests:44 - GET /api/apply/pending -> 200 (0.023s)
2026-07-10 14:36:17.398 | INFO     | __main__:log_requests:44 - GET /api/dept/tree -> 200 (0.015s)
2026-07-10 14:36:17.398 | INFO     | __main__:log_requests:44 - GET /api/role/list -> 200 (0.016s)
2026-07-10 14:36:17.415 | INFO     | __main__:log_requests:44 - GET /api/user/list -> 200 (0.009s)
2026-07-10 14:36:48.121 | INFO     | __main__:log_requests:44 - GET /api/dept/tree -> 200 (0.013s)
2026-07-10 14:36:48.123 | INFO     | __main__:log_requests:44 - GET /api/role/list -> 200 (0.013s)
2026-07-10 14:36:48.145 | INFO     | __main__:log_requests:44 - GET /api/user/list -> 200 (0.010s)
2026-07-10 14:43:28.501 | INFO     | __main__:log_requests:44 - GET /api/dept/tree -> 200 (0.080s)
2026-07-10 14:43:28.507 | INFO     | __main__:log_requests:44 - GET /api/role/list -> 200 (0.074s)
2026-07-10 14:43:28.537 | INFO     | __main__:log_requests:44 - GET /api/user/list -> 200 (0.016s)
2026-07-10 14:43:29.870 | INFO     | __main__:log_requests:44 - GET /api/report/dashboard -> 200 (0.086s)
2026-07-10 14:43:29.871 | INFO     | __main__:log_requests:44 - GET /api/repair/list -> 200 (0.083s)
2026-07-10 14:43:29.872 | INFO     | __main__:log_requests:44 - GET /api/report/asset -> 200 (0.084s)
2026-07-10 14:43:29.873 | INFO     | __main__:log_requests:44 - GET /api/apply/pending -> 200 (0.085s)
2026-07-10 14:43:31.622 | INFO     | __main__:log_requests:44 - GET /api/role/list -> 200 (0.010s)
2026-07-10 14:43:31.624 | INFO     | __main__:log_requests:44 - GET /api/dept/tree -> 200 (0.010s)
2026-07-10 14:43:31.638 | INFO     | __main__:log_requests:44 - GET /api/user/list -> 200 (0.006s)
2026-07-10 14:43:46.526 | INFO     | __main__:log_requests:44 - GET /api/asset/category/list -> 200 (0.014s)
2026-07-10 14:43:46.556 | INFO     | __main__:log_requests:44 - GET /api/asset/list -> 200 (0.020s)
2026-07-10 14:43:59.269 | INFO     | __main__:log_requests:44 - GET /api/apply/my -> 200 (0.010s)
2026-07-10 14:44:00.311 | INFO     | __main__:log_requests:44 - GET /api/apply/pending -> 200 (0.007s)
2026-07-10 14:44:01.066 | INFO     | __main__:log_requests:44 - GET /api/repair/list -> 200 (0.008s)
2026-07-10 14:44:02.184 | INFO     | __main__:log_requests:44 - GET /api/repair/list -> 200 (0.007s)
2026-07-10 14:44:02.556 | INFO     | __main__:log_requests:44 - GET /api/repair/list -> 200 (0.008s)
2026-07-10 14:44:03.086 | INFO     | __main__:log_requests:44 - GET /api/repair/list -> 200 (0.008s)
2026-07-10 14:44:03.792 | INFO     | __main__:log_requests:44 - GET /api/dept/tree -> 200 (0.004s)
2026-07-10 14:44:03.826 | INFO     | __main__:log_requests:44 - GET /api/repair/list -> 200 (0.007s)
2026-07-10 14:44:04.540 | INFO     | __main__:log_requests:44 - GET /api/repair/list -> 200 (0.006s)
2026-07-10 14:44:04.894 | INFO     | __main__:log_requests:44 - GET /api/repair/list -> 200 (0.011s)
2026-07-10 14:44:05.372 | INFO     | __main__:log_requests:44 - GET /api/repair/list -> 200 (0.006s)
2026-07-10 14:44:05.935 | INFO     | __main__:log_requests:44 - GET /api/dept/tree -> 200 (0.009s)
2026-07-10 14:44:05.935 | INFO     | __main__:log_requests:44 - GET /api/user/list -> 200 (0.009s)
2026-07-10 14:44:05.953 | INFO     | __main__:log_requests:44 - GET /api/check/task/list -> 200 (0.012s)
2026-07-10 14:47:08.454 | INFO     | __main__:log_requests:44 - GET /api/dept/tree -> 200 (0.010s)
2026-07-10 14:47:08.454 | INFO     | __main__:log_requests:44 - GET /api/role/list -> 200 (0.011s)
2026-07-10 14:47:08.471 | INFO     | __main__:log_requests:44 - GET /api/user/list -> 200 (0.007s)
2026-07-10 14:48:15.406 | INFO     | __main__:log_requests:44 - GET /api/repair/list -> 200 (0.008s)
2026-07-10 14:48:16.592 | INFO     | __main__:log_requests:44 - GET /api/repair/list -> 200 (0.006s)
2026-07-10 14:48:17.211 | INFO     | __main__:log_requests:44 - GET /api/repair/list -> 200 (0.007s)
2026-07-10 14:48:21.172 | INFO     | __main__:log_requests:44 - GET /api/asset/category/list -> 200 (0.007s)
2026-07-10 14:48:21.192 | INFO     | __main__:log_requests:44 - GET /api/asset/list -> 200 (0.010s)
2026-07-10 14:48:22.070 | INFO     | __main__:log_requests:44 - GET /api/apply/pending -> 200 (0.006s)
2026-07-10 14:48:23.421 | INFO     | __main__:log_requests:44 - GET /api/dept/tree -> 200 (0.009s)
2026-07-10 14:48:23.421 | INFO     | __main__:log_requests:44 - GET /api/user/list -> 200 (0.009s)
2026-07-10 14:48:23.435 | INFO     | __main__:log_requests:44 - GET /api/check/task/list -> 200 (0.007s)
2026-07-10 14:48:24.667 | INFO     | __main__:log_requests:44 - GET /api/dept/tree -> 200 (0.003s)
2026-07-10 14:48:24.686 | INFO     | __main__:log_requests:44 - GET /api/repair/list -> 200 (0.006s)
2026-07-10 14:48:27.445 | INFO     | __main__:log_requests:44 - GET /api/repair/list -> 200 (0.008s)
2026-07-10 14:48:36.973 | INFO     | __main__:log_requests:44 - GET /api/dept/tree -> 200 (0.006s)
2026-07-10 14:48:36.996 | INFO     | __main__:log_requests:44 - GET /api/repair/list -> 200 (0.011s)
2026-07-10 14:51:29.780 | INFO     | __main__:log_requests:44 - GET /api/repair/list -> 200 (0.008s)
2026-07-10 14:51:34.838 | INFO     | __main__:log_requests:44 - GET /api/dept/tree -> 200 (0.003s)
2026-07-10 14:51:34.852 | INFO     | __main__:log_requests:44 - GET /api/repair/list -> 200 (0.006s)
2026-07-10 14:51:37.575 | INFO     | __main__:log_requests:44 - GET /api/repair/list -> 200 (0.009s)
2026-07-10 14:51:38.218 | INFO     | __main__:log_requests:44 - GET /api/dept/tree -> 200 (0.003s)
2026-07-10 14:51:38.237 | INFO     | __main__:log_requests:44 - GET /api/repair/list -> 200 (0.008s)
2026-07-10 14:51:38.917 | INFO     | __main__:log_requests:44 - GET /api/repair/list -> 200 (0.007s)
2026-07-10 14:51:39.552 | INFO     | __main__:log_requests:44 - GET /api/dept/tree -> 200 (0.003s)
2026-07-10 14:51:39.563 | INFO     | __main__:log_requests:44 - GET /api/repair/list -> 200 (0.005s)
2026-07-10 14:51:55.827 | INFO     | __main__:log_requests:44 - GET /api/dept/tree -> 200 (0.004s)
2026-07-10 14:51:55.834 | INFO     | __main__:log_requests:44 - GET /api/user/list -> 200 (0.008s)
2026-07-10 14:51:55.848 | INFO     | __main__:log_requests:44 - GET /api/check/task/list -> 200 (0.008s)
2026-07-10 14:56:23.713 | INFO     | __main__:log_requests:44 - GET /api/dept/tree -> 200 (0.006s)
2026-07-10 14:56:23.726 | INFO     | __main__:log_requests:44 - GET /api/user/list -> 200 (0.012s)
2026-07-10 14:56:23.760 | INFO     | __main__:log_requests:44 - GET /api/check/task/list -> 200 (0.013s)
2026-07-10 14:56:36.302 | INFO     | __main__:log_requests:44 - GET /api/dept/tree -> 200 (0.019s)
2026-07-10 14:56:36.304 | INFO     | __main__:log_requests:44 - GET /api/user/list -> 200 (0.019s)
2026-07-10 14:56:36.333 | INFO     | __main__:log_requests:44 - GET /api/check/task/list -> 200 (0.015s)
2026-07-10 14:58:46.705 | INFO     | __main__:log_requests:44 - GET /api/check/sheet/2 -> 200 (0.102s)
2026-07-10 14:58:51.681 | INFO     | __main__:log_requests:44 - GET /api/dept/tree -> 200 (0.010s)
2026-07-10 14:58:51.681 | INFO     | __main__:log_requests:44 - GET /api/user/list -> 200 (0.010s)
2026-07-10 14:58:51.714 | INFO     | __main__:log_requests:44 - GET /api/check/task/list -> 200 (0.007s)
2026-07-10 14:58:53.357 | INFO     | __main__:log_requests:44 - GET /api/check/diff/2 -> 200 (0.033s)
2026-07-10 14:58:56.425 | INFO     | __main__:log_requests:44 - GET /api/dept/tree -> 200 (0.015s)
2026-07-10 14:58:56.434 | INFO     | __main__:log_requests:44 - GET /api/user/list -> 200 (0.017s)
2026-07-10 14:58:56.453 | INFO     | __main__:log_requests:44 - GET /api/check/task/list -> 200 (0.012s)
2026-07-10 14:58:57.609 | INFO     | __main__:log_requests:44 - GET /api/check/diff/1 -> 200 (0.013s)
2026-07-10 14:58:59.099 | INFO     | __main__:log_requests:44 - GET /api/user/list -> 200 (0.012s)
2026-07-10 14:58:59.100 | INFO     | __main__:log_requests:44 - GET /api/dept/tree -> 200 (0.014s)
2026-07-10 14:58:59.118 | INFO     | __main__:log_requests:44 - GET /api/check/task/list -> 200 (0.011s)
2026-07-10 14:59:00.038 | INFO     | __main__:log_requests:44 - GET /api/check/diff/2 -> 200 (0.008s)
2026-07-10 14:59:01.965 | INFO     | __main__:log_requests:44 - GET /api/user/list -> 200 (0.167s)
2026-07-10 14:59:01.966 | INFO     | __main__:log_requests:44 - GET /api/dept/tree -> 200 (0.169s)
2026-07-10 14:59:01.979 | INFO     | __main__:log_requests:44 - GET /api/check/task/list -> 200 (0.007s)
2026-07-10 14:59:03.213 | INFO     | __main__:log_requests:44 - GET /api/check/diff/1 -> 200 (0.004s)
2026-07-10 14:59:05.222 | INFO     | __main__:log_requests:44 - GET /api/user/list -> 200 (0.008s)
2026-07-10 14:59:05.222 | INFO     | __main__:log_requests:44 - GET /api/dept/tree -> 200 (0.009s)
2026-07-10 14:59:05.234 | INFO     | __main__:log_requests:44 - GET /api/check/task/list -> 200 (0.006s)
2026-07-10 14:59:06.135 | INFO     | __main__:log_requests:44 - GET /api/check/diff/2 -> 200 (0.003s)
2026-07-10 14:59:07.791 | INFO     | __main__:log_requests:44 - PUT /api/check/confirm -> 200 (0.090s)
2026-07-10 14:59:09.464 | INFO     | __main__:log_requests:44 - GET /api/user/list -> 200 (0.008s)
2026-07-10 14:59:09.464 | INFO     | __main__:log_requests:44 - GET /api/dept/tree -> 200 (0.010s)
2026-07-10 14:59:09.478 | INFO     | __main__:log_requests:44 - GET /api/check/task/list -> 200 (0.007s)
2026-07-10 14:59:10.403 | INFO     | __main__:log_requests:44 - GET /api/check/diff/1 -> 200 (0.010s)
2026-07-10 14:59:11.232 | INFO     | __main__:log_requests:44 - PUT /api/check/confirm -> 200 (0.065s)
2026-07-10 14:59:12.392 | INFO     | __main__:log_requests:44 - GET /api/user/list -> 200 (0.010s)
2026-07-10 14:59:12.392 | INFO     | __main__:log_requests:44 - GET /api/dept/tree -> 200 (0.011s)
2026-07-10 14:59:12.405 | INFO     | __main__:log_requests:44 - GET /api/check/task/list -> 200 (0.006s)
2026-07-10 14:59:21.467 | INFO     | __main__:log_requests:44 - GET /api/check/sheet/2 -> 200 (0.010s)
2026-07-10 14:59:24.041 | INFO     | __main__:log_requests:44 - POST /api/check/diff/analyze -> 200 (0.094s)
2026-07-10 14:59:26.019 | INFO     | __main__:log_requests:44 - GET /api/dept/tree -> 200 (0.007s)
2026-07-10 14:59:26.025 | INFO     | __main__:log_requests:44 - GET /api/user/list -> 200 (0.013s)
2026-07-10 14:59:26.037 | INFO     | __main__:log_requests:44 - GET /api/check/task/list -> 200 (0.006s)
2026-07-10 14:59:28.245 | INFO     | __main__:log_requests:44 - GET /api/check/diff/2 -> 200 (0.004s)
2026-07-10 14:59:29.206 | INFO     | __main__:log_requests:44 - GET /api/dept/tree -> 200 (0.008s)
2026-07-10 14:59:29.206 | INFO     | __main__:log_requests:44 - GET /api/user/list -> 200 (0.008s)
2026-07-10 14:59:29.219 | INFO     | __main__:log_requests:44 - GET /api/check/task/list -> 200 (0.007s)
2026-07-10 14:59:30.145 | INFO     | __main__:log_requests:44 - GET /api/check/diff/1 -> 200 (0.004s)
2026-07-10 14:59:31.300 | INFO     | __main__:log_requests:44 - GET /api/dept/tree -> 200 (0.009s)
2026-07-10 14:59:31.300 | INFO     | __main__:log_requests:44 - GET /api/user/list -> 200 (0.009s)
2026-07-10 14:59:31.314 | INFO     | __main__:log_requests:44 - GET /api/check/task/list -> 200 (0.008s)
2026-07-10 14:59:32.933 | INFO     | __main__:log_requests:44 - GET /api/dept/tree -> 200 (0.004s)
2026-07-10 14:59:32.953 | INFO     | __main__:log_requests:44 - GET /api/repair/list -> 200 (0.011s)
2026-07-10 14:59:47.804 | INFO     | __main__:log_requests:44 - GET /api/repair/list -> 200 (0.006s)
2026-07-10 14:59:48.604 | INFO     | __main__:log_requests:44 - GET /api/repair/list -> 200 (0.008s)
2026-07-10 14:59:55.281 | INFO     | __main__:log_requests:44 - GET /api/repair/list -> 200 (0.006s)
2026-07-10 14:59:57.307 | INFO     | __main__:log_requests:44 - GET /api/repair/list -> 200 (0.006s)
2026-07-10 14:59:59.304 | INFO     | __main__:log_requests:44 - GET /api/repair/list -> 200 (0.006s)
2026-07-10 15:00:02.446 | INFO     | __main__:log_requests:44 - GET /api/apply/pending -> 200 (0.014s)
2026-07-10 15:00:03.178 | INFO     | __main__:log_requests:44 - GET /api/apply/my -> 200 (0.006s)
2026-07-10 15:00:04.007 | INFO     | __main__:log_requests:44 - GET /api/asset/category/list -> 200 (0.012s)
2026-07-10 15:00:04.045 | INFO     | __main__:log_requests:44 - GET /api/asset/list -> 200 (0.016s)
2026-07-10 15:00:05.499 | INFO     | __main__:log_requests:44 - GET /api/dept/tree -> 200 (0.015s)
2026-07-10 15:00:05.499 | INFO     | __main__:log_requests:44 - GET /api/role/list -> 200 (0.015s)
2026-07-10 15:00:05.513 | INFO     | __main__:log_requests:44 - GET /api/user/list -> 200 (0.006s)
2026-07-10 15:00:07.206 | INFO     | __main__:log_requests:44 - GET /api/asset/category/list -> 200 (0.004s)
2026-07-10 15:00:07.220 | INFO     | __main__:log_requests:44 - GET /api/asset/list -> 200 (0.006s)
2026-07-10 15:24:00.932 | INFO     | __main__:<module>:63 - Gateway starting on port 9900, PID=10052
2026-07-10 15:24:12.265 | INFO     | __main__:log_requests:44 - GET /api/report/dashboard -> 200 (0.477s)
2026-07-10 15:24:12.360 | INFO     | __main__:log_requests:44 - GET /api/report/asset -> 200 (0.504s)
2026-07-10 15:24:12.360 | INFO     | __main__:log_requests:44 - GET /api/repair/list -> 200 (0.505s)
2026-07-10 15:24:12.362 | INFO     | __main__:log_requests:44 - GET /api/apply/pending -> 200 (0.506s)
2026-07-10 15:24:17.525 | INFO     | __main__:log_requests:44 - GET /api/dept/tree -> 200 (0.030s)
2026-07-10 15:24:17.558 | INFO     | __main__:log_requests:44 - GET /api/role/list -> 200 (0.061s)
2026-07-10 15:24:17.627 | INFO     | __main__:log_requests:44 - GET /api/user/list -> 200 (0.059s)
2026-07-10 15:25:47.488 | INFO     | __main__:log_requests:44 - GET /api/user/list -> 200 (0.019s)
2026-07-10 15:25:49.793 | INFO     | __main__:log_requests:44 - GET /api/asset/category/list -> 200 (0.027s)
2026-07-10 15:25:49.830 | INFO     | __main__:log_requests:44 - GET /api/asset/list -> 200 (0.028s)
2026-07-10 15:25:57.295 | INFO     | __main__:log_requests:44 - GET /api/dept/tree -> 200 (0.012s)
2026-07-10 15:25:57.297 | INFO     | __main__:log_requests:44 - GET /api/role/list -> 200 (0.012s)
2026-07-10 15:25:57.325 | INFO     | __main__:log_requests:44 - GET /api/user/list -> 200 (0.022s)
2026-07-10 15:27:07.702 | INFO     | __main__:log_requests:44 - GET /api/asset/category/list -> 200 (0.005s)
2026-07-10 15:27:07.727 | INFO     | __main__:log_requests:44 - GET /api/asset/list -> 200 (0.011s)
2026-07-10 15:48:48.060 | INFO     | __main__:<module>:63 - Gateway starting on port 9900, PID=28712
2026-07-10 15:49:15.248 | INFO     | __main__:log_requests:44 - GET /api/report/asset -> 200 (0.322s)
2026-07-10 15:49:15.248 | INFO     | __main__:log_requests:44 - GET /api/apply/pending -> 200 (0.323s)
2026-07-10 15:49:15.250 | INFO     | __main__:log_requests:44 - GET /api/repair/list -> 200 (0.324s)
2026-07-10 15:49:15.250 | INFO     | __main__:log_requests:44 - GET /api/report/dashboard -> 200 (0.363s)
2026-07-10 15:49:18.125 | INFO     | __main__:log_requests:44 - GET /api/dept/tree -> 200 (0.032s)
2026-07-10 15:49:18.163 | INFO     | __main__:log_requests:44 - GET /api/role/list -> 200 (0.068s)
2026-07-10 15:49:18.213 | INFO     | __main__:log_requests:44 - GET /api/user/list -> 200 (0.038s)
2026-07-10 15:50:51.163 | INFO     | __main__:log_requests:44 - GET /api/user/list -> 200 (0.023s)
2026-07-10 15:50:53.984 | INFO     | __main__:log_requests:44 - GET /api/user/list -> 200 (0.018s)
2026-07-10 15:50:57.494 | INFO     | __main__:log_requests:44 - GET /api/user/list -> 200 (0.010s)
2026-07-10 15:51:00.426 | INFO     | __main__:log_requests:44 - GET /api/user/list -> 200 (0.010s)
2026-07-10 15:51:02.036 | INFO     | __main__:log_requests:44 - GET /api/user/list -> 200 (0.007s)
2026-07-10 15:51:03.676 | INFO     | __main__:log_requests:44 - GET /api/user/list -> 200 (0.006s)
2026-07-10 15:51:06.541 | INFO     | __main__:log_requests:44 - GET /api/user/list -> 200 (0.016s)
2026-07-10 15:51:08.088 | INFO     | __main__:log_requests:44 - GET /api/asset/category/list -> 200 (0.035s)
2026-07-10 15:51:08.125 | INFO     | __main__:log_requests:44 - GET /api/asset/list -> 200 (0.030s)
2026-07-10 15:51:12.222 | INFO     | __main__:log_requests:44 - GET /api/asset/list -> 200 (0.005s)
2026-07-10 15:51:14.145 | INFO     | __main__:log_requests:44 - GET /api/asset/list -> 200 (0.005s)
2026-07-10 15:51:16.214 | INFO     | __main__:log_requests:44 - GET /api/asset/list -> 200 (0.005s)
2026-07-10 15:51:18.553 | INFO     | __main__:log_requests:44 - GET /api/asset/list -> 200 (0.005s)
2026-07-10 15:51:20.930 | INFO     | __main__:log_requests:44 - GET /api/asset/list -> 200 (0.006s)
2026-07-10 15:51:29.326 | INFO     | __main__:log_requests:44 - GET /api/apply/pending -> 200 (0.005s)
2026-07-10 15:51:30.289 | INFO     | __main__:log_requests:44 - GET /api/apply/approved -> 200 (0.010s)
2026-07-10 15:51:31.803 | INFO     | __main__:log_requests:44 - GET /api/apply/approved -> 200 (0.005s)
2026-07-10 15:51:32.241 | INFO     | __main__:log_requests:44 - GET /api/apply/approved -> 200 (0.004s)
2026-07-10 15:51:32.696 | INFO     | __main__:log_requests:44 - GET /api/apply/approved -> 200 (0.005s)
2026-07-10 15:51:38.073 | INFO     | __main__:log_requests:44 - GET /api/apply/pending -> 200 (0.005s)
2026-07-10 15:51:39.786 | INFO     | __main__:log_requests:44 - GET /api/apply/approved -> 200 (0.005s)
2026-07-10 15:51:42.505 | INFO     | __main__:log_requests:44 - GET /api/repair/list -> 200 (0.006s)
2026-07-10 15:51:43.072 | INFO     | __main__:log_requests:44 - GET /api/dept/tree -> 200 (0.004s)
2026-07-10 15:51:43.086 | INFO     | __main__:log_requests:44 - GET /api/repair/list -> 200 (0.006s)
2026-07-10 15:51:45.197 | INFO     | __main__:log_requests:44 - GET /api/repair/list -> 200 (0.005s)
2026-07-10 15:51:45.836 | INFO     | __main__:log_requests:44 - GET /api/repair/list -> 200 (0.006s)
2026-07-10 15:51:47.227 | INFO     | __main__:log_requests:44 - GET /api/repair/list -> 200 (0.005s)
2026-07-10 15:51:47.802 | INFO     | __main__:log_requests:44 - GET /api/repair/list -> 200 (0.005s)
2026-07-10 15:51:56.350 | INFO     | __main__:log_requests:44 - GET /api/dept/tree -> 200 (0.005s)
2026-07-10 15:51:56.367 | INFO     | __main__:log_requests:44 - GET /api/repair/list -> 200 (0.007s)
2026-07-10 15:51:57.660 | INFO     | __main__:log_requests:44 - GET /api/repair/list -> 200 (0.007s)
2026-07-10 15:51:58.593 | INFO     | __main__:log_requests:44 - GET /api/repair/list -> 200 (0.005s)
2026-07-10 15:51:59.169 | INFO     | __main__:log_requests:44 - GET /api/repair/list -> 200 (0.005s)
2026-07-10 15:52:00.498 | INFO     | __main__:log_requests:44 - GET /api/repair/list -> 200 (0.005s)
2026-07-10 15:52:01.361 | INFO     | __main__:log_requests:44 - GET /api/repair/list -> 200 (0.005s)
2026-07-10 15:52:05.962 | INFO     | __main__:log_requests:44 - GET /api/repair/list -> 200 (0.007s)
2026-07-10 15:52:06.779 | INFO     | __main__:log_requests:44 - GET /api/dept/tree -> 200 (0.021s)
2026-07-10 15:52:06.779 | INFO     | __main__:log_requests:44 - GET /api/user/list -> 200 (0.021s)
2026-07-10 15:52:06.827 | INFO     | __main__:log_requests:44 - GET /api/check/task/list -> 200 (0.043s)
2026-07-10 15:52:09.249 | INFO     | __main__:log_requests:44 - GET /api/check/diff/2 -> 200 (0.033s)
2026-07-10 15:52:10.264 | INFO     | __main__:log_requests:44 - GET /api/user/list -> 200 (0.019s)
2026-07-10 15:52:10.266 | INFO     | __main__:log_requests:44 - GET /api/dept/tree -> 200 (0.020s)
2026-07-10 15:52:10.277 | INFO     | __main__:log_requests:44 - GET /api/check/task/list -> 200 (0.006s)
2026-07-10 15:52:12.603 | INFO     | __main__:log_requests:44 - GET /api/dept/tree -> 200 (0.003s)
2026-07-10 15:52:12.618 | INFO     | __main__:log_requests:44 - GET /api/repair/list -> 200 (0.005s)
2026-07-10 15:52:13.610 | INFO     | __main__:log_requests:44 - GET /api/repair/list -> 200 (0.004s)
2026-07-10 15:52:15.850 | INFO     | __main__:log_requests:44 - GET /api/repair/list -> 200 (0.005s)
2026-07-10 15:55:26.184 | INFO     | __main__:log_requests:44 - GET /api/repair/list -> 200 (0.007s)
2026-07-10 15:55:30.672 | INFO     | __main__:log_requests:44 - GET /api/repair/list -> 200 (0.008s)
2026-07-10 15:55:45.327 | INFO     | __main__:log_requests:44 - GET /api/apply/my -> 200 (0.006s)
2026-07-10 15:55:47.449 | INFO     | __main__:log_requests:44 - GET /api/apply/pending -> 200 (0.006s)
2026-07-10 15:55:48.846 | INFO     | __main__:log_requests:44 - GET /api/apply/approved -> 200 (0.006s)
2026-07-10 15:55:54.930 | INFO     | __main__:log_requests:44 - GET /api/apply/approved -> 200 (0.005s)
2026-07-10 15:55:55.476 | INFO     | __main__:log_requests:44 - GET /api/apply/approved -> 200 (0.006s)
2026-07-10 15:55:56.196 | INFO     | __main__:log_requests:44 - GET /api/apply/approved -> 200 (0.005s)
2026-07-10 15:55:56.646 | INFO     | __main__:log_requests:44 - GET /api/apply/approved -> 200 (0.009s)
2026-07-10 15:56:01.455 | INFO     | __main__:log_requests:44 - GET /api/user/list -> 200 (0.019s)
2026-07-10 15:56:01.458 | INFO     | __main__:log_requests:44 - GET /api/dept/tree -> 200 (0.004s)
2026-07-10 15:56:01.472 | INFO     | __main__:log_requests:44 - GET /api/check/task/list -> 200 (0.007s)
2026-07-10 15:56:03.875 | INFO     | __main__:log_requests:44 - GET /api/check/sheet/2 -> 200 (0.036s)
2026-07-10 15:56:06.601 | INFO     | __main__:log_requests:44 - GET /api/dept/tree -> 200 (0.021s)
2026-07-10 15:56:06.601 | INFO     | __main__:log_requests:44 - GET /api/user/list -> 200 (0.021s)
2026-07-10 15:56:06.628 | INFO     | __main__:log_requests:44 - GET /api/check/task/list -> 200 (0.007s)
2026-07-10 15:58:16.956 | INFO     | __main__:log_requests:44 - GET /api/dept/tree -> 200 (0.004s)
2026-07-10 15:58:16.972 | INFO     | __main__:log_requests:44 - GET /api/repair/list -> 200 (0.007s)
2026-07-10 15:58:20.058 | INFO     | __main__:log_requests:44 - PUT /api/repair/college-approve -> 200 (0.194s)
2026-07-10 15:58:20.078 | INFO     | __main__:log_requests:44 - GET /api/repair/list -> 200 (0.009s)
2026-07-10 15:58:21.725 | INFO     | __main__:log_requests:44 - GET /api/repair/list -> 200 (0.007s)
2026-07-10 15:58:23.632 | INFO     | __main__:log_requests:44 - GET /api/repair/list -> 200 (0.008s)
2026-07-10 15:58:27.133 | INFO     | __main__:log_requests:44 - GET /api/repair/list -> 200 (0.006s)
2026-07-10 15:58:28.406 | INFO     | __main__:log_requests:44 - GET /api/repair/list -> 200 (0.007s)
2026-07-10 15:58:28.861 | INFO     | __main__:log_requests:44 - GET /api/repair/list -> 200 (0.006s)
2026-07-10 15:58:29.756 | INFO     | __main__:log_requests:44 - GET /api/repair/list -> 200 (0.007s)
2026-07-10 16:00:28.398 | INFO     | __main__:log_requests:44 - GET /api/repair/list -> 200 (0.010s)
2026-07-10 16:00:29.637 | INFO     | __main__:log_requests:44 - GET /api/repair/list -> 200 (0.008s)
2026-07-10 16:00:44.240 | INFO     | __main__:log_requests:44 - GET /api/asset/list -> 200 (0.009s)
2026-07-10 16:01:31.590 | INFO     | __main__:log_requests:44 - GET /api/asset/list -> 200 (0.009s)
2026-07-10 16:01:58.713 | INFO     | __main__:log_requests:44 - GET /api/apply/my -> 200 (0.010s)
2026-07-10 16:02:06.687 | INFO     | __main__:log_requests:44 - GET /api/apply/pending -> 200 (0.008s)
2026-07-10 16:02:07.947 | INFO     | __main__:log_requests:44 - GET /api/apply/approved -> 200 (0.006s)
2026-07-10 16:02:11.725 | INFO     | __main__:log_requests:44 - GET /api/repair/list -> 200 (0.007s)
2026-07-10 16:02:12.545 | INFO     | __main__:log_requests:44 - GET /api/dept/tree -> 200 (0.004s)
2026-07-10 16:02:12.566 | INFO     | __main__:log_requests:44 - GET /api/repair/list -> 200 (0.005s)
2026-07-10 16:02:13.521 | INFO     | __main__:log_requests:44 - GET /api/repair/list -> 200 (0.009s)
2026-07-10 16:02:14.212 | INFO     | __main__:log_requests:44 - GET /api/repair/list -> 200 (0.005s)
2026-07-10 16:15:53.987 | INFO     | __main__:<module>:63 - Gateway starting on port 9900, PID=9480
2026-07-10 16:15:57.144 | INFO     | __main__:log_requests:44 - GET /api/report/asset -> 200 (0.501s)
2026-07-10 16:15:57.176 | INFO     | __main__:log_requests:44 - GET /api/apply/pending -> 200 (0.532s)
2026-07-10 16:15:57.177 | INFO     | __main__:log_requests:44 - GET /api/report/dashboard -> 200 (0.623s)
2026-07-10 16:16:24.397 | INFO     | __main__:log_requests:44 - GET /api/role/list -> 200 (0.064s)
2026-07-10 16:16:24.397 | INFO     | __main__:log_requests:44 - GET /api/dept/tree -> 200 (0.064s)
2026-07-10 16:16:24.465 | INFO     | __main__:log_requests:44 - GET /api/user/list -> 200 (0.055s)
2026-07-10 16:16:30.668 | INFO     | __main__:log_requests:44 - GET /api/user/list -> 200 (0.012s)
2026-07-10 16:16:31.872 | INFO     | __main__:log_requests:44 - GET /api/user/list -> 200 (0.018s)
2026-07-10 16:16:46.381 | INFO     | __main__:log_requests:44 - POST /api/user -> 200 (0.265s)
2026-07-10 16:16:46.410 | INFO     | __main__:log_requests:44 - GET /api/user/list -> 200 (0.021s)
2026-07-10 16:16:48.847 | INFO     | __main__:log_requests:44 - GET /api/user/list -> 200 (0.025s)
2026-07-10 16:16:54.985 | INFO     | __main__:log_requests:44 - GET /api/dept/tree -> 200 (0.011s)
2026-07-10 16:16:54.985 | INFO     | __main__:log_requests:44 - GET /api/role/list -> 200 (0.011s)
2026-07-10 16:16:55.011 | INFO     | __main__:log_requests:44 - GET /api/user/list -> 200 (0.019s)
2026-07-10 16:19:22.527 | INFO     | __main__:log_requests:44 - DELETE /api/user/10 -> 404 (0.001s)
2026-07-10 16:20:12.147 | INFO     | __main__:log_requests:44 - GET /api/asset/category/list -> 200 (0.041s)
2026-07-10 16:20:12.205 | INFO     | __main__:log_requests:44 - GET /api/asset/list -> 200 (0.046s)
2026-07-10 16:20:12.846 | INFO     | __main__:log_requests:44 - GET /api/role/list -> 200 (0.014s)
2026-07-10 16:20:12.846 | INFO     | __main__:log_requests:44 - GET /api/dept/tree -> 200 (0.014s)
2026-07-10 16:20:12.881 | INFO     | __main__:log_requests:44 - GET /api/user/list -> 200 (0.025s)
2026-07-10 16:20:13.749 | INFO     | __main__:log_requests:44 - GET /api/asset/category/list -> 200 (0.003s)
2026-07-10 16:20:13.774 | INFO     | __main__:log_requests:44 - GET /api/asset/list -> 200 (0.006s)
2026-07-10 16:20:55.466 | INFO     | __main__:log_requests:44 - GET /api/asset/export -> 422 (0.003s)
2026-07-10 16:21:27.538 | INFO     | __main__:log_requests:44 - GET /api/asset/export -> 401 (0.001s)
2026-07-10 16:21:42.021 | INFO     | __main__:log_requests:44 - GET /api/asset/category/list -> 200 (0.003s)
2026-07-10 16:21:42.037 | INFO     | __main__:log_requests:44 - GET /api/asset/list -> 200 (0.007s)
2026-07-10 16:21:45.686 | INFO     | __main__:log_requests:44 - GET /api/asset/list -> 200 (0.006s)
2026-07-10 16:21:50.835 | INFO     | __main__:log_requests:44 - GET /api/asset/list -> 200 (0.006s)
2026-07-10 16:22:31.682 | INFO     | __main__:log_requests:44 - GET /api/asset/list -> 200 (0.007s)
2026-07-10 16:22:37.624 | INFO     | __main__:log_requests:44 - POST /api/apply/scrap -> 200 (0.109s)
2026-07-10 16:22:42.117 | INFO     | __main__:log_requests:44 - GET /api/apply/my -> 200 (0.011s)
2026-07-10 16:22:44.781 | INFO     | __main__:log_requests:44 - GET /api/apply/6 -> 200 (0.008s)
2026-07-10 16:22:51.804 | INFO     | __main__:log_requests:44 - GET /api/apply/my -> 200 (0.007s)
2026-07-10 16:22:53.447 | INFO     | __main__:log_requests:44 - GET /api/apply/pending -> 200 (0.007s)
2026-07-10 16:22:54.471 | INFO     | __main__:log_requests:44 - GET /api/apply/approved -> 200 (0.008s)
2026-07-10 16:22:57.526 | INFO     | __main__:log_requests:44 - GET /api/apply/approved -> 200 (0.006s)
2026-07-10 16:22:58.293 | INFO     | __main__:log_requests:44 - GET /api/apply/approved -> 200 (0.007s)
2026-07-10 16:22:58.885 | INFO     | __main__:log_requests:44 - GET /api/apply/approved -> 200 (0.006s)
2026-07-10 16:23:00.229 | INFO     | __main__:log_requests:44 - GET /api/apply/pending -> 200 (0.007s)
2026-07-10 16:23:01.351 | INFO     | __main__:log_requests:44 - GET /api/apply/my -> 200 (0.008s)
2026-07-10 16:23:17.122 | INFO     | __main__:log_requests:44 - GET /api/dept/tree -> 200 (0.006s)
2026-07-10 16:23:25.660 | INFO     | __main__:log_requests:44 - GET /api/dept/tree -> 200 (0.032s)
2026-07-10 16:23:25.661 | INFO     | __main__:log_requests:44 - GET /api/user/list -> 200 (0.032s)
2026-07-10 16:23:25.700 | INFO     | __main__:log_requests:44 - GET /api/check/task/list -> 200 (0.032s)
2026-07-10 16:23:27.655 | INFO     | __main__:log_requests:44 - GET /api/check/diff/2 -> 200 (0.016s)
2026-07-10 16:23:28.728 | INFO     | __main__:log_requests:44 - GET /api/dept/tree -> 200 (0.006s)
2026-07-10 16:23:28.751 | INFO     | __main__:log_requests:44 - GET /api/user/list -> 200 (0.022s)
2026-07-10 16:23:28.764 | INFO     | __main__:log_requests:44 - GET /api/check/task/list -> 200 (0.008s)
2026-07-10 16:23:29.639 | INFO     | __main__:log_requests:44 - GET /api/check/sheet/2 -> 200 (0.035s)
2026-07-10 16:23:30.962 | INFO     | __main__:log_requests:44 - GET /api/dept/tree -> 200 (0.022s)
2026-07-10 16:23:30.962 | INFO     | __main__:log_requests:44 - GET /api/user/list -> 200 (0.023s)
2026-07-10 16:23:30.974 | INFO     | __main__:log_requests:44 - GET /api/check/task/list -> 200 (0.006s)
2026-07-10 16:23:39.347 | INFO     | __main__:log_requests:44 - GET /api/asset/category/list -> 200 (0.006s)
2026-07-10 16:23:39.378 | INFO     | __main__:log_requests:44 - GET /api/asset/list -> 200 (0.011s)
2026-07-10 16:23:40.218 | INFO     | __main__:log_requests:44 - GET /api/role/list -> 200 (0.009s)
2026-07-10 16:23:40.219 | INFO     | __main__:log_requests:44 - GET /api/dept/tree -> 200 (0.010s)
2026-07-10 16:23:40.255 | INFO     | __main__:log_requests:44 - GET /api/user/list -> 200 (0.023s)
2026-07-10 16:23:41.207 | INFO     | __main__:log_requests:44 - GET /api/report/dashboard -> 200 (0.024s)
2026-07-10 16:23:41.250 | INFO     | __main__:log_requests:44 - GET /api/apply/pending -> 200 (0.040s)
2026-07-10 16:23:41.250 | INFO     | __main__:log_requests:44 - GET /api/report/asset -> 200 (0.042s)
2026-07-10 16:51:08.587 | INFO     | __main__:<module>:63 - Gateway starting on port 9900, PID=12564
2026-07-10 16:51:17.660 | INFO     | __main__:log_requests:44 - GET /api/report/asset -> 200 (0.466s)
2026-07-10 16:51:17.661 | ERROR    | __main__:global_exception_handler:50 - Unhandled exception on GET /api/repair/list
Traceback (most recent call last):

  File "D:\__lybix__\DEVTools\miniconda3\envs\fams\Lib\site-packages\sqlalchemy\engine\base.py", line 1969, in _exec_single_context
    self.dialect.do_execute(
    │    │       └ <function DefaultDialect.do_execute at 0x0000025730B63100>
    │    └ <sqlalchemy.dialects.mysql.pymysql.MySQLDialect_pymysql object at 0x0000025732521890>
    └ <sqlalchemy.engine.base.Connection object at 0x00000257304A9CD0>
  File "D:\__lybix__\DEVTools\miniconda3\envs\fams\Lib\site-packages\sqlalchemy\engine\default.py", line 952, in do_execute
    cursor.execute(statement, parameters)
    │      │       │          └ {'status': 'PENDING_REPAIR', 'limit': 5, 'offset': 0}
    │      │       └ 'SELECT r.order_id, r.asset_id, a.asset_name, a.asset_code, a.spec AS asset_spec,\n                              r.reporter_i...
    │      └ <function Cursor.execute at 0x00000257324D53A0>
    └ <pymysql.cursors.Cursor object at 0x00000257325283D0>
  File "D:\__lybix__\DEVTools\miniconda3\envs\fams\Lib\site-packages\pymysql\cursors.py", line 170, in execute
    result = self._query(query)
             │    │      └ "SELECT r.order_id, r.asset_id, a.asset_name, a.asset_code, a.spec AS asset_spec,\n                              r.reporter_i...
             │    └ <function Cursor._query at 0x00000257324D58A0>
             └ <pymysql.cursors.Cursor object at 0x00000257325283D0>
  File "D:\__lybix__\DEVTools\miniconda3\envs\fams\Lib\site-packages\pymysql\cursors.py", line 328, in _query
    conn.query(q)
    │    │     └ "SELECT r.order_id, r.asset_id, a.asset_name, a.asset_code, a.spec AS asset_spec,\n                              r.reporter_i...
    │    └ <function Connection.query at 0x00000257324F14E0>
    └ <pymysql.connections.Connection object at 0x0000025732523510>
  File "D:\__lybix__\DEVTools\miniconda3\envs\fams\Lib\site-packages\pymysql\connections.py", line 517, in query
    self._affected_rows = self._read_query_result(unbuffered=unbuffered)
    │    │                │    │                             └ False
    │    │                │    └ <function Connection._read_query_result at 0x00000257324F1BC0>
    │    │                └ <pymysql.connections.Connection object at 0x0000025732523510>
    │    └ 1
    └ <pymysql.connections.Connection object at 0x0000025732523510>
  File "D:\__lybix__\DEVTools\miniconda3\envs\fams\Lib\site-packages\pymysql\connections.py", line 732, in _read_query_result
    result.read()
    │      └ <function MySQLResult.read at 0x00000257324F2480>
    └ <pymysql.connections.MySQLResult object at 0x0000025732528410>
  File "D:\__lybix__\DEVTools\miniconda3\envs\fams\Lib\site-packages\pymysql\connections.py", line 1075, in read
    first_packet = self.connection._read_packet()
                   │    └ None
                   └ <pymysql.connections.MySQLResult object at 0x0000025732528410>
  File "D:\__lybix__\DEVTools\miniconda3\envs\fams\Lib\site-packages\pymysql\connections.py", line 684, in _read_packet
    packet.check_error()
    │      └ <function MysqlPacket.check_error at 0x00000257324D79C0>
    └ <pymysql.protocol.MysqlPacket object at 0x00000257324CFA90>
  File "D:\__lybix__\DEVTools\miniconda3\envs\fams\Lib\site-packages\pymysql\protocol.py", line 220, in check_error
    err.raise_mysql_exception(self._data)
    │   │                     │    └ <member '_data' of 'MysqlPacket' objects>
    │   │                     └ <pymysql.protocol.MysqlPacket object at 0x00000257324CFA90>
    │   └ <function raise_mysql_exception at 0x000002573248EC00>
    └ <module 'pymysql.err' from 'D:\\__lybix__\\DEVTools\\miniconda3\\envs\\fams\\Lib\\site-packages\\pymysql\\err.py'>
  File "D:\__lybix__\DEVTools\miniconda3\envs\fams\Lib\site-packages\pymysql\err.py", line 109, in raise_mysql_exception
    raise errorclass(errno, errval)
          │          │      └ "Unknown column 'r.school_opinion' in 'field list'"
          │          └ 1054
          └ <class 'pymysql.err.InternalError'>

pymysql.err.InternalError: (1054, "Unknown column 'r.school_opinion' in 'field list'")


The above exception was the direct cause of the following exception:


Traceback (most recent call last):

  File "D:\__lybix__\_Codes\FAMS-NEPU\platform\server\services\svr_gateway\main.py", line 64, in <module>
    uvicorn.run(app, host="0.0.0.0", port=gateway_config.HTTP_PORT)
    │       │   │                         │              └ 9900
    │       │   │                         └ <services.svr_gateway.config.GatewayConfig object at 0x0000025730283690>
    │       │   └ <fastapi.applications.FastAPI object at 0x000002573218BF50>
    │       └ <function run at 0x000002572F00FD80>
    └ <module 'uvicorn' from 'D:\\__lybix__\\DEVTools\\miniconda3\\envs\\fams\\Lib\\site-packages\\uvicorn\\__init__.py'>

  File "D:\__lybix__\DEVTools\miniconda3\envs\fams\Lib\site-packages\uvicorn\main.py", line 621, in run
    server.run()
    │      └ <function Server.run at 0x000002572F180860>
    └ <uvicorn.server.Server object at 0x0000025731C6A250>
  File "D:\__lybix__\DEVTools\miniconda3\envs\fams\Lib\site-packages\uvicorn\server.py", line 74, in run
    return asyncio_run(self.serve(sockets=sockets), loop_factory=self.config.get_loop_factory())
           │           │    │             │                      │    │      └ <function Config.get_loop_factory at 0x000002572F00D1C0>
           │           │    │             │                      │    └ <uvicorn.config.Config object at 0x0000025731C4B090>
           │           │    │             │                      └ <uvicorn.server.Server object at 0x0000025731C6A250>
           │           │    │             └ None
           │           │    └ <function Server.serve at 0x000002572F180900>
           │           └ <uvicorn.server.Server object at 0x0000025731C6A250>
           └ <function asyncio_run at 0x000002572EF97740>
  File "D:\__lybix__\DEVTools\miniconda3\envs\fams\Lib\site-packages\uvicorn\_compat.py", line 30, in asyncio_run
    return runner.run(main)
           │      │   └ <coroutine object Server.serve at 0x000002573202FC40>
           │      └ <function Runner.run at 0x000002572E9EF560>
           └ <asyncio.runners.Runner object at 0x000002572F00AD10>
  File "D:\__lybix__\DEVTools\miniconda3\envs\fams\Lib\asyncio\runners.py", line 118, in run
    return self._loop.run_until_complete(task)
           │    │     │                  └ <Task pending name='Task-1' coro=<Server.serve() running at D:\__lybix__\DEVTools\miniconda3\envs\fams\Lib\site-packages\uvic...
           │    │     └ <function BaseEventLoop.run_until_complete at 0x000002572E9ED120>
           │    └ <ProactorEventLoop running=True closed=False debug=False>
           └ <asyncio.runners.Runner object at 0x000002572F00AD10>
  File "D:\__lybix__\DEVTools\miniconda3\envs\fams\Lib\asyncio\base_events.py", line 637, in run_until_complete
    self.run_forever()
    │    └ <function ProactorEventLoop.run_forever at 0x000002572EAC4860>
    └ <ProactorEventLoop running=True closed=False debug=False>
  File "D:\__lybix__\DEVTools\miniconda3\envs\fams\Lib\asyncio\windows_events.py", line 321, in run_forever
    super().run_forever()
  File "D:\__lybix__\DEVTools\miniconda3\envs\fams\Lib\asyncio\base_events.py", line 604, in run_forever
    self._run_once()
    │    └ <function BaseEventLoop._run_once at 0x000002572E9EEE80>
    └ <ProactorEventLoop running=True closed=False debug=False>
  File "D:\__lybix__\DEVTools\miniconda3\envs\fams\Lib\asyncio\base_events.py", line 1909, in _run_once
    handle._run()
    │      └ <function Handle._run at 0x000002572E9293A0>
    └ <Handle Task.task_wakeup(<Future finished result=None>)>
  File "D:\__lybix__\DEVTools\miniconda3\envs\fams\Lib\asyncio\events.py", line 80, in _run
    self._context.run(self._callback, *self._args)
    │    │            │    │           │    └ <member '_args' of 'Handle' objects>
    │    │            │    │           └ <Handle Task.task_wakeup(<Future finished result=None>)>
    │    │            │    └ <member '_callback' of 'Handle' objects>
    │    │            └ <Handle Task.task_wakeup(<Future finished result=None>)>
    │    └ <member '_context' of 'Handle' objects>
    └ <Handle Task.task_wakeup(<Future finished result=None>)>
  File "D:\__lybix__\DEVTools\miniconda3\envs\fams\Lib\site-packages\uvicorn\protocols\http\httptools_impl.py", line 422, in run_asgi
    result = await app(  # type: ignore[func-returns-value]
                   └ <uvicorn.middleware.proxy_headers.ProxyHeadersMiddleware object at 0x0000025732191D50>
  File "D:\__lybix__\DEVTools\miniconda3\envs\fams\Lib\site-packages\uvicorn\middleware\proxy_headers.py", line 63, in __call__
    return await self.app(scope, receive, send)
                 │    │   │      │        └ <bound method RequestResponseCycle.send of <uvicorn.protocols.http.httptools_impl.RequestResponseCycle object at 0x0000025732...
                 │    │   │      └ <bound method RequestResponseCycle.receive of <uvicorn.protocols.http.httptools_impl.RequestResponseCycle object at 0x0000025...
                 │    │   └ {'type': 'http', 'asgi': {'version': '3.0', 'spec_version': '2.3'}, 'http_version': '1.1', 'server': ('127.0.0.1', 9900), 'cl...
                 │    └ <fastapi.applications.FastAPI object at 0x000002573218BF50>
                 └ <uvicorn.middleware.proxy_headers.ProxyHeadersMiddleware object at 0x0000025732191D50>
  File "D:\__lybix__\DEVTools\miniconda3\envs\fams\Lib\site-packages\fastapi\applications.py", line 1163, in __call__
    await super().__call__(scope, receive, send)
                           │      │        └ <bound method RequestResponseCycle.send of <uvicorn.protocols.http.httptools_impl.RequestResponseCycle object at 0x0000025732...
                           │      └ <bound method RequestResponseCycle.receive of <uvicorn.protocols.http.httptools_impl.RequestResponseCycle object at 0x0000025...
                           └ {'type': 'http', 'asgi': {'version': '3.0', 'spec_version': '2.3'}, 'http_version': '1.1', 'server': ('127.0.0.1', 9900), 'cl...
  File "D:\__lybix__\DEVTools\miniconda3\envs\fams\Lib\site-packages\starlette\applications.py", line 90, in __call__
    await self.middleware_stack(scope, receive, send)
          │    │                │      │        └ <bound method RequestResponseCycle.send of <uvicorn.protocols.http.httptools_impl.RequestResponseCycle object at 0x0000025732...
          │    │                │      └ <bound method RequestResponseCycle.receive of <uvicorn.protocols.http.httptools_impl.RequestResponseCycle object at 0x0000025...
          │    │                └ {'type': 'http', 'asgi': {'version': '3.0', 'spec_version': '2.3'}, 'http_version': '1.1', 'server': ('127.0.0.1', 9900), 'cl...
          │    └ <starlette.middleware.errors.ServerErrorMiddleware object at 0x00000257320B8350>
          └ <fastapi.applications.FastAPI object at 0x000002573218BF50>
> File "D:\__lybix__\DEVTools\miniconda3\envs\fams\Lib\site-packages\starlette\middleware\errors.py", line 164, in __call__
    await self.app(scope, receive, _send)
          │    │   │      │        └ <function ServerErrorMiddleware.__call__.<locals>._send at 0x000002573227ED40>
          │    │   │      └ <bound method RequestResponseCycle.receive of <uvicorn.protocols.http.httptools_impl.RequestResponseCycle object at 0x0000025...
          │    │   └ {'type': 'http', 'asgi': {'version': '3.0', 'spec_version': '2.3'}, 'http_version': '1.1', 'server': ('127.0.0.1', 9900), 'cl...
          │    └ <starlette.middleware.base.BaseHTTPMiddleware object at 0x00000257320B8290>
          └ <starlette.middleware.errors.ServerErrorMiddleware object at 0x00000257320B8350>
  File "D:\__lybix__\DEVTools\miniconda3\envs\fams\Lib\contextlib.py", line 222, in __aexit__
    await self.gen.athrow(typ, value, traceback)
          │    │   │      │    │      └ <traceback object at 0x0000025732366740>
          │    │   │      │    └ InternalError('(pymysql.err.InternalError) (1054, "Unknown column \'r.school_opinion\' in \'field list\'")')
          │    │   │      └ <class 'sqlalchemy.exc.InternalError'>
          │    │   └ <method 'athrow' of 'async_generator' objects>
          │    └ <async_generator object create_collapsing_task_group at 0x000002573233B740>
          └ <contextlib._AsyncGeneratorContextManager object at 0x0000025732365190>
  File "D:\__lybix__\DEVTools\miniconda3\envs\fams\Lib\site-packages\starlette\_utils.py", line 93, in create_collapsing_task_group
    raise exc from exc.__cause__ or context
          │        │   │            └ None
          │        │   └ <attribute '__cause__' of 'BaseException' objects>
          │        └ InternalError('(pymysql.err.InternalError) (1054, "Unknown column \'r.school_opinion\' in \'field list\'")')
          └ InternalError('(pymysql.err.InternalError) (1054, "Unknown column \'r.school_opinion\' in \'field list\'")')
  File "D:\__lybix__\DEVTools\miniconda3\envs\fams\Lib\site-packages\starlette\_utils.py", line 86, in create_collapsing_task_group
    yield tg
          └ <anyio._backends._asyncio.TaskGroup object at 0x0000025732365150>
  File "D:\__lybix__\DEVTools\miniconda3\envs\fams\Lib\site-packages\starlette\middleware\base.py", line 193, in __call__
    response = await self.dispatch_func(request, call_next)
                     │    │             │        └ <function BaseHTTPMiddleware.__call__.<locals>.call_next at 0x000002573227F880>
                     │    │             └ <starlette.middleware.base._CachedRequest object at 0x0000025732365010>
                     │    └ <function log_requests at 0x00000257321A4AE0>
                     └ <starlette.middleware.base.BaseHTTPMiddleware object at 0x00000257320B8290>

  File "D:\__lybix__\_Codes\FAMS-NEPU\platform\server\services\svr_gateway\main.py", line 42, in log_requests
    response = await call_next(request)
                     │         └ <starlette.middleware.base._CachedRequest object at 0x0000025732365010>
                     └ <function BaseHTTPMiddleware.__call__.<locals>.call_next at 0x000002573227F880>

  File "D:\__lybix__\DEVTools\miniconda3\envs\fams\Lib\site-packages\starlette\middleware\base.py", line 168, in call_next
    raise app_exc from app_exc.__cause__ or app_exc.__context__
          │            │       │            │       └ <attribute '__context__' of 'BaseException' objects>
          │            │       │            └ InternalError('(pymysql.err.InternalError) (1054, "Unknown column \'r.school_opinion\' in \'field list\'")')
          │            │       └ <attribute '__cause__' of 'BaseException' objects>
          │            └ InternalError('(pymysql.err.InternalError) (1054, "Unknown column \'r.school_opinion\' in \'field list\'")')
          └ InternalError('(pymysql.err.InternalError) (1054, "Unknown column \'r.school_opinion\' in \'field list\'")')
  File "D:\__lybix__\DEVTools\miniconda3\envs\fams\Lib\site-packages\starlette\middleware\base.py", line 144, in coro
    await self.app(scope, receive_or_disconnect, send_no_error)
          │    │   │      │                      └ <function BaseHTTPMiddleware.__call__.<locals>.call_next.<locals>.send_no_error at 0x000002573227FA60>
          │    │   │      └ <function BaseHTTPMiddleware.__call__.<locals>.call_next.<locals>.receive_or_disconnect at 0x000002573227F9C0>
          │    │   └ {'type': 'http', 'asgi': {'version': '3.0', 'spec_version': '2.3'}, 'http_version': '1.1', 'server': ('127.0.0.1', 9900), 'cl...
          │    └ <starlette.middleware.cors.CORSMiddleware object at 0x0000025731F99E50>
          └ <starlette.middleware.base.BaseHTTPMiddleware object at 0x00000257320B8290>
  File "D:\__lybix__\DEVTools\miniconda3\envs\fams\Lib\site-packages\starlette\middleware\cors.py", line 88, in __call__
    await self.app(scope, receive, send)
          │    │   │      │        └ <function BaseHTTPMiddleware.__call__.<locals>.call_next.<locals>.send_no_error at 0x000002573227FA60>
          │    │   │      └ <function BaseHTTPMiddleware.__call__.<locals>.call_next.<locals>.receive_or_disconnect at 0x000002573227F9C0>
          │    │   └ {'type': 'http', 'asgi': {'version': '3.0', 'spec_version': '2.3'}, 'http_version': '1.1', 'server': ('127.0.0.1', 9900), 'cl...
          │    └ <starlette.middleware.exceptions.ExceptionMiddleware object at 0x0000025731C6F710>
          └ <starlette.middleware.cors.CORSMiddleware object at 0x0000025731F99E50>
  File "D:\__lybix__\DEVTools\miniconda3\envs\fams\Lib\site-packages\starlette\middleware\exceptions.py", line 63, in __call__
    await wrap_app_handling_exceptions(self.app, conn)(scope, receive, send)
          │                            │    │    │     │      │        └ <function BaseHTTPMiddleware.__call__.<locals>.call_next.<locals>.send_no_error at 0x000002573227FA60>
          │                            │    │    │     │      └ <function BaseHTTPMiddleware.__call__.<locals>.call_next.<locals>.receive_or_disconnect at 0x000002573227F9C0>
          │                            │    │    │     └ {'type': 'http', 'asgi': {'version': '3.0', 'spec_version': '2.3'}, 'http_version': '1.1', 'server': ('127.0.0.1', 9900), 'cl...
          │                            │    │    └ <starlette.requests.Request object at 0x0000025732366010>
          │                            │    └ <fastapi.middleware.asyncexitstack.AsyncExitStackMiddleware object at 0x000002573220AFD0>
          │                            └ <starlette.middleware.exceptions.ExceptionMiddleware object at 0x0000025731C6F710>
          └ <function wrap_app_handling_exceptions at 0x000002573016F100>
  File "D:\__lybix__\DEVTools\miniconda3\envs\fams\Lib\site-packages\starlette\_exception_handler.py", line 53, in wrapped_app
    raise exc
  File "D:\__lybix__\DEVTools\miniconda3\envs\fams\Lib\site-packages\starlette\_exception_handler.py", line 42, in wrapped_app
    await app(scope, receive, sender)
          │   │      │        └ <function wrap_app_handling_exceptions.<locals>.wrapped_app.<locals>.sender at 0x000002573238C180>
          │   │      └ <function BaseHTTPMiddleware.__call__.<locals>.call_next.<locals>.receive_or_disconnect at 0x000002573227F9C0>
          │   └ {'type': 'http', 'asgi': {'version': '3.0', 'spec_version': '2.3'}, 'http_version': '1.1', 'server': ('127.0.0.1', 9900), 'cl...
          └ <fastapi.middleware.asyncexitstack.AsyncExitStackMiddleware object at 0x000002573220AFD0>
  File "D:\__lybix__\DEVTools\miniconda3\envs\fams\Lib\site-packages\fastapi\middleware\asyncexitstack.py", line 18, in __call__
    await self.app(scope, receive, send)
          │    │   │      │        └ <function wrap_app_handling_exceptions.<locals>.wrapped_app.<locals>.sender at 0x000002573238C180>
          │    │   │      └ <function BaseHTTPMiddleware.__call__.<locals>.call_next.<locals>.receive_or_disconnect at 0x000002573227F9C0>
          │    │   └ {'type': 'http', 'asgi': {'version': '3.0', 'spec_version': '2.3'}, 'http_version': '1.1', 'server': ('127.0.0.1', 9900), 'cl...
          │    └ <fastapi.routing.APIRouter object at 0x000002573218BCD0>
          └ <fastapi.middleware.asyncexitstack.AsyncExitStackMiddleware object at 0x000002573220AFD0>
  File "D:\__lybix__\DEVTools\miniconda3\envs\fams\Lib\site-packages\starlette\routing.py", line 660, in __call__
    await self.middleware_stack(scope, receive, send)
          │    │                │      │        └ <function wrap_app_handling_exceptions.<locals>.wrapped_app.<locals>.sender at 0x000002573238C180>
          │    │                │      └ <function BaseHTTPMiddleware.__call__.<locals>.call_next.<locals>.receive_or_disconnect at 0x000002573227F9C0>
          │    │                └ {'type': 'http', 'asgi': {'version': '3.0', 'spec_version': '2.3'}, 'http_version': '1.1', 'server': ('127.0.0.1', 9900), 'cl...
          │    └ <bound method APIRouter.app of <fastapi.routing.APIRouter object at 0x000002573218BCD0>>
          └ <fastapi.routing.APIRouter object at 0x000002573218BCD0>
  File "D:\__lybix__\DEVTools\miniconda3\envs\fams\Lib\site-packages\fastapi\routing.py", line 2683, in app
    await route.handle(scope, receive, send)
          │     │      │      │        └ <function wrap_app_handling_exceptions.<locals>.wrapped_app.<locals>.sender at 0x000002573238C180>
          │     │      │      └ <function BaseHTTPMiddleware.__call__.<locals>.call_next.<locals>.receive_or_disconnect at 0x000002573227F9C0>
          │     │      └ {'type': 'http', 'asgi': {'version': '3.0', 'spec_version': '2.3'}, 'http_version': '1.1', 'server': ('127.0.0.1', 9900), 'cl...
          │     └ <function _IncludedRouter.handle at 0x00000257301ADBC0>
          └ _IncludedRouter(original_router=<fastapi.routing.APIRouter object at 0x000002572C944490>, include_context=_RouterIncludeConte...
  File "D:\__lybix__\DEVTools\miniconda3\envs\fams\Lib\site-packages\fastapi\routing.py", line 1753, in handle
    await self.original_router.handle(scope, receive, send)
          │    │               │      │      │        └ <function wrap_app_handling_exceptions.<locals>.wrapped_app.<locals>.sender at 0x000002573238C180>
          │    │               │      │      └ <function BaseHTTPMiddleware.__call__.<locals>.call_next.<locals>.receive_or_disconnect at 0x000002573227F9C0>
          │    │               │      └ {'type': 'http', 'asgi': {'version': '3.0', 'spec_version': '2.3'}, 'http_version': '1.1', 'server': ('127.0.0.1', 9900), 'cl...
          │    │               └ <function APIRouter.handle at 0x00000257301AFBA0>
          │    └ <fastapi.routing.APIRouter object at 0x000002572C944490>
          └ _IncludedRouter(original_router=<fastapi.routing.APIRouter object at 0x000002572C944490>, include_context=_RouterIncludeConte...
  File "D:\__lybix__\DEVTools\miniconda3\envs\fams\Lib\site-packages\fastapi\routing.py", line 2738, in handle
    await included_router._handle_selected(scope, receive, send)
          │               │                │      │        └ <function wrap_app_handling_exceptions.<locals>.wrapped_app.<locals>.sender at 0x000002573238C180>
          │               │                │      └ <function BaseHTTPMiddleware.__call__.<locals>.call_next.<locals>.receive_or_disconnect at 0x000002573227F9C0>
          │               │                └ {'type': 'http', 'asgi': {'version': '3.0', 'spec_version': '2.3'}, 'http_version': '1.1', 'server': ('127.0.0.1', 9900), 'cl...
          │               └ <function _IncludedRouter._handle_selected at 0x00000257301ADC60>
          └ _IncludedRouter(original_router=<fastapi.routing.APIRouter object at 0x000002572C944490>, include_context=_RouterIncludeConte...
  File "D:\__lybix__\DEVTools\miniconda3\envs\fams\Lib\site-packages\fastapi\routing.py", line 1773, in _handle_selected
    await original_route.handle(scope, receive, send)
          │              │      │      │        └ <function wrap_app_handling_exceptions.<locals>.wrapped_app.<locals>.sender at 0x000002573238C180>
          │              │      │      └ <function BaseHTTPMiddleware.__call__.<locals>.call_next.<locals>.receive_or_disconnect at 0x000002573227F9C0>
          │              │      └ {'type': 'http', 'asgi': {'version': '3.0', 'spec_version': '2.3'}, 'http_version': '1.1', 'server': ('127.0.0.1', 9900), 'cl...
          │              └ <function APIRoute.handle at 0x000002573019BCE0>
          └ APIRoute(path='/api/repair/list', name='repair_list', methods=['GET'])
  File "D:\__lybix__\DEVTools\miniconda3\envs\fams\Lib\site-packages\fastapi\routing.py", line 1264, in handle
    await app(scope, receive, send)
          │   │      │        └ <function wrap_app_handling_exceptions.<locals>.wrapped_app.<locals>.sender at 0x000002573238C180>
          │   │      └ <function BaseHTTPMiddleware.__call__.<locals>.call_next.<locals>.receive_or_disconnect at 0x000002573227F9C0>
          │   └ {'type': 'http', 'asgi': {'version': '3.0', 'spec_version': '2.3'}, 'http_version': '1.1', 'server': ('127.0.0.1', 9900), 'cl...
          └ <function request_response.<locals>.app at 0x000002573238C2C0>
  File "D:\__lybix__\DEVTools\miniconda3\envs\fams\Lib\site-packages\fastapi\routing.py", line 150, in app
    await wrap_app_handling_exceptions(app, request)(scope, receive, send)
          │                            │    │        │      │        └ <function wrap_app_handling_exceptions.<locals>.wrapped_app.<locals>.sender at 0x000002573238C180>
          │                            │    │        │      └ <function BaseHTTPMiddleware.__call__.<locals>.call_next.<locals>.receive_or_disconnect at 0x000002573227F9C0>
          │                            │    │        └ {'type': 'http', 'asgi': {'version': '3.0', 'spec_version': '2.3'}, 'http_version': '1.1', 'server': ('127.0.0.1', 9900), 'cl...
          │                            │    └ <starlette.requests.Request object at 0x0000025732366150>
          │                            └ <function request_response.<locals>.app.<locals>.app at 0x000002573238C360>
          └ <function wrap_app_handling_exceptions at 0x000002573016F100>
  File "D:\__lybix__\DEVTools\miniconda3\envs\fams\Lib\site-packages\starlette\_exception_handler.py", line 53, in wrapped_app
    raise exc
  File "D:\__lybix__\DEVTools\miniconda3\envs\fams\Lib\site-packages\starlette\_exception_handler.py", line 42, in wrapped_app
    await app(scope, receive, sender)
          │   │      │        └ <function wrap_app_handling_exceptions.<locals>.wrapped_app.<locals>.sender at 0x000002573238C4A0>
          │   │      └ <function BaseHTTPMiddleware.__call__.<locals>.call_next.<locals>.receive_or_disconnect at 0x000002573227F9C0>
          │   └ {'type': 'http', 'asgi': {'version': '3.0', 'spec_version': '2.3'}, 'http_version': '1.1', 'server': ('127.0.0.1', 9900), 'cl...
          └ <function request_response.<locals>.app.<locals>.app at 0x000002573238C360>
  File "D:\__lybix__\DEVTools\miniconda3\envs\fams\Lib\site-packages\fastapi\routing.py", line 136, in app
    response = await f(request)
                     │ └ <starlette.requests.Request object at 0x0000025732366150>
                     └ <function get_request_handler.<locals>.app at 0x000002573238C220>
  File "D:\__lybix__\DEVTools\miniconda3\envs\fams\Lib\site-packages\fastapi\routing.py", line 690, in app
    raw_response = await run_endpoint_function(
                         └ <function run_endpoint_function at 0x000002573019AF20>
  File "D:\__lybix__\DEVTools\miniconda3\envs\fams\Lib\site-packages\fastapi\routing.py", line 344, in run_endpoint_function
    return await dependant.call(**values)
                 │         │      └ {'current_user': {'user_id': 1, 'username': 'admin', 'dept_id': 1, 'role_keys': ['admin'], 'exp': 1783751479, 'iat': 17836650...
                 │         └ <function repair_list at 0x0000025732118720>
                 └ Dependant(path_params=[], query_params=[ModelField(field_info=Query(), name='status', mode='validation', config=None), ModelF...

  File "D:\__lybix__\_Codes\FAMS-NEPU\platform\server\services\svr_gateway\routes.py", line 560, in repair_list
    items, total = logic.list_orders(
                   │     └ <function RepairLogic.list_orders at 0x0000025731EE9760>
                   └ <data.logic.repair_logic.RepairLogic object at 0x000002573236A950>

  File "D:\__lybix__\_Codes\FAMS-NEPU\platform\server\data\logic\repair_logic.py", line 50, in list_orders
    return self.order_dao.list_orders(
           │    │         └ <function RepairOrderDAO.list_orders at 0x0000025731EE8EA0>
           │    └ <data.basic.repair_dao.RepairOrderDAO object at 0x0000025732369D10>
           └ <data.logic.repair_logic.RepairLogic object at 0x000002573236A950>

  File "D:\__lybix__\_Codes\FAMS-NEPU\platform\server\data\basic\repair_dao.py", line 88, in list_orders
    return self._execute(list_sql, params), total
           │    │        │         │        └ 0
           │    │        │         └ {'status': 'PENDING_REPAIR', 'offset': 0, 'limit': 5}
           │    │        └ 'SELECT r.order_id, r.asset_id, a.asset_name, a.asset_code, a.spec AS asset_spec,\n                              r.reporter_i...
           │    └ <function BaseDAO._execute at 0x0000025730B3CEA0>
           └ <data.basic.repair_dao.RepairOrderDAO object at 0x0000025732369D10>

  File "D:\__lybix__\_Codes\FAMS-NEPU\platform\server\data\basic\base_dao.py", line 39, in _execute
    result = conn.execute(text(sql), params or {})
             │    │       │    │     └ {'status': 'PENDING_REPAIR', 'offset': 0, 'limit': 5}
             │    │       │    └ 'SELECT r.order_id, r.asset_id, a.asset_name, a.asset_code, a.spec AS asset_spec,\n                              r.reporter_i...
             │    │       └ <function text at 0x0000025730A502C0>
             │    └ <function Connection.execute at 0x0000025730AB6FC0>
             └ <sqlalchemy.engine.base.Connection object at 0x00000257304A9CD0>

  File "D:\__lybix__\DEVTools\miniconda3\envs\fams\Lib\site-packages\sqlalchemy\engine\base.py", line 1421, in execute
    return meth(
           └ <bound method ClauseElement._execute_on_connection of <sqlalchemy.sql.elements.TextClause object at 0x0000025732523990>>
  File "D:\__lybix__\DEVTools\miniconda3\envs\fams\Lib\site-packages\sqlalchemy\sql\elements.py", line 526, in _execute_on_connection
    return connection._execute_clauseelement(
           │          └ <function Connection._execute_clauseelement at 0x0000025730AB72E0>
           └ <sqlalchemy.engine.base.Connection object at 0x00000257304A9CD0>
  File "D:\__lybix__\DEVTools\miniconda3\envs\fams\Lib\site-packages\sqlalchemy\engine\base.py", line 1643, in _execute_clauseelement
    ret = self._execute_context(
          │    └ <function Connection._execute_context at 0x0000025730AB74C0>
          └ <sqlalchemy.engine.base.Connection object at 0x00000257304A9CD0>
  File "D:\__lybix__\DEVTools\miniconda3\envs\fams\Lib\site-packages\sqlalchemy\engine\base.py", line 1848, in _execute_context
    return self._exec_single_context(
           │    └ <function Connection._exec_single_context at 0x0000025730AB7560>
           └ <sqlalchemy.engine.base.Connection object at 0x00000257304A9CD0>
  File "D:\__lybix__\DEVTools\miniconda3\envs\fams\Lib\site-packages\sqlalchemy\engine\base.py", line 1988, in _exec_single_context
    self._handle_dbapi_exception(
    │    └ <function Connection._handle_dbapi_exception at 0x0000025730AB77E0>
    └ <sqlalchemy.engine.base.Connection object at 0x00000257304A9CD0>
  File "D:\__lybix__\DEVTools\miniconda3\envs\fams\Lib\site-packages\sqlalchemy\engine\base.py", line 2365, in _handle_dbapi_exception
    raise sqlalchemy_exception.with_traceback(exc_info[2]) from e
          │                    │              │                 └ InternalError(1054, "Unknown column 'r.school_opinion' in 'field list'")
          │                    │              └ (<class 'pymysql.err.InternalError'>, InternalError(1054, "Unknown column 'r.school_opinion' in 'field list'"), <traceback ob...
          │                    └ <method 'with_traceback' of 'BaseException' objects>
          └ InternalError('(pymysql.err.InternalError) (1054, "Unknown column \'r.school_opinion\' in \'field list\'")')
  File "D:\__lybix__\DEVTools\miniconda3\envs\fams\Lib\site-packages\sqlalchemy\engine\base.py", line 1969, in _exec_single_context
    self.dialect.do_execute(
    │    │       └ <function DefaultDialect.do_execute at 0x0000025730B63100>
    │    └ <sqlalchemy.dialects.mysql.pymysql.MySQLDialect_pymysql object at 0x0000025732521890>
    └ <sqlalchemy.engine.base.Connection object at 0x00000257304A9CD0>
  File "D:\__lybix__\DEVTools\miniconda3\envs\fams\Lib\site-packages\sqlalchemy\engine\default.py", line 952, in do_execute
    cursor.execute(statement, parameters)
    │      │       │          └ {'status': 'PENDING_REPAIR', 'limit': 5, 'offset': 0}
    │      │       └ 'SELECT r.order_id, r.asset_id, a.asset_name, a.asset_code, a.spec AS asset_spec,\n                              r.reporter_i...
    │      └ <function Cursor.execute at 0x00000257324D53A0>
    └ <pymysql.cursors.Cursor object at 0x00000257325283D0>
  File "D:\__lybix__\DEVTools\miniconda3\envs\fams\Lib\site-packages\pymysql\cursors.py", line 170, in execute
    result = self._query(query)
             │    │      └ "SELECT r.order_id, r.asset_id, a.asset_name, a.asset_code, a.spec AS asset_spec,\n                              r.reporter_i...
             │    └ <function Cursor._query at 0x00000257324D58A0>
             └ <pymysql.cursors.Cursor object at 0x00000257325283D0>
  File "D:\__lybix__\DEVTools\miniconda3\envs\fams\Lib\site-packages\pymysql\cursors.py", line 328, in _query
    conn.query(q)
    │    │     └ "SELECT r.order_id, r.asset_id, a.asset_name, a.asset_code, a.spec AS asset_spec,\n                              r.reporter_i...
    │    └ <function Connection.query at 0x00000257324F14E0>
    └ <pymysql.connections.Connection object at 0x0000025732523510>
  File "D:\__lybix__\DEVTools\miniconda3\envs\fams\Lib\site-packages\pymysql\connections.py", line 517, in query
    self._affected_rows = self._read_query_result(unbuffered=unbuffered)
    │    │                │    │                             └ False
    │    │                │    └ <function Connection._read_query_result at 0x00000257324F1BC0>
    │    │                └ <pymysql.connections.Connection object at 0x0000025732523510>
    │    └ 1
    └ <pymysql.connections.Connection object at 0x0000025732523510>
  File "D:\__lybix__\DEVTools\miniconda3\envs\fams\Lib\site-packages\pymysql\connections.py", line 732, in _read_query_result
    result.read()
    │      └ <function MySQLResult.read at 0x00000257324F2480>
    └ <pymysql.connections.MySQLResult object at 0x0000025732528410>
  File "D:\__lybix__\DEVTools\miniconda3\envs\fams\Lib\site-packages\pymysql\connections.py", line 1075, in read
    first_packet = self.connection._read_packet()
                   │    └ None
                   └ <pymysql.connections.MySQLResult object at 0x0000025732528410>
  File "D:\__lybix__\DEVTools\miniconda3\envs\fams\Lib\site-packages\pymysql\connections.py", line 684, in _read_packet
    packet.check_error()
    │      └ <function MysqlPacket.check_error at 0x00000257324D79C0>
    └ <pymysql.protocol.MysqlPacket object at 0x00000257324CFA90>
  File "D:\__lybix__\DEVTools\miniconda3\envs\fams\Lib\site-packages\pymysql\protocol.py", line 220, in check_error
    err.raise_mysql_exception(self._data)
    │   │                     │    └ <member '_data' of 'MysqlPacket' objects>
    │   │                     └ <pymysql.protocol.MysqlPacket object at 0x00000257324CFA90>
    │   └ <function raise_mysql_exception at 0x000002573248EC00>
    └ <module 'pymysql.err' from 'D:\\__lybix__\\DEVTools\\miniconda3\\envs\\fams\\Lib\\site-packages\\pymysql\\err.py'>
  File "D:\__lybix__\DEVTools\miniconda3\envs\fams\Lib\site-packages\pymysql\err.py", line 109, in raise_mysql_exception
    raise errorclass(errno, errval)
          │          │      └ "Unknown column 'r.school_opinion' in 'field list'"
          │          └ 1054
          └ <class 'pymysql.err.InternalError'>

sqlalchemy.exc.InternalError: (pymysql.err.InternalError) (1054, "Unknown column 'r.school_opinion' in 'field list'")
[SQL: SELECT r.order_id, r.asset_id, a.asset_name, a.asset_code, a.spec AS asset_spec,
                              r.reporter_id, u1.nickname AS reporter_name, r.dept_id, d.dept_name,
                              r.fault_desc, r.status, r.repairer_id, u4.nickname AS repairer_name,
                              r.college_opinion, r.school_opinion,
                              r.dispatch_time, r.deadline, r.repair_end_time,
                              r.repair_cost, r.create_time, r.update_time
                       FROM repair_order r
                       LEFT JOIN asset_core_db.asset_info a ON r.asset_id = a.asset_id
                       LEFT JOIN user_auth_db.sys_user u1 ON r.reporter_id = u1.user_id
                       LEFT JOIN user_auth_db.sys_dept d ON r.dept_id = d.dept_id
                       LEFT JOIN user_auth_db.sys_user u4 ON r.repairer_id = u4.user_id
                       WHERE 1=1 AND r.status = %(status)s
                       ORDER BY r.create_time DESC
                       LIMIT %(limit)s OFFSET %(offset)s]
[parameters: {'status': 'PENDING_REPAIR', 'limit': 5, 'offset': 0}]
(Background on this error at: https://sqlalche.me/e/20/2j85)
2026-07-10 16:51:20.209 | INFO     | __main__:log_requests:44 - GET /api/apply/pending -> 200 (3.012s)
2026-07-10 16:51:20.209 | INFO     | __main__:log_requests:44 - GET /api/report/dashboard -> 200 (3.059s)
2026-07-10 16:51:26.004 | INFO     | __main__:log_requests:44 - GET /api/role/list -> 200 (0.069s)
2026-07-10 16:51:26.004 | INFO     | __main__:log_requests:44 - GET /api/dept/tree -> 200 (0.071s)
2026-07-10 16:51:26.091 | INFO     | __main__:log_requests:44 - GET /api/user/list -> 200 (0.058s)
2026-07-10 16:51:29.046 | INFO     | __main__:log_requests:44 - GET /api/asset/category/list -> 200 (0.031s)
2026-07-10 16:51:29.103 | INFO     | __main__:log_requests:44 - GET /api/asset/list -> 200 (0.044s)
2026-07-10 16:51:36.949 | INFO     | __main__:log_requests:44 - GET /api/asset/list -> 200 (0.007s)
2026-07-10 16:51:41.224 | ERROR    | __main__:global_exception_handler:50 - Unhandled exception on POST /api/apply/borrow
Traceback (most recent call last):

  File "D:\__lybix__\DEVTools\miniconda3\envs\fams\Lib\site-packages\sqlalchemy\engine\base.py", line 1969, in _exec_single_context
    self.dialect.do_execute(
    │    │       └ <function DefaultDialect.do_execute at 0x0000025730B63100>
    │    └ <sqlalchemy.dialects.mysql.pymysql.MySQLDialect_pymysql object at 0x0000025732529590>
    └ <sqlalchemy.engine.base.Connection object at 0x0000025732817850>
  File "D:\__lybix__\DEVTools\miniconda3\envs\fams\Lib\site-packages\sqlalchemy\engine\default.py", line 952, in do_execute
    cursor.execute(statement, parameters)
    │      │       │          └ {'apply_type': 'BORROW', 'asset_id': 1, 'applicant_id': 1, 'reason': '1', 'expect_return_time': '2026-07-10T08:51:40.000Z', '...
    │      │       └ 'INSERT INTO asset_apply (apply_type, asset_id, applicant_id, reason,\n                                          expect_retur...
    │      └ <function Cursor.execute at 0x00000257324D53A0>
    └ <pymysql.cursors.Cursor object at 0x0000025732835150>
  File "D:\__lybix__\DEVTools\miniconda3\envs\fams\Lib\site-packages\pymysql\cursors.py", line 170, in execute
    result = self._query(query)
             │    │      └ "INSERT INTO asset_apply (apply_type, asset_id, applicant_id, reason,\n                                          expect_retur...
             │    └ <function Cursor._query at 0x00000257324D58A0>
             └ <pymysql.cursors.Cursor object at 0x0000025732835150>
  File "D:\__lybix__\DEVTools\miniconda3\envs\fams\Lib\site-packages\pymysql\cursors.py", line 328, in _query
    conn.query(q)
    │    │     └ "INSERT INTO asset_apply (apply_type, asset_id, applicant_id, reason,\n                                          expect_retur...
    │    └ <function Connection.query at 0x00000257324F14E0>
    └ <pymysql.connections.Connection object at 0x000002573252A790>
  File "D:\__lybix__\DEVTools\miniconda3\envs\fams\Lib\site-packages\pymysql\connections.py", line 517, in query
    self._affected_rows = self._read_query_result(unbuffered=unbuffered)
    │    │                │    │                             └ False
    │    │                │    └ <function Connection._read_query_result at 0x00000257324F1BC0>
    │    │                └ <pymysql.connections.Connection object at 0x000002573252A790>
    │    └ 0
    └ <pymysql.connections.Connection object at 0x000002573252A790>
  File "D:\__lybix__\DEVTools\miniconda3\envs\fams\Lib\site-packages\pymysql\connections.py", line 732, in _read_query_result
    result.read()
    │      └ <function MySQLResult.read at 0x00000257324F2480>
    └ <pymysql.connections.MySQLResult object at 0x0000025732835590>
  File "D:\__lybix__\DEVTools\miniconda3\envs\fams\Lib\site-packages\pymysql\connections.py", line 1075, in read
    first_packet = self.connection._read_packet()
                   │    └ None
                   └ <pymysql.connections.MySQLResult object at 0x0000025732835590>
  File "D:\__lybix__\DEVTools\miniconda3\envs\fams\Lib\site-packages\pymysql\connections.py", line 684, in _read_packet
    packet.check_error()
    │      └ <function MysqlPacket.check_error at 0x00000257324D79C0>
    └ <pymysql.protocol.MysqlPacket object at 0x0000025732535A50>
  File "D:\__lybix__\DEVTools\miniconda3\envs\fams\Lib\site-packages\pymysql\protocol.py", line 220, in check_error
    err.raise_mysql_exception(self._data)
    │   │                     │    └ <member '_data' of 'MysqlPacket' objects>
    │   │                     └ <pymysql.protocol.MysqlPacket object at 0x0000025732535A50>
    │   └ <function raise_mysql_exception at 0x000002573248EC00>
    └ <module 'pymysql.err' from 'D:\\__lybix__\\DEVTools\\miniconda3\\envs\\fams\\Lib\\site-packages\\pymysql\\err.py'>
  File "D:\__lybix__\DEVTools\miniconda3\envs\fams\Lib\site-packages\pymysql\err.py", line 109, in raise_mysql_exception
    raise errorclass(errno, errval)
          │          │      └ "Incorrect datetime value: '2026-07-10T08:51:40.000Z' for column 'expect_return_time' at row 1"
          │          └ 1292
          └ <class 'pymysql.err.InternalError'>

pymysql.err.InternalError: (1292, "Incorrect datetime value: '2026-07-10T08:51:40.000Z' for column 'expect_return_time' at row 1")


The above exception was the direct cause of the following exception:


Traceback (most recent call last):

  File "D:\__lybix__\_Codes\FAMS-NEPU\platform\server\services\svr_gateway\main.py", line 64, in <module>
    uvicorn.run(app, host="0.0.0.0", port=gateway_config.HTTP_PORT)
    │       │   │                         │              └ 9900
    │       │   │                         └ <services.svr_gateway.config.GatewayConfig object at 0x0000025730283690>
    │       │   └ <fastapi.applications.FastAPI object at 0x000002573218BF50>
    │       └ <function run at 0x000002572F00FD80>
    └ <module 'uvicorn' from 'D:\\__lybix__\\DEVTools\\miniconda3\\envs\\fams\\Lib\\site-packages\\uvicorn\\__init__.py'>

  File "D:\__lybix__\DEVTools\miniconda3\envs\fams\Lib\site-packages\uvicorn\main.py", line 621, in run
    server.run()
    │      └ <function Server.run at 0x000002572F180860>
    └ <uvicorn.server.Server object at 0x0000025731C6A250>
  File "D:\__lybix__\DEVTools\miniconda3\envs\fams\Lib\site-packages\uvicorn\server.py", line 74, in run
    return asyncio_run(self.serve(sockets=sockets), loop_factory=self.config.get_loop_factory())
           │           │    │             │                      │    │      └ <function Config.get_loop_factory at 0x000002572F00D1C0>
           │           │    │             │                      │    └ <uvicorn.config.Config object at 0x0000025731C4B090>
           │           │    │             │                      └ <uvicorn.server.Server object at 0x0000025731C6A250>
           │           │    │             └ None
           │           │    └ <function Server.serve at 0x000002572F180900>
           │           └ <uvicorn.server.Server object at 0x0000025731C6A250>
           └ <function asyncio_run at 0x000002572EF97740>
  File "D:\__lybix__\DEVTools\miniconda3\envs\fams\Lib\site-packages\uvicorn\_compat.py", line 30, in asyncio_run
    return runner.run(main)
           │      │   └ <coroutine object Server.serve at 0x000002573202FC40>
           │      └ <function Runner.run at 0x000002572E9EF560>
           └ <asyncio.runners.Runner object at 0x000002572F00AD10>
  File "D:\__lybix__\DEVTools\miniconda3\envs\fams\Lib\asyncio\runners.py", line 118, in run
    return self._loop.run_until_complete(task)
           │    │     │                  └ <Task pending name='Task-1' coro=<Server.serve() running at D:\__lybix__\DEVTools\miniconda3\envs\fams\Lib\site-packages\uvic...
           │    │     └ <function BaseEventLoop.run_until_complete at 0x000002572E9ED120>
           │    └ <ProactorEventLoop running=True closed=False debug=False>
           └ <asyncio.runners.Runner object at 0x000002572F00AD10>
  File "D:\__lybix__\DEVTools\miniconda3\envs\fams\Lib\asyncio\base_events.py", line 637, in run_until_complete
    self.run_forever()
    │    └ <function ProactorEventLoop.run_forever at 0x000002572EAC4860>
    └ <ProactorEventLoop running=True closed=False debug=False>
  File "D:\__lybix__\DEVTools\miniconda3\envs\fams\Lib\asyncio\windows_events.py", line 321, in run_forever
    super().run_forever()
  File "D:\__lybix__\DEVTools\miniconda3\envs\fams\Lib\asyncio\base_events.py", line 604, in run_forever
    self._run_once()
    │    └ <function BaseEventLoop._run_once at 0x000002572E9EEE80>
    └ <ProactorEventLoop running=True closed=False debug=False>
  File "D:\__lybix__\DEVTools\miniconda3\envs\fams\Lib\asyncio\base_events.py", line 1909, in _run_once
    handle._run()
    │      └ <function Handle._run at 0x000002572E9293A0>
    └ <Handle Task.task_wakeup(<Future finished result=None>)>
  File "D:\__lybix__\DEVTools\miniconda3\envs\fams\Lib\asyncio\events.py", line 80, in _run
    self._context.run(self._callback, *self._args)
    │    │            │    │           │    └ <member '_args' of 'Handle' objects>
    │    │            │    │           └ <Handle Task.task_wakeup(<Future finished result=None>)>
    │    │            │    └ <member '_callback' of 'Handle' objects>
    │    │            └ <Handle Task.task_wakeup(<Future finished result=None>)>
    │    └ <member '_context' of 'Handle' objects>
    └ <Handle Task.task_wakeup(<Future finished result=None>)>
  File "D:\__lybix__\DEVTools\miniconda3\envs\fams\Lib\site-packages\uvicorn\protocols\http\httptools_impl.py", line 422, in run_asgi
    result = await app(  # type: ignore[func-returns-value]
                   └ <uvicorn.middleware.proxy_headers.ProxyHeadersMiddleware object at 0x0000025732191D50>
  File "D:\__lybix__\DEVTools\miniconda3\envs\fams\Lib\site-packages\uvicorn\middleware\proxy_headers.py", line 63, in __call__
    return await self.app(scope, receive, send)
                 │    │   │      │        └ <bound method RequestResponseCycle.send of <uvicorn.protocols.http.httptools_impl.RequestResponseCycle object at 0x0000025732...
                 │    │   │      └ <bound method RequestResponseCycle.receive of <uvicorn.protocols.http.httptools_impl.RequestResponseCycle object at 0x0000025...
                 │    │   └ {'type': 'http', 'asgi': {'version': '3.0', 'spec_version': '2.3'}, 'http_version': '1.1', 'server': ('127.0.0.1', 9900), 'cl...
                 │    └ <fastapi.applications.FastAPI object at 0x000002573218BF50>
                 └ <uvicorn.middleware.proxy_headers.ProxyHeadersMiddleware object at 0x0000025732191D50>
  File "D:\__lybix__\DEVTools\miniconda3\envs\fams\Lib\site-packages\fastapi\applications.py", line 1163, in __call__
    await super().__call__(scope, receive, send)
                           │      │        └ <bound method RequestResponseCycle.send of <uvicorn.protocols.http.httptools_impl.RequestResponseCycle object at 0x0000025732...
                           │      └ <bound method RequestResponseCycle.receive of <uvicorn.protocols.http.httptools_impl.RequestResponseCycle object at 0x0000025...
                           └ {'type': 'http', 'asgi': {'version': '3.0', 'spec_version': '2.3'}, 'http_version': '1.1', 'server': ('127.0.0.1', 9900), 'cl...
  File "D:\__lybix__\DEVTools\miniconda3\envs\fams\Lib\site-packages\starlette\applications.py", line 90, in __call__
    await self.middleware_stack(scope, receive, send)
          │    │                │      │        └ <bound method RequestResponseCycle.send of <uvicorn.protocols.http.httptools_impl.RequestResponseCycle object at 0x0000025732...
          │    │                │      └ <bound method RequestResponseCycle.receive of <uvicorn.protocols.http.httptools_impl.RequestResponseCycle object at 0x0000025...
          │    │                └ {'type': 'http', 'asgi': {'version': '3.0', 'spec_version': '2.3'}, 'http_version': '1.1', 'server': ('127.0.0.1', 9900), 'cl...
          │    └ <starlette.middleware.errors.ServerErrorMiddleware object at 0x00000257320B8350>
          └ <fastapi.applications.FastAPI object at 0x000002573218BF50>
> File "D:\__lybix__\DEVTools\miniconda3\envs\fams\Lib\site-packages\starlette\middleware\errors.py", line 164, in __call__
    await self.app(scope, receive, _send)
          │    │   │      │        └ <function ServerErrorMiddleware.__call__.<locals>._send at 0x000002573238C540>
          │    │   │      └ <bound method RequestResponseCycle.receive of <uvicorn.protocols.http.httptools_impl.RequestResponseCycle object at 0x0000025...
          │    │   └ {'type': 'http', 'asgi': {'version': '3.0', 'spec_version': '2.3'}, 'http_version': '1.1', 'server': ('127.0.0.1', 9900), 'cl...
          │    └ <starlette.middleware.base.BaseHTTPMiddleware object at 0x00000257320B8290>
          └ <starlette.middleware.errors.ServerErrorMiddleware object at 0x00000257320B8350>
  File "D:\__lybix__\DEVTools\miniconda3\envs\fams\Lib\contextlib.py", line 222, in __aexit__
    await self.gen.athrow(typ, value, traceback)
          │    │   │      │    │      └ <traceback object at 0x0000025732835E00>
          │    │   │      │    └ InternalError('(pymysql.err.InternalError) (1292, "Incorrect datetime value: \'2026-07-10T08:51:40.000Z\' for column \'expect...
          │    │   │      └ <class 'sqlalchemy.exc.InternalError'>
          │    │   └ <method 'athrow' of 'async_generator' objects>
          │    └ <async_generator object create_collapsing_task_group at 0x0000025732388040>
          └ <contextlib._AsyncGeneratorContextManager object at 0x0000025732827BD0>
  File "D:\__lybix__\DEVTools\miniconda3\envs\fams\Lib\site-packages\starlette\_utils.py", line 93, in create_collapsing_task_group
    raise exc from exc.__cause__ or context
          │        │   │            └ None
          │        │   └ <attribute '__cause__' of 'BaseException' objects>
          │        └ InternalError('(pymysql.err.InternalError) (1292, "Incorrect datetime value: \'2026-07-10T08:51:40.000Z\' for column \'expect...
          └ InternalError('(pymysql.err.InternalError) (1292, "Incorrect datetime value: \'2026-07-10T08:51:40.000Z\' for column \'expect...
  File "D:\__lybix__\DEVTools\miniconda3\envs\fams\Lib\site-packages\starlette\_utils.py", line 86, in create_collapsing_task_group
    yield tg
          └ <anyio._backends._asyncio.TaskGroup object at 0x0000025732827F90>
  File "D:\__lybix__\DEVTools\miniconda3\envs\fams\Lib\site-packages\starlette\middleware\base.py", line 193, in __call__
    response = await self.dispatch_func(request, call_next)
                     │    │             │        └ <function BaseHTTPMiddleware.__call__.<locals>.call_next at 0x000002573238CB80>
                     │    │             └ <starlette.middleware.base._CachedRequest object at 0x0000025732827590>
                     │    └ <function log_requests at 0x00000257321A4AE0>
                     └ <starlette.middleware.base.BaseHTTPMiddleware object at 0x00000257320B8290>

  File "D:\__lybix__\_Codes\FAMS-NEPU\platform\server\services\svr_gateway\main.py", line 42, in log_requests
    response = await call_next(request)
                     │         └ <starlette.middleware.base._CachedRequest object at 0x0000025732827590>
                     └ <function BaseHTTPMiddleware.__call__.<locals>.call_next at 0x000002573238CB80>

  File "D:\__lybix__\DEVTools\miniconda3\envs\fams\Lib\site-packages\starlette\middleware\base.py", line 168, in call_next
    raise app_exc from app_exc.__cause__ or app_exc.__context__
          │            │       │            │       └ <attribute '__context__' of 'BaseException' objects>
          │            │       │            └ InternalError('(pymysql.err.InternalError) (1292, "Incorrect datetime value: \'2026-07-10T08:51:40.000Z\' for column \'expect...
          │            │       └ <attribute '__cause__' of 'BaseException' objects>
          │            └ InternalError('(pymysql.err.InternalError) (1292, "Incorrect datetime value: \'2026-07-10T08:51:40.000Z\' for column \'expect...
          └ InternalError('(pymysql.err.InternalError) (1292, "Incorrect datetime value: \'2026-07-10T08:51:40.000Z\' for column \'expect...
  File "D:\__lybix__\DEVTools\miniconda3\envs\fams\Lib\site-packages\starlette\middleware\base.py", line 144, in coro
    await self.app(scope, receive_or_disconnect, send_no_error)
          │    │   │      │                      └ <function BaseHTTPMiddleware.__call__.<locals>.call_next.<locals>.send_no_error at 0x000002573238CEA0>
          │    │   │      └ <function BaseHTTPMiddleware.__call__.<locals>.call_next.<locals>.receive_or_disconnect at 0x000002573238C860>
          │    │   └ {'type': 'http', 'asgi': {'version': '3.0', 'spec_version': '2.3'}, 'http_version': '1.1', 'server': ('127.0.0.1', 9900), 'cl...
          │    └ <starlette.middleware.cors.CORSMiddleware object at 0x0000025731F99E50>
          └ <starlette.middleware.base.BaseHTTPMiddleware object at 0x00000257320B8290>
  File "D:\__lybix__\DEVTools\miniconda3\envs\fams\Lib\site-packages\starlette\middleware\cors.py", line 96, in __call__
    await self.simple_response(scope, receive, send, request_headers=headers)
          │    │               │      │        │                     └ Headers({'host': '127.0.0.1:9900', 'connection': 'close', 'content-length': '97', 'sec-ch-ua-platform': '"Windows"', 'authori...
          │    │               │      │        └ <function BaseHTTPMiddleware.__call__.<locals>.call_next.<locals>.send_no_error at 0x000002573238CEA0>
          │    │               │      └ <function BaseHTTPMiddleware.__call__.<locals>.call_next.<locals>.receive_or_disconnect at 0x000002573238C860>
          │    │               └ {'type': 'http', 'asgi': {'version': '3.0', 'spec_version': '2.3'}, 'http_version': '1.1', 'server': ('127.0.0.1', 9900), 'cl...
          │    └ <function CORSMiddleware.simple_response at 0x000002573026D080>
          └ <starlette.middleware.cors.CORSMiddleware object at 0x0000025731F99E50>
  File "D:\__lybix__\DEVTools\miniconda3\envs\fams\Lib\site-packages\starlette\middleware\cors.py", line 154, in simple_response
    await self.app(scope, receive, send)
          │    │   │      │        └ functools.partial(<bound method CORSMiddleware.send of <starlette.middleware.cors.CORSMiddleware object at 0x0000025731F99E50...
          │    │   │      └ <function BaseHTTPMiddleware.__call__.<locals>.call_next.<locals>.receive_or_disconnect at 0x000002573238C860>
          │    │   └ {'type': 'http', 'asgi': {'version': '3.0', 'spec_version': '2.3'}, 'http_version': '1.1', 'server': ('127.0.0.1', 9900), 'cl...
          │    └ <starlette.middleware.exceptions.ExceptionMiddleware object at 0x0000025731C6F710>
          └ <starlette.middleware.cors.CORSMiddleware object at 0x0000025731F99E50>
  File "D:\__lybix__\DEVTools\miniconda3\envs\fams\Lib\site-packages\starlette\middleware\exceptions.py", line 63, in __call__
    await wrap_app_handling_exceptions(self.app, conn)(scope, receive, send)
          │                            │    │    │     │      │        └ functools.partial(<bound method CORSMiddleware.send of <starlette.middleware.cors.CORSMiddleware object at 0x0000025731F99E50...
          │                            │    │    │     │      └ <function BaseHTTPMiddleware.__call__.<locals>.call_next.<locals>.receive_or_disconnect at 0x000002573238C860>
          │                            │    │    │     └ {'type': 'http', 'asgi': {'version': '3.0', 'spec_version': '2.3'}, 'http_version': '1.1', 'server': ('127.0.0.1', 9900), 'cl...
          │                            │    │    └ <starlette.requests.Request object at 0x0000025732827850>
          │                            │    └ <fastapi.middleware.asyncexitstack.AsyncExitStackMiddleware object at 0x000002573220AFD0>
          │                            └ <starlette.middleware.exceptions.ExceptionMiddleware object at 0x0000025731C6F710>
          └ <function wrap_app_handling_exceptions at 0x000002573016F100>
  File "D:\__lybix__\DEVTools\miniconda3\envs\fams\Lib\site-packages\starlette\_exception_handler.py", line 53, in wrapped_app
    raise exc
  File "D:\__lybix__\DEVTools\miniconda3\envs\fams\Lib\site-packages\starlette\_exception_handler.py", line 42, in wrapped_app
    await app(scope, receive, sender)
          │   │      │        └ <function wrap_app_handling_exceptions.<locals>.wrapped_app.<locals>.sender at 0x000002573227FE20>
          │   │      └ <function BaseHTTPMiddleware.__call__.<locals>.call_next.<locals>.receive_or_disconnect at 0x000002573238C860>
          │   └ {'type': 'http', 'asgi': {'version': '3.0', 'spec_version': '2.3'}, 'http_version': '1.1', 'server': ('127.0.0.1', 9900), 'cl...
          └ <fastapi.middleware.asyncexitstack.AsyncExitStackMiddleware object at 0x000002573220AFD0>
  File "D:\__lybix__\DEVTools\miniconda3\envs\fams\Lib\site-packages\fastapi\middleware\asyncexitstack.py", line 18, in __call__
    await self.app(scope, receive, send)
          │    │   │      │        └ <function wrap_app_handling_exceptions.<locals>.wrapped_app.<locals>.sender at 0x000002573227FE20>
          │    │   │      └ <function BaseHTTPMiddleware.__call__.<locals>.call_next.<locals>.receive_or_disconnect at 0x000002573238C860>
          │    │   └ {'type': 'http', 'asgi': {'version': '3.0', 'spec_version': '2.3'}, 'http_version': '1.1', 'server': ('127.0.0.1', 9900), 'cl...
          │    └ <fastapi.routing.APIRouter object at 0x000002573218BCD0>
          └ <fastapi.middleware.asyncexitstack.AsyncExitStackMiddleware object at 0x000002573220AFD0>
  File "D:\__lybix__\DEVTools\miniconda3\envs\fams\Lib\site-packages\starlette\routing.py", line 660, in __call__
    await self.middleware_stack(scope, receive, send)
          │    │                │      │        └ <function wrap_app_handling_exceptions.<locals>.wrapped_app.<locals>.sender at 0x000002573227FE20>
          │    │                │      └ <function BaseHTTPMiddleware.__call__.<locals>.call_next.<locals>.receive_or_disconnect at 0x000002573238C860>
          │    │                └ {'type': 'http', 'asgi': {'version': '3.0', 'spec_version': '2.3'}, 'http_version': '1.1', 'server': ('127.0.0.1', 9900), 'cl...
          │    └ <bound method APIRouter.app of <fastapi.routing.APIRouter object at 0x000002573218BCD0>>
          └ <fastapi.routing.APIRouter object at 0x000002573218BCD0>
  File "D:\__lybix__\DEVTools\miniconda3\envs\fams\Lib\site-packages\fastapi\routing.py", line 2683, in app
    await route.handle(scope, receive, send)
          │     │      │      │        └ <function wrap_app_handling_exceptions.<locals>.wrapped_app.<locals>.sender at 0x000002573227FE20>
          │     │      │      └ <function BaseHTTPMiddleware.__call__.<locals>.call_next.<locals>.receive_or_disconnect at 0x000002573238C860>
          │     │      └ {'type': 'http', 'asgi': {'version': '3.0', 'spec_version': '2.3'}, 'http_version': '1.1', 'server': ('127.0.0.1', 9900), 'cl...
          │     └ <function _IncludedRouter.handle at 0x00000257301ADBC0>
          └ _IncludedRouter(original_router=<fastapi.routing.APIRouter object at 0x000002572C944490>, include_context=_RouterIncludeConte...
  File "D:\__lybix__\DEVTools\miniconda3\envs\fams\Lib\site-packages\fastapi\routing.py", line 1753, in handle
    await self.original_router.handle(scope, receive, send)
          │    │               │      │      │        └ <function wrap_app_handling_exceptions.<locals>.wrapped_app.<locals>.sender at 0x000002573227FE20>
          │    │               │      │      └ <function BaseHTTPMiddleware.__call__.<locals>.call_next.<locals>.receive_or_disconnect at 0x000002573238C860>
          │    │               │      └ {'type': 'http', 'asgi': {'version': '3.0', 'spec_version': '2.3'}, 'http_version': '1.1', 'server': ('127.0.0.1', 9900), 'cl...
          │    │               └ <function APIRouter.handle at 0x00000257301AFBA0>
          │    └ <fastapi.routing.APIRouter object at 0x000002572C944490>
          └ _IncludedRouter(original_router=<fastapi.routing.APIRouter object at 0x000002572C944490>, include_context=_RouterIncludeConte...
  File "D:\__lybix__\DEVTools\miniconda3\envs\fams\Lib\site-packages\fastapi\routing.py", line 2738, in handle
    await included_router._handle_selected(scope, receive, send)
          │               │                │      │        └ <function wrap_app_handling_exceptions.<locals>.wrapped_app.<locals>.sender at 0x000002573227FE20>
          │               │                │      └ <function BaseHTTPMiddleware.__call__.<locals>.call_next.<locals>.receive_or_disconnect at 0x000002573238C860>
          │               │                └ {'type': 'http', 'asgi': {'version': '3.0', 'spec_version': '2.3'}, 'http_version': '1.1', 'server': ('127.0.0.1', 9900), 'cl...
          │               └ <function _IncludedRouter._handle_selected at 0x00000257301ADC60>
          └ _IncludedRouter(original_router=<fastapi.routing.APIRouter object at 0x000002572C944490>, include_context=_RouterIncludeConte...
  File "D:\__lybix__\DEVTools\miniconda3\envs\fams\Lib\site-packages\fastapi\routing.py", line 1773, in _handle_selected
    await original_route.handle(scope, receive, send)
          │              │      │      │        └ <function wrap_app_handling_exceptions.<locals>.wrapped_app.<locals>.sender at 0x000002573227FE20>
          │              │      │      └ <function BaseHTTPMiddleware.__call__.<locals>.call_next.<locals>.receive_or_disconnect at 0x000002573238C860>
          │              │      └ {'type': 'http', 'asgi': {'version': '3.0', 'spec_version': '2.3'}, 'http_version': '1.1', 'server': ('127.0.0.1', 9900), 'cl...
          │              └ <function APIRoute.handle at 0x000002573019BCE0>
          └ APIRoute(path='/api/apply/borrow', name='apply_borrow', methods=['POST'])
  File "D:\__lybix__\DEVTools\miniconda3\envs\fams\Lib\site-packages\fastapi\routing.py", line 1264, in handle
    await app(scope, receive, send)
          │   │      │        └ <function wrap_app_handling_exceptions.<locals>.wrapped_app.<locals>.sender at 0x000002573227FE20>
          │   │      └ <function BaseHTTPMiddleware.__call__.<locals>.call_next.<locals>.receive_or_disconnect at 0x000002573238C860>
          │   └ {'type': 'http', 'asgi': {'version': '3.0', 'spec_version': '2.3'}, 'http_version': '1.1', 'server': ('127.0.0.1', 9900), 'cl...
          └ <function request_response.<locals>.app at 0x000002573227CAE0>
  File "D:\__lybix__\DEVTools\miniconda3\envs\fams\Lib\site-packages\fastapi\routing.py", line 150, in app
    await wrap_app_handling_exceptions(app, request)(scope, receive, send)
          │                            │    │        │      │        └ <function wrap_app_handling_exceptions.<locals>.wrapped_app.<locals>.sender at 0x000002573227FE20>
          │                            │    │        │      └ <function BaseHTTPMiddleware.__call__.<locals>.call_next.<locals>.receive_or_disconnect at 0x000002573238C860>
          │                            │    │        └ {'type': 'http', 'asgi': {'version': '3.0', 'spec_version': '2.3'}, 'http_version': '1.1', 'server': ('127.0.0.1', 9900), 'cl...
          │                            │    └ <starlette.requests.Request object at 0x0000025732826210>
          │                            └ <function request_response.<locals>.app.<locals>.app at 0x000002573227EDE0>
          └ <function wrap_app_handling_exceptions at 0x000002573016F100>
  File "D:\__lybix__\DEVTools\miniconda3\envs\fams\Lib\site-packages\starlette\_exception_handler.py", line 53, in wrapped_app
    raise exc
  File "D:\__lybix__\DEVTools\miniconda3\envs\fams\Lib\site-packages\starlette\_exception_handler.py", line 42, in wrapped_app
    await app(scope, receive, sender)
          │   │      │        └ <function wrap_app_handling_exceptions.<locals>.wrapped_app.<locals>.sender at 0x000002573227FC40>
          │   │      └ <function BaseHTTPMiddleware.__call__.<locals>.call_next.<locals>.receive_or_disconnect at 0x000002573238C860>
          │   └ {'type': 'http', 'asgi': {'version': '3.0', 'spec_version': '2.3'}, 'http_version': '1.1', 'server': ('127.0.0.1', 9900), 'cl...
          └ <function request_response.<locals>.app.<locals>.app at 0x000002573227EDE0>
  File "D:\__lybix__\DEVTools\miniconda3\envs\fams\Lib\site-packages\fastapi\routing.py", line 136, in app
    response = await f(request)
                     │ └ <starlette.requests.Request object at 0x0000025732826210>
                     └ <function get_request_handler.<locals>.app at 0x000002573227C7C0>
  File "D:\__lybix__\DEVTools\miniconda3\envs\fams\Lib\site-packages\fastapi\routing.py", line 690, in app
    raw_response = await run_endpoint_function(
                         └ <function run_endpoint_function at 0x000002573019AF20>
  File "D:\__lybix__\DEVTools\miniconda3\envs\fams\Lib\site-packages\fastapi\routing.py", line 344, in run_endpoint_function
    return await dependant.call(**values)
                 │         │      └ {'current_user': {'user_id': 1, 'username': 'admin', 'dept_id': 1, 'role_keys': ['admin'], 'exp': 1783751479, 'iat': 17836650...
                 │         └ <function apply_borrow at 0x00000257320AF600>
                 └ Dependant(path_params=[], query_params=[], header_params=[], cookie_params=[], body_params=[ModelField(field_info=Body(Pydant...

  File "D:\__lybix__\_Codes\FAMS-NEPU\platform\server\services\svr_gateway\routes.py", line 406, in apply_borrow
    result = logic.submit_apply(data)
             │     │            └ {'apply_type': 'BORROW', 'asset_id': 1, 'reason': '1', 'expect_return_time': '2026-07-10T08:51:40.000Z', 'applicant_id': 1, '...
             │     └ <function ApplyLogic.submit_apply at 0x0000025731EE8400>
             └ <data.logic.apply_logic.ApplyLogic object at 0x0000025732369FD0>

  File "D:\__lybix__\_Codes\FAMS-NEPU\platform\server\data\logic\apply_logic.py", line 57, in submit_apply
    apply_id = self.apply_dao.insert_apply(data)
               │    │         │            └ {'apply_type': 'BORROW', 'asset_id': 1, 'reason': '1', 'expect_return_time': '2026-07-10T08:51:40.000Z', 'applicant_id': 1, '...
               │    │         └ <function ApplyDAO.insert_apply at 0x0000025731ECBC40>
               │    └ <data.basic.apply_dao.ApplyDAO object at 0x000002573236C550>
               └ <data.logic.apply_logic.ApplyLogic object at 0x0000025732369FD0>

  File "D:\__lybix__\_Codes\FAMS-NEPU\platform\server\data\basic\apply_dao.py", line 17, in insert_apply
    return self._execute_insert(sql, apply)
           │    │               │    └ {'apply_type': 'BORROW', 'asset_id': 1, 'reason': '1', 'expect_return_time': '2026-07-10T08:51:40.000Z', 'applicant_id': 1, '...
           │    │               └ 'INSERT INTO asset_apply (apply_type, asset_id, applicant_id, reason,\n                                          expect_retur...
           │    └ <function BaseDAO._execute_insert at 0x0000025730462E80>
           └ <data.basic.apply_dao.ApplyDAO object at 0x000002573236C550>

  File "D:\__lybix__\_Codes\FAMS-NEPU\platform\server\data\basic\base_dao.py", line 65, in _execute_insert
    result = conn.execute(text(sql), params or {})
             │    │       │    │     └ {'apply_type': 'BORROW', 'asset_id': 1, 'reason': '1', 'expect_return_time': '2026-07-10T08:51:40.000Z', 'applicant_id': 1, '...
             │    │       │    └ 'INSERT INTO asset_apply (apply_type, asset_id, applicant_id, reason,\n                                          expect_retur...
             │    │       └ <function text at 0x0000025730A502C0>
             │    └ <function Connection.execute at 0x0000025730AB6FC0>
             └ <sqlalchemy.engine.base.Connection object at 0x0000025732817850>

  File "D:\__lybix__\DEVTools\miniconda3\envs\fams\Lib\site-packages\sqlalchemy\engine\base.py", line 1421, in execute
    return meth(
           └ <bound method ClauseElement._execute_on_connection of <sqlalchemy.sql.elements.TextClause object at 0x0000025732815B10>>
  File "D:\__lybix__\DEVTools\miniconda3\envs\fams\Lib\site-packages\sqlalchemy\sql\elements.py", line 526, in _execute_on_connection
    return connection._execute_clauseelement(
           │          └ <function Connection._execute_clauseelement at 0x0000025730AB72E0>
           └ <sqlalchemy.engine.base.Connection object at 0x0000025732817850>
  File "D:\__lybix__\DEVTools\miniconda3\envs\fams\Lib\site-packages\sqlalchemy\engine\base.py", line 1643, in _execute_clauseelement
    ret = self._execute_context(
          │    └ <function Connection._execute_context at 0x0000025730AB74C0>
          └ <sqlalchemy.engine.base.Connection object at 0x0000025732817850>
  File "D:\__lybix__\DEVTools\miniconda3\envs\fams\Lib\site-packages\sqlalchemy\engine\base.py", line 1848, in _execute_context
    return self._exec_single_context(
           │    └ <function Connection._exec_single_context at 0x0000025730AB7560>
           └ <sqlalchemy.engine.base.Connection object at 0x0000025732817850>
  File "D:\__lybix__\DEVTools\miniconda3\envs\fams\Lib\site-packages\sqlalchemy\engine\base.py", line 1988, in _exec_single_context
    self._handle_dbapi_exception(
    │    └ <function Connection._handle_dbapi_exception at 0x0000025730AB77E0>
    └ <sqlalchemy.engine.base.Connection object at 0x0000025732817850>
  File "D:\__lybix__\DEVTools\miniconda3\envs\fams\Lib\site-packages\sqlalchemy\engine\base.py", line 2365, in _handle_dbapi_exception
    raise sqlalchemy_exception.with_traceback(exc_info[2]) from e
          │                    │              │                 └ InternalError(1292, "Incorrect datetime value: '2026-07-10T08:51:40.000Z' for column 'expect_return_time' at row 1")
          │                    │              └ (<class 'pymysql.err.InternalError'>, InternalError(1292, "Incorrect datetime value: '2026-07-10T08:51:40.000Z' for column 'e...
          │                    └ <method 'with_traceback' of 'BaseException' objects>
          └ InternalError('(pymysql.err.InternalError) (1292, "Incorrect datetime value: \'2026-07-10T08:51:40.000Z\' for column \'expect...
  File "D:\__lybix__\DEVTools\miniconda3\envs\fams\Lib\site-packages\sqlalchemy\engine\base.py", line 1969, in _exec_single_context
    self.dialect.do_execute(
    │    │       └ <function DefaultDialect.do_execute at 0x0000025730B63100>
    │    └ <sqlalchemy.dialects.mysql.pymysql.MySQLDialect_pymysql object at 0x0000025732529590>
    └ <sqlalchemy.engine.base.Connection object at 0x0000025732817850>
  File "D:\__lybix__\DEVTools\miniconda3\envs\fams\Lib\site-packages\sqlalchemy\engine\default.py", line 952, in do_execute
    cursor.execute(statement, parameters)
    │      │       │          └ {'apply_type': 'BORROW', 'asset_id': 1, 'applicant_id': 1, 'reason': '1', 'expect_return_time': '2026-07-10T08:51:40.000Z', '...
    │      │       └ 'INSERT INTO asset_apply (apply_type, asset_id, applicant_id, reason,\n                                          expect_retur...
    │      └ <function Cursor.execute at 0x00000257324D53A0>
    └ <pymysql.cursors.Cursor object at 0x0000025732835150>
  File "D:\__lybix__\DEVTools\miniconda3\envs\fams\Lib\site-packages\pymysql\cursors.py", line 170, in execute
    result = self._query(query)
             │    │      └ "INSERT INTO asset_apply (apply_type, asset_id, applicant_id, reason,\n                                          expect_retur...
             │    └ <function Cursor._query at 0x00000257324D58A0>
             └ <pymysql.cursors.Cursor object at 0x0000025732835150>
  File "D:\__lybix__\DEVTools\miniconda3\envs\fams\Lib\site-packages\pymysql\cursors.py", line 328, in _query
    conn.query(q)
    │    │     └ "INSERT INTO asset_apply (apply_type, asset_id, applicant_id, reason,\n                                          expect_retur...
    │    └ <function Connection.query at 0x00000257324F14E0>
    └ <pymysql.connections.Connection object at 0x000002573252A790>
  File "D:\__lybix__\DEVTools\miniconda3\envs\fams\Lib\site-packages\pymysql\connections.py", line 517, in query
    self._affected_rows = self._read_query_result(unbuffered=unbuffered)
    │    │                │    │                             └ False
    │    │                │    └ <function Connection._read_query_result at 0x00000257324F1BC0>
    │    │                └ <pymysql.connections.Connection object at 0x000002573252A790>
    │    └ 0
    └ <pymysql.connections.Connection object at 0x000002573252A790>
  File "D:\__lybix__\DEVTools\miniconda3\envs\fams\Lib\site-packages\pymysql\connections.py", line 732, in _read_query_result
    result.read()
    │      └ <function MySQLResult.read at 0x00000257324F2480>
    └ <pymysql.connections.MySQLResult object at 0x0000025732835590>
  File "D:\__lybix__\DEVTools\miniconda3\envs\fams\Lib\site-packages\pymysql\connections.py", line 1075, in read
    first_packet = self.connection._read_packet()
                   │    └ None
                   └ <pymysql.connections.MySQLResult object at 0x0000025732835590>
  File "D:\__lybix__\DEVTools\miniconda3\envs\fams\Lib\site-packages\pymysql\connections.py", line 684, in _read_packet
    packet.check_error()
    │      └ <function MysqlPacket.check_error at 0x00000257324D79C0>
    └ <pymysql.protocol.MysqlPacket object at 0x0000025732535A50>
  File "D:\__lybix__\DEVTools\miniconda3\envs\fams\Lib\site-packages\pymysql\protocol.py", line 220, in check_error
    err.raise_mysql_exception(self._data)
    │   │                     │    └ <member '_data' of 'MysqlPacket' objects>
    │   │                     └ <pymysql.protocol.MysqlPacket object at 0x0000025732535A50>
    │   └ <function raise_mysql_exception at 0x000002573248EC00>
    └ <module 'pymysql.err' from 'D:\\__lybix__\\DEVTools\\miniconda3\\envs\\fams\\Lib\\site-packages\\pymysql\\err.py'>
  File "D:\__lybix__\DEVTools\miniconda3\envs\fams\Lib\site-packages\pymysql\err.py", line 109, in raise_mysql_exception
    raise errorclass(errno, errval)
          │          │      └ "Incorrect datetime value: '2026-07-10T08:51:40.000Z' for column 'expect_return_time' at row 1"
          │          └ 1292
          └ <class 'pymysql.err.InternalError'>

sqlalchemy.exc.InternalError: (pymysql.err.InternalError) (1292, "Incorrect datetime value: '2026-07-10T08:51:40.000Z' for column 'expect_return_time' at row 1")
[SQL: INSERT INTO asset_apply (apply_type, asset_id, applicant_id, reason,
                                          expect_return_time, status, current_node, dept_id)
                 VALUES (%(apply_type)s, %(asset_id)s, %(applicant_id)s, %(reason)s,
                         %(expect_return_time)s, %(status)s, %(current_node)s, %(dept_id)s)]
[parameters: {'apply_type': 'BORROW', 'asset_id': 1, 'applicant_id': 1, 'reason': '1', 'expect_return_time': '2026-07-10T08:51:40.000Z', 'status': <ApplyStatus.PENDING_COLLEGE: 'PENDING_COLLEGE'>, 'current_node': 1, 'dept_id': 1}]
(Background on this error at: https://sqlalche.me/e/20/2j85)
2026-07-10 16:57:07.983 | INFO     | __main__:log_requests:44 - GET /api/apply/borrow -> 401 (0.002s)
2026-07-10 16:58:06.659 | INFO     | __main__:log_requests:44 - GET /api/asset/list -> 200 (0.006s)
2026-07-10 16:59:01.397 | INFO     | __main__:log_requests:44 - GET /api/report/dashboard -> 200 (0.036s)
2026-07-10 16:59:01.424 | INFO     | __main__:log_requests:44 - GET /api/report/asset -> 200 (0.036s)
2026-07-10 16:59:01.424 | ERROR    | __main__:global_exception_handler:50 - Unhandled exception on GET /api/repair/list
Traceback (most recent call last):

  File "D:\__lybix__\DEVTools\miniconda3\envs\fams\Lib\site-packages\sqlalchemy\engine\base.py", line 1969, in _exec_single_context
    self.dialect.do_execute(
    │    │       └ <function DefaultDialect.do_execute at 0x0000025730B63100>
    │    └ <sqlalchemy.dialects.mysql.pymysql.MySQLDialect_pymysql object at 0x0000025732521890>
    └ <sqlalchemy.engine.base.Connection object at 0x0000025731C60C50>
  File "D:\__lybix__\DEVTools\miniconda3\envs\fams\Lib\site-packages\sqlalchemy\engine\default.py", line 952, in do_execute
    cursor.execute(statement, parameters)
    │      │       │          └ {'status': 'PENDING_REPAIR', 'limit': 5, 'offset': 0}
    │      │       └ 'SELECT r.order_id, r.asset_id, a.asset_name, a.asset_code, a.spec AS asset_spec,\n                              r.reporter_i...
    │      └ <function Cursor.execute at 0x00000257324D53A0>
    └ <pymysql.cursors.Cursor object at 0x000002573232ABD0>
  File "D:\__lybix__\DEVTools\miniconda3\envs\fams\Lib\site-packages\pymysql\cursors.py", line 170, in execute
    result = self._query(query)
             │    │      └ "SELECT r.order_id, r.asset_id, a.asset_name, a.asset_code, a.spec AS asset_spec,\n                              r.reporter_i...
             │    └ <function Cursor._query at 0x00000257324D58A0>
             └ <pymysql.cursors.Cursor object at 0x000002573232ABD0>
  File "D:\__lybix__\DEVTools\miniconda3\envs\fams\Lib\site-packages\pymysql\cursors.py", line 328, in _query
    conn.query(q)
    │    │     └ "SELECT r.order_id, r.asset_id, a.asset_name, a.asset_code, a.spec AS asset_spec,\n                              r.reporter_i...
    │    └ <function Connection.query at 0x00000257324F14E0>
    └ <pymysql.connections.Connection object at 0x0000025732523510>
  File "D:\__lybix__\DEVTools\miniconda3\envs\fams\Lib\site-packages\pymysql\connections.py", line 517, in query
    self._affected_rows = self._read_query_result(unbuffered=unbuffered)
    │    │                │    │                             └ False
    │    │                │    └ <function Connection._read_query_result at 0x00000257324F1BC0>
    │    │                └ <pymysql.connections.Connection object at 0x0000025732523510>
    │    └ 1
    └ <pymysql.connections.Connection object at 0x0000025732523510>
  File "D:\__lybix__\DEVTools\miniconda3\envs\fams\Lib\site-packages\pymysql\connections.py", line 732, in _read_query_result
    result.read()
    │      └ <function MySQLResult.read at 0x00000257324F2480>
    └ <pymysql.connections.MySQLResult object at 0x000002573283FE50>
  File "D:\__lybix__\DEVTools\miniconda3\envs\fams\Lib\site-packages\pymysql\connections.py", line 1075, in read
    first_packet = self.connection._read_packet()
                   │    └ None
                   └ <pymysql.connections.MySQLResult object at 0x000002573283FE50>
  File "D:\__lybix__\DEVTools\miniconda3\envs\fams\Lib\site-packages\pymysql\connections.py", line 684, in _read_packet
    packet.check_error()
    │      └ <function MysqlPacket.check_error at 0x00000257324D79C0>
    └ <pymysql.protocol.MysqlPacket object at 0x0000025732537160>
  File "D:\__lybix__\DEVTools\miniconda3\envs\fams\Lib\site-packages\pymysql\protocol.py", line 220, in check_error
    err.raise_mysql_exception(self._data)
    │   │                     │    └ <member '_data' of 'MysqlPacket' objects>
    │   │                     └ <pymysql.protocol.MysqlPacket object at 0x0000025732537160>
    │   └ <function raise_mysql_exception at 0x000002573248EC00>
    └ <module 'pymysql.err' from 'D:\\__lybix__\\DEVTools\\miniconda3\\envs\\fams\\Lib\\site-packages\\pymysql\\err.py'>
  File "D:\__lybix__\DEVTools\miniconda3\envs\fams\Lib\site-packages\pymysql\err.py", line 109, in raise_mysql_exception
    raise errorclass(errno, errval)
          │          │      └ "Unknown column 'r.school_opinion' in 'field list'"
          │          └ 1054
          └ <class 'pymysql.err.InternalError'>

pymysql.err.InternalError: (1054, "Unknown column 'r.school_opinion' in 'field list'")


The above exception was the direct cause of the following exception:


Traceback (most recent call last):

  File "D:\__lybix__\_Codes\FAMS-NEPU\platform\server\services\svr_gateway\main.py", line 64, in <module>
    uvicorn.run(app, host="0.0.0.0", port=gateway_config.HTTP_PORT)
    │       │   │                         │              └ 9900
    │       │   │                         └ <services.svr_gateway.config.GatewayConfig object at 0x0000025730283690>
    │       │   └ <fastapi.applications.FastAPI object at 0x000002573218BF50>
    │       └ <function run at 0x000002572F00FD80>
    └ <module 'uvicorn' from 'D:\\__lybix__\\DEVTools\\miniconda3\\envs\\fams\\Lib\\site-packages\\uvicorn\\__init__.py'>

  File "D:\__lybix__\DEVTools\miniconda3\envs\fams\Lib\site-packages\uvicorn\main.py", line 621, in run
    server.run()
    │      └ <function Server.run at 0x000002572F180860>
    └ <uvicorn.server.Server object at 0x0000025731C6A250>
  File "D:\__lybix__\DEVTools\miniconda3\envs\fams\Lib\site-packages\uvicorn\server.py", line 74, in run
    return asyncio_run(self.serve(sockets=sockets), loop_factory=self.config.get_loop_factory())
           │           │    │             │                      │    │      └ <function Config.get_loop_factory at 0x000002572F00D1C0>
           │           │    │             │                      │    └ <uvicorn.config.Config object at 0x0000025731C4B090>
           │           │    │             │                      └ <uvicorn.server.Server object at 0x0000025731C6A250>
           │           │    │             └ None
           │           │    └ <function Server.serve at 0x000002572F180900>
           │           └ <uvicorn.server.Server object at 0x0000025731C6A250>
           └ <function asyncio_run at 0x000002572EF97740>
  File "D:\__lybix__\DEVTools\miniconda3\envs\fams\Lib\site-packages\uvicorn\_compat.py", line 30, in asyncio_run
    return runner.run(main)
           │      │   └ <coroutine object Server.serve at 0x000002573202FC40>
           │      └ <function Runner.run at 0x000002572E9EF560>
           └ <asyncio.runners.Runner object at 0x000002572F00AD10>
  File "D:\__lybix__\DEVTools\miniconda3\envs\fams\Lib\asyncio\runners.py", line 118, in run
    return self._loop.run_until_complete(task)
           │    │     │                  └ <Task pending name='Task-1' coro=<Server.serve() running at D:\__lybix__\DEVTools\miniconda3\envs\fams\Lib\site-packages\uvic...
           │    │     └ <function BaseEventLoop.run_until_complete at 0x000002572E9ED120>
           │    └ <ProactorEventLoop running=True closed=False debug=False>
           └ <asyncio.runners.Runner object at 0x000002572F00AD10>
  File "D:\__lybix__\DEVTools\miniconda3\envs\fams\Lib\asyncio\base_events.py", line 637, in run_until_complete
    self.run_forever()
    │    └ <function ProactorEventLoop.run_forever at 0x000002572EAC4860>
    └ <ProactorEventLoop running=True closed=False debug=False>
  File "D:\__lybix__\DEVTools\miniconda3\envs\fams\Lib\asyncio\windows_events.py", line 321, in run_forever
    super().run_forever()
  File "D:\__lybix__\DEVTools\miniconda3\envs\fams\Lib\asyncio\base_events.py", line 604, in run_forever
    self._run_once()
    │    └ <function BaseEventLoop._run_once at 0x000002572E9EEE80>
    └ <ProactorEventLoop running=True closed=False debug=False>
  File "D:\__lybix__\DEVTools\miniconda3\envs\fams\Lib\asyncio\base_events.py", line 1909, in _run_once
    handle._run()
    │      └ <function Handle._run at 0x000002572E9293A0>
    └ <Handle Task.task_wakeup(<Future finished result=None>)>
  File "D:\__lybix__\DEVTools\miniconda3\envs\fams\Lib\asyncio\events.py", line 80, in _run
    self._context.run(self._callback, *self._args)
    │    │            │    │           │    └ <member '_args' of 'Handle' objects>
    │    │            │    │           └ <Handle Task.task_wakeup(<Future finished result=None>)>
    │    │            │    └ <member '_callback' of 'Handle' objects>
    │    │            └ <Handle Task.task_wakeup(<Future finished result=None>)>
    │    └ <member '_context' of 'Handle' objects>
    └ <Handle Task.task_wakeup(<Future finished result=None>)>
  File "D:\__lybix__\DEVTools\miniconda3\envs\fams\Lib\site-packages\uvicorn\protocols\http\httptools_impl.py", line 422, in run_asgi
    result = await app(  # type: ignore[func-returns-value]
                   └ <uvicorn.middleware.proxy_headers.ProxyHeadersMiddleware object at 0x0000025732191D50>
  File "D:\__lybix__\DEVTools\miniconda3\envs\fams\Lib\site-packages\uvicorn\middleware\proxy_headers.py", line 63, in __call__
    return await self.app(scope, receive, send)
                 │    │   │      │        └ <bound method RequestResponseCycle.send of <uvicorn.protocols.http.httptools_impl.RequestResponseCycle object at 0x0000025732...
                 │    │   │      └ <bound method RequestResponseCycle.receive of <uvicorn.protocols.http.httptools_impl.RequestResponseCycle object at 0x0000025...
                 │    │   └ {'type': 'http', 'asgi': {'version': '3.0', 'spec_version': '2.3'}, 'http_version': '1.1', 'server': ('127.0.0.1', 9900), 'cl...
                 │    └ <fastapi.applications.FastAPI object at 0x000002573218BF50>
                 └ <uvicorn.middleware.proxy_headers.ProxyHeadersMiddleware object at 0x0000025732191D50>
  File "D:\__lybix__\DEVTools\miniconda3\envs\fams\Lib\site-packages\fastapi\applications.py", line 1163, in __call__
    await super().__call__(scope, receive, send)
                           │      │        └ <bound method RequestResponseCycle.send of <uvicorn.protocols.http.httptools_impl.RequestResponseCycle object at 0x0000025732...
                           │      └ <bound method RequestResponseCycle.receive of <uvicorn.protocols.http.httptools_impl.RequestResponseCycle object at 0x0000025...
                           └ {'type': 'http', 'asgi': {'version': '3.0', 'spec_version': '2.3'}, 'http_version': '1.1', 'server': ('127.0.0.1', 9900), 'cl...
  File "D:\__lybix__\DEVTools\miniconda3\envs\fams\Lib\site-packages\starlette\applications.py", line 90, in __call__
    await self.middleware_stack(scope, receive, send)
          │    │                │      │        └ <bound method RequestResponseCycle.send of <uvicorn.protocols.http.httptools_impl.RequestResponseCycle object at 0x0000025732...
          │    │                │      └ <bound method RequestResponseCycle.receive of <uvicorn.protocols.http.httptools_impl.RequestResponseCycle object at 0x0000025...
          │    │                └ {'type': 'http', 'asgi': {'version': '3.0', 'spec_version': '2.3'}, 'http_version': '1.1', 'server': ('127.0.0.1', 9900), 'cl...
          │    └ <starlette.middleware.errors.ServerErrorMiddleware object at 0x00000257320B8350>
          └ <fastapi.applications.FastAPI object at 0x000002573218BF50>
> File "D:\__lybix__\DEVTools\miniconda3\envs\fams\Lib\site-packages\starlette\middleware\errors.py", line 164, in __call__
    await self.app(scope, receive, _send)
          │    │   │      │        └ <function ServerErrorMiddleware.__call__.<locals>._send at 0x0000025732829800>
          │    │   │      └ <bound method RequestResponseCycle.receive of <uvicorn.protocols.http.httptools_impl.RequestResponseCycle object at 0x0000025...
          │    │   └ {'type': 'http', 'asgi': {'version': '3.0', 'spec_version': '2.3'}, 'http_version': '1.1', 'server': ('127.0.0.1', 9900), 'cl...
          │    └ <starlette.middleware.base.BaseHTTPMiddleware object at 0x00000257320B8290>
          └ <starlette.middleware.errors.ServerErrorMiddleware object at 0x00000257320B8350>
  File "D:\__lybix__\DEVTools\miniconda3\envs\fams\Lib\contextlib.py", line 222, in __aexit__
    await self.gen.athrow(typ, value, traceback)
          │    │   │      │    │      └ <traceback object at 0x000002573283E780>
          │    │   │      │    └ InternalError('(pymysql.err.InternalError) (1054, "Unknown column \'r.school_opinion\' in \'field list\'")')
          │    │   │      └ <class 'sqlalchemy.exc.InternalError'>
          │    │   └ <method 'athrow' of 'async_generator' objects>
          │    └ <async_generator object create_collapsing_task_group at 0x000002573233BC40>
          └ <contextlib._AsyncGeneratorContextManager object at 0x000002573283E850>
  File "D:\__lybix__\DEVTools\miniconda3\envs\fams\Lib\site-packages\starlette\_utils.py", line 93, in create_collapsing_task_group
    raise exc from exc.__cause__ or context
          │        │   │            └ None
          │        │   └ <attribute '__cause__' of 'BaseException' objects>
          │        └ InternalError('(pymysql.err.InternalError) (1054, "Unknown column \'r.school_opinion\' in \'field list\'")')
          └ InternalError('(pymysql.err.InternalError) (1054, "Unknown column \'r.school_opinion\' in \'field list\'")')
  File "D:\__lybix__\DEVTools\miniconda3\envs\fams\Lib\site-packages\starlette\_utils.py", line 86, in create_collapsing_task_group
    yield tg
          └ <anyio._backends._asyncio.TaskGroup object at 0x000002573283EDD0>
  File "D:\__lybix__\DEVTools\miniconda3\envs\fams\Lib\site-packages\starlette\middleware\base.py", line 193, in __call__
    response = await self.dispatch_func(request, call_next)
                     │    │             │        └ <function BaseHTTPMiddleware.__call__.<locals>.call_next at 0x00000257328298A0>
                     │    │             └ <starlette.middleware.base._CachedRequest object at 0x000002573283D6D0>
                     │    └ <function log_requests at 0x00000257321A4AE0>
                     └ <starlette.middleware.base.BaseHTTPMiddleware object at 0x00000257320B8290>

  File "D:\__lybix__\_Codes\FAMS-NEPU\platform\server\services\svr_gateway\main.py", line 42, in log_requests
    response = await call_next(request)
                     │         └ <starlette.middleware.base._CachedRequest object at 0x000002573283D6D0>
                     └ <function BaseHTTPMiddleware.__call__.<locals>.call_next at 0x00000257328298A0>

  File "D:\__lybix__\DEVTools\miniconda3\envs\fams\Lib\site-packages\starlette\middleware\base.py", line 168, in call_next
    raise app_exc from app_exc.__cause__ or app_exc.__context__
          │            │       │            │       └ <attribute '__context__' of 'BaseException' objects>
          │            │       │            └ InternalError('(pymysql.err.InternalError) (1054, "Unknown column \'r.school_opinion\' in \'field list\'")')
          │            │       └ <attribute '__cause__' of 'BaseException' objects>
          │            └ InternalError('(pymysql.err.InternalError) (1054, "Unknown column \'r.school_opinion\' in \'field list\'")')
          └ InternalError('(pymysql.err.InternalError) (1054, "Unknown column \'r.school_opinion\' in \'field list\'")')
  File "D:\__lybix__\DEVTools\miniconda3\envs\fams\Lib\site-packages\starlette\middleware\base.py", line 144, in coro
    await self.app(scope, receive_or_disconnect, send_no_error)
          │    │   │      │                      └ <function BaseHTTPMiddleware.__call__.<locals>.call_next.<locals>.send_no_error at 0x00000257328299E0>
          │    │   │      └ <function BaseHTTPMiddleware.__call__.<locals>.call_next.<locals>.receive_or_disconnect at 0x0000025732829940>
          │    │   └ {'type': 'http', 'asgi': {'version': '3.0', 'spec_version': '2.3'}, 'http_version': '1.1', 'server': ('127.0.0.1', 9900), 'cl...
          │    └ <starlette.middleware.cors.CORSMiddleware object at 0x0000025731F99E50>
          └ <starlette.middleware.base.BaseHTTPMiddleware object at 0x00000257320B8290>
  File "D:\__lybix__\DEVTools\miniconda3\envs\fams\Lib\site-packages\starlette\middleware\cors.py", line 88, in __call__
    await self.app(scope, receive, send)
          │    │   │      │        └ <function BaseHTTPMiddleware.__call__.<locals>.call_next.<locals>.send_no_error at 0x00000257328299E0>
          │    │   │      └ <function BaseHTTPMiddleware.__call__.<locals>.call_next.<locals>.receive_or_disconnect at 0x0000025732829940>
          │    │   └ {'type': 'http', 'asgi': {'version': '3.0', 'spec_version': '2.3'}, 'http_version': '1.1', 'server': ('127.0.0.1', 9900), 'cl...
          │    └ <starlette.middleware.exceptions.ExceptionMiddleware object at 0x0000025731C6F710>
          └ <starlette.middleware.cors.CORSMiddleware object at 0x0000025731F99E50>
  File "D:\__lybix__\DEVTools\miniconda3\envs\fams\Lib\site-packages\starlette\middleware\exceptions.py", line 63, in __call__
    await wrap_app_handling_exceptions(self.app, conn)(scope, receive, send)
          │                            │    │    │     │      │        └ <function BaseHTTPMiddleware.__call__.<locals>.call_next.<locals>.send_no_error at 0x00000257328299E0>
          │                            │    │    │     │      └ <function BaseHTTPMiddleware.__call__.<locals>.call_next.<locals>.receive_or_disconnect at 0x0000025732829940>
          │                            │    │    │     └ {'type': 'http', 'asgi': {'version': '3.0', 'spec_version': '2.3'}, 'http_version': '1.1', 'server': ('127.0.0.1', 9900), 'cl...
          │                            │    │    └ <starlette.requests.Request object at 0x000002573284C590>
          │                            │    └ <fastapi.middleware.asyncexitstack.AsyncExitStackMiddleware object at 0x000002573220AFD0>
          │                            └ <starlette.middleware.exceptions.ExceptionMiddleware object at 0x0000025731C6F710>
          └ <function wrap_app_handling_exceptions at 0x000002573016F100>
  File "D:\__lybix__\DEVTools\miniconda3\envs\fams\Lib\site-packages\starlette\_exception_handler.py", line 53, in wrapped_app
    raise exc
  File "D:\__lybix__\DEVTools\miniconda3\envs\fams\Lib\site-packages\starlette\_exception_handler.py", line 42, in wrapped_app
    await app(scope, receive, sender)
          │   │      │        └ <function wrap_app_handling_exceptions.<locals>.wrapped_app.<locals>.sender at 0x000002573282A020>
          │   │      └ <function BaseHTTPMiddleware.__call__.<locals>.call_next.<locals>.receive_or_disconnect at 0x0000025732829940>
          │   └ {'type': 'http', 'asgi': {'version': '3.0', 'spec_version': '2.3'}, 'http_version': '1.1', 'server': ('127.0.0.1', 9900), 'cl...
          └ <fastapi.middleware.asyncexitstack.AsyncExitStackMiddleware object at 0x000002573220AFD0>
  File "D:\__lybix__\DEVTools\miniconda3\envs\fams\Lib\site-packages\fastapi\middleware\asyncexitstack.py", line 18, in __call__
    await self.app(scope, receive, send)
          │    │   │      │        └ <function wrap_app_handling_exceptions.<locals>.wrapped_app.<locals>.sender at 0x000002573282A020>
          │    │   │      └ <function BaseHTTPMiddleware.__call__.<locals>.call_next.<locals>.receive_or_disconnect at 0x0000025732829940>
          │    │   └ {'type': 'http', 'asgi': {'version': '3.0', 'spec_version': '2.3'}, 'http_version': '1.1', 'server': ('127.0.0.1', 9900), 'cl...
          │    └ <fastapi.routing.APIRouter object at 0x000002573218BCD0>
          └ <fastapi.middleware.asyncexitstack.AsyncExitStackMiddleware object at 0x000002573220AFD0>
  File "D:\__lybix__\DEVTools\miniconda3\envs\fams\Lib\site-packages\starlette\routing.py", line 660, in __call__
    await self.middleware_stack(scope, receive, send)
          │    │                │      │        └ <function wrap_app_handling_exceptions.<locals>.wrapped_app.<locals>.sender at 0x000002573282A020>
          │    │                │      └ <function BaseHTTPMiddleware.__call__.<locals>.call_next.<locals>.receive_or_disconnect at 0x0000025732829940>
          │    │                └ {'type': 'http', 'asgi': {'version': '3.0', 'spec_version': '2.3'}, 'http_version': '1.1', 'server': ('127.0.0.1', 9900), 'cl...
          │    └ <bound method APIRouter.app of <fastapi.routing.APIRouter object at 0x000002573218BCD0>>
          └ <fastapi.routing.APIRouter object at 0x000002573218BCD0>
  File "D:\__lybix__\DEVTools\miniconda3\envs\fams\Lib\site-packages\fastapi\routing.py", line 2683, in app
    await route.handle(scope, receive, send)
          │     │      │      │        └ <function wrap_app_handling_exceptions.<locals>.wrapped_app.<locals>.sender at 0x000002573282A020>
          │     │      │      └ <function BaseHTTPMiddleware.__call__.<locals>.call_next.<locals>.receive_or_disconnect at 0x0000025732829940>
          │     │      └ {'type': 'http', 'asgi': {'version': '3.0', 'spec_version': '2.3'}, 'http_version': '1.1', 'server': ('127.0.0.1', 9900), 'cl...
          │     └ <function _IncludedRouter.handle at 0x00000257301ADBC0>
          └ _IncludedRouter(original_router=<fastapi.routing.APIRouter object at 0x000002572C944490>, include_context=_RouterIncludeConte...
  File "D:\__lybix__\DEVTools\miniconda3\envs\fams\Lib\site-packages\fastapi\routing.py", line 1753, in handle
    await self.original_router.handle(scope, receive, send)
          │    │               │      │      │        └ <function wrap_app_handling_exceptions.<locals>.wrapped_app.<locals>.sender at 0x000002573282A020>
          │    │               │      │      └ <function BaseHTTPMiddleware.__call__.<locals>.call_next.<locals>.receive_or_disconnect at 0x0000025732829940>
          │    │               │      └ {'type': 'http', 'asgi': {'version': '3.0', 'spec_version': '2.3'}, 'http_version': '1.1', 'server': ('127.0.0.1', 9900), 'cl...
          │    │               └ <function APIRouter.handle at 0x00000257301AFBA0>
          │    └ <fastapi.routing.APIRouter object at 0x000002572C944490>
          └ _IncludedRouter(original_router=<fastapi.routing.APIRouter object at 0x000002572C944490>, include_context=_RouterIncludeConte...
  File "D:\__lybix__\DEVTools\miniconda3\envs\fams\Lib\site-packages\fastapi\routing.py", line 2738, in handle
    await included_router._handle_selected(scope, receive, send)
          │               │                │      │        └ <function wrap_app_handling_exceptions.<locals>.wrapped_app.<locals>.sender at 0x000002573282A020>
          │               │                │      └ <function BaseHTTPMiddleware.__call__.<locals>.call_next.<locals>.receive_or_disconnect at 0x0000025732829940>
          │               │                └ {'type': 'http', 'asgi': {'version': '3.0', 'spec_version': '2.3'}, 'http_version': '1.1', 'server': ('127.0.0.1', 9900), 'cl...
          │               └ <function _IncludedRouter._handle_selected at 0x00000257301ADC60>
          └ _IncludedRouter(original_router=<fastapi.routing.APIRouter object at 0x000002572C944490>, include_context=_RouterIncludeConte...
  File "D:\__lybix__\DEVTools\miniconda3\envs\fams\Lib\site-packages\fastapi\routing.py", line 1773, in _handle_selected
    await original_route.handle(scope, receive, send)
          │              │      │      │        └ <function wrap_app_handling_exceptions.<locals>.wrapped_app.<locals>.sender at 0x000002573282A020>
          │              │      │      └ <function BaseHTTPMiddleware.__call__.<locals>.call_next.<locals>.receive_or_disconnect at 0x0000025732829940>
          │              │      └ {'type': 'http', 'asgi': {'version': '3.0', 'spec_version': '2.3'}, 'http_version': '1.1', 'server': ('127.0.0.1', 9900), 'cl...
          │              └ <function APIRoute.handle at 0x000002573019BCE0>
          └ APIRoute(path='/api/repair/list', name='repair_list', methods=['GET'])
  File "D:\__lybix__\DEVTools\miniconda3\envs\fams\Lib\site-packages\fastapi\routing.py", line 1264, in handle
    await app(scope, receive, send)
          │   │      │        └ <function wrap_app_handling_exceptions.<locals>.wrapped_app.<locals>.sender at 0x000002573282A020>
          │   │      └ <function BaseHTTPMiddleware.__call__.<locals>.call_next.<locals>.receive_or_disconnect at 0x0000025732829940>
          │   └ {'type': 'http', 'asgi': {'version': '3.0', 'spec_version': '2.3'}, 'http_version': '1.1', 'server': ('127.0.0.1', 9900), 'cl...
          └ <function request_response.<locals>.app at 0x000002573282A2A0>
  File "D:\__lybix__\DEVTools\miniconda3\envs\fams\Lib\site-packages\fastapi\routing.py", line 150, in app
    await wrap_app_handling_exceptions(app, request)(scope, receive, send)
          │                            │    │        │      │        └ <function wrap_app_handling_exceptions.<locals>.wrapped_app.<locals>.sender at 0x000002573282A020>
          │                            │    │        │      └ <function BaseHTTPMiddleware.__call__.<locals>.call_next.<locals>.receive_or_disconnect at 0x0000025732829940>
          │                            │    │        └ {'type': 'http', 'asgi': {'version': '3.0', 'spec_version': '2.3'}, 'http_version': '1.1', 'server': ('127.0.0.1', 9900), 'cl...
          │                            │    └ <starlette.requests.Request object at 0x000002573284C450>
          │                            └ <function request_response.<locals>.app.<locals>.app at 0x000002573282A340>
          └ <function wrap_app_handling_exceptions at 0x000002573016F100>
  File "D:\__lybix__\DEVTools\miniconda3\envs\fams\Lib\site-packages\starlette\_exception_handler.py", line 53, in wrapped_app
    raise exc
  File "D:\__lybix__\DEVTools\miniconda3\envs\fams\Lib\site-packages\starlette\_exception_handler.py", line 42, in wrapped_app
    await app(scope, receive, sender)
          │   │      │        └ <function wrap_app_handling_exceptions.<locals>.wrapped_app.<locals>.sender at 0x000002573282A480>
          │   │      └ <function BaseHTTPMiddleware.__call__.<locals>.call_next.<locals>.receive_or_disconnect at 0x0000025732829940>
          │   └ {'type': 'http', 'asgi': {'version': '3.0', 'spec_version': '2.3'}, 'http_version': '1.1', 'server': ('127.0.0.1', 9900), 'cl...
          └ <function request_response.<locals>.app.<locals>.app at 0x000002573282A340>
  File "D:\__lybix__\DEVTools\miniconda3\envs\fams\Lib\site-packages\fastapi\routing.py", line 136, in app
    response = await f(request)
                     │ └ <starlette.requests.Request object at 0x000002573284C450>
                     └ <function get_request_handler.<locals>.app at 0x000002573282A200>
  File "D:\__lybix__\DEVTools\miniconda3\envs\fams\Lib\site-packages\fastapi\routing.py", line 690, in app
    raw_response = await run_endpoint_function(
                         └ <function run_endpoint_function at 0x000002573019AF20>
  File "D:\__lybix__\DEVTools\miniconda3\envs\fams\Lib\site-packages\fastapi\routing.py", line 344, in run_endpoint_function
    return await dependant.call(**values)
                 │         │      └ {'current_user': {'user_id': 1, 'username': 'admin', 'dept_id': 1, 'role_keys': ['admin'], 'exp': 1783751479, 'iat': 17836650...
                 │         └ <function repair_list at 0x0000025732118720>
                 └ Dependant(path_params=[], query_params=[ModelField(field_info=Query(), name='status', mode='validation', config=None), ModelF...

  File "D:\__lybix__\_Codes\FAMS-NEPU\platform\server\services\svr_gateway\routes.py", line 560, in repair_list
    items, total = logic.list_orders(
                   │     └ <function RepairLogic.list_orders at 0x0000025731EE9760>
                   └ <data.logic.repair_logic.RepairLogic object at 0x000002573236A950>

  File "D:\__lybix__\_Codes\FAMS-NEPU\platform\server\data\logic\repair_logic.py", line 50, in list_orders
    return self.order_dao.list_orders(
           │    │         └ <function RepairOrderDAO.list_orders at 0x0000025731EE8EA0>
           │    └ <data.basic.repair_dao.RepairOrderDAO object at 0x0000025732369D10>
           └ <data.logic.repair_logic.RepairLogic object at 0x000002573236A950>

  File "D:\__lybix__\_Codes\FAMS-NEPU\platform\server\data\basic\repair_dao.py", line 88, in list_orders
    return self._execute(list_sql, params), total
           │    │        │         │        └ 0
           │    │        │         └ {'status': 'PENDING_REPAIR', 'offset': 0, 'limit': 5}
           │    │        └ 'SELECT r.order_id, r.asset_id, a.asset_name, a.asset_code, a.spec AS asset_spec,\n                              r.reporter_i...
           │    └ <function BaseDAO._execute at 0x0000025730B3CEA0>
           └ <data.basic.repair_dao.RepairOrderDAO object at 0x0000025732369D10>

  File "D:\__lybix__\_Codes\FAMS-NEPU\platform\server\data\basic\base_dao.py", line 39, in _execute
    result = conn.execute(text(sql), params or {})
             │    │       │    │     └ {'status': 'PENDING_REPAIR', 'offset': 0, 'limit': 5}
             │    │       │    └ 'SELECT r.order_id, r.asset_id, a.asset_name, a.asset_code, a.spec AS asset_spec,\n                              r.reporter_i...
             │    │       └ <function text at 0x0000025730A502C0>
             │    └ <function Connection.execute at 0x0000025730AB6FC0>
             └ <sqlalchemy.engine.base.Connection object at 0x0000025731C60C50>

  File "D:\__lybix__\DEVTools\miniconda3\envs\fams\Lib\site-packages\sqlalchemy\engine\base.py", line 1421, in execute
    return meth(
           └ <bound method ClauseElement._execute_on_connection of <sqlalchemy.sql.elements.TextClause object at 0x00000257326CE310>>
  File "D:\__lybix__\DEVTools\miniconda3\envs\fams\Lib\site-packages\sqlalchemy\sql\elements.py", line 526, in _execute_on_connection
    return connection._execute_clauseelement(
           │          └ <function Connection._execute_clauseelement at 0x0000025730AB72E0>
           └ <sqlalchemy.engine.base.Connection object at 0x0000025731C60C50>
  File "D:\__lybix__\DEVTools\miniconda3\envs\fams\Lib\site-packages\sqlalchemy\engine\base.py", line 1643, in _execute_clauseelement
    ret = self._execute_context(
          │    └ <function Connection._execute_context at 0x0000025730AB74C0>
          └ <sqlalchemy.engine.base.Connection object at 0x0000025731C60C50>
  File "D:\__lybix__\DEVTools\miniconda3\envs\fams\Lib\site-packages\sqlalchemy\engine\base.py", line 1848, in _execute_context
    return self._exec_single_context(
           │    └ <function Connection._exec_single_context at 0x0000025730AB7560>
           └ <sqlalchemy.engine.base.Connection object at 0x0000025731C60C50>
  File "D:\__lybix__\DEVTools\miniconda3\envs\fams\Lib\site-packages\sqlalchemy\engine\base.py", line 1988, in _exec_single_context
    self._handle_dbapi_exception(
    │    └ <function Connection._handle_dbapi_exception at 0x0000025730AB77E0>
    └ <sqlalchemy.engine.base.Connection object at 0x0000025731C60C50>
  File "D:\__lybix__\DEVTools\miniconda3\envs\fams\Lib\site-packages\sqlalchemy\engine\base.py", line 2365, in _handle_dbapi_exception
    raise sqlalchemy_exception.with_traceback(exc_info[2]) from e
          │                    │              │                 └ InternalError(1054, "Unknown column 'r.school_opinion' in 'field list'")
          │                    │              └ (<class 'pymysql.err.InternalError'>, InternalError(1054, "Unknown column 'r.school_opinion' in 'field list'"), <traceback ob...
          │                    └ <method 'with_traceback' of 'BaseException' objects>
          └ InternalError('(pymysql.err.InternalError) (1054, "Unknown column \'r.school_opinion\' in \'field list\'")')
  File "D:\__lybix__\DEVTools\miniconda3\envs\fams\Lib\site-packages\sqlalchemy\engine\base.py", line 1969, in _exec_single_context
    self.dialect.do_execute(
    │    │       └ <function DefaultDialect.do_execute at 0x0000025730B63100>
    │    └ <sqlalchemy.dialects.mysql.pymysql.MySQLDialect_pymysql object at 0x0000025732521890>
    └ <sqlalchemy.engine.base.Connection object at 0x0000025731C60C50>
  File "D:\__lybix__\DEVTools\miniconda3\envs\fams\Lib\site-packages\sqlalchemy\engine\default.py", line 952, in do_execute
    cursor.execute(statement, parameters)
    │      │       │          └ {'status': 'PENDING_REPAIR', 'limit': 5, 'offset': 0}
    │      │       └ 'SELECT r.order_id, r.asset_id, a.asset_name, a.asset_code, a.spec AS asset_spec,\n                              r.reporter_i...
    │      └ <function Cursor.execute at 0x00000257324D53A0>
    └ <pymysql.cursors.Cursor object at 0x000002573232ABD0>
  File "D:\__lybix__\DEVTools\miniconda3\envs\fams\Lib\site-packages\pymysql\cursors.py", line 170, in execute
    result = self._query(query)
             │    │      └ "SELECT r.order_id, r.asset_id, a.asset_name, a.asset_code, a.spec AS asset_spec,\n                              r.reporter_i...
             │    └ <function Cursor._query at 0x00000257324D58A0>
             └ <pymysql.cursors.Cursor object at 0x000002573232ABD0>
  File "D:\__lybix__\DEVTools\miniconda3\envs\fams\Lib\site-packages\pymysql\cursors.py", line 328, in _query
    conn.query(q)
    │    │     └ "SELECT r.order_id, r.asset_id, a.asset_name, a.asset_code, a.spec AS asset_spec,\n                              r.reporter_i...
    │    └ <function Connection.query at 0x00000257324F14E0>
    └ <pymysql.connections.Connection object at 0x0000025732523510>
  File "D:\__lybix__\DEVTools\miniconda3\envs\fams\Lib\site-packages\pymysql\connections.py", line 517, in query
    self._affected_rows = self._read_query_result(unbuffered=unbuffered)
    │    │                │    │                             └ False
    │    │                │    └ <function Connection._read_query_result at 0x00000257324F1BC0>
    │    │                └ <pymysql.connections.Connection object at 0x0000025732523510>
    │    └ 1
    └ <pymysql.connections.Connection object at 0x0000025732523510>
  File "D:\__lybix__\DEVTools\miniconda3\envs\fams\Lib\site-packages\pymysql\connections.py", line 732, in _read_query_result
    result.read()
    │      └ <function MySQLResult.read at 0x00000257324F2480>
    └ <pymysql.connections.MySQLResult object at 0x000002573283FE50>
  File "D:\__lybix__\DEVTools\miniconda3\envs\fams\Lib\site-packages\pymysql\connections.py", line 1075, in read
    first_packet = self.connection._read_packet()
                   │    └ None
                   └ <pymysql.connections.MySQLResult object at 0x000002573283FE50>
  File "D:\__lybix__\DEVTools\miniconda3\envs\fams\Lib\site-packages\pymysql\connections.py", line 684, in _read_packet
    packet.check_error()
    │      └ <function MysqlPacket.check_error at 0x00000257324D79C0>
    └ <pymysql.protocol.MysqlPacket object at 0x0000025732537160>
  File "D:\__lybix__\DEVTools\miniconda3\envs\fams\Lib\site-packages\pymysql\protocol.py", line 220, in check_error
    err.raise_mysql_exception(self._data)
    │   │                     │    └ <member '_data' of 'MysqlPacket' objects>
    │   │                     └ <pymysql.protocol.MysqlPacket object at 0x0000025732537160>
    │   └ <function raise_mysql_exception at 0x000002573248EC00>
    └ <module 'pymysql.err' from 'D:\\__lybix__\\DEVTools\\miniconda3\\envs\\fams\\Lib\\site-packages\\pymysql\\err.py'>
  File "D:\__lybix__\DEVTools\miniconda3\envs\fams\Lib\site-packages\pymysql\err.py", line 109, in raise_mysql_exception
    raise errorclass(errno, errval)
          │          │      └ "Unknown column 'r.school_opinion' in 'field list'"
          │          └ 1054
          └ <class 'pymysql.err.InternalError'>

sqlalchemy.exc.InternalError: (pymysql.err.InternalError) (1054, "Unknown column 'r.school_opinion' in 'field list'")
[SQL: SELECT r.order_id, r.asset_id, a.asset_name, a.asset_code, a.spec AS asset_spec,
                              r.reporter_id, u1.nickname AS reporter_name, r.dept_id, d.dept_name,
                              r.fault_desc, r.status, r.repairer_id, u4.nickname AS repairer_name,
                              r.college_opinion, r.school_opinion,
                              r.dispatch_time, r.deadline, r.repair_end_time,
                              r.repair_cost, r.create_time, r.update_time
                       FROM repair_order r
                       LEFT JOIN asset_core_db.asset_info a ON r.asset_id = a.asset_id
                       LEFT JOIN user_auth_db.sys_user u1 ON r.reporter_id = u1.user_id
                       LEFT JOIN user_auth_db.sys_dept d ON r.dept_id = d.dept_id
                       LEFT JOIN user_auth_db.sys_user u4 ON r.repairer_id = u4.user_id
                       WHERE 1=1 AND r.status = %(status)s
                       ORDER BY r.create_time DESC
                       LIMIT %(limit)s OFFSET %(offset)s]
[parameters: {'status': 'PENDING_REPAIR', 'limit': 5, 'offset': 0}]
(Background on this error at: https://sqlalche.me/e/20/2j85)
2026-07-10 16:59:01.580 | INFO     | __main__:log_requests:44 - GET /api/apply/pending -> 200 (0.182s)
2026-07-10 16:59:33.881 | INFO     | __main__:log_requests:44 - GET /api/dept/tree -> 200 (0.030s)
2026-07-10 16:59:33.882 | INFO     | __main__:log_requests:44 - GET /api/user/list -> 200 (0.030s)
2026-07-10 16:59:33.923 | INFO     | __main__:log_requests:44 - GET /api/check/task/list -> 200 (0.031s)
2026-07-10 16:59:36.776 | ERROR    | __main__:global_exception_handler:50 - Unhandled exception on GET /api/repair/list
Traceback (most recent call last):

  File "D:\__lybix__\DEVTools\miniconda3\envs\fams\Lib\site-packages\sqlalchemy\engine\base.py", line 1969, in _exec_single_context
    self.dialect.do_execute(
    │    │       └ <function DefaultDialect.do_execute at 0x0000025730B63100>
    │    └ <sqlalchemy.dialects.mysql.pymysql.MySQLDialect_pymysql object at 0x0000025732521890>
    └ <sqlalchemy.engine.base.Connection object at 0x000002573285CE90>
  File "D:\__lybix__\DEVTools\miniconda3\envs\fams\Lib\site-packages\sqlalchemy\engine\default.py", line 952, in do_execute
    cursor.execute(statement, parameters)
    │      │       │          └ {'status': 'PENDING_REPAIR', 'limit': 10, 'offset': 0}
    │      │       └ 'SELECT r.order_id, r.asset_id, a.asset_name, a.asset_code, a.spec AS asset_spec,\n                              r.reporter_i...
    │      └ <function Cursor.execute at 0x00000257324D53A0>
    └ <pymysql.cursors.Cursor object at 0x000002573285D9D0>
  File "D:\__lybix__\DEVTools\miniconda3\envs\fams\Lib\site-packages\pymysql\cursors.py", line 170, in execute
    result = self._query(query)
             │    │      └ "SELECT r.order_id, r.asset_id, a.asset_name, a.asset_code, a.spec AS asset_spec,\n                              r.reporter_i...
             │    └ <function Cursor._query at 0x00000257324D58A0>
             └ <pymysql.cursors.Cursor object at 0x000002573285D9D0>
  File "D:\__lybix__\DEVTools\miniconda3\envs\fams\Lib\site-packages\pymysql\cursors.py", line 328, in _query
    conn.query(q)
    │    │     └ "SELECT r.order_id, r.asset_id, a.asset_name, a.asset_code, a.spec AS asset_spec,\n                              r.reporter_i...
    │    └ <function Connection.query at 0x00000257324F14E0>
    └ <pymysql.connections.Connection object at 0x0000025732523510>
  File "D:\__lybix__\DEVTools\miniconda3\envs\fams\Lib\site-packages\pymysql\connections.py", line 517, in query
    self._affected_rows = self._read_query_result(unbuffered=unbuffered)
    │    │                │    │                             └ False
    │    │                │    └ <function Connection._read_query_result at 0x00000257324F1BC0>
    │    │                └ <pymysql.connections.Connection object at 0x0000025732523510>
    │    └ 1
    └ <pymysql.connections.Connection object at 0x0000025732523510>
  File "D:\__lybix__\DEVTools\miniconda3\envs\fams\Lib\site-packages\pymysql\connections.py", line 732, in _read_query_result
    result.read()
    │      └ <function MySQLResult.read at 0x00000257324F2480>
    └ <pymysql.connections.MySQLResult object at 0x000002573285DA10>
  File "D:\__lybix__\DEVTools\miniconda3\envs\fams\Lib\site-packages\pymysql\connections.py", line 1075, in read
    first_packet = self.connection._read_packet()
                   │    └ None
                   └ <pymysql.connections.MySQLResult object at 0x000002573285DA10>
  File "D:\__lybix__\DEVTools\miniconda3\envs\fams\Lib\site-packages\pymysql\connections.py", line 684, in _read_packet
    packet.check_error()
    │      └ <function MysqlPacket.check_error at 0x00000257324D79C0>
    └ <pymysql.protocol.MysqlPacket object at 0x00000257321FB940>
  File "D:\__lybix__\DEVTools\miniconda3\envs\fams\Lib\site-packages\pymysql\protocol.py", line 220, in check_error
    err.raise_mysql_exception(self._data)
    │   │                     │    └ <member '_data' of 'MysqlPacket' objects>
    │   │                     └ <pymysql.protocol.MysqlPacket object at 0x00000257321FB940>
    │   └ <function raise_mysql_exception at 0x000002573248EC00>
    └ <module 'pymysql.err' from 'D:\\__lybix__\\DEVTools\\miniconda3\\envs\\fams\\Lib\\site-packages\\pymysql\\err.py'>
  File "D:\__lybix__\DEVTools\miniconda3\envs\fams\Lib\site-packages\pymysql\err.py", line 109, in raise_mysql_exception
    raise errorclass(errno, errval)
          │          │      └ "Unknown column 'r.school_opinion' in 'field list'"
          │          └ 1054
          └ <class 'pymysql.err.InternalError'>

pymysql.err.InternalError: (1054, "Unknown column 'r.school_opinion' in 'field list'")


The above exception was the direct cause of the following exception:


Traceback (most recent call last):

  File "D:\__lybix__\_Codes\FAMS-NEPU\platform\server\services\svr_gateway\main.py", line 64, in <module>
    uvicorn.run(app, host="0.0.0.0", port=gateway_config.HTTP_PORT)
    │       │   │                         │              └ 9900
    │       │   │                         └ <services.svr_gateway.config.GatewayConfig object at 0x0000025730283690>
    │       │   └ <fastapi.applications.FastAPI object at 0x000002573218BF50>
    │       └ <function run at 0x000002572F00FD80>
    └ <module 'uvicorn' from 'D:\\__lybix__\\DEVTools\\miniconda3\\envs\\fams\\Lib\\site-packages\\uvicorn\\__init__.py'>

  File "D:\__lybix__\DEVTools\miniconda3\envs\fams\Lib\site-packages\uvicorn\main.py", line 621, in run
    server.run()
    │      └ <function Server.run at 0x000002572F180860>
    └ <uvicorn.server.Server object at 0x0000025731C6A250>
  File "D:\__lybix__\DEVTools\miniconda3\envs\fams\Lib\site-packages\uvicorn\server.py", line 74, in run
    return asyncio_run(self.serve(sockets=sockets), loop_factory=self.config.get_loop_factory())
           │           │    │             │                      │    │      └ <function Config.get_loop_factory at 0x000002572F00D1C0>
           │           │    │             │                      │    └ <uvicorn.config.Config object at 0x0000025731C4B090>
           │           │    │             │                      └ <uvicorn.server.Server object at 0x0000025731C6A250>
           │           │    │             └ None
           │           │    └ <function Server.serve at 0x000002572F180900>
           │           └ <uvicorn.server.Server object at 0x0000025731C6A250>
           └ <function asyncio_run at 0x000002572EF97740>
  File "D:\__lybix__\DEVTools\miniconda3\envs\fams\Lib\site-packages\uvicorn\_compat.py", line 30, in asyncio_run
    return runner.run(main)
           │      │   └ <coroutine object Server.serve at 0x000002573202FC40>
           │      └ <function Runner.run at 0x000002572E9EF560>
           └ <asyncio.runners.Runner object at 0x000002572F00AD10>
  File "D:\__lybix__\DEVTools\miniconda3\envs\fams\Lib\asyncio\runners.py", line 118, in run
    return self._loop.run_until_complete(task)
           │    │     │                  └ <Task pending name='Task-1' coro=<Server.serve() running at D:\__lybix__\DEVTools\miniconda3\envs\fams\Lib\site-packages\uvic...
           │    │     └ <function BaseEventLoop.run_until_complete at 0x000002572E9ED120>
           │    └ <ProactorEventLoop running=True closed=False debug=False>
           └ <asyncio.runners.Runner object at 0x000002572F00AD10>
  File "D:\__lybix__\DEVTools\miniconda3\envs\fams\Lib\asyncio\base_events.py", line 637, in run_until_complete
    self.run_forever()
    │    └ <function ProactorEventLoop.run_forever at 0x000002572EAC4860>
    └ <ProactorEventLoop running=True closed=False debug=False>
  File "D:\__lybix__\DEVTools\miniconda3\envs\fams\Lib\asyncio\windows_events.py", line 321, in run_forever
    super().run_forever()
  File "D:\__lybix__\DEVTools\miniconda3\envs\fams\Lib\asyncio\base_events.py", line 604, in run_forever
    self._run_once()
    │    └ <function BaseEventLoop._run_once at 0x000002572E9EEE80>
    └ <ProactorEventLoop running=True closed=False debug=False>
  File "D:\__lybix__\DEVTools\miniconda3\envs\fams\Lib\asyncio\base_events.py", line 1909, in _run_once
    handle._run()
    │      └ <function Handle._run at 0x000002572E9293A0>
    └ <Handle Task.task_wakeup(<Future finished result=None>)>
  File "D:\__lybix__\DEVTools\miniconda3\envs\fams\Lib\asyncio\events.py", line 80, in _run
    self._context.run(self._callback, *self._args)
    │    │            │    │           │    └ <member '_args' of 'Handle' objects>
    │    │            │    │           └ <Handle Task.task_wakeup(<Future finished result=None>)>
    │    │            │    └ <member '_callback' of 'Handle' objects>
    │    │            └ <Handle Task.task_wakeup(<Future finished result=None>)>
    │    └ <member '_context' of 'Handle' objects>
    └ <Handle Task.task_wakeup(<Future finished result=None>)>
  File "D:\__lybix__\DEVTools\miniconda3\envs\fams\Lib\site-packages\uvicorn\protocols\http\httptools_impl.py", line 422, in run_asgi
    result = await app(  # type: ignore[func-returns-value]
                   └ <uvicorn.middleware.proxy_headers.ProxyHeadersMiddleware object at 0x0000025732191D50>
  File "D:\__lybix__\DEVTools\miniconda3\envs\fams\Lib\site-packages\uvicorn\middleware\proxy_headers.py", line 63, in __call__
    return await self.app(scope, receive, send)
                 │    │   │      │        └ <bound method RequestResponseCycle.send of <uvicorn.protocols.http.httptools_impl.RequestResponseCycle object at 0x0000025732...
                 │    │   │      └ <bound method RequestResponseCycle.receive of <uvicorn.protocols.http.httptools_impl.RequestResponseCycle object at 0x0000025...
                 │    │   └ {'type': 'http', 'asgi': {'version': '3.0', 'spec_version': '2.3'}, 'http_version': '1.1', 'server': ('127.0.0.1', 9900), 'cl...
                 │    └ <fastapi.applications.FastAPI object at 0x000002573218BF50>
                 └ <uvicorn.middleware.proxy_headers.ProxyHeadersMiddleware object at 0x0000025732191D50>
  File "D:\__lybix__\DEVTools\miniconda3\envs\fams\Lib\site-packages\fastapi\applications.py", line 1163, in __call__
    await super().__call__(scope, receive, send)
                           │      │        └ <bound method RequestResponseCycle.send of <uvicorn.protocols.http.httptools_impl.RequestResponseCycle object at 0x0000025732...
                           │      └ <bound method RequestResponseCycle.receive of <uvicorn.protocols.http.httptools_impl.RequestResponseCycle object at 0x0000025...
                           └ {'type': 'http', 'asgi': {'version': '3.0', 'spec_version': '2.3'}, 'http_version': '1.1', 'server': ('127.0.0.1', 9900), 'cl...
  File "D:\__lybix__\DEVTools\miniconda3\envs\fams\Lib\site-packages\starlette\applications.py", line 90, in __call__
    await self.middleware_stack(scope, receive, send)
          │    │                │      │        └ <bound method RequestResponseCycle.send of <uvicorn.protocols.http.httptools_impl.RequestResponseCycle object at 0x0000025732...
          │    │                │      └ <bound method RequestResponseCycle.receive of <uvicorn.protocols.http.httptools_impl.RequestResponseCycle object at 0x0000025...
          │    │                └ {'type': 'http', 'asgi': {'version': '3.0', 'spec_version': '2.3'}, 'http_version': '1.1', 'server': ('127.0.0.1', 9900), 'cl...
          │    └ <starlette.middleware.errors.ServerErrorMiddleware object at 0x00000257320B8350>
          └ <fastapi.applications.FastAPI object at 0x000002573218BF50>
> File "D:\__lybix__\DEVTools\miniconda3\envs\fams\Lib\site-packages\starlette\middleware\errors.py", line 164, in __call__
    await self.app(scope, receive, _send)
          │    │   │      │        └ <function ServerErrorMiddleware.__call__.<locals>._send at 0x000002573238C040>
          │    │   │      └ <bound method RequestResponseCycle.receive of <uvicorn.protocols.http.httptools_impl.RequestResponseCycle object at 0x0000025...
          │    │   └ {'type': 'http', 'asgi': {'version': '3.0', 'spec_version': '2.3'}, 'http_version': '1.1', 'server': ('127.0.0.1', 9900), 'cl...
          │    └ <starlette.middleware.base.BaseHTTPMiddleware object at 0x00000257320B8290>
          └ <starlette.middleware.errors.ServerErrorMiddleware object at 0x00000257320B8350>
  File "D:\__lybix__\DEVTools\miniconda3\envs\fams\Lib\contextlib.py", line 222, in __aexit__
    await self.gen.athrow(typ, value, traceback)
          │    │   │      │    │      └ <traceback object at 0x000002573285E2C0>
          │    │   │      │    └ InternalError('(pymysql.err.InternalError) (1054, "Unknown column \'r.school_opinion\' in \'field list\'")')
          │    │   │      └ <class 'sqlalchemy.exc.InternalError'>
          │    │   └ <method 'athrow' of 'async_generator' objects>
          │    └ <async_generator object create_collapsing_task_group at 0x0000025732339D40>
          └ <contextlib._AsyncGeneratorContextManager object at 0x000002573284D590>
  File "D:\__lybix__\DEVTools\miniconda3\envs\fams\Lib\site-packages\starlette\_utils.py", line 93, in create_collapsing_task_group
    raise exc from exc.__cause__ or context
          │        │   │            └ None
          │        │   └ <attribute '__cause__' of 'BaseException' objects>
          │        └ InternalError('(pymysql.err.InternalError) (1054, "Unknown column \'r.school_opinion\' in \'field list\'")')
          └ InternalError('(pymysql.err.InternalError) (1054, "Unknown column \'r.school_opinion\' in \'field list\'")')
  File "D:\__lybix__\DEVTools\miniconda3\envs\fams\Lib\site-packages\starlette\_utils.py", line 86, in create_collapsing_task_group
    yield tg
          └ <anyio._backends._asyncio.TaskGroup object at 0x000002573284D310>
  File "D:\__lybix__\DEVTools\miniconda3\envs\fams\Lib\site-packages\starlette\middleware\base.py", line 193, in __call__
    response = await self.dispatch_func(request, call_next)
                     │    │             │        └ <function BaseHTTPMiddleware.__call__.<locals>.call_next at 0x000002573238C5E0>
                     │    │             └ <starlette.middleware.base._CachedRequest object at 0x000002573283EC50>
                     │    └ <function log_requests at 0x00000257321A4AE0>
                     └ <starlette.middleware.base.BaseHTTPMiddleware object at 0x00000257320B8290>

  File "D:\__lybix__\_Codes\FAMS-NEPU\platform\server\services\svr_gateway\main.py", line 42, in log_requests
    response = await call_next(request)
                     │         └ <starlette.middleware.base._CachedRequest object at 0x000002573283EC50>
                     └ <function BaseHTTPMiddleware.__call__.<locals>.call_next at 0x000002573238C5E0>

  File "D:\__lybix__\DEVTools\miniconda3\envs\fams\Lib\site-packages\starlette\middleware\base.py", line 168, in call_next
    raise app_exc from app_exc.__cause__ or app_exc.__context__
          │            │       │            │       └ <attribute '__context__' of 'BaseException' objects>
          │            │       │            └ InternalError('(pymysql.err.InternalError) (1054, "Unknown column \'r.school_opinion\' in \'field list\'")')
          │            │       └ <attribute '__cause__' of 'BaseException' objects>
          │            └ InternalError('(pymysql.err.InternalError) (1054, "Unknown column \'r.school_opinion\' in \'field list\'")')
          └ InternalError('(pymysql.err.InternalError) (1054, "Unknown column \'r.school_opinion\' in \'field list\'")')
  File "D:\__lybix__\DEVTools\miniconda3\envs\fams\Lib\site-packages\starlette\middleware\base.py", line 144, in coro
    await self.app(scope, receive_or_disconnect, send_no_error)
          │    │   │      │                      └ <function BaseHTTPMiddleware.__call__.<locals>.call_next.<locals>.send_no_error at 0x000002573238CAE0>
          │    │   │      └ <function BaseHTTPMiddleware.__call__.<locals>.call_next.<locals>.receive_or_disconnect at 0x000002573238C860>
          │    │   └ {'type': 'http', 'asgi': {'version': '3.0', 'spec_version': '2.3'}, 'http_version': '1.1', 'server': ('127.0.0.1', 9900), 'cl...
          │    └ <starlette.middleware.cors.CORSMiddleware object at 0x0000025731F99E50>
          └ <starlette.middleware.base.BaseHTTPMiddleware object at 0x00000257320B8290>
  File "D:\__lybix__\DEVTools\miniconda3\envs\fams\Lib\site-packages\starlette\middleware\cors.py", line 88, in __call__
    await self.app(scope, receive, send)
          │    │   │      │        └ <function BaseHTTPMiddleware.__call__.<locals>.call_next.<locals>.send_no_error at 0x000002573238CAE0>
          │    │   │      └ <function BaseHTTPMiddleware.__call__.<locals>.call_next.<locals>.receive_or_disconnect at 0x000002573238C860>
          │    │   └ {'type': 'http', 'asgi': {'version': '3.0', 'spec_version': '2.3'}, 'http_version': '1.1', 'server': ('127.0.0.1', 9900), 'cl...
          │    └ <starlette.middleware.exceptions.ExceptionMiddleware object at 0x0000025731C6F710>
          └ <starlette.middleware.cors.CORSMiddleware object at 0x0000025731F99E50>
  File "D:\__lybix__\DEVTools\miniconda3\envs\fams\Lib\site-packages\starlette\middleware\exceptions.py", line 63, in __call__
    await wrap_app_handling_exceptions(self.app, conn)(scope, receive, send)
          │                            │    │    │     │      │        └ <function BaseHTTPMiddleware.__call__.<locals>.call_next.<locals>.send_no_error at 0x000002573238CAE0>
          │                            │    │    │     │      └ <function BaseHTTPMiddleware.__call__.<locals>.call_next.<locals>.receive_or_disconnect at 0x000002573238C860>
          │                            │    │    │     └ {'type': 'http', 'asgi': {'version': '3.0', 'spec_version': '2.3'}, 'http_version': '1.1', 'server': ('127.0.0.1', 9900), 'cl...
          │                            │    │    └ <starlette.requests.Request object at 0x000002573284CE10>
          │                            │    └ <fastapi.middleware.asyncexitstack.AsyncExitStackMiddleware object at 0x000002573220AFD0>
          │                            └ <starlette.middleware.exceptions.ExceptionMiddleware object at 0x0000025731C6F710>
          └ <function wrap_app_handling_exceptions at 0x000002573016F100>
  File "D:\__lybix__\DEVTools\miniconda3\envs\fams\Lib\site-packages\starlette\_exception_handler.py", line 53, in wrapped_app
    raise exc
  File "D:\__lybix__\DEVTools\miniconda3\envs\fams\Lib\site-packages\starlette\_exception_handler.py", line 42, in wrapped_app
    await app(scope, receive, sender)
          │   │      │        └ <function wrap_app_handling_exceptions.<locals>.wrapped_app.<locals>.sender at 0x000002573227CCC0>
          │   │      └ <function BaseHTTPMiddleware.__call__.<locals>.call_next.<locals>.receive_or_disconnect at 0x000002573238C860>
          │   └ {'type': 'http', 'asgi': {'version': '3.0', 'spec_version': '2.3'}, 'http_version': '1.1', 'server': ('127.0.0.1', 9900), 'cl...
          └ <fastapi.middleware.asyncexitstack.AsyncExitStackMiddleware object at 0x000002573220AFD0>
  File "D:\__lybix__\DEVTools\miniconda3\envs\fams\Lib\site-packages\fastapi\middleware\asyncexitstack.py", line 18, in __call__
    await self.app(scope, receive, send)
          │    │   │      │        └ <function wrap_app_handling_exceptions.<locals>.wrapped_app.<locals>.sender at 0x000002573227CCC0>
          │    │   │      └ <function BaseHTTPMiddleware.__call__.<locals>.call_next.<locals>.receive_or_disconnect at 0x000002573238C860>
          │    │   └ {'type': 'http', 'asgi': {'version': '3.0', 'spec_version': '2.3'}, 'http_version': '1.1', 'server': ('127.0.0.1', 9900), 'cl...
          │    └ <fastapi.routing.APIRouter object at 0x000002573218BCD0>
          └ <fastapi.middleware.asyncexitstack.AsyncExitStackMiddleware object at 0x000002573220AFD0>
  File "D:\__lybix__\DEVTools\miniconda3\envs\fams\Lib\site-packages\starlette\routing.py", line 660, in __call__
    await self.middleware_stack(scope, receive, send)
          │    │                │      │        └ <function wrap_app_handling_exceptions.<locals>.wrapped_app.<locals>.sender at 0x000002573227CCC0>
          │    │                │      └ <function BaseHTTPMiddleware.__call__.<locals>.call_next.<locals>.receive_or_disconnect at 0x000002573238C860>
          │    │                └ {'type': 'http', 'asgi': {'version': '3.0', 'spec_version': '2.3'}, 'http_version': '1.1', 'server': ('127.0.0.1', 9900), 'cl...
          │    └ <bound method APIRouter.app of <fastapi.routing.APIRouter object at 0x000002573218BCD0>>
          └ <fastapi.routing.APIRouter object at 0x000002573218BCD0>
  File "D:\__lybix__\DEVTools\miniconda3\envs\fams\Lib\site-packages\fastapi\routing.py", line 2683, in app
    await route.handle(scope, receive, send)
          │     │      │      │        └ <function wrap_app_handling_exceptions.<locals>.wrapped_app.<locals>.sender at 0x000002573227CCC0>
          │     │      │      └ <function BaseHTTPMiddleware.__call__.<locals>.call_next.<locals>.receive_or_disconnect at 0x000002573238C860>
          │     │      └ {'type': 'http', 'asgi': {'version': '3.0', 'spec_version': '2.3'}, 'http_version': '1.1', 'server': ('127.0.0.1', 9900), 'cl...
          │     └ <function _IncludedRouter.handle at 0x00000257301ADBC0>
          └ _IncludedRouter(original_router=<fastapi.routing.APIRouter object at 0x000002572C944490>, include_context=_RouterIncludeConte...
  File "D:\__lybix__\DEVTools\miniconda3\envs\fams\Lib\site-packages\fastapi\routing.py", line 1753, in handle
    await self.original_router.handle(scope, receive, send)
          │    │               │      │      │        └ <function wrap_app_handling_exceptions.<locals>.wrapped_app.<locals>.sender at 0x000002573227CCC0>
          │    │               │      │      └ <function BaseHTTPMiddleware.__call__.<locals>.call_next.<locals>.receive_or_disconnect at 0x000002573238C860>
          │    │               │      └ {'type': 'http', 'asgi': {'version': '3.0', 'spec_version': '2.3'}, 'http_version': '1.1', 'server': ('127.0.0.1', 9900), 'cl...
          │    │               └ <function APIRouter.handle at 0x00000257301AFBA0>
          │    └ <fastapi.routing.APIRouter object at 0x000002572C944490>
          └ _IncludedRouter(original_router=<fastapi.routing.APIRouter object at 0x000002572C944490>, include_context=_RouterIncludeConte...
  File "D:\__lybix__\DEVTools\miniconda3\envs\fams\Lib\site-packages\fastapi\routing.py", line 2738, in handle
    await included_router._handle_selected(scope, receive, send)
          │               │                │      │        └ <function wrap_app_handling_exceptions.<locals>.wrapped_app.<locals>.sender at 0x000002573227CCC0>
          │               │                │      └ <function BaseHTTPMiddleware.__call__.<locals>.call_next.<locals>.receive_or_disconnect at 0x000002573238C860>
          │               │                └ {'type': 'http', 'asgi': {'version': '3.0', 'spec_version': '2.3'}, 'http_version': '1.1', 'server': ('127.0.0.1', 9900), 'cl...
          │               └ <function _IncludedRouter._handle_selected at 0x00000257301ADC60>
          └ _IncludedRouter(original_router=<fastapi.routing.APIRouter object at 0x000002572C944490>, include_context=_RouterIncludeConte...
  File "D:\__lybix__\DEVTools\miniconda3\envs\fams\Lib\site-packages\fastapi\routing.py", line 1773, in _handle_selected
    await original_route.handle(scope, receive, send)
          │              │      │      │        └ <function wrap_app_handling_exceptions.<locals>.wrapped_app.<locals>.sender at 0x000002573227CCC0>
          │              │      │      └ <function BaseHTTPMiddleware.__call__.<locals>.call_next.<locals>.receive_or_disconnect at 0x000002573238C860>
          │              │      └ {'type': 'http', 'asgi': {'version': '3.0', 'spec_version': '2.3'}, 'http_version': '1.1', 'server': ('127.0.0.1', 9900), 'cl...
          │              └ <function APIRoute.handle at 0x000002573019BCE0>
          └ APIRoute(path='/api/repair/list', name='repair_list', methods=['GET'])
  File "D:\__lybix__\DEVTools\miniconda3\envs\fams\Lib\site-packages\fastapi\routing.py", line 1264, in handle
    await app(scope, receive, send)
          │   │      │        └ <function wrap_app_handling_exceptions.<locals>.wrapped_app.<locals>.sender at 0x000002573227CCC0>
          │   │      └ <function BaseHTTPMiddleware.__call__.<locals>.call_next.<locals>.receive_or_disconnect at 0x000002573238C860>
          │   └ {'type': 'http', 'asgi': {'version': '3.0', 'spec_version': '2.3'}, 'http_version': '1.1', 'server': ('127.0.0.1', 9900), 'cl...
          └ <function request_response.<locals>.app at 0x000002573227F100>
  File "D:\__lybix__\DEVTools\miniconda3\envs\fams\Lib\site-packages\fastapi\routing.py", line 150, in app
    await wrap_app_handling_exceptions(app, request)(scope, receive, send)
          │                            │    │        │      │        └ <function wrap_app_handling_exceptions.<locals>.wrapped_app.<locals>.sender at 0x000002573227CCC0>
          │                            │    │        │      └ <function BaseHTTPMiddleware.__call__.<locals>.call_next.<locals>.receive_or_disconnect at 0x000002573238C860>
          │                            │    │        └ {'type': 'http', 'asgi': {'version': '3.0', 'spec_version': '2.3'}, 'http_version': '1.1', 'server': ('127.0.0.1', 9900), 'cl...
          │                            │    └ <starlette.requests.Request object at 0x000002573284D990>
          │                            └ <function request_response.<locals>.app.<locals>.app at 0x000002573227C900>
          └ <function wrap_app_handling_exceptions at 0x000002573016F100>
  File "D:\__lybix__\DEVTools\miniconda3\envs\fams\Lib\site-packages\starlette\_exception_handler.py", line 53, in wrapped_app
    raise exc
  File "D:\__lybix__\DEVTools\miniconda3\envs\fams\Lib\site-packages\starlette\_exception_handler.py", line 42, in wrapped_app
    await app(scope, receive, sender)
          │   │      │        └ <function wrap_app_handling_exceptions.<locals>.wrapped_app.<locals>.sender at 0x000002573227FE20>
          │   │      └ <function BaseHTTPMiddleware.__call__.<locals>.call_next.<locals>.receive_or_disconnect at 0x000002573238C860>
          │   └ {'type': 'http', 'asgi': {'version': '3.0', 'spec_version': '2.3'}, 'http_version': '1.1', 'server': ('127.0.0.1', 9900), 'cl...
          └ <function request_response.<locals>.app.<locals>.app at 0x000002573227C900>
  File "D:\__lybix__\DEVTools\miniconda3\envs\fams\Lib\site-packages\fastapi\routing.py", line 136, in app
    response = await f(request)
                     │ └ <starlette.requests.Request object at 0x000002573284D990>
                     └ <function get_request_handler.<locals>.app at 0x000002573227C7C0>
  File "D:\__lybix__\DEVTools\miniconda3\envs\fams\Lib\site-packages\fastapi\routing.py", line 690, in app
    raw_response = await run_endpoint_function(
                         └ <function run_endpoint_function at 0x000002573019AF20>
  File "D:\__lybix__\DEVTools\miniconda3\envs\fams\Lib\site-packages\fastapi\routing.py", line 344, in run_endpoint_function
    return await dependant.call(**values)
                 │         │      └ {'current_user': {'user_id': 1, 'username': 'admin', 'dept_id': 1, 'role_keys': ['admin'], 'exp': 1783751479, 'iat': 17836650...
                 │         └ <function repair_list at 0x0000025732118720>
                 └ Dependant(path_params=[], query_params=[ModelField(field_info=Query(), name='status', mode='validation', config=None), ModelF...

  File "D:\__lybix__\_Codes\FAMS-NEPU\platform\server\services\svr_gateway\routes.py", line 560, in repair_list
    items, total = logic.list_orders(
                   │     └ <function RepairLogic.list_orders at 0x0000025731EE9760>
                   └ <data.logic.repair_logic.RepairLogic object at 0x000002573236A950>

  File "D:\__lybix__\_Codes\FAMS-NEPU\platform\server\data\logic\repair_logic.py", line 50, in list_orders
    return self.order_dao.list_orders(
           │    │         └ <function RepairOrderDAO.list_orders at 0x0000025731EE8EA0>
           │    └ <data.basic.repair_dao.RepairOrderDAO object at 0x0000025732369D10>
           └ <data.logic.repair_logic.RepairLogic object at 0x000002573236A950>

  File "D:\__lybix__\_Codes\FAMS-NEPU\platform\server\data\basic\repair_dao.py", line 88, in list_orders
    return self._execute(list_sql, params), total
           │    │        │         │        └ 0
           │    │        │         └ {'status': 'PENDING_REPAIR', 'offset': 0, 'limit': 10}
           │    │        └ 'SELECT r.order_id, r.asset_id, a.asset_name, a.asset_code, a.spec AS asset_spec,\n                              r.reporter_i...
           │    └ <function BaseDAO._execute at 0x0000025730B3CEA0>
           └ <data.basic.repair_dao.RepairOrderDAO object at 0x0000025732369D10>

  File "D:\__lybix__\_Codes\FAMS-NEPU\platform\server\data\basic\base_dao.py", line 39, in _execute
    result = conn.execute(text(sql), params or {})
             │    │       │    │     └ {'status': 'PENDING_REPAIR', 'offset': 0, 'limit': 10}
             │    │       │    └ 'SELECT r.order_id, r.asset_id, a.asset_name, a.asset_code, a.spec AS asset_spec,\n                              r.reporter_i...
             │    │       └ <function text at 0x0000025730A502C0>
             │    └ <function Connection.execute at 0x0000025730AB6FC0>
             └ <sqlalchemy.engine.base.Connection object at 0x000002573285CE90>

  File "D:\__lybix__\DEVTools\miniconda3\envs\fams\Lib\site-packages\sqlalchemy\engine\base.py", line 1421, in execute
    return meth(
           └ <bound method ClauseElement._execute_on_connection of <sqlalchemy.sql.elements.TextClause object at 0x000002573285D7D0>>
  File "D:\__lybix__\DEVTools\miniconda3\envs\fams\Lib\site-packages\sqlalchemy\sql\elements.py", line 526, in _execute_on_connection
    return connection._execute_clauseelement(
           │          └ <function Connection._execute_clauseelement at 0x0000025730AB72E0>
           └ <sqlalchemy.engine.base.Connection object at 0x000002573285CE90>
  File "D:\__lybix__\DEVTools\miniconda3\envs\fams\Lib\site-packages\sqlalchemy\engine\base.py", line 1643, in _execute_clauseelement
    ret = self._execute_context(
          │    └ <function Connection._execute_context at 0x0000025730AB74C0>
          └ <sqlalchemy.engine.base.Connection object at 0x000002573285CE90>
  File "D:\__lybix__\DEVTools\miniconda3\envs\fams\Lib\site-packages\sqlalchemy\engine\base.py", line 1848, in _execute_context
    return self._exec_single_context(
           │    └ <function Connection._exec_single_context at 0x0000025730AB7560>
           └ <sqlalchemy.engine.base.Connection object at 0x000002573285CE90>
  File "D:\__lybix__\DEVTools\miniconda3\envs\fams\Lib\site-packages\sqlalchemy\engine\base.py", line 1988, in _exec_single_context
    self._handle_dbapi_exception(
    │    └ <function Connection._handle_dbapi_exception at 0x0000025730AB77E0>
    └ <sqlalchemy.engine.base.Connection object at 0x000002573285CE90>
  File "D:\__lybix__\DEVTools\miniconda3\envs\fams\Lib\site-packages\sqlalchemy\engine\base.py", line 2365, in _handle_dbapi_exception
    raise sqlalchemy_exception.with_traceback(exc_info[2]) from e
          │                    │              │                 └ InternalError(1054, "Unknown column 'r.school_opinion' in 'field list'")
          │                    │              └ (<class 'pymysql.err.InternalError'>, InternalError(1054, "Unknown column 'r.school_opinion' in 'field list'"), <traceback ob...
          │                    └ <method 'with_traceback' of 'BaseException' objects>
          └ InternalError('(pymysql.err.InternalError) (1054, "Unknown column \'r.school_opinion\' in \'field list\'")')
  File "D:\__lybix__\DEVTools\miniconda3\envs\fams\Lib\site-packages\sqlalchemy\engine\base.py", line 1969, in _exec_single_context
    self.dialect.do_execute(
    │    │       └ <function DefaultDialect.do_execute at 0x0000025730B63100>
    │    └ <sqlalchemy.dialects.mysql.pymysql.MySQLDialect_pymysql object at 0x0000025732521890>
    └ <sqlalchemy.engine.base.Connection object at 0x000002573285CE90>
  File "D:\__lybix__\DEVTools\miniconda3\envs\fams\Lib\site-packages\sqlalchemy\engine\default.py", line 952, in do_execute
    cursor.execute(statement, parameters)
    │      │       │          └ {'status': 'PENDING_REPAIR', 'limit': 10, 'offset': 0}
    │      │       └ 'SELECT r.order_id, r.asset_id, a.asset_name, a.asset_code, a.spec AS asset_spec,\n                              r.reporter_i...
    │      └ <function Cursor.execute at 0x00000257324D53A0>
    └ <pymysql.cursors.Cursor object at 0x000002573285D9D0>
  File "D:\__lybix__\DEVTools\miniconda3\envs\fams\Lib\site-packages\pymysql\cursors.py", line 170, in execute
    result = self._query(query)
             │    │      └ "SELECT r.order_id, r.asset_id, a.asset_name, a.asset_code, a.spec AS asset_spec,\n                              r.reporter_i...
             │    └ <function Cursor._query at 0x00000257324D58A0>
             └ <pymysql.cursors.Cursor object at 0x000002573285D9D0>
  File "D:\__lybix__\DEVTools\miniconda3\envs\fams\Lib\site-packages\pymysql\cursors.py", line 328, in _query
    conn.query(q)
    │    │     └ "SELECT r.order_id, r.asset_id, a.asset_name, a.asset_code, a.spec AS asset_spec,\n                              r.reporter_i...
    │    └ <function Connection.query at 0x00000257324F14E0>
    └ <pymysql.connections.Connection object at 0x0000025732523510>
  File "D:\__lybix__\DEVTools\miniconda3\envs\fams\Lib\site-packages\pymysql\connections.py", line 517, in query
    self._affected_rows = self._read_query_result(unbuffered=unbuffered)
    │    │                │    │                             └ False
    │    │                │    └ <function Connection._read_query_result at 0x00000257324F1BC0>
    │    │                └ <pymysql.connections.Connection object at 0x0000025732523510>
    │    └ 1
    └ <pymysql.connections.Connection object at 0x0000025732523510>
  File "D:\__lybix__\DEVTools\miniconda3\envs\fams\Lib\site-packages\pymysql\connections.py", line 732, in _read_query_result
    result.read()
    │      └ <function MySQLResult.read at 0x00000257324F2480>
    └ <pymysql.connections.MySQLResult object at 0x000002573285DA10>
  File "D:\__lybix__\DEVTools\miniconda3\envs\fams\Lib\site-packages\pymysql\connections.py", line 1075, in read
    first_packet = self.connection._read_packet()
                   │    └ None
                   └ <pymysql.connections.MySQLResult object at 0x000002573285DA10>
  File "D:\__lybix__\DEVTools\miniconda3\envs\fams\Lib\site-packages\pymysql\connections.py", line 684, in _read_packet
    packet.check_error()
    │      └ <function MysqlPacket.check_error at 0x00000257324D79C0>
    └ <pymysql.protocol.MysqlPacket object at 0x00000257321FB940>
  File "D:\__lybix__\DEVTools\miniconda3\envs\fams\Lib\site-packages\pymysql\protocol.py", line 220, in check_error
    err.raise_mysql_exception(self._data)
    │   │                     │    └ <member '_data' of 'MysqlPacket' objects>
    │   │                     └ <pymysql.protocol.MysqlPacket object at 0x00000257321FB940>
    │   └ <function raise_mysql_exception at 0x000002573248EC00>
    └ <module 'pymysql.err' from 'D:\\__lybix__\\DEVTools\\miniconda3\\envs\\fams\\Lib\\site-packages\\pymysql\\err.py'>
  File "D:\__lybix__\DEVTools\miniconda3\envs\fams\Lib\site-packages\pymysql\err.py", line 109, in raise_mysql_exception
    raise errorclass(errno, errval)
          │          │      └ "Unknown column 'r.school_opinion' in 'field list'"
          │          └ 1054
          └ <class 'pymysql.err.InternalError'>

sqlalchemy.exc.InternalError: (pymysql.err.InternalError) (1054, "Unknown column 'r.school_opinion' in 'field list'")
[SQL: SELECT r.order_id, r.asset_id, a.asset_name, a.asset_code, a.spec AS asset_spec,
                              r.reporter_id, u1.nickname AS reporter_name, r.dept_id, d.dept_name,
                              r.fault_desc, r.status, r.repairer_id, u4.nickname AS repairer_name,
                              r.college_opinion, r.school_opinion,
                              r.dispatch_time, r.deadline, r.repair_end_time,
                              r.repair_cost, r.create_time, r.update_time
                       FROM repair_order r
                       LEFT JOIN asset_core_db.asset_info a ON r.asset_id = a.asset_id
                       LEFT JOIN user_auth_db.sys_user u1 ON r.reporter_id = u1.user_id
                       LEFT JOIN user_auth_db.sys_dept d ON r.dept_id = d.dept_id
                       LEFT JOIN user_auth_db.sys_user u4 ON r.repairer_id = u4.user_id
                       WHERE 1=1 AND r.status = %(status)s
                       ORDER BY r.create_time DESC
                       LIMIT %(limit)s OFFSET %(offset)s]
[parameters: {'status': 'PENDING_REPAIR', 'limit': 10, 'offset': 0}]
(Background on this error at: https://sqlalche.me/e/20/2j85)
2026-07-10 17:06:47.334 | INFO     | __main__:log_requests:44 - GET /api/repair/list -> 200 (0.008s)
2026-07-10 17:06:50.253 | INFO     | __main__:log_requests:44 - GET /api/repair/list -> 200 (0.008s)
2026-07-10 17:06:53.590 | INFO     | __main__:log_requests:44 - GET /api/dept/tree -> 200 (0.004s)
2026-07-10 17:06:53.609 | INFO     | __main__:log_requests:44 - GET /api/repair/list -> 200 (0.007s)
2026-07-10 17:06:54.193 | INFO     | __main__:log_requests:44 - GET /api/repair/list -> 200 (0.005s)
2026-07-10 17:06:56.122 | INFO     | __main__:log_requests:44 - GET /api/repair/list -> 200 (0.005s)
2026-07-10 17:07:02.076 | INFO     | __main__:log_requests:44 - GET /api/repair/list -> 200 (0.007s)
2026-07-10 17:07:03.765 | INFO     | __main__:log_requests:44 - GET /api/dept/tree -> 200 (0.004s)
2026-07-10 17:07:03.780 | INFO     | __main__:log_requests:44 - GET /api/repair/list -> 200 (0.005s)
2026-07-10 17:07:04.513 | INFO     | __main__:log_requests:44 - GET /api/repair/list -> 200 (0.005s)
2026-07-10 17:07:05.144 | INFO     | __main__:log_requests:44 - GET /api/repair/list -> 200 (0.005s)
2026-07-10 17:07:06.946 | INFO     | __main__:log_requests:44 - GET /api/repair/list -> 200 (0.005s)
2026-07-10 17:07:07.541 | INFO     | __main__:log_requests:44 - GET /api/repair/list -> 200 (0.005s)
2026-07-10 17:07:08.897 | INFO     | __main__:log_requests:44 - GET /api/repair/list -> 200 (0.005s)
2026-07-10 17:07:09.737 | INFO     | __main__:log_requests:44 - GET /api/repair/list -> 200 (0.005s)
2026-07-10 17:07:10.209 | INFO     | __main__:log_requests:44 - GET /api/repair/list -> 200 (0.005s)
2026-07-10 17:07:10.638 | INFO     | __main__:log_requests:44 - GET /api/repair/list -> 200 (0.006s)
2026-07-10 17:07:11.338 | INFO     | __main__:log_requests:44 - GET /api/repair/list -> 200 (0.004s)
2026-07-10 17:07:12.080 | INFO     | __main__:log_requests:44 - GET /api/repair/list -> 200 (0.007s)
2026-07-10 17:07:16.614 | INFO     | __main__:log_requests:44 - GET /api/repair/list -> 200 (0.005s)
2026-07-10 17:07:20.866 | INFO     | __main__:log_requests:44 - GET /api/asset/list -> 200 (0.006s)
2026-07-10 17:07:29.136 | ERROR    | __main__:global_exception_handler:50 - Unhandled exception on POST /api/repair/submit
Traceback (most recent call last):

  File "D:\__lybix__\DEVTools\miniconda3\envs\fams\Lib\site-packages\sqlalchemy\engine\base.py", line 1817, in _execute_context
    context = constructor(
              └ <bound method DefaultExecutionContext._init_compiled of <class 'sqlalchemy.dialects.mysql.mysqldb.MySQLExecutionContext_mysql...
  File "D:\__lybix__\DEVTools\miniconda3\envs\fams\Lib\site-packages\sqlalchemy\engine\default.py", line 1416, in _init_compiled
    self.compiled_parameters = [
    └ <sqlalchemy.dialects.mysql.mysqldb.MySQLExecutionContext_mysqldb object at 0x000002573222C3D0>
  File "D:\__lybix__\DEVTools\miniconda3\envs\fams\Lib\site-packages\sqlalchemy\engine\default.py", line 1417, in <listcomp>
    compiled.construct_params(
    │        └ <function SQLCompiler.construct_params at 0x0000025730A36AC0>
    └ <sqlalchemy.dialects.mysql.mysqldb.MySQLCompiler_mysqldb object at 0x0000025732872F50>
  File "D:\__lybix__\DEVTools\miniconda3\envs\fams\Lib\site-packages\sqlalchemy\sql\compiler.py", line 1927, in construct_params
    raise exc.InvalidRequestError(
          │   └ <class 'sqlalchemy.exc.InvalidRequestError'>
          └ <module 'sqlalchemy.exc' from 'D:\\__lybix__\\DEVTools\\miniconda3\\envs\\fams\\Lib\\site-packages\\sqlalchemy\\exc.py'>

sqlalchemy.exc.InvalidRequestError: A value is required for bind parameter 'fault_images' (Background on this error at: https://sqlalche.me/e/20/cd3x)


The above exception was the direct cause of the following exception:


Traceback (most recent call last):

  File "D:\__lybix__\_Codes\FAMS-NEPU\platform\server\services\svr_gateway\main.py", line 64, in <module>
    uvicorn.run(app, host="0.0.0.0", port=gateway_config.HTTP_PORT)
    │       │   │                         │              └ 9900
    │       │   │                         └ <services.svr_gateway.config.GatewayConfig object at 0x0000025730283690>
    │       │   └ <fastapi.applications.FastAPI object at 0x000002573218BF50>
    │       └ <function run at 0x000002572F00FD80>
    └ <module 'uvicorn' from 'D:\\__lybix__\\DEVTools\\miniconda3\\envs\\fams\\Lib\\site-packages\\uvicorn\\__init__.py'>

  File "D:\__lybix__\DEVTools\miniconda3\envs\fams\Lib\site-packages\uvicorn\main.py", line 621, in run
    server.run()
    │      └ <function Server.run at 0x000002572F180860>
    └ <uvicorn.server.Server object at 0x0000025731C6A250>
  File "D:\__lybix__\DEVTools\miniconda3\envs\fams\Lib\site-packages\uvicorn\server.py", line 74, in run
    return asyncio_run(self.serve(sockets=sockets), loop_factory=self.config.get_loop_factory())
           │           │    │             │                      │    │      └ <function Config.get_loop_factory at 0x000002572F00D1C0>
           │           │    │             │                      │    └ <uvicorn.config.Config object at 0x0000025731C4B090>
           │           │    │             │                      └ <uvicorn.server.Server object at 0x0000025731C6A250>
           │           │    │             └ None
           │           │    └ <function Server.serve at 0x000002572F180900>
           │           └ <uvicorn.server.Server object at 0x0000025731C6A250>
           └ <function asyncio_run at 0x000002572EF97740>
  File "D:\__lybix__\DEVTools\miniconda3\envs\fams\Lib\site-packages\uvicorn\_compat.py", line 30, in asyncio_run
    return runner.run(main)
           │      │   └ <coroutine object Server.serve at 0x000002573202FC40>
           │      └ <function Runner.run at 0x000002572E9EF560>
           └ <asyncio.runners.Runner object at 0x000002572F00AD10>
  File "D:\__lybix__\DEVTools\miniconda3\envs\fams\Lib\asyncio\runners.py", line 118, in run
    return self._loop.run_until_complete(task)
           │    │     │                  └ <Task pending name='Task-1' coro=<Server.serve() running at D:\__lybix__\DEVTools\miniconda3\envs\fams\Lib\site-packages\uvic...
           │    │     └ <function BaseEventLoop.run_until_complete at 0x000002572E9ED120>
           │    └ <ProactorEventLoop running=True closed=False debug=False>
           └ <asyncio.runners.Runner object at 0x000002572F00AD10>
  File "D:\__lybix__\DEVTools\miniconda3\envs\fams\Lib\asyncio\base_events.py", line 637, in run_until_complete
    self.run_forever()
    │    └ <function ProactorEventLoop.run_forever at 0x000002572EAC4860>
    └ <ProactorEventLoop running=True closed=False debug=False>
  File "D:\__lybix__\DEVTools\miniconda3\envs\fams\Lib\asyncio\windows_events.py", line 321, in run_forever
    super().run_forever()
  File "D:\__lybix__\DEVTools\miniconda3\envs\fams\Lib\asyncio\base_events.py", line 604, in run_forever
    self._run_once()
    │    └ <function BaseEventLoop._run_once at 0x000002572E9EEE80>
    └ <ProactorEventLoop running=True closed=False debug=False>
  File "D:\__lybix__\DEVTools\miniconda3\envs\fams\Lib\asyncio\base_events.py", line 1909, in _run_once
    handle._run()
    │      └ <function Handle._run at 0x000002572E9293A0>
    └ <Handle Task.task_wakeup(<Future finished result=None>)>
  File "D:\__lybix__\DEVTools\miniconda3\envs\fams\Lib\asyncio\events.py", line 80, in _run
    self._context.run(self._callback, *self._args)
    │    │            │    │           │    └ <member '_args' of 'Handle' objects>
    │    │            │    │           └ <Handle Task.task_wakeup(<Future finished result=None>)>
    │    │            │    └ <member '_callback' of 'Handle' objects>
    │    │            └ <Handle Task.task_wakeup(<Future finished result=None>)>
    │    └ <member '_context' of 'Handle' objects>
    └ <Handle Task.task_wakeup(<Future finished result=None>)>
  File "D:\__lybix__\DEVTools\miniconda3\envs\fams\Lib\site-packages\uvicorn\protocols\http\httptools_impl.py", line 422, in run_asgi
    result = await app(  # type: ignore[func-returns-value]
                   └ <uvicorn.middleware.proxy_headers.ProxyHeadersMiddleware object at 0x0000025732191D50>
  File "D:\__lybix__\DEVTools\miniconda3\envs\fams\Lib\site-packages\uvicorn\middleware\proxy_headers.py", line 63, in __call__
    return await self.app(scope, receive, send)
                 │    │   │      │        └ <bound method RequestResponseCycle.send of <uvicorn.protocols.http.httptools_impl.RequestResponseCycle object at 0x0000025732...
                 │    │   │      └ <bound method RequestResponseCycle.receive of <uvicorn.protocols.http.httptools_impl.RequestResponseCycle object at 0x0000025...
                 │    │   └ {'type': 'http', 'asgi': {'version': '3.0', 'spec_version': '2.3'}, 'http_version': '1.1', 'server': ('127.0.0.1', 9900), 'cl...
                 │    └ <fastapi.applications.FastAPI object at 0x000002573218BF50>
                 └ <uvicorn.middleware.proxy_headers.ProxyHeadersMiddleware object at 0x0000025732191D50>
  File "D:\__lybix__\DEVTools\miniconda3\envs\fams\Lib\site-packages\fastapi\applications.py", line 1163, in __call__
    await super().__call__(scope, receive, send)
                           │      │        └ <bound method RequestResponseCycle.send of <uvicorn.protocols.http.httptools_impl.RequestResponseCycle object at 0x0000025732...
                           │      └ <bound method RequestResponseCycle.receive of <uvicorn.protocols.http.httptools_impl.RequestResponseCycle object at 0x0000025...
                           └ {'type': 'http', 'asgi': {'version': '3.0', 'spec_version': '2.3'}, 'http_version': '1.1', 'server': ('127.0.0.1', 9900), 'cl...
  File "D:\__lybix__\DEVTools\miniconda3\envs\fams\Lib\site-packages\starlette\applications.py", line 90, in __call__
    await self.middleware_stack(scope, receive, send)
          │    │                │      │        └ <bound method RequestResponseCycle.send of <uvicorn.protocols.http.httptools_impl.RequestResponseCycle object at 0x0000025732...
          │    │                │      └ <bound method RequestResponseCycle.receive of <uvicorn.protocols.http.httptools_impl.RequestResponseCycle object at 0x0000025...
          │    │                └ {'type': 'http', 'asgi': {'version': '3.0', 'spec_version': '2.3'}, 'http_version': '1.1', 'server': ('127.0.0.1', 9900), 'cl...
          │    └ <starlette.middleware.errors.ServerErrorMiddleware object at 0x00000257320B8350>
          └ <fastapi.applications.FastAPI object at 0x000002573218BF50>
> File "D:\__lybix__\DEVTools\miniconda3\envs\fams\Lib\site-packages\starlette\middleware\errors.py", line 164, in __call__
    await self.app(scope, receive, _send)
          │    │   │      │        └ <function ServerErrorMiddleware.__call__.<locals>._send at 0x000002573282BD80>
          │    │   │      └ <bound method RequestResponseCycle.receive of <uvicorn.protocols.http.httptools_impl.RequestResponseCycle object at 0x0000025...
          │    │   └ {'type': 'http', 'asgi': {'version': '3.0', 'spec_version': '2.3'}, 'http_version': '1.1', 'server': ('127.0.0.1', 9900), 'cl...
          │    └ <starlette.middleware.base.BaseHTTPMiddleware object at 0x00000257320B8290>
          └ <starlette.middleware.errors.ServerErrorMiddleware object at 0x00000257320B8350>
  File "D:\__lybix__\DEVTools\miniconda3\envs\fams\Lib\contextlib.py", line 222, in __aexit__
    await self.gen.athrow(typ, value, traceback)
          │    │   │      │    │      └ <traceback object at 0x0000025732863280>
          │    │   │      │    └ StatementError("(sqlalchemy.exc.InvalidRequestError) A value is required for bind parameter 'fault_images'")
          │    │   │      └ <class 'sqlalchemy.exc.StatementError'>
          │    │   └ <method 'athrow' of 'async_generator' objects>
          │    └ <async_generator object create_collapsing_task_group at 0x00000257324EEB40>
          └ <contextlib._AsyncGeneratorContextManager object at 0x0000025732871C10>
  File "D:\__lybix__\DEVTools\miniconda3\envs\fams\Lib\site-packages\starlette\_utils.py", line 93, in create_collapsing_task_group
    raise exc from exc.__cause__ or context
          │        │   │            └ None
          │        │   └ <attribute '__cause__' of 'BaseException' objects>
          │        └ StatementError("(sqlalchemy.exc.InvalidRequestError) A value is required for bind parameter 'fault_images'")
          └ StatementError("(sqlalchemy.exc.InvalidRequestError) A value is required for bind parameter 'fault_images'")
  File "D:\__lybix__\DEVTools\miniconda3\envs\fams\Lib\site-packages\starlette\_utils.py", line 86, in create_collapsing_task_group
    yield tg
          └ <anyio._backends._asyncio.TaskGroup object at 0x0000025732872550>
  File "D:\__lybix__\DEVTools\miniconda3\envs\fams\Lib\site-packages\starlette\middleware\base.py", line 193, in __call__
    response = await self.dispatch_func(request, call_next)
                     │    │             │        └ <function BaseHTTPMiddleware.__call__.<locals>.call_next at 0x000002573282AE80>
                     │    │             └ <starlette.middleware.base._CachedRequest object at 0x0000025732872610>
                     │    └ <function log_requests at 0x00000257321A4AE0>
                     └ <starlette.middleware.base.BaseHTTPMiddleware object at 0x00000257320B8290>

  File "D:\__lybix__\_Codes\FAMS-NEPU\platform\server\services\svr_gateway\main.py", line 42, in log_requests
    response = await call_next(request)
                     │         └ <starlette.middleware.base._CachedRequest object at 0x0000025732872610>
                     └ <function BaseHTTPMiddleware.__call__.<locals>.call_next at 0x000002573282AE80>

  File "D:\__lybix__\DEVTools\miniconda3\envs\fams\Lib\site-packages\starlette\middleware\base.py", line 168, in call_next
    raise app_exc from app_exc.__cause__ or app_exc.__context__
          │            │       │            │       └ <attribute '__context__' of 'BaseException' objects>
          │            │       │            └ StatementError("(sqlalchemy.exc.InvalidRequestError) A value is required for bind parameter 'fault_images'")
          │            │       └ <attribute '__cause__' of 'BaseException' objects>
          │            └ StatementError("(sqlalchemy.exc.InvalidRequestError) A value is required for bind parameter 'fault_images'")
          └ StatementError("(sqlalchemy.exc.InvalidRequestError) A value is required for bind parameter 'fault_images'")
  File "D:\__lybix__\DEVTools\miniconda3\envs\fams\Lib\site-packages\starlette\middleware\base.py", line 144, in coro
    await self.app(scope, receive_or_disconnect, send_no_error)
          │    │   │      │                      └ <function BaseHTTPMiddleware.__call__.<locals>.call_next.<locals>.send_no_error at 0x000002573282B7E0>
          │    │   │      └ <function BaseHTTPMiddleware.__call__.<locals>.call_next.<locals>.receive_or_disconnect at 0x000002573282B2E0>
          │    │   └ {'type': 'http', 'asgi': {'version': '3.0', 'spec_version': '2.3'}, 'http_version': '1.1', 'server': ('127.0.0.1', 9900), 'cl...
          │    └ <starlette.middleware.cors.CORSMiddleware object at 0x0000025731F99E50>
          └ <starlette.middleware.base.BaseHTTPMiddleware object at 0x00000257320B8290>
  File "D:\__lybix__\DEVTools\miniconda3\envs\fams\Lib\site-packages\starlette\middleware\cors.py", line 96, in __call__
    await self.simple_response(scope, receive, send, request_headers=headers)
          │    │               │      │        │                     └ Headers({'host': '127.0.0.1:9900', 'connection': 'close', 'content-length': '78', 'sec-ch-ua-platform': '"Windows"', 'authori...
          │    │               │      │        └ <function BaseHTTPMiddleware.__call__.<locals>.call_next.<locals>.send_no_error at 0x000002573282B7E0>
          │    │               │      └ <function BaseHTTPMiddleware.__call__.<locals>.call_next.<locals>.receive_or_disconnect at 0x000002573282B2E0>
          │    │               └ {'type': 'http', 'asgi': {'version': '3.0', 'spec_version': '2.3'}, 'http_version': '1.1', 'server': ('127.0.0.1', 9900), 'cl...
          │    └ <function CORSMiddleware.simple_response at 0x000002573026D080>
          └ <starlette.middleware.cors.CORSMiddleware object at 0x0000025731F99E50>
  File "D:\__lybix__\DEVTools\miniconda3\envs\fams\Lib\site-packages\starlette\middleware\cors.py", line 154, in simple_response
    await self.app(scope, receive, send)
          │    │   │      │        └ functools.partial(<bound method CORSMiddleware.send of <starlette.middleware.cors.CORSMiddleware object at 0x0000025731F99E50...
          │    │   │      └ <function BaseHTTPMiddleware.__call__.<locals>.call_next.<locals>.receive_or_disconnect at 0x000002573282B2E0>
          │    │   └ {'type': 'http', 'asgi': {'version': '3.0', 'spec_version': '2.3'}, 'http_version': '1.1', 'server': ('127.0.0.1', 9900), 'cl...
          │    └ <starlette.middleware.exceptions.ExceptionMiddleware object at 0x0000025731C6F710>
          └ <starlette.middleware.cors.CORSMiddleware object at 0x0000025731F99E50>
  File "D:\__lybix__\DEVTools\miniconda3\envs\fams\Lib\site-packages\starlette\middleware\exceptions.py", line 63, in __call__
    await wrap_app_handling_exceptions(self.app, conn)(scope, receive, send)
          │                            │    │    │     │      │        └ functools.partial(<bound method CORSMiddleware.send of <starlette.middleware.cors.CORSMiddleware object at 0x0000025731F99E50...
          │                            │    │    │     │      └ <function BaseHTTPMiddleware.__call__.<locals>.call_next.<locals>.receive_or_disconnect at 0x000002573282B2E0>
          │                            │    │    │     └ {'type': 'http', 'asgi': {'version': '3.0', 'spec_version': '2.3'}, 'http_version': '1.1', 'server': ('127.0.0.1', 9900), 'cl...
          │                            │    │    └ <starlette.requests.Request object at 0x0000025732870D50>
          │                            │    └ <fastapi.middleware.asyncexitstack.AsyncExitStackMiddleware object at 0x000002573220AFD0>
          │                            └ <starlette.middleware.exceptions.ExceptionMiddleware object at 0x0000025731C6F710>
          └ <function wrap_app_handling_exceptions at 0x000002573016F100>
  File "D:\__lybix__\DEVTools\miniconda3\envs\fams\Lib\site-packages\starlette\_exception_handler.py", line 53, in wrapped_app
    raise exc
  File "D:\__lybix__\DEVTools\miniconda3\envs\fams\Lib\site-packages\starlette\_exception_handler.py", line 42, in wrapped_app
    await app(scope, receive, sender)
          │   │      │        └ <function wrap_app_handling_exceptions.<locals>.wrapped_app.<locals>.sender at 0x000002573282B060>
          │   │      └ <function BaseHTTPMiddleware.__call__.<locals>.call_next.<locals>.receive_or_disconnect at 0x000002573282B2E0>
          │   └ {'type': 'http', 'asgi': {'version': '3.0', 'spec_version': '2.3'}, 'http_version': '1.1', 'server': ('127.0.0.1', 9900), 'cl...
          └ <fastapi.middleware.asyncexitstack.AsyncExitStackMiddleware object at 0x000002573220AFD0>
  File "D:\__lybix__\DEVTools\miniconda3\envs\fams\Lib\site-packages\fastapi\middleware\asyncexitstack.py", line 18, in __call__
    await self.app(scope, receive, send)
          │    │   │      │        └ <function wrap_app_handling_exceptions.<locals>.wrapped_app.<locals>.sender at 0x000002573282B060>
          │    │   │      └ <function BaseHTTPMiddleware.__call__.<locals>.call_next.<locals>.receive_or_disconnect at 0x000002573282B2E0>
          │    │   └ {'type': 'http', 'asgi': {'version': '3.0', 'spec_version': '2.3'}, 'http_version': '1.1', 'server': ('127.0.0.1', 9900), 'cl...
          │    └ <fastapi.routing.APIRouter object at 0x000002573218BCD0>
          └ <fastapi.middleware.asyncexitstack.AsyncExitStackMiddleware object at 0x000002573220AFD0>
  File "D:\__lybix__\DEVTools\miniconda3\envs\fams\Lib\site-packages\starlette\routing.py", line 660, in __call__
    await self.middleware_stack(scope, receive, send)
          │    │                │      │        └ <function wrap_app_handling_exceptions.<locals>.wrapped_app.<locals>.sender at 0x000002573282B060>
          │    │                │      └ <function BaseHTTPMiddleware.__call__.<locals>.call_next.<locals>.receive_or_disconnect at 0x000002573282B2E0>
          │    │                └ {'type': 'http', 'asgi': {'version': '3.0', 'spec_version': '2.3'}, 'http_version': '1.1', 'server': ('127.0.0.1', 9900), 'cl...
          │    └ <bound method APIRouter.app of <fastapi.routing.APIRouter object at 0x000002573218BCD0>>
          └ <fastapi.routing.APIRouter object at 0x000002573218BCD0>
  File "D:\__lybix__\DEVTools\miniconda3\envs\fams\Lib\site-packages\fastapi\routing.py", line 2683, in app
    await route.handle(scope, receive, send)
          │     │      │      │        └ <function wrap_app_handling_exceptions.<locals>.wrapped_app.<locals>.sender at 0x000002573282B060>
          │     │      │      └ <function BaseHTTPMiddleware.__call__.<locals>.call_next.<locals>.receive_or_disconnect at 0x000002573282B2E0>
          │     │      └ {'type': 'http', 'asgi': {'version': '3.0', 'spec_version': '2.3'}, 'http_version': '1.1', 'server': ('127.0.0.1', 9900), 'cl...
          │     └ <function _IncludedRouter.handle at 0x00000257301ADBC0>
          └ _IncludedRouter(original_router=<fastapi.routing.APIRouter object at 0x000002572C944490>, include_context=_RouterIncludeConte...
  File "D:\__lybix__\DEVTools\miniconda3\envs\fams\Lib\site-packages\fastapi\routing.py", line 1753, in handle
    await self.original_router.handle(scope, receive, send)
          │    │               │      │      │        └ <function wrap_app_handling_exceptions.<locals>.wrapped_app.<locals>.sender at 0x000002573282B060>
          │    │               │      │      └ <function BaseHTTPMiddleware.__call__.<locals>.call_next.<locals>.receive_or_disconnect at 0x000002573282B2E0>
          │    │               │      └ {'type': 'http', 'asgi': {'version': '3.0', 'spec_version': '2.3'}, 'http_version': '1.1', 'server': ('127.0.0.1', 9900), 'cl...
          │    │               └ <function APIRouter.handle at 0x00000257301AFBA0>
          │    └ <fastapi.routing.APIRouter object at 0x000002572C944490>
          └ _IncludedRouter(original_router=<fastapi.routing.APIRouter object at 0x000002572C944490>, include_context=_RouterIncludeConte...
  File "D:\__lybix__\DEVTools\miniconda3\envs\fams\Lib\site-packages\fastapi\routing.py", line 2738, in handle
    await included_router._handle_selected(scope, receive, send)
          │               │                │      │        └ <function wrap_app_handling_exceptions.<locals>.wrapped_app.<locals>.sender at 0x000002573282B060>
          │               │                │      └ <function BaseHTTPMiddleware.__call__.<locals>.call_next.<locals>.receive_or_disconnect at 0x000002573282B2E0>
          │               │                └ {'type': 'http', 'asgi': {'version': '3.0', 'spec_version': '2.3'}, 'http_version': '1.1', 'server': ('127.0.0.1', 9900), 'cl...
          │               └ <function _IncludedRouter._handle_selected at 0x00000257301ADC60>
          └ _IncludedRouter(original_router=<fastapi.routing.APIRouter object at 0x000002572C944490>, include_context=_RouterIncludeConte...
  File "D:\__lybix__\DEVTools\miniconda3\envs\fams\Lib\site-packages\fastapi\routing.py", line 1773, in _handle_selected
    await original_route.handle(scope, receive, send)
          │              │      │      │        └ <function wrap_app_handling_exceptions.<locals>.wrapped_app.<locals>.sender at 0x000002573282B060>
          │              │      │      └ <function BaseHTTPMiddleware.__call__.<locals>.call_next.<locals>.receive_or_disconnect at 0x000002573282B2E0>
          │              │      └ {'type': 'http', 'asgi': {'version': '3.0', 'spec_version': '2.3'}, 'http_version': '1.1', 'server': ('127.0.0.1', 9900), 'cl...
          │              └ <function APIRoute.handle at 0x000002573019BCE0>
          └ APIRoute(path='/api/repair/submit', name='submit_repair', methods=['POST'])
  File "D:\__lybix__\DEVTools\miniconda3\envs\fams\Lib\site-packages\fastapi\routing.py", line 1264, in handle
    await app(scope, receive, send)
          │   │      │        └ <function wrap_app_handling_exceptions.<locals>.wrapped_app.<locals>.sender at 0x000002573282B060>
          │   │      └ <function BaseHTTPMiddleware.__call__.<locals>.call_next.<locals>.receive_or_disconnect at 0x000002573282B2E0>
          │   └ {'type': 'http', 'asgi': {'version': '3.0', 'spec_version': '2.3'}, 'http_version': '1.1', 'server': ('127.0.0.1', 9900), 'cl...
          └ <function request_response.<locals>.app at 0x000002573282AF20>
  File "D:\__lybix__\DEVTools\miniconda3\envs\fams\Lib\site-packages\fastapi\routing.py", line 150, in app
    await wrap_app_handling_exceptions(app, request)(scope, receive, send)
          │                            │    │        │      │        └ <function wrap_app_handling_exceptions.<locals>.wrapped_app.<locals>.sender at 0x000002573282B060>
          │                            │    │        │      └ <function BaseHTTPMiddleware.__call__.<locals>.call_next.<locals>.receive_or_disconnect at 0x000002573282B2E0>
          │                            │    │        └ {'type': 'http', 'asgi': {'version': '3.0', 'spec_version': '2.3'}, 'http_version': '1.1', 'server': ('127.0.0.1', 9900), 'cl...
          │                            │    └ <starlette.requests.Request object at 0x00000257328701D0>
          │                            └ <function request_response.<locals>.app.<locals>.app at 0x000002573282B880>
          └ <function wrap_app_handling_exceptions at 0x000002573016F100>
  File "D:\__lybix__\DEVTools\miniconda3\envs\fams\Lib\site-packages\starlette\_exception_handler.py", line 53, in wrapped_app
    raise exc
  File "D:\__lybix__\DEVTools\miniconda3\envs\fams\Lib\site-packages\starlette\_exception_handler.py", line 42, in wrapped_app
    await app(scope, receive, sender)
          │   │      │        └ <function wrap_app_handling_exceptions.<locals>.wrapped_app.<locals>.sender at 0x000002573282B4C0>
          │   │      └ <function BaseHTTPMiddleware.__call__.<locals>.call_next.<locals>.receive_or_disconnect at 0x000002573282B2E0>
          │   └ {'type': 'http', 'asgi': {'version': '3.0', 'spec_version': '2.3'}, 'http_version': '1.1', 'server': ('127.0.0.1', 9900), 'cl...
          └ <function request_response.<locals>.app.<locals>.app at 0x000002573282B880>
  File "D:\__lybix__\DEVTools\miniconda3\envs\fams\Lib\site-packages\fastapi\routing.py", line 136, in app
    response = await f(request)
                     │ └ <starlette.requests.Request object at 0x00000257328701D0>
                     └ <function get_request_handler.<locals>.app at 0x000002573282B100>
  File "D:\__lybix__\DEVTools\miniconda3\envs\fams\Lib\site-packages\fastapi\routing.py", line 690, in app
    raw_response = await run_endpoint_function(
                         └ <function run_endpoint_function at 0x000002573019AF20>
  File "D:\__lybix__\DEVTools\miniconda3\envs\fams\Lib\site-packages\fastapi\routing.py", line 344, in run_endpoint_function
    return await dependant.call(**values)
                 │         │      └ {'current_user': {'user_id': 1, 'username': 'admin', 'dept_id': 1, 'role_keys': ['admin'], 'exp': 1783751479, 'iat': 17836650...
                 │         └ <function submit_repair at 0x0000025732118540>
                 └ Dependant(path_params=[], query_params=[], header_params=[], cookie_params=[], body_params=[ModelField(field_info=Body(Pydant...

  File "D:\__lybix__\_Codes\FAMS-NEPU\platform\server\services\svr_gateway\routes.py", line 518, in submit_repair
    result = logic.submit_order(data)
             │     │            └ {'asset_id': 1, 'fault_desc': '坏了', 'urgency': 'NORMAL', 'location': '不知道', 'reporter_id': 1, 'dept_id': 1, 'status': <Repair...
             │     └ <function RepairLogic.submit_order at 0x0000025731EE8CC0>
             └ <data.logic.repair_logic.RepairLogic object at 0x000002573236A950>

  File "D:\__lybix__\_Codes\FAMS-NEPU\platform\server\data\logic\repair_logic.py", line 35, in submit_order
    order_id = self.order_dao.insert_order(data)
               │    │         │            └ {'asset_id': 1, 'fault_desc': '坏了', 'urgency': 'NORMAL', 'location': '不知道', 'reporter_id': 1, 'dept_id': 1, 'status': <Repair...
               │    │         └ <function RepairOrderDAO.insert_order at 0x0000025731EE8D60>
               │    └ <data.basic.repair_dao.RepairOrderDAO object at 0x0000025732369D10>
               └ <data.logic.repair_logic.RepairLogic object at 0x000002573236A950>

  File "D:\__lybix__\_Codes\FAMS-NEPU\platform\server\data\basic\repair_dao.py", line 17, in insert_order
    return self._execute_insert(sql, order)
           │    │               │    └ {'asset_id': 1, 'fault_desc': '坏了', 'urgency': 'NORMAL', 'location': '不知道', 'reporter_id': 1, 'dept_id': 1, 'status': <Repair...
           │    │               └ 'INSERT INTO repair_order (asset_id, reporter_id, fault_desc, fault_images,\n                                           statu...
           │    └ <function BaseDAO._execute_insert at 0x0000025730462E80>
           └ <data.basic.repair_dao.RepairOrderDAO object at 0x0000025732369D10>

  File "D:\__lybix__\_Codes\FAMS-NEPU\platform\server\data\basic\base_dao.py", line 65, in _execute_insert
    result = conn.execute(text(sql), params or {})
             │    │       │    │     └ {'asset_id': 1, 'fault_desc': '坏了', 'urgency': 'NORMAL', 'location': '不知道', 'reporter_id': 1, 'dept_id': 1, 'status': <Repair...
             │    │       │    └ 'INSERT INTO repair_order (asset_id, reporter_id, fault_desc, fault_images,\n                                           statu...
             │    │       └ <function text at 0x0000025730A502C0>
             │    └ <function Connection.execute at 0x0000025730AB6FC0>
             └ <sqlalchemy.engine.base.Connection object at 0x000002573283E950>

  File "D:\__lybix__\DEVTools\miniconda3\envs\fams\Lib\site-packages\sqlalchemy\engine\base.py", line 1421, in execute
    return meth(
           └ <bound method ClauseElement._execute_on_connection of <sqlalchemy.sql.elements.TextClause object at 0x0000025732870B90>>
  File "D:\__lybix__\DEVTools\miniconda3\envs\fams\Lib\site-packages\sqlalchemy\sql\elements.py", line 526, in _execute_on_connection
    return connection._execute_clauseelement(
           │          └ <function Connection._execute_clauseelement at 0x0000025730AB72E0>
           └ <sqlalchemy.engine.base.Connection object at 0x000002573283E950>
  File "D:\__lybix__\DEVTools\miniconda3\envs\fams\Lib\site-packages\sqlalchemy\engine\base.py", line 1643, in _execute_clauseelement
    ret = self._execute_context(
          │    └ <function Connection._execute_context at 0x0000025730AB74C0>
          └ <sqlalchemy.engine.base.Connection object at 0x000002573283E950>
  File "D:\__lybix__\DEVTools\miniconda3\envs\fams\Lib\site-packages\sqlalchemy\engine\base.py", line 1823, in _execute_context
    self._handle_dbapi_exception(
    │    └ <function Connection._handle_dbapi_exception at 0x0000025730AB77E0>
    └ <sqlalchemy.engine.base.Connection object at 0x000002573283E950>
  File "D:\__lybix__\DEVTools\miniconda3\envs\fams\Lib\site-packages\sqlalchemy\engine\base.py", line 2365, in _handle_dbapi_exception
    raise sqlalchemy_exception.with_traceback(exc_info[2]) from e
          │                    │              │                 └ InvalidRequestError("A value is required for bind parameter 'fault_images'")
          │                    │              └ (<class 'sqlalchemy.exc.InvalidRequestError'>, InvalidRequestError("A value is required for bind parameter 'fault_images'"), ...
          │                    └ <method 'with_traceback' of 'BaseException' objects>
          └ StatementError("(sqlalchemy.exc.InvalidRequestError) A value is required for bind parameter 'fault_images'")
  File "D:\__lybix__\DEVTools\miniconda3\envs\fams\Lib\site-packages\sqlalchemy\engine\base.py", line 1817, in _execute_context
    context = constructor(
              └ <bound method DefaultExecutionContext._init_compiled of <class 'sqlalchemy.dialects.mysql.mysqldb.MySQLExecutionContext_mysql...
  File "D:\__lybix__\DEVTools\miniconda3\envs\fams\Lib\site-packages\sqlalchemy\engine\default.py", line 1416, in _init_compiled
    self.compiled_parameters = [
    └ <sqlalchemy.dialects.mysql.mysqldb.MySQLExecutionContext_mysqldb object at 0x000002573222C3D0>
  File "D:\__lybix__\DEVTools\miniconda3\envs\fams\Lib\site-packages\sqlalchemy\engine\default.py", line 1417, in <listcomp>
    compiled.construct_params(
    │        └ <function SQLCompiler.construct_params at 0x0000025730A36AC0>
    └ <sqlalchemy.dialects.mysql.mysqldb.MySQLCompiler_mysqldb object at 0x0000025732872F50>
  File "D:\__lybix__\DEVTools\miniconda3\envs\fams\Lib\site-packages\sqlalchemy\sql\compiler.py", line 1927, in construct_params
    raise exc.InvalidRequestError(
          │   └ <class 'sqlalchemy.exc.InvalidRequestError'>
          └ <module 'sqlalchemy.exc' from 'D:\\__lybix__\\DEVTools\\miniconda3\\envs\\fams\\Lib\\site-packages\\sqlalchemy\\exc.py'>

sqlalchemy.exc.StatementError: (sqlalchemy.exc.InvalidRequestError) A value is required for bind parameter 'fault_images'
[SQL: INSERT INTO repair_order (asset_id, reporter_id, fault_desc, fault_images,
                                           status, dept_id)
                 VALUES (%(asset_id)s, %(reporter_id)s, %(fault_desc)s, %(fault_images)s,
                         %(status)s, %(dept_id)s)]
[parameters: [{'asset_id': 1, 'fault_desc': '坏了', 'urgency': 'NORMAL', 'location': '不知道', 'reporter_id': 1, 'dept_id': 1, 'status': <RepairOrderStatus.PENDING_COLLEGE_APPROVE: 'PENDING_COLLEGE_APPROVE'>}]]
(Background on this error at: https://sqlalche.me/e/20/cd3x)
2026-07-10 17:15:43.541 | INFO     | __main__:<module>:63 - Gateway starting on port 9900, PID=22536
2026-07-10 17:15:48.201 | INFO     | __main__:log_requests:44 - POST /api/repair/submit -> 200 (0.350s)
2026-07-10 17:16:51.848 | INFO     | __main__:log_requests:44 - GET /api/asset/list -> 200 (0.031s)
2026-07-10 17:16:58.987 | INFO     | __main__:log_requests:44 - POST /api/apply/borrow -> 200 (0.101s)
2026-07-10 17:17:03.302 | INFO     | __main__:log_requests:44 - GET /api/asset/list -> 200 (0.006s)
2026-07-10 17:17:06.344 | INFO     | __main__:log_requests:44 - POST /api/apply/scrap -> 200 (0.045s)
2026-07-10 17:17:08.056 | INFO     | __main__:log_requests:44 - GET /api/apply/my -> 200 (0.007s)
2026-07-10 17:17:36.424 | INFO     | __main__:log_requests:44 - GET /api/apply/pending -> 200 (0.008s)
2026-07-10 17:17:38.190 | INFO     | __main__:log_requests:44 - GET /api/apply/approved -> 200 (0.007s)
2026-07-10 17:17:39.777 | INFO     | __main__:log_requests:44 - GET /api/apply/approved -> 200 (0.005s)
2026-07-10 17:17:40.449 | INFO     | __main__:log_requests:44 - GET /api/apply/approved -> 200 (0.005s)
2026-07-10 17:17:42.558 | INFO     | __main__:log_requests:44 - GET /api/repair/list -> 200 (0.007s)
2026-07-10 17:17:43.516 | INFO     | __main__:log_requests:44 - GET /api/repair/list -> 200 (0.005s)
2026-07-10 17:17:45.353 | INFO     | __main__:log_requests:44 - GET /api/dept/tree -> 200 (0.021s)
2026-07-10 17:17:45.367 | INFO     | __main__:log_requests:44 - GET /api/repair/list -> 200 (0.006s)
2026-07-10 17:18:01.122 | INFO     | __main__:log_requests:44 - PUT /api/repair/college-approve -> 403 (0.003s)
2026-07-10 17:18:06.549 | INFO     | __main__:log_requests:44 - GET /api/repair/list -> 200 (0.005s)
2026-07-10 17:18:07.820 | INFO     | __main__:log_requests:44 - GET /api/repair/list -> 200 (0.005s)
2026-07-10 17:18:09.717 | INFO     | __main__:log_requests:44 - GET /api/repair/list -> 200 (0.005s)
2026-07-10 17:18:10.768 | INFO     | __main__:log_requests:44 - GET /api/dept/tree -> 200 (0.004s)
2026-07-10 17:18:10.815 | INFO     | __main__:log_requests:44 - GET /api/user/list -> 200 (0.047s)
2026-07-10 17:18:10.865 | INFO     | __main__:log_requests:44 - GET /api/check/task/list -> 200 (0.043s)
2026-07-10 17:18:12.033 | INFO     | __main__:log_requests:44 - GET /api/asset/category/list -> 200 (0.023s)
2026-07-10 17:18:12.047 | INFO     | __main__:log_requests:44 - GET /api/asset/list -> 200 (0.006s)
2026-07-10 17:18:12.539 | INFO     | __main__:log_requests:44 - GET /api/dept/tree -> 200 (0.005s)
2026-07-10 17:18:12.561 | INFO     | __main__:log_requests:44 - GET /api/role/list -> 200 (0.022s)
2026-07-10 17:18:12.594 | INFO     | __main__:log_requests:44 - GET /api/user/list -> 200 (0.020s)
2026-07-10 17:18:28.558 | INFO     | __main__:log_requests:44 - POST /api/user -> 200 (0.262s)
2026-07-10 17:18:28.596 | INFO     | __main__:log_requests:44 - GET /api/user/list -> 200 (0.024s)
2026-07-10 17:18:46.331 | INFO     | __main__:log_requests:44 - PUT /api/user -> 200 (0.091s)
2026-07-10 17:18:46.368 | INFO     | __main__:log_requests:44 - GET /api/user/list -> 200 (0.025s)
2026-07-10 17:18:51.730 | INFO     | __main__:log_requests:44 - DELETE /api/user/10 -> 200 (0.068s)
2026-07-10 17:18:51.756 | INFO     | __main__:log_requests:44 - GET /api/user/list -> 200 (0.018s)
2026-07-10 17:18:57.531 | INFO     | __main__:log_requests:44 - GET /api/user/list -> 200 (0.024s)
2026-07-10 17:19:04.048 | INFO     | __main__:log_requests:44 - GET /api/report/dashboard -> 200 (0.133s)
2026-07-10 17:19:04.095 | INFO     | __main__:log_requests:44 - GET /api/repair/list -> 200 (0.178s)
2026-07-10 17:19:04.099 | INFO     | __main__:log_requests:44 - GET /api/report/asset -> 200 (0.182s)
2026-07-10 17:19:04.101 | INFO     | __main__:log_requests:44 - GET /api/apply/pending -> 200 (0.057s)
2026-07-10 17:19:10.160 | INFO     | __main__:log_requests:44 - GET /api/dept/tree -> 200 (0.011s)
2026-07-10 17:19:10.161 | INFO     | __main__:log_requests:44 - GET /api/role/list -> 200 (0.011s)
2026-07-10 17:19:10.187 | INFO     | __main__:log_requests:44 - GET /api/user/list -> 200 (0.018s)
2026-07-10 17:19:11.823 | INFO     | __main__:log_requests:44 - GET /api/asset/category/list -> 200 (0.003s)
2026-07-10 17:19:11.850 | INFO     | __main__:log_requests:44 - GET /api/asset/list -> 200 (0.008s)
2026-07-10 17:19:19.163 | INFO     | __main__:log_requests:44 - GET /api/apply/my -> 200 (0.006s)
2026-07-10 17:19:19.557 | INFO     | __main__:log_requests:44 - GET /api/apply/pending -> 200 (0.008s)
2026-07-10 17:19:19.950 | INFO     | __main__:log_requests:44 - GET /api/apply/approved -> 200 (0.006s)
2026-07-10 17:19:44.511 | INFO     | __main__:log_requests:44 - POST /api/auth/login -> 200 (0.004s)
2026-07-10 17:19:50.343 | INFO     | __main__:log_requests:44 - POST /api/auth/login -> 200 (0.245s)
2026-07-10 17:19:50.357 | INFO     | __main__:log_requests:44 - GET /api/user/profile -> 200 (0.008s)
2026-07-10 17:19:50.436 | INFO     | __main__:log_requests:44 - GET /api/report/dashboard -> 200 (0.022s)
2026-07-10 17:19:50.449 | INFO     | __main__:log_requests:44 - GET /api/report/asset -> 200 (0.033s)
2026-07-10 17:19:50.468 | INFO     | __main__:log_requests:44 - GET /api/repair/list -> 200 (0.018s)
2026-07-10 17:19:50.469 | INFO     | __main__:log_requests:44 - GET /api/apply/pending -> 403 (0.011s)
2026-07-10 17:19:55.121 | INFO     | __main__:log_requests:44 - GET /api/role/list -> 200 (0.008s)
2026-07-10 17:19:55.122 | INFO     | __main__:log_requests:44 - GET /api/dept/tree -> 200 (0.009s)
2026-07-10 17:19:55.132 | INFO     | __main__:log_requests:44 - GET /api/user/list -> 403 (0.001s)
2026-07-10 17:19:56.951 | INFO     | __main__:log_requests:44 - GET /api/asset/category/list -> 200 (0.004s)
2026-07-10 17:19:56.968 | INFO     | __main__:log_requests:44 - GET /api/asset/list -> 200 (0.008s)
2026-07-10 17:20:03.046 | INFO     | __main__:log_requests:44 - GET /api/asset/list -> 200 (0.007s)
2026-07-10 17:20:04.293 | INFO     | __main__:log_requests:44 - GET /api/asset/list -> 200 (0.005s)
2026-07-10 17:20:05.332 | INFO     | __main__:log_requests:44 - GET /api/asset/export -> 422 (0.003s)
2026-07-10 17:20:08.605 | INFO     | __main__:log_requests:44 - GET /api/asset/category/list -> 200 (0.004s)
2026-07-10 17:20:08.626 | INFO     | __main__:log_requests:44 - GET /api/asset/list -> 200 (0.008s)
2026-07-10 17:20:14.926 | INFO     | __main__:log_requests:44 - GET /api/apply/my -> 200 (0.005s)
2026-07-10 17:20:15.782 | INFO     | __main__:log_requests:44 - GET /api/apply/pending -> 403 (0.001s)
2026-07-10 17:20:17.011 | INFO     | __main__:log_requests:44 - GET /api/apply/approved -> 200 (0.006s)
2026-07-10 17:20:30.407 | INFO     | __main__:log_requests:44 - GET /api/apply/approved -> 200 (0.006s)
2026-07-10 17:20:30.942 | INFO     | __main__:log_requests:44 - GET /api/apply/approved -> 200 (0.005s)
2026-07-10 17:20:31.656 | INFO     | __main__:log_requests:44 - GET /api/apply/approved -> 200 (0.005s)
2026-07-10 17:20:32.657 | INFO     | __main__:log_requests:44 - GET /api/apply/approved -> 200 (0.005s)
2026-07-10 17:20:35.394 | INFO     | __main__:log_requests:44 - GET /api/apply/my -> 200 (0.006s)
2026-07-10 17:20:39.569 | INFO     | __main__:log_requests:44 - GET /api/apply/approved -> 200 (0.005s)
2026-07-10 17:20:49.634 | INFO     | __main__:log_requests:44 - GET /api/repair/list -> 200 (0.008s)
2026-07-10 17:20:51.146 | INFO     | __main__:log_requests:44 - GET /api/repair/list -> 200 (0.005s)
2026-07-10 17:20:51.528 | INFO     | __main__:log_requests:44 - GET /api/repair/list -> 200 (0.005s)
2026-07-10 17:20:52.254 | INFO     | __main__:log_requests:44 - GET /api/dept/tree -> 200 (0.003s)
2026-07-10 17:20:52.268 | INFO     | __main__:log_requests:44 - GET /api/repair/list -> 200 (0.005s)
2026-07-10 17:20:53.209 | INFO     | __main__:log_requests:44 - GET /api/repair/list -> 200 (0.005s)
2026-07-10 17:20:53.586 | INFO     | __main__:log_requests:44 - GET /api/repair/list -> 200 (0.005s)
2026-07-10 17:20:53.970 | INFO     | __main__:log_requests:44 - GET /api/repair/list -> 200 (0.005s)
2026-07-10 17:20:54.787 | INFO     | __main__:log_requests:44 - GET /api/dept/tree -> 200 (0.005s)
2026-07-10 17:20:54.789 | INFO     | __main__:log_requests:44 - GET /api/user/list -> 403 (0.005s)
2026-07-10 17:20:54.811 | INFO     | __main__:log_requests:44 - GET /api/check/task/list -> 200 (0.011s)
2026-07-10 17:21:04.953 | INFO     | __main__:log_requests:44 - GET /api/asset/list -> 200 (0.006s)
2026-07-10 17:21:19.583 | INFO     | __main__:log_requests:44 - POST /api/repair/submit -> 200 (0.121s)
2026-07-10 17:21:22.012 | INFO     | __main__:log_requests:44 - GET /api/apply/my -> 200 (0.005s)
2026-07-10 17:21:24.032 | INFO     | __main__:log_requests:44 - GET /api/apply/my -> 200 (0.005s)
2026-07-10 17:21:25.113 | INFO     | __main__:log_requests:44 - GET /api/apply/pending -> 403 (0.001s)
2026-07-10 17:21:25.516 | INFO     | __main__:log_requests:44 - GET /api/apply/approved -> 200 (0.005s)
2026-07-10 17:21:26.739 | INFO     | __main__:log_requests:44 - GET /api/apply/my -> 200 (0.005s)
2026-07-10 17:23:55.611 | INFO     | __main__:log_requests:44 - GET /api/apply/my -> 200 (0.006s)
2026-07-10 17:23:57.179 | INFO     | __main__:log_requests:44 - GET /api/apply/pending -> 403 (0.001s)
2026-07-10 17:23:57.642 | INFO     | __main__:log_requests:44 - GET /api/apply/approved -> 200 (0.005s)
2026-07-10 17:23:58.765 | INFO     | __main__:log_requests:44 - GET /api/apply/my -> 200 (0.006s)
2026-07-10 17:24:07.807 | INFO     | __main__:log_requests:44 - GET /api/apply/my -> 200 (0.007s)
2026-07-10 17:31:08.260 | INFO     | __main__:log_requests:44 - GET /api/apply/my -> 200 (0.057s)
2026-07-10 17:31:27.043 | INFO     | __main__:log_requests:44 - GET /api/apply/my -> 200 (0.008s)
2026-07-10 17:31:28.422 | INFO     | __main__:log_requests:44 - GET /api/apply/pending -> 403 (0.002s)
2026-07-10 17:31:30.281 | INFO     | __main__:log_requests:44 - GET /api/apply/approved -> 200 (0.017s)
2026-07-10 17:33:53.146 | INFO     | __main__:log_requests:44 - GET /api/apply/my -> 200 (0.007s)
2026-07-10 17:34:11.155 | INFO     | __main__:<module>:63 - Gateway starting on port 9900, PID=25332
2026-07-10 17:34:16.634 | INFO     | __main__:log_requests:44 - GET /api/apply/my -> 200 (0.182s)
2026-07-10 17:34:19.596 | INFO     | __main__:log_requests:44 - GET /api/apply/my -> 200 (0.007s)
2026-07-10 17:34:20.148 | INFO     | __main__:log_requests:44 - GET /api/apply/pending -> 403 (0.003s)
2026-07-10 17:34:20.601 | INFO     | __main__:log_requests:44 - GET /api/apply/approved -> 200 (0.009s)
2026-07-10 17:34:22.556 | INFO     | __main__:log_requests:44 - GET /api/apply/approved -> 200 (0.007s)
2026-07-10 17:34:22.926 | INFO     | __main__:log_requests:44 - GET /api/apply/approved -> 200 (0.005s)
2026-07-10 17:34:23.392 | INFO     | __main__:log_requests:44 - GET /api/apply/approved -> 200 (0.006s)
2026-07-10 17:34:24.964 | INFO     | __main__:log_requests:44 - GET /api/dept/tree -> 200 (0.080s)
2026-07-10 17:34:24.964 | INFO     | __main__:log_requests:44 - GET /api/role/list -> 200 (0.079s)
2026-07-10 17:34:24.977 | INFO     | __main__:log_requests:44 - GET /api/user/list -> 403 (0.002s)
2026-07-10 17:34:26.009 | INFO     | __main__:log_requests:44 - GET /api/asset/category/list -> 200 (0.039s)
2026-07-10 17:34:26.052 | INFO     | __main__:log_requests:44 - GET /api/asset/list -> 200 (0.033s)
2026-07-10 17:37:13.472 | INFO     | __main__:log_requests:44 - GET /api/report/asset -> 200 (0.065s)
2026-07-10 17:37:13.594 | INFO     | __main__:log_requests:44 - GET /api/report/dashboard -> 200 (0.185s)
2026-07-10 17:37:13.619 | INFO     | __main__:log_requests:44 - GET /api/apply/pending -> 403 (0.209s)
2026-07-10 17:37:13.619 | INFO     | __main__:log_requests:44 - GET /api/repair/list -> 200 (0.147s)
2026-07-10 17:39:55.925 | INFO     | __main__:log_requests:44 - GET /api/asset/category/list -> 200 (0.052s)
2026-07-10 17:39:55.988 | INFO     | __main__:log_requests:44 - GET /api/asset/list -> 200 (0.043s)
2026-07-10 17:40:00.115 | INFO     | __main__:log_requests:44 - GET /api/repair/list -> 200 (0.022s)
2026-07-10 17:40:02.230 | INFO     | __main__:log_requests:44 - GET /api/repair/list -> 200 (0.006s)
2026-07-10 17:40:02.769 | INFO     | __main__:log_requests:44 - GET /api/repair/list -> 200 (0.006s)
2026-07-10 17:40:03.469 | INFO     | __main__:log_requests:44 - GET /api/dept/tree -> 200 (0.014s)
2026-07-10 17:40:03.471 | INFO     | __main__:log_requests:44 - GET /api/user/list -> 403 (0.015s)
2026-07-10 17:40:03.529 | INFO     | __main__:log_requests:44 - GET /api/check/task/list -> 200 (0.044s)
2026-07-10 17:40:04.969 | INFO     | __main__:log_requests:44 - GET /api/asset/category/list -> 200 (0.008s)
2026-07-10 17:40:04.992 | INFO     | __main__:log_requests:44 - GET /api/asset/list -> 200 (0.009s)
2026-07-10 17:40:08.564 | INFO     | __main__:log_requests:44 - GET /api/asset/category/list -> 200 (0.005s)
2026-07-10 17:40:08.619 | INFO     | __main__:log_requests:44 - GET /api/asset/list -> 200 (0.026s)
2026-07-10 17:40:11.958 | INFO     | __main__:log_requests:44 - GET /api/asset/export -> 422 (0.007s)
2026-07-10 17:40:29.414 | INFO     | __main__:log_requests:44 - GET /api/apply/my -> 200 (0.011s)
2026-07-10 17:41:21.854 | INFO     | __main__:<module>:63 - Gateway starting on port 9900, PID=37104
2026-07-10 17:41:25.246 | INFO     | __main__:log_requests:44 - GET /api/apply/my -> 200 (0.230s)
2026-07-10 17:41:29.889 | INFO     | __main__:log_requests:44 - GET /api/asset/list -> 200 (0.101s)
2026-07-10 17:41:34.435 | INFO     | __main__:log_requests:44 - POST /api/repair/submit -> 200 (0.178s)
2026-07-10 17:41:36.464 | INFO     | __main__:log_requests:44 - GET /api/asset/list -> 200 (0.009s)
2026-07-10 17:41:44.778 | INFO     | __main__:log_requests:44 - POST /api/apply/borrow -> 200 (0.108s)
2026-07-10 17:41:46.711 | INFO     | __main__:log_requests:44 - GET /api/asset/list -> 200 (0.008s)
2026-07-10 17:41:49.993 | INFO     | __main__:log_requests:44 - POST /api/apply/return -> 200 (0.071s)
2026-07-10 17:41:57.825 | INFO     | __main__:log_requests:44 - GET /api/apply/my -> 200 (0.017s)
2026-07-10 17:41:59.030 | INFO     | __main__:log_requests:44 - GET /api/apply/my -> 200 (0.008s)
2026-07-10 17:42:00.531 | INFO     | __main__:log_requests:44 - GET /api/repair/list -> 200 (0.009s)
2026-07-10 17:42:01.542 | INFO     | __main__:log_requests:44 - GET /api/repair/list -> 200 (0.008s)
2026-07-10 17:42:02.098 | INFO     | __main__:log_requests:44 - GET /api/repair/list -> 200 (0.005s)
2026-07-10 17:42:02.657 | INFO     | __main__:log_requests:44 - GET /api/repair/list -> 200 (0.005s)
2026-07-10 17:47:18.401 | INFO     | __main__:log_requests:44 - GET /api/repair/list -> 200 (0.010s)
2026-07-10 17:47:37.891 | INFO     | __main__:log_requests:44 - GET /api/repair/list -> 200 (0.018s)
2026-07-10 17:47:43.804 | INFO     | __main__:log_requests:44 - GET /api/repair/list -> 200 (0.030s)
2026-07-10 17:51:39.337 | INFO     | __main__:log_requests:44 - GET /api/repair/list -> 200 (0.022s)
2026-07-10 17:53:06.630 | INFO     | __main__:<module>:63 - Gateway starting on port 9900, PID=40448
2026-07-10 17:53:09.393 | INFO     | __main__:log_requests:44 - GET /api/repair/list -> 200 (0.198s)
2026-07-10 17:53:12.668 | INFO     | __main__:log_requests:44 - GET /api/apply/my -> 200 (0.040s)
2026-07-10 18:00:09.789 | INFO     | __main__:<module>:63 - Gateway starting on port 9900, PID=6608
2026-07-10 18:00:14.591 | INFO     | __main__:log_requests:44 - GET /api/apply/my -> 200 (0.210s)
2026-07-10 18:00:24.326 | INFO     | __main__:log_requests:44 - GET /api/apply/my -> 200 (0.011s)
2026-07-10 18:02:29.034 | INFO     | __main__:<module>:63 - Gateway starting on port 9900, PID=300
2026-07-10 18:02:47.254 | INFO     | __main__:log_requests:44 - GET /api/apply/my -> 200 (0.189s)
2026-07-10 18:05:10.084 | INFO     | __main__:<module>:63 - Gateway starting on port 9900, PID=6316
2026-07-10 18:05:13.059 | INFO     | __main__:log_requests:44 - GET /api/apply/my -> 200 (0.199s)
2026-07-10 18:05:20.240 | INFO     | __main__:log_requests:44 - GET /api/apply/10 -> 200 (0.046s)
2026-07-10 18:05:23.028 | INFO     | __main__:log_requests:44 - GET /api/apply/my -> 200 (0.008s)
2026-07-10 18:05:25.624 | INFO     | __main__:log_requests:44 - GET /api/apply/9 -> 200 (0.014s)
2026-07-10 18:05:28.258 | INFO     | __main__:log_requests:44 - GET /api/apply/my -> 200 (0.008s)
2026-07-10 18:05:32.520 | INFO     | __main__:log_requests:44 - GET /api/apply/my -> 200 (0.006s)
2026-07-10 18:05:33.554 | INFO     | __main__:log_requests:44 - GET /api/repair/list -> 200 (0.048s)
2026-07-10 18:05:35.218 | INFO     | __main__:log_requests:44 - GET /api/repair/list -> 200 (0.006s)
2026-07-10 18:05:35.740 | INFO     | __main__:log_requests:44 - GET /api/repair/list -> 200 (0.005s)
2026-07-10 18:05:36.265 | INFO     | __main__:log_requests:44 - GET /api/repair/list -> 200 (0.007s)
2026-07-10 18:06:39.071 | INFO     | __main__:log_requests:44 - POST /api/auth/login -> 200 (0.032s)
2026-07-10 18:07:05.369 | INFO     | __main__:log_requests:44 - POST /api/auth/login -> 200 (0.004s)
2026-07-10 18:07:11.619 | INFO     | __main__:log_requests:44 - POST /api/auth/login -> 200 (0.293s)
2026-07-10 18:07:11.636 | INFO     | __main__:log_requests:44 - GET /api/user/profile -> 200 (0.007s)
2026-07-10 18:07:11.820 | INFO     | __main__:log_requests:44 - GET /api/report/dashboard -> 403 (0.013s)
2026-07-10 18:07:11.820 | INFO     | __main__:log_requests:44 - GET /api/apply/pending -> 403 (0.011s)
2026-07-10 18:07:11.873 | INFO     | __main__:log_requests:44 - GET /api/repair/list -> 200 (0.058s)
2026-07-10 18:07:11.875 | INFO     | __main__:log_requests:44 - GET /api/report/asset -> 403 (0.063s)
2026-07-10 18:07:43.997 | INFO     | __main__:log_requests:44 - GET /api/apply/my -> 200 (0.007s)
2026-07-10 18:07:48.501 | INFO     | __main__:log_requests:44 - GET /api/apply/1 -> 200 (0.008s)
2026-07-10 18:07:55.777 | INFO     | __main__:log_requests:44 - GET /api/apply/my -> 200 (0.008s)
2026-07-10 18:07:57.248 | INFO     | __main__:log_requests:44 - GET /api/repair/list -> 200 (0.006s)
2026-07-10 18:07:58.888 | INFO     | __main__:log_requests:44 - GET /api/repair/list -> 200 (0.005s)
2026-07-10 18:07:59.581 | INFO     | __main__:log_requests:44 - GET /api/repair/list -> 200 (0.008s)
2026-07-10 18:08:19.164 | INFO     | __main__:log_requests:44 - GET /api/report/dashboard -> 403 (0.010s)
2026-07-10 18:08:19.164 | INFO     | __main__:log_requests:44 - GET /api/repair/list -> 200 (0.008s)
2026-07-10 18:08:19.164 | INFO     | __main__:log_requests:44 - GET /api/apply/pending -> 403 (0.008s)
2026-07-10 18:08:19.165 | INFO     | __main__:log_requests:44 - GET /api/report/asset -> 403 (0.010s)
2026-07-10 18:08:49.872 | INFO     | __main__:log_requests:44 - POST /api/auth/login -> 200 (0.245s)
2026-07-10 18:08:49.888 | INFO     | __main__:log_requests:44 - GET /api/user/profile -> 200 (0.006s)
2026-07-10 18:08:50.076 | INFO     | __main__:log_requests:44 - GET /api/report/dashboard -> 200 (0.126s)
2026-07-10 18:08:50.078 | INFO     | __main__:log_requests:44 - GET /api/apply/pending -> 200 (0.125s)
2026-07-10 18:08:50.127 | INFO     | __main__:log_requests:44 - GET /api/report/asset -> 200 (0.175s)
2026-07-10 18:08:50.128 | INFO     | __main__:log_requests:44 - GET /api/repair/list -> 200 (0.056s)
2026-07-10 18:11:39.857 | INFO     | __main__:log_requests:44 - GET /api/asset/category/list -> 200 (0.031s)
2026-07-10 18:11:39.893 | INFO     | __main__:log_requests:44 - GET /api/asset/list -> 200 (0.023s)
2026-07-10 18:11:46.106 | INFO     | __main__:log_requests:44 - GET /api/asset/list -> 200 (0.009s)
2026-07-10 18:11:50.016 | INFO     | __main__:log_requests:44 - GET /api/asset/list -> 200 (0.006s)
2026-07-10 18:11:51.709 | INFO     | __main__:log_requests:44 - GET /api/asset/list -> 200 (0.007s)
2026-07-10 18:11:53.213 | INFO     | __main__:log_requests:44 - GET /api/asset/list -> 200 (0.006s)
2026-07-10 18:11:55.134 | INFO     | __main__:log_requests:44 - GET /api/asset/list -> 200 (0.006s)
2026-07-10 18:12:00.160 | INFO     | __main__:log_requests:44 - GET /api/asset/list -> 200 (0.006s)
2026-07-10 18:12:54.290 | INFO     | __main__:log_requests:44 - GET /api/asset/list -> 200 (0.008s)
2026-07-10 18:12:59.408 | INFO     | __main__:log_requests:44 - GET /api/asset/list -> 200 (0.006s)
2026-07-10 18:13:03.584 | INFO     | __main__:log_requests:44 - GET /api/asset/list -> 200 (0.006s)
2026-07-10 18:13:07.229 | INFO     | __main__:log_requests:44 - GET /api/asset/list -> 200 (0.005s)
2026-07-10 18:13:25.414 | INFO     | __main__:log_requests:44 - GET /api/asset/list -> 200 (0.008s)
2026-07-10 18:46:11.051 | INFO     | __main__:<module>:63 - Gateway starting on port 9900, PID=42612
2026-07-10 18:46:14.924 | INFO     | __main__:log_requests:44 - GET /api/asset/category/list -> 200 (0.184s)
2026-07-10 18:46:14.940 | INFO     | __main__:log_requests:44 - GET /api/asset/list -> 422 (0.004s)
2026-07-10 18:46:36.045 | INFO     | __main__:log_requests:44 - GET /api/apply/my -> 200 (0.049s)
2026-07-10 18:46:59.360 | INFO     | __main__:log_requests:44 - GET /api/repair/list -> 200 (0.048s)
2026-07-10 18:47:01.266 | INFO     | __main__:log_requests:44 - GET /api/repair/list -> 200 (0.012s)
2026-07-10 18:47:01.666 | INFO     | __main__:log_requests:44 - GET /api/repair/list -> 200 (0.007s)
2026-07-10 18:47:07.284 | INFO     | __main__:log_requests:44 - POST /api/auth/login -> 200 (0.035s)
2026-07-10 18:47:10.337 | INFO     | __main__:log_requests:44 - POST /api/auth/login -> 200 (0.301s)
2026-07-10 18:47:10.354 | INFO     | __main__:log_requests:44 - GET /api/user/profile -> 200 (0.008s)
2026-07-10 18:47:10.564 | INFO     | __main__:log_requests:44 - GET /api/repair/list -> 200 (0.015s)
2026-07-10 18:47:10.566 | INFO     | __main__:log_requests:44 - GET /api/report/dashboard -> 403 (0.018s)
2026-07-10 18:47:10.567 | INFO     | __main__:log_requests:44 - GET /api/apply/pending -> 403 (0.014s)
2026-07-10 18:47:10.568 | INFO     | __main__:log_requests:44 - GET /api/report/asset -> 403 (0.018s)
2026-07-10 18:47:16.720 | INFO     | __main__:log_requests:44 - GET /api/apply/my -> 200 (0.009s)
2026-07-10 18:47:22.936 | INFO     | __main__:log_requests:44 - GET /api/apply/10 -> 200 (0.043s)
2026-07-10 18:47:25.409 | INFO     | __main__:log_requests:44 - GET /api/apply/my -> 200 (0.007s)
2026-07-10 18:47:28.287 | INFO     | __main__:log_requests:44 - GET /api/apply/9 -> 200 (0.007s)
2026-07-10 18:47:31.471 | INFO     | __main__:log_requests:44 - GET /api/apply/my -> 200 (0.006s)
2026-07-10 18:47:38.135 | INFO     | __main__:log_requests:44 - GET /api/repair/list -> 200 (0.006s)
2026-07-10 18:47:39.106 | INFO     | __main__:log_requests:44 - GET /api/repair/list -> 200 (0.006s)
2026-07-10 18:47:39.490 | INFO     | __main__:log_requests:44 - GET /api/repair/list -> 200 (0.005s)
2026-07-10 18:47:40.252 | INFO     | __main__:log_requests:44 - GET /api/repair/list -> 200 (0.005s)
2026-07-10 18:47:50.432 | INFO     | __main__:log_requests:44 - POST /api/auth/login -> 200 (0.244s)
2026-07-10 18:47:50.445 | INFO     | __main__:log_requests:44 - GET /api/user/profile -> 200 (0.007s)
2026-07-10 18:47:50.520 | INFO     | __main__:log_requests:44 - GET /api/report/dashboard -> 403 (0.011s)
2026-07-10 18:47:50.521 | INFO     | __main__:log_requests:44 - GET /api/report/asset -> 403 (0.011s)
2026-07-10 18:47:50.529 | INFO     | __main__:log_requests:44 - GET /api/apply/pending -> 403 (0.014s)
2026-07-10 18:47:50.530 | INFO     | __main__:log_requests:44 - GET /api/repair/list -> 200 (0.014s)
2026-07-10 18:47:53.992 | INFO     | __main__:log_requests:44 - GET /api/apply/my -> 200 (0.006s)
2026-07-10 18:48:02.490 | INFO     | __main__:log_requests:44 - GET /api/apply/1 -> 200 (0.007s)
2026-07-10 18:48:09.503 | INFO     | __main__:log_requests:44 - GET /api/repair/list -> 200 (0.006s)
2026-07-10 18:48:10.362 | INFO     | __main__:log_requests:44 - GET /api/repair/list -> 200 (0.005s)
2026-07-10 18:48:10.987 | INFO     | __main__:log_requests:44 - GET /api/repair/list -> 200 (0.006s)
2026-07-10 18:48:17.555 | INFO     | __main__:log_requests:44 - GET /api/repair/list -> 200 (0.008s)
2026-07-10 18:48:19.306 | INFO     | __main__:log_requests:44 - GET /api/repair/list -> 200 (0.006s)
2026-07-10 18:48:28.816 | INFO     | __main__:log_requests:44 - GET /api/repair/list -> 200 (0.005s)
2026-07-10 18:48:29.285 | INFO     | __main__:log_requests:44 - GET /api/repair/list -> 200 (0.006s)
2026-07-10 18:48:29.928 | INFO     | __main__:log_requests:44 - GET /api/repair/list -> 200 (0.006s)
2026-07-10 18:48:55.092 | INFO     | __main__:log_requests:44 - POST /api/auth/login -> 200 (0.239s)
2026-07-10 18:48:55.121 | INFO     | __main__:log_requests:44 - GET /api/user/profile -> 200 (0.006s)
2026-07-10 18:48:55.535 | INFO     | __main__:log_requests:44 - GET /api/repair/list -> 200 (0.230s)
2026-07-10 18:48:55.535 | INFO     | __main__:log_requests:44 - GET /api/report/dashboard -> 200 (0.243s)
2026-07-10 18:48:55.535 | INFO     | __main__:log_requests:44 - GET /api/report/asset -> 200 (0.243s)
2026-07-10 18:48:55.536 | INFO     | __main__:log_requests:44 - GET /api/apply/pending -> 200 (0.229s)
2026-07-10 18:49:14.517 | INFO     | __main__:log_requests:44 - GET /api/asset/category/list -> 200 (0.005s)
2026-07-10 18:49:14.537 | INFO     | __main__:log_requests:44 - GET /api/asset/list -> 422 (0.002s)
2026-07-10 18:52:31.801 | INFO     | __main__:log_requests:44 - GET /api/asset/category/list -> 200 (0.086s)
2026-07-10 18:52:31.822 | INFO     | __main__:log_requests:44 - GET /api/asset/list -> 422 (0.006s)
2026-07-10 18:58:24.083 | INFO     | __main__:log_requests:44 - GET /api/user/profile -> 200 (0.107s)
2026-07-10 18:58:32.798 | INFO     | __main__:log_requests:44 - GET /api/repair/list -> 200 (0.116s)
2026-07-10 18:58:32.798 | INFO     | __main__:log_requests:44 - GET /api/report/dashboard -> 200 (0.132s)
2026-07-10 18:58:32.798 | INFO     | __main__:log_requests:44 - GET /api/report/asset -> 200 (0.128s)
2026-07-10 18:58:32.800 | INFO     | __main__:log_requests:44 - GET /api/apply/pending -> 200 (0.115s)
2026-07-10 18:58:35.158 | INFO     | __main__:log_requests:44 - GET /api/asset/category/list -> 200 (0.007s)
2026-07-10 18:58:35.174 | INFO     | __main__:log_requests:44 - GET /api/asset/list -> 422 (0.004s)
2026-07-10 18:58:51.764 | INFO     | __main__:log_requests:44 - GET /api/report/dashboard -> 200 (0.028s)
2026-07-10 18:58:51.781 | INFO     | __main__:log_requests:44 - GET /api/repair/list -> 200 (0.040s)
2026-07-10 18:58:51.781 | INFO     | __main__:log_requests:44 - GET /api/report/asset -> 200 (0.042s)
2026-07-10 18:58:51.782 | INFO     | __main__:log_requests:44 - GET /api/apply/pending -> 200 (0.040s)
2026-07-10 19:00:12.515 | INFO     | __main__:log_requests:44 - GET /api/apply/my -> 200 (0.025s)
2026-07-10 19:00:43.819 | INFO     | __main__:log_requests:44 - POST /api/auth/login -> 200 (0.323s)
2026-07-10 19:00:43.836 | INFO     | __main__:log_requests:44 - GET /api/user/profile -> 200 (0.008s)
2026-07-10 19:00:43.913 | INFO     | __main__:log_requests:44 - GET /api/report/dashboard -> 403 (0.023s)
2026-07-10 19:00:43.913 | INFO     | __main__:log_requests:44 - GET /api/repair/list -> 200 (0.017s)
2026-07-10 19:00:43.915 | INFO     | __main__:log_requests:44 - GET /api/apply/pending -> 403 (0.016s)
2026-07-10 19:00:43.915 | INFO     | __main__:log_requests:44 - GET /api/report/asset -> 403 (0.022s)
2026-07-10 19:00:46.710 | INFO     | __main__:log_requests:44 - GET /api/apply/my -> 200 (0.009s)
2026-07-10 19:00:48.777 | INFO     | __main__:log_requests:44 - GET /api/apply/10 -> 200 (0.013s)
2026-07-10 19:00:53.357 | INFO     | __main__:log_requests:44 - GET /api/apply/my -> 200 (0.005s)
2026-07-10 19:01:07.850 | INFO     | __main__:log_requests:44 - POST /api/auth/login -> 200 (0.241s)
2026-07-10 19:01:07.862 | INFO     | __main__:log_requests:44 - GET /api/user/profile -> 200 (0.006s)
2026-07-10 19:01:07.963 | INFO     | __main__:log_requests:44 - GET /api/report/dashboard -> 200 (0.056s)
2026-07-10 19:01:07.965 | INFO     | __main__:log_requests:44 - GET /api/report/asset -> 200 (0.057s)
2026-07-10 19:01:07.978 | INFO     | __main__:log_requests:44 - GET /api/repair/list -> 200 (0.056s)
2026-07-10 19:01:07.979 | INFO     | __main__:log_requests:44 - GET /api/apply/pending -> 200 (0.033s)
2026-07-10 19:01:10.421 | INFO     | __main__:log_requests:44 - GET /api/apply/pending -> 200 (0.006s)
2026-07-10 19:01:17.234 | ERROR    | __main__:global_exception_handler:50 - Unhandled exception on PUT /api/apply/approve
Traceback (most recent call last):

  File "D:\__lybix__\_Codes\FAMS-NEPU\platform\server\services\svr_gateway\main.py", line 64, in <module>
    uvicorn.run(app, host="0.0.0.0", port=gateway_config.HTTP_PORT)
    │       │   │                         │              └ 9900
    │       │   │                         └ <services.svr_gateway.config.GatewayConfig object at 0x00000253F7DE6850>
    │       │   └ <fastapi.applications.FastAPI object at 0x00000253F9CCED90>
    │       └ <function run at 0x00000253F6B4FD80>
    └ <module 'uvicorn' from 'D:\\__lybix__\\DEVTools\\miniconda3\\envs\\fams\\Lib\\site-packages\\uvicorn\\__init__.py'>

  File "D:\__lybix__\DEVTools\miniconda3\envs\fams\Lib\site-packages\uvicorn\main.py", line 621, in run
    server.run()
    │      └ <function Server.run at 0x00000253F6CE0860>
    └ <uvicorn.server.Server object at 0x00000253F9742250>
  File "D:\__lybix__\DEVTools\miniconda3\envs\fams\Lib\site-packages\uvicorn\server.py", line 74, in run
    return asyncio_run(self.serve(sockets=sockets), loop_factory=self.config.get_loop_factory())
           │           │    │             │                      │    │      └ <function Config.get_loop_factory at 0x00000253F6B4D1C0>
           │           │    │             │                      │    └ <uvicorn.config.Config object at 0x00000253F9C56ED0>
           │           │    │             │                      └ <uvicorn.server.Server object at 0x00000253F9742250>
           │           │    │             └ None
           │           │    └ <function Server.serve at 0x00000253F6CE0900>
           │           └ <uvicorn.server.Server object at 0x00000253F9742250>
           └ <function asyncio_run at 0x00000253F6AC7740>
  File "D:\__lybix__\DEVTools\miniconda3\envs\fams\Lib\site-packages\uvicorn\_compat.py", line 30, in asyncio_run
    return runner.run(main)
           │      │   └ <coroutine object Server.serve at 0x00000253F9D3C040>
           │      └ <function Runner.run at 0x00000253F650F560>
           └ <asyncio.runners.Runner object at 0x00000253F9CDD210>
  File "D:\__lybix__\DEVTools\miniconda3\envs\fams\Lib\asyncio\runners.py", line 118, in run
    return self._loop.run_until_complete(task)
           │    │     │                  └ <Task pending name='Task-1' coro=<Server.serve() running at D:\__lybix__\DEVTools\miniconda3\envs\fams\Lib\site-packages\uvic...
           │    │     └ <function BaseEventLoop.run_until_complete at 0x00000253F650D120>
           │    └ <ProactorEventLoop running=True closed=False debug=False>
           └ <asyncio.runners.Runner object at 0x00000253F9CDD210>
  File "D:\__lybix__\DEVTools\miniconda3\envs\fams\Lib\asyncio\base_events.py", line 637, in run_until_complete
    self.run_forever()
    │    └ <function ProactorEventLoop.run_forever at 0x00000253F65E4860>
    └ <ProactorEventLoop running=True closed=False debug=False>
  File "D:\__lybix__\DEVTools\miniconda3\envs\fams\Lib\asyncio\windows_events.py", line 321, in run_forever
    super().run_forever()
  File "D:\__lybix__\DEVTools\miniconda3\envs\fams\Lib\asyncio\base_events.py", line 604, in run_forever
    self._run_once()
    │    └ <function BaseEventLoop._run_once at 0x00000253F650EE80>
    └ <ProactorEventLoop running=True closed=False debug=False>
  File "D:\__lybix__\DEVTools\miniconda3\envs\fams\Lib\asyncio\base_events.py", line 1909, in _run_once
    handle._run()
    │      └ <function Handle._run at 0x00000253F64493A0>
    └ <Handle Task.task_wakeup(<Future finished result=None>)>
  File "D:\__lybix__\DEVTools\miniconda3\envs\fams\Lib\asyncio\events.py", line 80, in _run
    self._context.run(self._callback, *self._args)
    │    │            │    │           │    └ <member '_args' of 'Handle' objects>
    │    │            │    │           └ <Handle Task.task_wakeup(<Future finished result=None>)>
    │    │            │    └ <member '_callback' of 'Handle' objects>
    │    │            └ <Handle Task.task_wakeup(<Future finished result=None>)>
    │    └ <member '_context' of 'Handle' objects>
    └ <Handle Task.task_wakeup(<Future finished result=None>)>
  File "D:\__lybix__\DEVTools\miniconda3\envs\fams\Lib\site-packages\uvicorn\protocols\http\httptools_impl.py", line 422, in run_asgi
    result = await app(  # type: ignore[func-returns-value]
                   └ <uvicorn.middleware.proxy_headers.ProxyHeadersMiddleware object at 0x00000253F9D1BED0>
  File "D:\__lybix__\DEVTools\miniconda3\envs\fams\Lib\site-packages\uvicorn\middleware\proxy_headers.py", line 63, in __call__
    return await self.app(scope, receive, send)
                 │    │   │      │        └ <bound method RequestResponseCycle.send of <uvicorn.protocols.http.httptools_impl.RequestResponseCycle object at 0x00000253FA...
                 │    │   │      └ <bound method RequestResponseCycle.receive of <uvicorn.protocols.http.httptools_impl.RequestResponseCycle object at 0x0000025...
                 │    │   └ {'type': 'http', 'asgi': {'version': '3.0', 'spec_version': '2.3'}, 'http_version': '1.1', 'server': ('127.0.0.1', 9900), 'cl...
                 │    └ <fastapi.applications.FastAPI object at 0x00000253F9CCED90>
                 └ <uvicorn.middleware.proxy_headers.ProxyHeadersMiddleware object at 0x00000253F9D1BED0>
  File "D:\__lybix__\DEVTools\miniconda3\envs\fams\Lib\site-packages\fastapi\applications.py", line 1163, in __call__
    await super().__call__(scope, receive, send)
                           │      │        └ <bound method RequestResponseCycle.send of <uvicorn.protocols.http.httptools_impl.RequestResponseCycle object at 0x00000253FA...
                           │      └ <bound method RequestResponseCycle.receive of <uvicorn.protocols.http.httptools_impl.RequestResponseCycle object at 0x0000025...
                           └ {'type': 'http', 'asgi': {'version': '3.0', 'spec_version': '2.3'}, 'http_version': '1.1', 'server': ('127.0.0.1', 9900), 'cl...
  File "D:\__lybix__\DEVTools\miniconda3\envs\fams\Lib\site-packages\starlette\applications.py", line 90, in __call__
    await self.middleware_stack(scope, receive, send)
          │    │                │      │        └ <bound method RequestResponseCycle.send of <uvicorn.protocols.http.httptools_impl.RequestResponseCycle object at 0x00000253FA...
          │    │                │      └ <bound method RequestResponseCycle.receive of <uvicorn.protocols.http.httptools_impl.RequestResponseCycle object at 0x0000025...
          │    │                └ {'type': 'http', 'asgi': {'version': '3.0', 'spec_version': '2.3'}, 'http_version': '1.1', 'server': ('127.0.0.1', 9900), 'cl...
          │    └ <starlette.middleware.errors.ServerErrorMiddleware object at 0x00000253F9D95D10>
          └ <fastapi.applications.FastAPI object at 0x00000253F9CCED90>
> File "D:\__lybix__\DEVTools\miniconda3\envs\fams\Lib\site-packages\starlette\middleware\errors.py", line 164, in __call__
    await self.app(scope, receive, _send)
          │    │   │      │        └ <function ServerErrorMiddleware.__call__.<locals>._send at 0x00000253FA088180>
          │    │   │      └ <bound method RequestResponseCycle.receive of <uvicorn.protocols.http.httptools_impl.RequestResponseCycle object at 0x0000025...
          │    │   └ {'type': 'http', 'asgi': {'version': '3.0', 'spec_version': '2.3'}, 'http_version': '1.1', 'server': ('127.0.0.1', 9900), 'cl...
          │    └ <starlette.middleware.base.BaseHTTPMiddleware object at 0x00000253F97CF510>
          └ <starlette.middleware.errors.ServerErrorMiddleware object at 0x00000253F9D95D10>
  File "D:\__lybix__\DEVTools\miniconda3\envs\fams\Lib\contextlib.py", line 222, in __aexit__
    await self.gen.athrow(typ, value, traceback)
          │    │   │      │    │      └ <traceback object at 0x00000253FA11CA80>
          │    │   │      │    └ ValueError("'APPROVE' is not a valid ApproveAction")
          │    │   │      └ <class 'ValueError'>
          │    │   └ <method 'athrow' of 'async_generator' objects>
          │    └ <async_generator object create_collapsing_task_group at 0x00000253F9F08040>
          └ <contextlib._AsyncGeneratorContextManager object at 0x00000253FA0EBC50>
  File "D:\__lybix__\DEVTools\miniconda3\envs\fams\Lib\site-packages\starlette\_utils.py", line 93, in create_collapsing_task_group
    raise exc from exc.__cause__ or context
          │        │   │            └ None
          │        │   └ <attribute '__cause__' of 'BaseException' objects>
          │        └ ValueError("'APPROVE' is not a valid ApproveAction")
          └ ValueError("'APPROVE' is not a valid ApproveAction")
  File "D:\__lybix__\DEVTools\miniconda3\envs\fams\Lib\site-packages\starlette\_utils.py", line 86, in create_collapsing_task_group
    yield tg
          └ <anyio._backends._asyncio.TaskGroup object at 0x00000253FA0EA310>
  File "D:\__lybix__\DEVTools\miniconda3\envs\fams\Lib\site-packages\starlette\middleware\base.py", line 193, in __call__
    response = await self.dispatch_func(request, call_next)
                     │    │             │        └ <function BaseHTTPMiddleware.__call__.<locals>.call_next at 0x00000253FA089940>
                     │    │             └ <starlette.middleware.base._CachedRequest object at 0x00000253FA0EBA50>
                     │    └ <function log_requests at 0x00000253F9D01A80>
                     └ <starlette.middleware.base.BaseHTTPMiddleware object at 0x00000253F97CF510>

  File "D:\__lybix__\_Codes\FAMS-NEPU\platform\server\services\svr_gateway\main.py", line 42, in log_requests
    response = await call_next(request)
                     │         └ <starlette.middleware.base._CachedRequest object at 0x00000253FA0EBA50>
                     └ <function BaseHTTPMiddleware.__call__.<locals>.call_next at 0x00000253FA089940>

  File "D:\__lybix__\DEVTools\miniconda3\envs\fams\Lib\site-packages\starlette\middleware\base.py", line 168, in call_next
    raise app_exc from app_exc.__cause__ or app_exc.__context__
          │            │       │            │       └ <attribute '__context__' of 'BaseException' objects>
          │            │       │            └ ValueError("'APPROVE' is not a valid ApproveAction")
          │            │       └ <attribute '__cause__' of 'BaseException' objects>
          │            └ ValueError("'APPROVE' is not a valid ApproveAction")
          └ ValueError("'APPROVE' is not a valid ApproveAction")
  File "D:\__lybix__\DEVTools\miniconda3\envs\fams\Lib\site-packages\starlette\middleware\base.py", line 144, in coro
    await self.app(scope, receive_or_disconnect, send_no_error)
          │    │   │      │                      └ <function BaseHTTPMiddleware.__call__.<locals>.call_next.<locals>.send_no_error at 0x00000253FA08BBA0>
          │    │   │      └ <function BaseHTTPMiddleware.__call__.<locals>.call_next.<locals>.receive_or_disconnect at 0x00000253FA08A160>
          │    │   └ {'type': 'http', 'asgi': {'version': '3.0', 'spec_version': '2.3'}, 'http_version': '1.1', 'server': ('127.0.0.1', 9900), 'cl...
          │    └ <starlette.middleware.cors.CORSMiddleware object at 0x00000253F9D95C50>
          └ <starlette.middleware.base.BaseHTTPMiddleware object at 0x00000253F97CF510>
  File "D:\__lybix__\DEVTools\miniconda3\envs\fams\Lib\site-packages\starlette\middleware\cors.py", line 96, in __call__
    await self.simple_response(scope, receive, send, request_headers=headers)
          │    │               │      │        │                     └ Headers({'host': '127.0.0.1:9900', 'connection': 'close', 'content-length': '46', 'sec-ch-ua-platform': '"Windows"', 'authori...
          │    │               │      │        └ <function BaseHTTPMiddleware.__call__.<locals>.call_next.<locals>.send_no_error at 0x00000253FA08BBA0>
          │    │               │      └ <function BaseHTTPMiddleware.__call__.<locals>.call_next.<locals>.receive_or_disconnect at 0x00000253FA08A160>
          │    │               └ {'type': 'http', 'asgi': {'version': '3.0', 'spec_version': '2.3'}, 'http_version': '1.1', 'server': ('127.0.0.1', 9900), 'cl...
          │    └ <function CORSMiddleware.simple_response at 0x00000253F7DCD080>
          └ <starlette.middleware.cors.CORSMiddleware object at 0x00000253F9D95C50>
  File "D:\__lybix__\DEVTools\miniconda3\envs\fams\Lib\site-packages\starlette\middleware\cors.py", line 154, in simple_response
    await self.app(scope, receive, send)
          │    │   │      │        └ functools.partial(<bound method CORSMiddleware.send of <starlette.middleware.cors.CORSMiddleware object at 0x00000253F9D95C50...
          │    │   │      └ <function BaseHTTPMiddleware.__call__.<locals>.call_next.<locals>.receive_or_disconnect at 0x00000253FA08A160>
          │    │   └ {'type': 'http', 'asgi': {'version': '3.0', 'spec_version': '2.3'}, 'http_version': '1.1', 'server': ('127.0.0.1', 9900), 'cl...
          │    └ <starlette.middleware.exceptions.ExceptionMiddleware object at 0x00000253F97C76D0>
          └ <starlette.middleware.cors.CORSMiddleware object at 0x00000253F9D95C50>
  File "D:\__lybix__\DEVTools\miniconda3\envs\fams\Lib\site-packages\starlette\middleware\exceptions.py", line 63, in __call__
    await wrap_app_handling_exceptions(self.app, conn)(scope, receive, send)
          │                            │    │    │     │      │        └ functools.partial(<bound method CORSMiddleware.send of <starlette.middleware.cors.CORSMiddleware object at 0x00000253F9D95C50...
          │                            │    │    │     │      └ <function BaseHTTPMiddleware.__call__.<locals>.call_next.<locals>.receive_or_disconnect at 0x00000253FA08A160>
          │                            │    │    │     └ {'type': 'http', 'asgi': {'version': '3.0', 'spec_version': '2.3'}, 'http_version': '1.1', 'server': ('127.0.0.1', 9900), 'cl...
          │                            │    │    └ <starlette.requests.Request object at 0x00000253FA0B5E10>
          │                            │    └ <fastapi.middleware.asyncexitstack.AsyncExitStackMiddleware object at 0x00000253F9D95BD0>
          │                            └ <starlette.middleware.exceptions.ExceptionMiddleware object at 0x00000253F97C76D0>
          └ <function wrap_app_handling_exceptions at 0x00000253F7CCF100>
  File "D:\__lybix__\DEVTools\miniconda3\envs\fams\Lib\site-packages\starlette\_exception_handler.py", line 53, in wrapped_app
    raise exc
  File "D:\__lybix__\DEVTools\miniconda3\envs\fams\Lib\site-packages\starlette\_exception_handler.py", line 42, in wrapped_app
    await app(scope, receive, sender)
          │   │      │        └ <function wrap_app_handling_exceptions.<locals>.wrapped_app.<locals>.sender at 0x00000253FA0B25C0>
          │   │      └ <function BaseHTTPMiddleware.__call__.<locals>.call_next.<locals>.receive_or_disconnect at 0x00000253FA08A160>
          │   └ {'type': 'http', 'asgi': {'version': '3.0', 'spec_version': '2.3'}, 'http_version': '1.1', 'server': ('127.0.0.1', 9900), 'cl...
          └ <fastapi.middleware.asyncexitstack.AsyncExitStackMiddleware object at 0x00000253F9D95BD0>
  File "D:\__lybix__\DEVTools\miniconda3\envs\fams\Lib\site-packages\fastapi\middleware\asyncexitstack.py", line 18, in __call__
    await self.app(scope, receive, send)
          │    │   │      │        └ <function wrap_app_handling_exceptions.<locals>.wrapped_app.<locals>.sender at 0x00000253FA0B25C0>
          │    │   │      └ <function BaseHTTPMiddleware.__call__.<locals>.call_next.<locals>.receive_or_disconnect at 0x00000253FA08A160>
          │    │   └ {'type': 'http', 'asgi': {'version': '3.0', 'spec_version': '2.3'}, 'http_version': '1.1', 'server': ('127.0.0.1', 9900), 'cl...
          │    └ <fastapi.routing.APIRouter object at 0x00000253F9CCF290>
          └ <fastapi.middleware.asyncexitstack.AsyncExitStackMiddleware object at 0x00000253F9D95BD0>
  File "D:\__lybix__\DEVTools\miniconda3\envs\fams\Lib\site-packages\starlette\routing.py", line 660, in __call__
    await self.middleware_stack(scope, receive, send)
          │    │                │      │        └ <function wrap_app_handling_exceptions.<locals>.wrapped_app.<locals>.sender at 0x00000253FA0B25C0>
          │    │                │      └ <function BaseHTTPMiddleware.__call__.<locals>.call_next.<locals>.receive_or_disconnect at 0x00000253FA08A160>
          │    │                └ {'type': 'http', 'asgi': {'version': '3.0', 'spec_version': '2.3'}, 'http_version': '1.1', 'server': ('127.0.0.1', 9900), 'cl...
          │    └ <bound method APIRouter.app of <fastapi.routing.APIRouter object at 0x00000253F9CCF290>>
          └ <fastapi.routing.APIRouter object at 0x00000253F9CCF290>
  File "D:\__lybix__\DEVTools\miniconda3\envs\fams\Lib\site-packages\fastapi\routing.py", line 2683, in app
    await route.handle(scope, receive, send)
          │     │      │      │        └ <function wrap_app_handling_exceptions.<locals>.wrapped_app.<locals>.sender at 0x00000253FA0B25C0>
          │     │      │      └ <function BaseHTTPMiddleware.__call__.<locals>.call_next.<locals>.receive_or_disconnect at 0x00000253FA08A160>
          │     │      └ {'type': 'http', 'asgi': {'version': '3.0', 'spec_version': '2.3'}, 'http_version': '1.1', 'server': ('127.0.0.1', 9900), 'cl...
          │     └ <function _IncludedRouter.handle at 0x00000253F7D11BC0>
          └ _IncludedRouter(original_router=<fastapi.routing.APIRouter object at 0x00000253F7EF7ED0>, include_context=_RouterIncludeConte...
  File "D:\__lybix__\DEVTools\miniconda3\envs\fams\Lib\site-packages\fastapi\routing.py", line 1753, in handle
    await self.original_router.handle(scope, receive, send)
          │    │               │      │      │        └ <function wrap_app_handling_exceptions.<locals>.wrapped_app.<locals>.sender at 0x00000253FA0B25C0>
          │    │               │      │      └ <function BaseHTTPMiddleware.__call__.<locals>.call_next.<locals>.receive_or_disconnect at 0x00000253FA08A160>
          │    │               │      └ {'type': 'http', 'asgi': {'version': '3.0', 'spec_version': '2.3'}, 'http_version': '1.1', 'server': ('127.0.0.1', 9900), 'cl...
          │    │               └ <function APIRouter.handle at 0x00000253F7D13BA0>
          │    └ <fastapi.routing.APIRouter object at 0x00000253F7EF7ED0>
          └ _IncludedRouter(original_router=<fastapi.routing.APIRouter object at 0x00000253F7EF7ED0>, include_context=_RouterIncludeConte...
  File "D:\__lybix__\DEVTools\miniconda3\envs\fams\Lib\site-packages\fastapi\routing.py", line 2738, in handle
    await included_router._handle_selected(scope, receive, send)
          │               │                │      │        └ <function wrap_app_handling_exceptions.<locals>.wrapped_app.<locals>.sender at 0x00000253FA0B25C0>
          │               │                │      └ <function BaseHTTPMiddleware.__call__.<locals>.call_next.<locals>.receive_or_disconnect at 0x00000253FA08A160>
          │               │                └ {'type': 'http', 'asgi': {'version': '3.0', 'spec_version': '2.3'}, 'http_version': '1.1', 'server': ('127.0.0.1', 9900), 'cl...
          │               └ <function _IncludedRouter._handle_selected at 0x00000253F7D11C60>
          └ _IncludedRouter(original_router=<fastapi.routing.APIRouter object at 0x00000253F7EF7ED0>, include_context=_RouterIncludeConte...
  File "D:\__lybix__\DEVTools\miniconda3\envs\fams\Lib\site-packages\fastapi\routing.py", line 1773, in _handle_selected
    await original_route.handle(scope, receive, send)
          │              │      │      │        └ <function wrap_app_handling_exceptions.<locals>.wrapped_app.<locals>.sender at 0x00000253FA0B25C0>
          │              │      │      └ <function BaseHTTPMiddleware.__call__.<locals>.call_next.<locals>.receive_or_disconnect at 0x00000253FA08A160>
          │              │      └ {'type': 'http', 'asgi': {'version': '3.0', 'spec_version': '2.3'}, 'http_version': '1.1', 'server': ('127.0.0.1', 9900), 'cl...
          │              └ <function APIRoute.handle at 0x00000253F7CFBCE0>
          └ APIRoute(path='/api/apply/approve', name='approve_apply', methods=['PUT'])
  File "D:\__lybix__\DEVTools\miniconda3\envs\fams\Lib\site-packages\fastapi\routing.py", line 1264, in handle
    await app(scope, receive, send)
          │   │      │        └ <function wrap_app_handling_exceptions.<locals>.wrapped_app.<locals>.sender at 0x00000253FA0B25C0>
          │   │      └ <function BaseHTTPMiddleware.__call__.<locals>.call_next.<locals>.receive_or_disconnect at 0x00000253FA08A160>
          │   └ {'type': 'http', 'asgi': {'version': '3.0', 'spec_version': '2.3'}, 'http_version': '1.1', 'server': ('127.0.0.1', 9900), 'cl...
          └ <function request_response.<locals>.app at 0x00000253FA0B0CC0>
  File "D:\__lybix__\DEVTools\miniconda3\envs\fams\Lib\site-packages\fastapi\routing.py", line 150, in app
    await wrap_app_handling_exceptions(app, request)(scope, receive, send)
          │                            │    │        │      │        └ <function wrap_app_handling_exceptions.<locals>.wrapped_app.<locals>.sender at 0x00000253FA0B25C0>
          │                            │    │        │      └ <function BaseHTTPMiddleware.__call__.<locals>.call_next.<locals>.receive_or_disconnect at 0x00000253FA08A160>
          │                            │    │        └ {'type': 'http', 'asgi': {'version': '3.0', 'spec_version': '2.3'}, 'http_version': '1.1', 'server': ('127.0.0.1', 9900), 'cl...
          │                            │    └ <starlette.requests.Request object at 0x00000253FA0B5450>
          │                            └ <function request_response.<locals>.app.<locals>.app at 0x00000253FA0B0AE0>
          └ <function wrap_app_handling_exceptions at 0x00000253F7CCF100>
  File "D:\__lybix__\DEVTools\miniconda3\envs\fams\Lib\site-packages\starlette\_exception_handler.py", line 53, in wrapped_app
    raise exc
  File "D:\__lybix__\DEVTools\miniconda3\envs\fams\Lib\site-packages\starlette\_exception_handler.py", line 42, in wrapped_app
    await app(scope, receive, sender)
          │   │      │        └ <function wrap_app_handling_exceptions.<locals>.wrapped_app.<locals>.sender at 0x00000253FA0B2160>
          │   │      └ <function BaseHTTPMiddleware.__call__.<locals>.call_next.<locals>.receive_or_disconnect at 0x00000253FA08A160>
          │   └ {'type': 'http', 'asgi': {'version': '3.0', 'spec_version': '2.3'}, 'http_version': '1.1', 'server': ('127.0.0.1', 9900), 'cl...
          └ <function request_response.<locals>.app.<locals>.app at 0x00000253FA0B0AE0>
  File "D:\__lybix__\DEVTools\miniconda3\envs\fams\Lib\site-packages\fastapi\routing.py", line 136, in app
    response = await f(request)
                     │ └ <starlette.requests.Request object at 0x00000253FA0B5450>
                     └ <function get_request_handler.<locals>.app at 0x00000253FA0B1580>
  File "D:\__lybix__\DEVTools\miniconda3\envs\fams\Lib\site-packages\fastapi\routing.py", line 690, in app
    raw_response = await run_endpoint_function(
                         └ <function run_endpoint_function at 0x00000253F7CFAF20>
  File "D:\__lybix__\DEVTools\miniconda3\envs\fams\Lib\site-packages\fastapi\routing.py", line 344, in run_endpoint_function
    return await dependant.call(**values)
                 │         │      └ {'_auth': {'user_id': 2, 'username': 'cs_admin', 'dept_id': 2, 'role_keys': ['college_admin'], 'exp': 1783767667, 'iat': 1783...
                 │         └ <function approve_apply at 0x00000253F9C70860>
                 └ Dependant(path_params=[], query_params=[], header_params=[], cookie_params=[], body_params=[ModelField(field_info=Body(Pydant...

  File "D:\__lybix__\_Codes\FAMS-NEPU\platform\server\services\svr_gateway\routes.py", line 540, in approve_apply
    result = logic.approve(
             │     └ <function ApplyLogic.approve at 0x00000253F9A48AE0>
             └ <data.logic.apply_logic.ApplyLogic object at 0x00000253FA06B210>

  File "D:\__lybix__\_Codes\FAMS-NEPU\platform\server\data\logic\apply_logic.py", line 94, in approve
    action_enum = ApproveAction(action)
                  │             └ 'APPROVE'
                  └ <enum 'ApproveAction'>

  File "D:\__lybix__\DEVTools\miniconda3\envs\fams\Lib\enum.py", line 695, in __call__
    return cls.__new__(cls, value)
           │   │       │    └ 'APPROVE'
           │   │       └ <enum 'ApproveAction'>
           │   └ <function Enum.__new__ at 0x00000253F4651C60>
           └ <enum 'ApproveAction'>
  File "D:\__lybix__\DEVTools\miniconda3\envs\fams\Lib\enum.py", line 1111, in __new__
    raise ve_exc
          └ None

ValueError: 'APPROVE' is not a valid ApproveAction
2026-07-10 19:01:30.839 | ERROR    | __main__:global_exception_handler:50 - Unhandled exception on PUT /api/apply/approve
Traceback (most recent call last):

  File "D:\__lybix__\_Codes\FAMS-NEPU\platform\server\services\svr_gateway\main.py", line 64, in <module>
    uvicorn.run(app, host="0.0.0.0", port=gateway_config.HTTP_PORT)
    │       │   │                         │              └ 9900
    │       │   │                         └ <services.svr_gateway.config.GatewayConfig object at 0x00000253F7DE6850>
    │       │   └ <fastapi.applications.FastAPI object at 0x00000253F9CCED90>
    │       └ <function run at 0x00000253F6B4FD80>
    └ <module 'uvicorn' from 'D:\\__lybix__\\DEVTools\\miniconda3\\envs\\fams\\Lib\\site-packages\\uvicorn\\__init__.py'>

  File "D:\__lybix__\DEVTools\miniconda3\envs\fams\Lib\site-packages\uvicorn\main.py", line 621, in run
    server.run()
    │      └ <function Server.run at 0x00000253F6CE0860>
    └ <uvicorn.server.Server object at 0x00000253F9742250>
  File "D:\__lybix__\DEVTools\miniconda3\envs\fams\Lib\site-packages\uvicorn\server.py", line 74, in run
    return asyncio_run(self.serve(sockets=sockets), loop_factory=self.config.get_loop_factory())
           │           │    │             │                      │    │      └ <function Config.get_loop_factory at 0x00000253F6B4D1C0>
           │           │    │             │                      │    └ <uvicorn.config.Config object at 0x00000253F9C56ED0>
           │           │    │             │                      └ <uvicorn.server.Server object at 0x00000253F9742250>
           │           │    │             └ None
           │           │    └ <function Server.serve at 0x00000253F6CE0900>
           │           └ <uvicorn.server.Server object at 0x00000253F9742250>
           └ <function asyncio_run at 0x00000253F6AC7740>
  File "D:\__lybix__\DEVTools\miniconda3\envs\fams\Lib\site-packages\uvicorn\_compat.py", line 30, in asyncio_run
    return runner.run(main)
           │      │   └ <coroutine object Server.serve at 0x00000253F9D3C040>
           │      └ <function Runner.run at 0x00000253F650F560>
           └ <asyncio.runners.Runner object at 0x00000253F9CDD210>
  File "D:\__lybix__\DEVTools\miniconda3\envs\fams\Lib\asyncio\runners.py", line 118, in run
    return self._loop.run_until_complete(task)
           │    │     │                  └ <Task pending name='Task-1' coro=<Server.serve() running at D:\__lybix__\DEVTools\miniconda3\envs\fams\Lib\site-packages\uvic...
           │    │     └ <function BaseEventLoop.run_until_complete at 0x00000253F650D120>
           │    └ <ProactorEventLoop running=True closed=False debug=False>
           └ <asyncio.runners.Runner object at 0x00000253F9CDD210>
  File "D:\__lybix__\DEVTools\miniconda3\envs\fams\Lib\asyncio\base_events.py", line 637, in run_until_complete
    self.run_forever()
    │    └ <function ProactorEventLoop.run_forever at 0x00000253F65E4860>
    └ <ProactorEventLoop running=True closed=False debug=False>
  File "D:\__lybix__\DEVTools\miniconda3\envs\fams\Lib\asyncio\windows_events.py", line 321, in run_forever
    super().run_forever()
  File "D:\__lybix__\DEVTools\miniconda3\envs\fams\Lib\asyncio\base_events.py", line 604, in run_forever
    self._run_once()
    │    └ <function BaseEventLoop._run_once at 0x00000253F650EE80>
    └ <ProactorEventLoop running=True closed=False debug=False>
  File "D:\__lybix__\DEVTools\miniconda3\envs\fams\Lib\asyncio\base_events.py", line 1909, in _run_once
    handle._run()
    │      └ <function Handle._run at 0x00000253F64493A0>
    └ <Handle Task.task_wakeup(<Future finished result=None>)>
  File "D:\__lybix__\DEVTools\miniconda3\envs\fams\Lib\asyncio\events.py", line 80, in _run
    self._context.run(self._callback, *self._args)
    │    │            │    │           │    └ <member '_args' of 'Handle' objects>
    │    │            │    │           └ <Handle Task.task_wakeup(<Future finished result=None>)>
    │    │            │    └ <member '_callback' of 'Handle' objects>
    │    │            └ <Handle Task.task_wakeup(<Future finished result=None>)>
    │    └ <member '_context' of 'Handle' objects>
    └ <Handle Task.task_wakeup(<Future finished result=None>)>
  File "D:\__lybix__\DEVTools\miniconda3\envs\fams\Lib\site-packages\uvicorn\protocols\http\httptools_impl.py", line 422, in run_asgi
    result = await app(  # type: ignore[func-returns-value]
                   └ <uvicorn.middleware.proxy_headers.ProxyHeadersMiddleware object at 0x00000253F9D1BED0>
  File "D:\__lybix__\DEVTools\miniconda3\envs\fams\Lib\site-packages\uvicorn\middleware\proxy_headers.py", line 63, in __call__
    return await self.app(scope, receive, send)
                 │    │   │      │        └ <bound method RequestResponseCycle.send of <uvicorn.protocols.http.httptools_impl.RequestResponseCycle object at 0x00000253FA...
                 │    │   │      └ <bound method RequestResponseCycle.receive of <uvicorn.protocols.http.httptools_impl.RequestResponseCycle object at 0x0000025...
                 │    │   └ {'type': 'http', 'asgi': {'version': '3.0', 'spec_version': '2.3'}, 'http_version': '1.1', 'server': ('127.0.0.1', 9900), 'cl...
                 │    └ <fastapi.applications.FastAPI object at 0x00000253F9CCED90>
                 └ <uvicorn.middleware.proxy_headers.ProxyHeadersMiddleware object at 0x00000253F9D1BED0>
  File "D:\__lybix__\DEVTools\miniconda3\envs\fams\Lib\site-packages\fastapi\applications.py", line 1163, in __call__
    await super().__call__(scope, receive, send)
                           │      │        └ <bound method RequestResponseCycle.send of <uvicorn.protocols.http.httptools_impl.RequestResponseCycle object at 0x00000253FA...
                           │      └ <bound method RequestResponseCycle.receive of <uvicorn.protocols.http.httptools_impl.RequestResponseCycle object at 0x0000025...
                           └ {'type': 'http', 'asgi': {'version': '3.0', 'spec_version': '2.3'}, 'http_version': '1.1', 'server': ('127.0.0.1', 9900), 'cl...
  File "D:\__lybix__\DEVTools\miniconda3\envs\fams\Lib\site-packages\starlette\applications.py", line 90, in __call__
    await self.middleware_stack(scope, receive, send)
          │    │                │      │        └ <bound method RequestResponseCycle.send of <uvicorn.protocols.http.httptools_impl.RequestResponseCycle object at 0x00000253FA...
          │    │                │      └ <bound method RequestResponseCycle.receive of <uvicorn.protocols.http.httptools_impl.RequestResponseCycle object at 0x0000025...
          │    │                └ {'type': 'http', 'asgi': {'version': '3.0', 'spec_version': '2.3'}, 'http_version': '1.1', 'server': ('127.0.0.1', 9900), 'cl...
          │    └ <starlette.middleware.errors.ServerErrorMiddleware object at 0x00000253F9D95D10>
          └ <fastapi.applications.FastAPI object at 0x00000253F9CCED90>
> File "D:\__lybix__\DEVTools\miniconda3\envs\fams\Lib\site-packages\starlette\middleware\errors.py", line 164, in __call__
    await self.app(scope, receive, _send)
          │    │   │      │        └ <function ServerErrorMiddleware.__call__.<locals>._send at 0x00000253FA0B0180>
          │    │   │      └ <bound method RequestResponseCycle.receive of <uvicorn.protocols.http.httptools_impl.RequestResponseCycle object at 0x0000025...
          │    │   └ {'type': 'http', 'asgi': {'version': '3.0', 'spec_version': '2.3'}, 'http_version': '1.1', 'server': ('127.0.0.1', 9900), 'cl...
          │    └ <starlette.middleware.base.BaseHTTPMiddleware object at 0x00000253F97CF510>
          └ <starlette.middleware.errors.ServerErrorMiddleware object at 0x00000253F9D95D10>
  File "D:\__lybix__\DEVTools\miniconda3\envs\fams\Lib\contextlib.py", line 222, in __aexit__
    await self.gen.athrow(typ, value, traceback)
          │    │   │      │    │      └ <traceback object at 0x00000253FA11FBC0>
          │    │   │      │    └ ValueError("'APPROVE' is not a valid ApproveAction")
          │    │   │      └ <class 'ValueError'>
          │    │   └ <method 'athrow' of 'async_generator' objects>
          │    └ <async_generator object create_collapsing_task_group at 0x00000253F9D53740>
          └ <contextlib._AsyncGeneratorContextManager object at 0x00000253FA316890>
  File "D:\__lybix__\DEVTools\miniconda3\envs\fams\Lib\site-packages\starlette\_utils.py", line 93, in create_collapsing_task_group
    raise exc from exc.__cause__ or context
          │        │   │            └ None
          │        │   └ <attribute '__cause__' of 'BaseException' objects>
          │        └ ValueError("'APPROVE' is not a valid ApproveAction")
          └ ValueError("'APPROVE' is not a valid ApproveAction")
  File "D:\__lybix__\DEVTools\miniconda3\envs\fams\Lib\site-packages\starlette\_utils.py", line 86, in create_collapsing_task_group
    yield tg
          └ <anyio._backends._asyncio.TaskGroup object at 0x00000253FA316610>
  File "D:\__lybix__\DEVTools\miniconda3\envs\fams\Lib\site-packages\starlette\middleware\base.py", line 193, in __call__
    response = await self.dispatch_func(request, call_next)
                     │    │             │        └ <function BaseHTTPMiddleware.__call__.<locals>.call_next at 0x00000253FA24E200>
                     │    │             └ <starlette.middleware.base._CachedRequest object at 0x00000253FA316D50>
                     │    └ <function log_requests at 0x00000253F9D01A80>
                     └ <starlette.middleware.base.BaseHTTPMiddleware object at 0x00000253F97CF510>

  File "D:\__lybix__\_Codes\FAMS-NEPU\platform\server\services\svr_gateway\main.py", line 42, in log_requests
    response = await call_next(request)
                     │         └ <starlette.middleware.base._CachedRequest object at 0x00000253FA316D50>
                     └ <function BaseHTTPMiddleware.__call__.<locals>.call_next at 0x00000253FA24E200>

  File "D:\__lybix__\DEVTools\miniconda3\envs\fams\Lib\site-packages\starlette\middleware\base.py", line 168, in call_next
    raise app_exc from app_exc.__cause__ or app_exc.__context__
          │            │       │            │       └ <attribute '__context__' of 'BaseException' objects>
          │            │       │            └ ValueError("'APPROVE' is not a valid ApproveAction")
          │            │       └ <attribute '__cause__' of 'BaseException' objects>
          │            └ ValueError("'APPROVE' is not a valid ApproveAction")
          └ ValueError("'APPROVE' is not a valid ApproveAction")
  File "D:\__lybix__\DEVTools\miniconda3\envs\fams\Lib\site-packages\starlette\middleware\base.py", line 144, in coro
    await self.app(scope, receive_or_disconnect, send_no_error)
          │    │   │      │                      └ <function BaseHTTPMiddleware.__call__.<locals>.call_next.<locals>.send_no_error at 0x00000253FA24E160>
          │    │   │      └ <function BaseHTTPMiddleware.__call__.<locals>.call_next.<locals>.receive_or_disconnect at 0x00000253FA24E340>
          │    │   └ {'type': 'http', 'asgi': {'version': '3.0', 'spec_version': '2.3'}, 'http_version': '1.1', 'server': ('127.0.0.1', 9900), 'cl...
          │    └ <starlette.middleware.cors.CORSMiddleware object at 0x00000253F9D95C50>
          └ <starlette.middleware.base.BaseHTTPMiddleware object at 0x00000253F97CF510>
  File "D:\__lybix__\DEVTools\miniconda3\envs\fams\Lib\site-packages\starlette\middleware\cors.py", line 96, in __call__
    await self.simple_response(scope, receive, send, request_headers=headers)
          │    │               │      │        │                     └ Headers({'host': '127.0.0.1:9900', 'connection': 'close', 'content-length': '58', 'sec-ch-ua-platform': '"Windows"', 'authori...
          │    │               │      │        └ <function BaseHTTPMiddleware.__call__.<locals>.call_next.<locals>.send_no_error at 0x00000253FA24E160>
          │    │               │      └ <function BaseHTTPMiddleware.__call__.<locals>.call_next.<locals>.receive_or_disconnect at 0x00000253FA24E340>
          │    │               └ {'type': 'http', 'asgi': {'version': '3.0', 'spec_version': '2.3'}, 'http_version': '1.1', 'server': ('127.0.0.1', 9900), 'cl...
          │    └ <function CORSMiddleware.simple_response at 0x00000253F7DCD080>
          └ <starlette.middleware.cors.CORSMiddleware object at 0x00000253F9D95C50>
  File "D:\__lybix__\DEVTools\miniconda3\envs\fams\Lib\site-packages\starlette\middleware\cors.py", line 154, in simple_response
    await self.app(scope, receive, send)
          │    │   │      │        └ functools.partial(<bound method CORSMiddleware.send of <starlette.middleware.cors.CORSMiddleware object at 0x00000253F9D95C50...
          │    │   │      └ <function BaseHTTPMiddleware.__call__.<locals>.call_next.<locals>.receive_or_disconnect at 0x00000253FA24E340>
          │    │   └ {'type': 'http', 'asgi': {'version': '3.0', 'spec_version': '2.3'}, 'http_version': '1.1', 'server': ('127.0.0.1', 9900), 'cl...
          │    └ <starlette.middleware.exceptions.ExceptionMiddleware object at 0x00000253F97C76D0>
          └ <starlette.middleware.cors.CORSMiddleware object at 0x00000253F9D95C50>
  File "D:\__lybix__\DEVTools\miniconda3\envs\fams\Lib\site-packages\starlette\middleware\exceptions.py", line 63, in __call__
    await wrap_app_handling_exceptions(self.app, conn)(scope, receive, send)
          │                            │    │    │     │      │        └ functools.partial(<bound method CORSMiddleware.send of <starlette.middleware.cors.CORSMiddleware object at 0x00000253F9D95C50...
          │                            │    │    │     │      └ <function BaseHTTPMiddleware.__call__.<locals>.call_next.<locals>.receive_or_disconnect at 0x00000253FA24E340>
          │                            │    │    │     └ {'type': 'http', 'asgi': {'version': '3.0', 'spec_version': '2.3'}, 'http_version': '1.1', 'server': ('127.0.0.1', 9900), 'cl...
          │                            │    │    └ <starlette.requests.Request object at 0x00000253FA316FD0>
          │                            │    └ <fastapi.middleware.asyncexitstack.AsyncExitStackMiddleware object at 0x00000253F9D95BD0>
          │                            └ <starlette.middleware.exceptions.ExceptionMiddleware object at 0x00000253F97C76D0>
          └ <function wrap_app_handling_exceptions at 0x00000253F7CCF100>
  File "D:\__lybix__\DEVTools\miniconda3\envs\fams\Lib\site-packages\starlette\_exception_handler.py", line 53, in wrapped_app
    raise exc
  File "D:\__lybix__\DEVTools\miniconda3\envs\fams\Lib\site-packages\starlette\_exception_handler.py", line 42, in wrapped_app
    await app(scope, receive, sender)
          │   │      │        └ <function wrap_app_handling_exceptions.<locals>.wrapped_app.<locals>.sender at 0x00000253FA24E520>
          │   │      └ <function BaseHTTPMiddleware.__call__.<locals>.call_next.<locals>.receive_or_disconnect at 0x00000253FA24E340>
          │   └ {'type': 'http', 'asgi': {'version': '3.0', 'spec_version': '2.3'}, 'http_version': '1.1', 'server': ('127.0.0.1', 9900), 'cl...
          └ <fastapi.middleware.asyncexitstack.AsyncExitStackMiddleware object at 0x00000253F9D95BD0>
  File "D:\__lybix__\DEVTools\miniconda3\envs\fams\Lib\site-packages\fastapi\middleware\asyncexitstack.py", line 18, in __call__
    await self.app(scope, receive, send)
          │    │   │      │        └ <function wrap_app_handling_exceptions.<locals>.wrapped_app.<locals>.sender at 0x00000253FA24E520>
          │    │   │      └ <function BaseHTTPMiddleware.__call__.<locals>.call_next.<locals>.receive_or_disconnect at 0x00000253FA24E340>
          │    │   └ {'type': 'http', 'asgi': {'version': '3.0', 'spec_version': '2.3'}, 'http_version': '1.1', 'server': ('127.0.0.1', 9900), 'cl...
          │    └ <fastapi.routing.APIRouter object at 0x00000253F9CCF290>
          └ <fastapi.middleware.asyncexitstack.AsyncExitStackMiddleware object at 0x00000253F9D95BD0>
  File "D:\__lybix__\DEVTools\miniconda3\envs\fams\Lib\site-packages\starlette\routing.py", line 660, in __call__
    await self.middleware_stack(scope, receive, send)
          │    │                │      │        └ <function wrap_app_handling_exceptions.<locals>.wrapped_app.<locals>.sender at 0x00000253FA24E520>
          │    │                │      └ <function BaseHTTPMiddleware.__call__.<locals>.call_next.<locals>.receive_or_disconnect at 0x00000253FA24E340>
          │    │                └ {'type': 'http', 'asgi': {'version': '3.0', 'spec_version': '2.3'}, 'http_version': '1.1', 'server': ('127.0.0.1', 9900), 'cl...
          │    └ <bound method APIRouter.app of <fastapi.routing.APIRouter object at 0x00000253F9CCF290>>
          └ <fastapi.routing.APIRouter object at 0x00000253F9CCF290>
  File "D:\__lybix__\DEVTools\miniconda3\envs\fams\Lib\site-packages\fastapi\routing.py", line 2683, in app
    await route.handle(scope, receive, send)
          │     │      │      │        └ <function wrap_app_handling_exceptions.<locals>.wrapped_app.<locals>.sender at 0x00000253FA24E520>
          │     │      │      └ <function BaseHTTPMiddleware.__call__.<locals>.call_next.<locals>.receive_or_disconnect at 0x00000253FA24E340>
          │     │      └ {'type': 'http', 'asgi': {'version': '3.0', 'spec_version': '2.3'}, 'http_version': '1.1', 'server': ('127.0.0.1', 9900), 'cl...
          │     └ <function _IncludedRouter.handle at 0x00000253F7D11BC0>
          └ _IncludedRouter(original_router=<fastapi.routing.APIRouter object at 0x00000253F7EF7ED0>, include_context=_RouterIncludeConte...
  File "D:\__lybix__\DEVTools\miniconda3\envs\fams\Lib\site-packages\fastapi\routing.py", line 1753, in handle
    await self.original_router.handle(scope, receive, send)
          │    │               │      │      │        └ <function wrap_app_handling_exceptions.<locals>.wrapped_app.<locals>.sender at 0x00000253FA24E520>
          │    │               │      │      └ <function BaseHTTPMiddleware.__call__.<locals>.call_next.<locals>.receive_or_disconnect at 0x00000253FA24E340>
          │    │               │      └ {'type': 'http', 'asgi': {'version': '3.0', 'spec_version': '2.3'}, 'http_version': '1.1', 'server': ('127.0.0.1', 9900), 'cl...
          │    │               └ <function APIRouter.handle at 0x00000253F7D13BA0>
          │    └ <fastapi.routing.APIRouter object at 0x00000253F7EF7ED0>
          └ _IncludedRouter(original_router=<fastapi.routing.APIRouter object at 0x00000253F7EF7ED0>, include_context=_RouterIncludeConte...
  File "D:\__lybix__\DEVTools\miniconda3\envs\fams\Lib\site-packages\fastapi\routing.py", line 2738, in handle
    await included_router._handle_selected(scope, receive, send)
          │               │                │      │        └ <function wrap_app_handling_exceptions.<locals>.wrapped_app.<locals>.sender at 0x00000253FA24E520>
          │               │                │      └ <function BaseHTTPMiddleware.__call__.<locals>.call_next.<locals>.receive_or_disconnect at 0x00000253FA24E340>
          │               │                └ {'type': 'http', 'asgi': {'version': '3.0', 'spec_version': '2.3'}, 'http_version': '1.1', 'server': ('127.0.0.1', 9900), 'cl...
          │               └ <function _IncludedRouter._handle_selected at 0x00000253F7D11C60>
          └ _IncludedRouter(original_router=<fastapi.routing.APIRouter object at 0x00000253F7EF7ED0>, include_context=_RouterIncludeConte...
  File "D:\__lybix__\DEVTools\miniconda3\envs\fams\Lib\site-packages\fastapi\routing.py", line 1773, in _handle_selected
    await original_route.handle(scope, receive, send)
          │              │      │      │        └ <function wrap_app_handling_exceptions.<locals>.wrapped_app.<locals>.sender at 0x00000253FA24E520>
          │              │      │      └ <function BaseHTTPMiddleware.__call__.<locals>.call_next.<locals>.receive_or_disconnect at 0x00000253FA24E340>
          │              │      └ {'type': 'http', 'asgi': {'version': '3.0', 'spec_version': '2.3'}, 'http_version': '1.1', 'server': ('127.0.0.1', 9900), 'cl...
          │              └ <function APIRoute.handle at 0x00000253F7CFBCE0>
          └ APIRoute(path='/api/apply/approve', name='approve_apply', methods=['PUT'])
  File "D:\__lybix__\DEVTools\miniconda3\envs\fams\Lib\site-packages\fastapi\routing.py", line 1264, in handle
    await app(scope, receive, send)
          │   │      │        └ <function wrap_app_handling_exceptions.<locals>.wrapped_app.<locals>.sender at 0x00000253FA24E520>
          │   │      └ <function BaseHTTPMiddleware.__call__.<locals>.call_next.<locals>.receive_or_disconnect at 0x00000253FA24E340>
          │   └ {'type': 'http', 'asgi': {'version': '3.0', 'spec_version': '2.3'}, 'http_version': '1.1', 'server': ('127.0.0.1', 9900), 'cl...
          └ <function request_response.<locals>.app at 0x00000253FA24E660>
  File "D:\__lybix__\DEVTools\miniconda3\envs\fams\Lib\site-packages\fastapi\routing.py", line 150, in app
    await wrap_app_handling_exceptions(app, request)(scope, receive, send)
          │                            │    │        │      │        └ <function wrap_app_handling_exceptions.<locals>.wrapped_app.<locals>.sender at 0x00000253FA24E520>
          │                            │    │        │      └ <function BaseHTTPMiddleware.__call__.<locals>.call_next.<locals>.receive_or_disconnect at 0x00000253FA24E340>
          │                            │    │        └ {'type': 'http', 'asgi': {'version': '3.0', 'spec_version': '2.3'}, 'http_version': '1.1', 'server': ('127.0.0.1', 9900), 'cl...
          │                            │    └ <starlette.requests.Request object at 0x00000253FA317150>
          │                            └ <function request_response.<locals>.app.<locals>.app at 0x00000253FA24E700>
          └ <function wrap_app_handling_exceptions at 0x00000253F7CCF100>
  File "D:\__lybix__\DEVTools\miniconda3\envs\fams\Lib\site-packages\starlette\_exception_handler.py", line 53, in wrapped_app
    raise exc
  File "D:\__lybix__\DEVTools\miniconda3\envs\fams\Lib\site-packages\starlette\_exception_handler.py", line 42, in wrapped_app
    await app(scope, receive, sender)
          │   │      │        └ <function wrap_app_handling_exceptions.<locals>.wrapped_app.<locals>.sender at 0x00000253FA24E840>
          │   │      └ <function BaseHTTPMiddleware.__call__.<locals>.call_next.<locals>.receive_or_disconnect at 0x00000253FA24E340>
          │   └ {'type': 'http', 'asgi': {'version': '3.0', 'spec_version': '2.3'}, 'http_version': '1.1', 'server': ('127.0.0.1', 9900), 'cl...
          └ <function request_response.<locals>.app.<locals>.app at 0x00000253FA24E700>
  File "D:\__lybix__\DEVTools\miniconda3\envs\fams\Lib\site-packages\fastapi\routing.py", line 136, in app
    response = await f(request)
                     │ └ <starlette.requests.Request object at 0x00000253FA317150>
                     └ <function get_request_handler.<locals>.app at 0x00000253FA24E5C0>
  File "D:\__lybix__\DEVTools\miniconda3\envs\fams\Lib\site-packages\fastapi\routing.py", line 690, in app
    raw_response = await run_endpoint_function(
                         └ <function run_endpoint_function at 0x00000253F7CFAF20>
  File "D:\__lybix__\DEVTools\miniconda3\envs\fams\Lib\site-packages\fastapi\routing.py", line 344, in run_endpoint_function
    return await dependant.call(**values)
                 │         │      └ {'_auth': {'user_id': 2, 'username': 'cs_admin', 'dept_id': 2, 'role_keys': ['college_admin'], 'exp': 1783767667, 'iat': 1783...
                 │         └ <function approve_apply at 0x00000253F9C70860>
                 └ Dependant(path_params=[], query_params=[], header_params=[], cookie_params=[], body_params=[ModelField(field_info=Body(Pydant...

  File "D:\__lybix__\_Codes\FAMS-NEPU\platform\server\services\svr_gateway\routes.py", line 540, in approve_apply
    result = logic.approve(
             │     └ <function ApplyLogic.approve at 0x00000253F9A48AE0>
             └ <data.logic.apply_logic.ApplyLogic object at 0x00000253FA06B210>

  File "D:\__lybix__\_Codes\FAMS-NEPU\platform\server\data\logic\apply_logic.py", line 94, in approve
    action_enum = ApproveAction(action)
                  │             └ 'APPROVE'
                  └ <enum 'ApproveAction'>

  File "D:\__lybix__\DEVTools\miniconda3\envs\fams\Lib\enum.py", line 695, in __call__
    return cls.__new__(cls, value)
           │   │       │    └ 'APPROVE'
           │   │       └ <enum 'ApproveAction'>
           │   └ <function Enum.__new__ at 0x00000253F4651C60>
           └ <enum 'ApproveAction'>
  File "D:\__lybix__\DEVTools\miniconda3\envs\fams\Lib\enum.py", line 1111, in __new__
    raise ve_exc
          └ None

ValueError: 'APPROVE' is not a valid ApproveAction
2026-07-10 19:04:57.489 | INFO     | __main__:<module>:63 - Gateway starting on port 9900, PID=31544
2026-07-10 19:05:03.275 | INFO     | __main__:log_requests:44 - GET /api/apply/pending -> 200 (0.263s)
2026-07-10 19:05:08.148 | INFO     | __main__:log_requests:44 - PUT /api/apply/approve -> 200 (0.203s)
2026-07-10 19:05:08.165 | INFO     | __main__:log_requests:44 - GET /api/apply/pending -> 200 (0.006s)
2026-07-10 19:05:10.662 | INFO     | __main__:log_requests:44 - GET /api/apply/pending -> 200 (0.008s)
2026-07-10 19:05:15.448 | INFO     | __main__:log_requests:44 - GET /api/apply/9 -> 200 (0.007s)
2026-07-10 19:05:21.478 | INFO     | __main__:log_requests:44 - GET /api/apply/pending -> 200 (0.007s)
2026-07-10 19:05:23.841 | INFO     | __main__:log_requests:44 - GET /api/apply/10 -> 200 (0.006s)
2026-07-10 19:05:25.150 | INFO     | __main__:log_requests:44 - GET /api/apply/pending -> 200 (0.008s)
2026-07-10 19:05:27.262 | INFO     | __main__:log_requests:44 - PUT /api/apply/approve -> 200 (0.113s)
2026-07-10 19:05:27.279 | INFO     | __main__:log_requests:44 - GET /api/apply/pending -> 200 (0.006s)
2026-07-10 19:05:32.064 | INFO     | __main__:log_requests:44 - GET /api/apply/approved -> 200 (0.007s)
2026-07-10 19:05:36.454 | INFO     | __main__:log_requests:44 - GET /api/apply/approved -> 200 (0.008s)
2026-07-10 19:05:36.844 | INFO     | __main__:log_requests:44 - GET /api/apply/approved -> 200 (0.005s)
2026-07-10 19:05:38.628 | INFO     | __main__:log_requests:44 - GET /api/apply/approved -> 200 (0.007s)
2026-07-10 19:05:39.775 | INFO     | __main__:log_requests:44 - GET /api/apply/approved -> 200 (0.005s)
2026-07-10 19:05:40.223 | INFO     | __main__:log_requests:44 - GET /api/apply/approved -> 200 (0.007s)
2026-07-10 19:05:41.123 | INFO     | __main__:log_requests:44 - GET /api/apply/approved -> 200 (0.006s)
2026-07-10 19:06:35.339 | INFO     | __main__:log_requests:44 - GET /api/asset/category/list -> 200 (0.035s)
2026-07-10 19:06:35.352 | INFO     | __main__:log_requests:44 - GET /api/asset/list -> 422 (0.003s)
2026-07-10 19:12:43.703 | INFO     | __main__:<module>:63 - Gateway starting on port 9900, PID=30732
2026-07-10 19:12:46.011 | INFO     | __main__:log_requests:44 - GET /api/repair/list -> 200 (0.324s)
2026-07-10 19:12:46.013 | INFO     | __main__:log_requests:44 - GET /api/apply/pending -> 200 (0.320s)
2026-07-10 19:12:46.065 | INFO     | __main__:log_requests:44 - GET /api/report/dashboard -> 200 (0.439s)
2026-07-10 19:12:46.066 | INFO     | __main__:log_requests:44 - GET /api/report/asset -> 200 (0.379s)
2026-07-10 19:12:52.108 | INFO     | __main__:log_requests:44 - GET /api/asset/category/list -> 200 (0.034s)
2026-07-10 19:12:52.142 | INFO     | __main__:log_requests:44 - GET /api/asset/status/list -> 200 (0.027s)
2026-07-10 19:12:52.165 | INFO     | __main__:log_requests:44 - GET /api/asset/list -> 200 (0.012s)
2026-07-10 19:12:57.273 | INFO     | __main__:log_requests:44 - GET /api/asset/list -> 200 (0.006s)
2026-07-10 19:12:59.690 | INFO     | __main__:log_requests:44 - GET /api/asset/list -> 200 (0.007s)
2026-07-10 19:13:01.682 | INFO     | __main__:log_requests:44 - GET /api/asset/list -> 200 (0.005s)
2026-07-10 19:13:04.264 | INFO     | __main__:log_requests:44 - GET /api/asset/list -> 200 (0.006s)
2026-07-10 19:15:17.834 | INFO     | __main__:log_requests:44 - GET /api/asset/category/list -> 200 (0.015s)
2026-07-10 19:15:17.850 | INFO     | __main__:log_requests:44 - GET /api/asset/status/list -> 200 (0.005s)
2026-07-10 19:15:17.870 | INFO     | __main__:log_requests:44 - GET /api/asset/list -> 200 (0.011s)
2026-07-10 19:15:43.974 | INFO     | __main__:log_requests:44 - GET /api/repair/list -> 200 (0.031s)
2026-07-10 19:15:43.975 | INFO     | __main__:log_requests:44 - GET /api/apply/pending -> 200 (0.031s)
2026-07-10 19:15:44.017 | INFO     | __main__:log_requests:44 - GET /api/report/dashboard -> 200 (0.079s)
2026-07-10 19:15:44.018 | INFO     | __main__:log_requests:44 - GET /api/report/asset -> 200 (0.076s)
2026-07-10 19:19:00.496 | INFO     | __main__:log_requests:44 - GET /api/asset/status/list -> 200 (0.059s)
2026-07-10 19:19:00.561 | INFO     | __main__:log_requests:44 - GET /api/repair/list -> 200 (0.031s)
2026-07-10 19:19:00.562 | INFO     | __main__:log_requests:44 - GET /api/apply/pending -> 200 (0.031s)
2026-07-10 19:19:00.604 | INFO     | __main__:log_requests:44 - GET /api/report/asset -> 200 (0.074s)
2026-07-10 19:19:00.604 | INFO     | __main__:log_requests:44 - GET /api/report/dashboard -> 200 (0.076s)
2026-07-10 19:21:18.091 | INFO     | __main__:log_requests:44 - GET /api/asset/status/list -> 200 (0.008s)
2026-07-10 19:21:18.148 | INFO     | __main__:log_requests:44 - GET /api/apply/pending -> 200 (0.016s)
2026-07-10 19:21:18.150 | INFO     | __main__:log_requests:44 - GET /api/repair/list -> 200 (0.015s)
2026-07-10 19:21:18.183 | INFO     | __main__:log_requests:44 - GET /api/report/asset -> 200 (0.050s)
2026-07-10 19:21:18.183 | INFO     | __main__:log_requests:44 - GET /api/report/dashboard -> 200 (0.051s)
2026-07-10 19:21:21.162 | INFO     | __main__:log_requests:44 - GET /api/asset/status/list -> 200 (0.005s)
2026-07-10 19:21:21.189 | INFO     | __main__:log_requests:44 - GET /api/repair/list -> 200 (0.014s)
2026-07-10 19:21:21.189 | INFO     | __main__:log_requests:44 - GET /api/apply/pending -> 200 (0.014s)
2026-07-10 19:21:21.219 | INFO     | __main__:log_requests:44 - GET /api/report/asset -> 200 (0.044s)
2026-07-10 19:21:21.219 | INFO     | __main__:log_requests:44 - GET /api/report/dashboard -> 200 (0.044s)
2026-07-10 19:22:56.883 | INFO     | __main__:log_requests:44 - GET /api/asset/status/list -> 200 (0.006s)
2026-07-10 19:22:56.929 | INFO     | __main__:log_requests:44 - GET /api/report/dashboard -> 200 (0.036s)
2026-07-10 19:22:56.931 | INFO     | __main__:log_requests:44 - GET /api/repair/list -> 200 (0.034s)
2026-07-10 19:22:56.951 | INFO     | __main__:log_requests:44 - GET /api/apply/pending -> 200 (0.029s)
2026-07-10 19:22:56.951 | INFO     | __main__:log_requests:44 - GET /api/report/asset -> 200 (0.055s)
2026-07-10 19:23:38.777 | INFO     | __main__:log_requests:44 - GET /api/asset/status/list -> 200 (0.005s)
2026-07-10 19:23:38.799 | INFO     | __main__:log_requests:44 - GET /api/repair/list -> 200 (0.012s)
2026-07-10 19:23:38.800 | INFO     | __main__:log_requests:44 - GET /api/apply/pending -> 200 (0.011s)
2026-07-10 19:23:38.825 | INFO     | __main__:log_requests:44 - GET /api/report/dashboard -> 200 (0.038s)
2026-07-10 19:23:38.825 | INFO     | __main__:log_requests:44 - GET /api/report/asset -> 200 (0.040s)
2026-07-10 19:23:51.974 | INFO     | __main__:log_requests:44 - GET /api/asset/status/list -> 200 (0.005s)
2026-07-10 19:23:52.000 | INFO     | __main__:log_requests:44 - GET /api/report/dashboard -> 200 (0.019s)
2026-07-10 19:23:52.018 | INFO     | __main__:log_requests:44 - GET /api/repair/list -> 200 (0.016s)
2026-07-10 19:23:52.018 | INFO     | __main__:log_requests:44 - GET /api/apply/pending -> 200 (0.016s)
2026-07-10 19:23:52.036 | INFO     | __main__:log_requests:44 - GET /api/report/asset -> 200 (0.035s)
2026-07-10 19:24:11.608 | INFO     | __main__:log_requests:44 - GET /api/asset/status/list -> 200 (0.005s)
2026-07-10 19:24:11.662 | INFO     | __main__:log_requests:44 - GET /api/repair/list -> 200 (0.032s)
2026-07-10 19:24:11.662 | INFO     | __main__:log_requests:44 - GET /api/report/dashboard -> 200 (0.035s)
2026-07-10 19:24:11.682 | INFO     | __main__:log_requests:44 - GET /api/apply/pending -> 200 (0.051s)
2026-07-10 19:24:11.683 | INFO     | __main__:log_requests:44 - GET /api/report/asset -> 200 (0.054s)
2026-07-10 19:24:56.207 | INFO     | __main__:log_requests:44 - GET /api/asset/status/list -> 200 (0.008s)
2026-07-10 19:24:56.285 | INFO     | __main__:log_requests:44 - GET /api/report/dashboard -> 200 (0.047s)
2026-07-10 19:24:56.288 | INFO     | __main__:log_requests:44 - GET /api/repair/list -> 200 (0.044s)
2026-07-10 19:24:56.289 | INFO     | __main__:log_requests:44 - GET /api/apply/pending -> 200 (0.045s)
2026-07-10 19:24:56.324 | INFO     | __main__:log_requests:44 - GET /api/report/asset -> 200 (0.080s)
2026-07-10 19:27:15.607 | INFO     | __main__:log_requests:44 - GET /api/asset/status/list -> 200 (0.004s)
2026-07-10 19:27:15.667 | INFO     | __main__:log_requests:44 - GET /api/report/dashboard -> 200 (0.039s)
2026-07-10 19:27:15.673 | INFO     | __main__:log_requests:44 - GET /api/repair/list -> 200 (0.042s)
2026-07-10 19:27:15.685 | INFO     | __main__:log_requests:44 - GET /api/apply/pending -> 200 (0.043s)
2026-07-10 19:27:15.687 | INFO     | __main__:log_requests:44 - GET /api/report/asset -> 200 (0.057s)
2026-07-10 19:28:15.521 | INFO     | __main__:log_requests:44 - GET /api/asset/status/list -> 200 (0.005s)
2026-07-10 19:28:15.744 | INFO     | __main__:log_requests:44 - GET /api/report/dashboard -> 200 (0.209s)
2026-07-10 19:28:15.755 | INFO     | __main__:log_requests:44 - GET /api/repair/list -> 200 (0.217s)
2026-07-10 19:28:15.756 | INFO     | __main__:log_requests:44 - GET /api/apply/pending -> 200 (0.034s)
2026-07-10 19:28:15.756 | INFO     | __main__:log_requests:44 - GET /api/report/asset -> 200 (0.219s)
2026-07-10 19:28:36.302 | INFO     | __main__:log_requests:44 - GET /api/asset/category/list -> 200 (0.014s)
2026-07-10 19:28:36.322 | INFO     | __main__:log_requests:44 - GET /api/asset/status/list -> 200 (0.004s)
2026-07-10 19:28:36.347 | INFO     | __main__:log_requests:44 - GET /api/asset/list -> 200 (0.014s)
2026-07-10 19:28:43.663 | INFO     | __main__:log_requests:44 - GET /api/apply/my -> 200 (0.009s)
2026-07-10 19:28:46.172 | INFO     | __main__:log_requests:44 - GET /api/apply/pending -> 200 (0.007s)
2026-07-10 19:28:49.919 | INFO     | __main__:log_requests:44 - PUT /api/apply/approve -> 200 (0.202s)
2026-07-10 19:28:49.936 | INFO     | __main__:log_requests:44 - GET /api/apply/pending -> 200 (0.006s)
2026-07-10 19:28:56.523 | INFO     | __main__:log_requests:44 - GET /api/apply/approved -> 200 (0.008s)
2026-07-10 19:28:58.404 | INFO     | __main__:log_requests:44 - GET /api/apply/pending -> 200 (0.006s)
2026-07-10 19:32:51.915 | INFO     | __main__:log_requests:44 - PUT /api/apply/approve -> 200 (0.139s)
2026-07-10 19:32:51.940 | INFO     | __main__:log_requests:44 - GET /api/apply/pending -> 200 (0.011s)
2026-07-10 19:32:53.311 | INFO     | __main__:log_requests:44 - GET /api/apply/approved -> 200 (0.008s)
2026-07-10 19:32:59.602 | INFO     | __main__:log_requests:44 - GET /api/apply/10 -> 200 (0.017s)
2026-07-10 19:33:04.265 | INFO     | __main__:log_requests:44 - GET /api/apply/approved -> 200 (0.007s)
2026-07-10 19:33:07.830 | INFO     | __main__:log_requests:44 - GET /api/apply/9 -> 200 (0.006s)
2026-07-10 19:33:13.152 | INFO     | __main__:log_requests:44 - GET /api/apply/approved -> 200 (0.007s)
2026-07-10 19:33:14.413 | INFO     | __main__:log_requests:44 - GET /api/apply/approved -> 200 (0.007s)
2026-07-10 19:33:15.000 | INFO     | __main__:log_requests:44 - GET /api/apply/approved -> 200 (0.006s)
2026-07-10 19:33:20.045 | INFO     | __main__:log_requests:44 - GET /api/apply/approved -> 200 (0.007s)
2026-07-10 19:33:24.290 | INFO     | __main__:log_requests:44 - GET /api/apply/approved -> 200 (0.005s)
2026-07-10 19:33:29.165 | INFO     | __main__:log_requests:44 - GET /api/apply/approved -> 200 (0.005s)
2026-07-10 19:33:30.042 | INFO     | __main__:log_requests:44 - GET /api/apply/approved -> 200 (0.005s)
2026-07-10 19:38:41.582 | INFO     | __main__:log_requests:44 - GET /api/apply/approved -> 200 (0.013s)
2026-07-10 19:38:54.997 | INFO     | __main__:log_requests:44 - POST /api/auth/login -> 200 (0.312s)
2026-07-10 19:38:55.013 | INFO     | __main__:log_requests:44 - GET /api/user/profile -> 200 (0.010s)
2026-07-10 19:38:55.214 | INFO     | __main__:log_requests:44 - GET /api/asset/status/list -> 200 (0.006s)
2026-07-10 19:38:55.259 | INFO     | __main__:log_requests:44 - GET /api/apply/pending -> 403 (0.027s)
2026-07-10 19:38:55.260 | INFO     | __main__:log_requests:44 - GET /api/repair/list -> 200 (0.026s)
2026-07-10 19:38:55.262 | INFO     | __main__:log_requests:44 - GET /api/report/asset -> 403 (0.032s)
2026-07-10 19:38:55.262 | INFO     | __main__:log_requests:44 - GET /api/report/dashboard -> 403 (0.031s)
2026-07-10 19:38:58.500 | INFO     | __main__:log_requests:44 - GET /api/asset/list -> 403 (0.002s)
2026-07-10 19:39:17.187 | INFO     | __main__:log_requests:44 - GET /api/asset/list -> 403 (0.002s)
2026-07-10 19:39:23.592 | INFO     | __main__:log_requests:44 - GET /api/asset/list -> 403 (0.001s)
2026-07-10 19:40:25.956 | INFO     | __main__:<module>:63 - Gateway starting on port 9900, PID=28192
2026-07-10 19:40:37.875 | INFO     | __main__:log_requests:44 - GET /api/asset/list -> 200 (0.159s)
2026-07-10 19:40:50.364 | INFO     | __main__:log_requests:44 - POST /api/apply/borrow -> 200 (0.174s)
2026-07-10 19:40:57.053 | INFO     | __main__:log_requests:44 - POST /api/auth/login -> 200 (0.276s)
2026-07-10 19:40:57.067 | INFO     | __main__:log_requests:44 - GET /api/user/profile -> 200 (0.009s)
2026-07-10 19:40:57.229 | INFO     | __main__:log_requests:44 - GET /api/asset/status/list -> 200 (0.005s)
2026-07-10 19:40:57.477 | INFO     | __main__:log_requests:44 - GET /api/report/dashboard -> 200 (0.227s)
2026-07-10 19:40:57.482 | INFO     | __main__:log_requests:44 - GET /api/repair/list -> 200 (0.227s)
2026-07-10 19:40:57.484 | INFO     | __main__:log_requests:44 - GET /api/report/asset -> 200 (0.231s)
2026-07-10 19:40:57.484 | INFO     | __main__:log_requests:44 - GET /api/apply/pending -> 200 (0.226s)
2026-07-10 19:41:04.225 | INFO     | __main__:log_requests:44 - GET /api/asset/category/list -> 200 (0.039s)
2026-07-10 19:41:04.242 | INFO     | __main__:log_requests:44 - GET /api/asset/status/list -> 200 (0.005s)
2026-07-10 19:41:04.264 | INFO     | __main__:log_requests:44 - GET /api/asset/list -> 200 (0.008s)
2026-07-10 19:41:09.466 | INFO     | __main__:log_requests:44 - GET /api/apply/my -> 200 (0.009s)
2026-07-10 19:41:10.549 | INFO     | __main__:log_requests:44 - GET /api/apply/pending -> 200 (0.008s)
2026-07-10 19:41:22.649 | INFO     | __main__:log_requests:44 - PUT /api/apply/approve -> 200 (0.106s)
2026-07-10 19:41:22.672 | INFO     | __main__:log_requests:44 - GET /api/apply/pending -> 200 (0.007s)
2026-07-10 19:41:57.743 | INFO     | __main__:log_requests:44 - GET /api/apply/pending -> 200 (0.006s)
2026-07-10 19:42:05.924 | INFO     | __main__:log_requests:44 - GET /api/apply/11 -> 200 (0.009s)
2026-07-10 19:46:12.769 | INFO     | __main__:<module>:63 - Gateway starting on port 9900, PID=6156
2026-07-10 19:46:17.692 | ERROR    | __main__:global_exception_handler:50 - Unhandled exception on GET /api/apply/11
Traceback (most recent call last):

  File "D:\__lybix__\DEVTools\miniconda3\envs\fams\Lib\site-packages\sqlalchemy\engine\base.py", line 1969, in _exec_single_context
    self.dialect.do_execute(
    │    │       └ <function DefaultDialect.do_execute at 0x0000018B641CEDE0>
    │    └ <sqlalchemy.dialects.mysql.pymysql.MySQLDialect_pymysql object at 0x0000018B64A438D0>
    └ <sqlalchemy.engine.base.Connection object at 0x0000018B6430CFD0>
  File "D:\__lybix__\DEVTools\miniconda3\envs\fams\Lib\site-packages\sqlalchemy\engine\default.py", line 952, in do_execute
    cursor.execute(statement, parameters)
    │      │       │          └ {'apply_id': 11}
    │      │       └ 'SELECT a.apply_id, a.apply_type, a.applicant_id, u.nickname AS applicant_name,\n                        a.dept_id, d.dept_na...
    │      └ <function Cursor.execute at 0x0000018B64B27D80>
    └ <pymysql.cursors.Cursor object at 0x0000018B64B86F90>
  File "D:\__lybix__\DEVTools\miniconda3\envs\fams\Lib\site-packages\pymysql\cursors.py", line 170, in execute
    result = self._query(query)
             │    │      └ 'SELECT a.apply_id, a.apply_type, a.applicant_id, u.nickname AS applicant_name,\n                        a.dept_id, d.dept_na...
             │    └ <function Cursor._query at 0x0000018B64B7C2C0>
             └ <pymysql.cursors.Cursor object at 0x0000018B64B86F90>
  File "D:\__lybix__\DEVTools\miniconda3\envs\fams\Lib\site-packages\pymysql\cursors.py", line 328, in _query
    conn.query(q)
    │    │     └ 'SELECT a.apply_id, a.apply_type, a.applicant_id, u.nickname AS applicant_name,\n                        a.dept_id, d.dept_na...
    │    └ <function Connection.query at 0x0000018B64B7FEC0>
    └ <pymysql.connections.Connection object at 0x0000018B6430BB10>
  File "D:\__lybix__\DEVTools\miniconda3\envs\fams\Lib\site-packages\pymysql\connections.py", line 517, in query
    self._affected_rows = self._read_query_result(unbuffered=unbuffered)
    │    │                │    │                             └ False
    │    │                │    └ <function Connection._read_query_result at 0x0000018B64B805E0>
    │    │                └ <pymysql.connections.Connection object at 0x0000018B6430BB10>
    │    └ 1
    └ <pymysql.connections.Connection object at 0x0000018B6430BB10>
  File "D:\__lybix__\DEVTools\miniconda3\envs\fams\Lib\site-packages\pymysql\connections.py", line 732, in _read_query_result
    result.read()
    │      └ <function MySQLResult.read at 0x0000018B64B80EA0>
    └ <pymysql.connections.MySQLResult object at 0x0000018B642FDD10>
  File "D:\__lybix__\DEVTools\miniconda3\envs\fams\Lib\site-packages\pymysql\connections.py", line 1075, in read
    first_packet = self.connection._read_packet()
                   │    └ None
                   └ <pymysql.connections.MySQLResult object at 0x0000018B642FDD10>
  File "D:\__lybix__\DEVTools\miniconda3\envs\fams\Lib\site-packages\pymysql\connections.py", line 684, in _read_packet
    packet.check_error()
    │      └ <function MysqlPacket.check_error at 0x0000018B64B7E3E0>
    └ <pymysql.protocol.MysqlPacket object at 0x0000018B64B76050>
  File "D:\__lybix__\DEVTools\miniconda3\envs\fams\Lib\site-packages\pymysql\protocol.py", line 220, in check_error
    err.raise_mysql_exception(self._data)
    │   │                     │    └ <member '_data' of 'MysqlPacket' objects>
    │   │                     └ <pymysql.protocol.MysqlPacket object at 0x0000018B64B76050>
    │   └ <function raise_mysql_exception at 0x0000018B64B25620>
    └ <module 'pymysql.err' from 'D:\\__lybix__\\DEVTools\\miniconda3\\envs\\fams\\Lib\\site-packages\\pymysql\\err.py'>
  File "D:\__lybix__\DEVTools\miniconda3\envs\fams\Lib\site-packages\pymysql\err.py", line 109, in raise_mysql_exception
    raise errorclass(errno, errval)
          │          │      └ "Table 'workflow_db.asset_info' doesn't exist"
          │          └ 1146
          └ <class 'pymysql.err.ProgrammingError'>

pymysql.err.ProgrammingError: (1146, "Table 'workflow_db.asset_info' doesn't exist")


The above exception was the direct cause of the following exception:


Traceback (most recent call last):

  File "D:\__lybix__\_Codes\FAMS-NEPU\platform\server\services\svr_gateway\main.py", line 64, in <module>
    uvicorn.run(app, host="0.0.0.0", port=gateway_config.HTTP_PORT)
    │       │   │                         │              └ 9900
    │       │   │                         └ <services.svr_gateway.config.GatewayConfig object at 0x0000018B62918E10>
    │       │   └ <fastapi.applications.FastAPI object at 0x0000018B6484D890>
    │       └ <function run at 0x0000018B6168FD80>
    └ <module 'uvicorn' from 'D:\\__lybix__\\DEVTools\\miniconda3\\envs\\fams\\Lib\\site-packages\\uvicorn\\__init__.py'>

  File "D:\__lybix__\DEVTools\miniconda3\envs\fams\Lib\site-packages\uvicorn\main.py", line 621, in run
    server.run()
    │      └ <function Server.run at 0x0000018B61820860>
    └ <uvicorn.server.Server object at 0x0000018B642ECB90>
  File "D:\__lybix__\DEVTools\miniconda3\envs\fams\Lib\site-packages\uvicorn\server.py", line 74, in run
    return asyncio_run(self.serve(sockets=sockets), loop_factory=self.config.get_loop_factory())
           │           │    │             │                      │    │      └ <function Config.get_loop_factory at 0x0000018B6168D1C0>
           │           │    │             │                      │    └ <uvicorn.config.Config object at 0x0000018B642DE6D0>
           │           │    │             │                      └ <uvicorn.server.Server object at 0x0000018B642ECB90>
           │           │    │             └ None
           │           │    └ <function Server.serve at 0x0000018B61820900>
           │           └ <uvicorn.server.Server object at 0x0000018B642ECB90>
           └ <function asyncio_run at 0x0000018B61607740>
  File "D:\__lybix__\DEVTools\miniconda3\envs\fams\Lib\site-packages\uvicorn\_compat.py", line 30, in asyncio_run
    return runner.run(main)
           │      │   └ <coroutine object Server.serve at 0x0000018B64854130>
           │      └ <function Runner.run at 0x0000018B6102F560>
           └ <asyncio.runners.Runner object at 0x0000018B62B2AD50>
  File "D:\__lybix__\DEVTools\miniconda3\envs\fams\Lib\asyncio\runners.py", line 118, in run
    return self._loop.run_until_complete(task)
           │    │     │                  └ <Task pending name='Task-1' coro=<Server.serve() running at D:\__lybix__\DEVTools\miniconda3\envs\fams\Lib\site-packages\uvic...
           │    │     └ <function BaseEventLoop.run_until_complete at 0x0000018B6102D120>
           │    └ <ProactorEventLoop running=True closed=False debug=False>
           └ <asyncio.runners.Runner object at 0x0000018B62B2AD50>
  File "D:\__lybix__\DEVTools\miniconda3\envs\fams\Lib\asyncio\base_events.py", line 637, in run_until_complete
    self.run_forever()
    │    └ <function ProactorEventLoop.run_forever at 0x0000018B61104860>
    └ <ProactorEventLoop running=True closed=False debug=False>
  File "D:\__lybix__\DEVTools\miniconda3\envs\fams\Lib\asyncio\windows_events.py", line 321, in run_forever
    super().run_forever()
  File "D:\__lybix__\DEVTools\miniconda3\envs\fams\Lib\asyncio\base_events.py", line 604, in run_forever
    self._run_once()
    │    └ <function BaseEventLoop._run_once at 0x0000018B6102EE80>
    └ <ProactorEventLoop running=True closed=False debug=False>
  File "D:\__lybix__\DEVTools\miniconda3\envs\fams\Lib\asyncio\base_events.py", line 1909, in _run_once
    handle._run()
    │      └ <function Handle._run at 0x0000018B5F9993A0>
    └ <Handle Task.task_wakeup(<Future finished result=None>)>
  File "D:\__lybix__\DEVTools\miniconda3\envs\fams\Lib\asyncio\events.py", line 80, in _run
    self._context.run(self._callback, *self._args)
    │    │            │    │           │    └ <member '_args' of 'Handle' objects>
    │    │            │    │           └ <Handle Task.task_wakeup(<Future finished result=None>)>
    │    │            │    └ <member '_callback' of 'Handle' objects>
    │    │            └ <Handle Task.task_wakeup(<Future finished result=None>)>
    │    └ <member '_context' of 'Handle' objects>
    └ <Handle Task.task_wakeup(<Future finished result=None>)>
  File "D:\__lybix__\DEVTools\miniconda3\envs\fams\Lib\site-packages\uvicorn\protocols\http\httptools_impl.py", line 422, in run_asgi
    result = await app(  # type: ignore[func-returns-value]
                   └ <uvicorn.middleware.proxy_headers.ProxyHeadersMiddleware object at 0x0000018B64852DD0>
  File "D:\__lybix__\DEVTools\miniconda3\envs\fams\Lib\site-packages\uvicorn\middleware\proxy_headers.py", line 63, in __call__
    return await self.app(scope, receive, send)
                 │    │   │      │        └ <bound method RequestResponseCycle.send of <uvicorn.protocols.http.httptools_impl.RequestResponseCycle object at 0x0000018B64...
                 │    │   │      └ <bound method RequestResponseCycle.receive of <uvicorn.protocols.http.httptools_impl.RequestResponseCycle object at 0x0000018...
                 │    │   └ {'type': 'http', 'asgi': {'version': '3.0', 'spec_version': '2.3'}, 'http_version': '1.1', 'server': ('127.0.0.1', 9900), 'cl...
                 │    └ <fastapi.applications.FastAPI object at 0x0000018B6484D890>
                 └ <uvicorn.middleware.proxy_headers.ProxyHeadersMiddleware object at 0x0000018B64852DD0>
  File "D:\__lybix__\DEVTools\miniconda3\envs\fams\Lib\site-packages\fastapi\applications.py", line 1163, in __call__
    await super().__call__(scope, receive, send)
                           │      │        └ <bound method RequestResponseCycle.send of <uvicorn.protocols.http.httptools_impl.RequestResponseCycle object at 0x0000018B64...
                           │      └ <bound method RequestResponseCycle.receive of <uvicorn.protocols.http.httptools_impl.RequestResponseCycle object at 0x0000018...
                           └ {'type': 'http', 'asgi': {'version': '3.0', 'spec_version': '2.3'}, 'http_version': '1.1', 'server': ('127.0.0.1', 9900), 'cl...
  File "D:\__lybix__\DEVTools\miniconda3\envs\fams\Lib\site-packages\starlette\applications.py", line 90, in __call__
    await self.middleware_stack(scope, receive, send)
          │    │                │      │        └ <bound method RequestResponseCycle.send of <uvicorn.protocols.http.httptools_impl.RequestResponseCycle object at 0x0000018B64...
          │    │                │      └ <bound method RequestResponseCycle.receive of <uvicorn.protocols.http.httptools_impl.RequestResponseCycle object at 0x0000018...
          │    │                └ {'type': 'http', 'asgi': {'version': '3.0', 'spec_version': '2.3'}, 'http_version': '1.1', 'server': ('127.0.0.1', 9900), 'cl...
          │    └ <starlette.middleware.errors.ServerErrorMiddleware object at 0x0000018B648D5010>
          └ <fastapi.applications.FastAPI object at 0x0000018B6484D890>
> File "D:\__lybix__\DEVTools\miniconda3\envs\fams\Lib\site-packages\starlette\middleware\errors.py", line 164, in __call__
    await self.app(scope, receive, _send)
          │    │   │      │        └ <function ServerErrorMiddleware.__call__.<locals>._send at 0x0000018B648E31A0>
          │    │   │      └ <bound method RequestResponseCycle.receive of <uvicorn.protocols.http.httptools_impl.RequestResponseCycle object at 0x0000018...
          │    │   └ {'type': 'http', 'asgi': {'version': '3.0', 'spec_version': '2.3'}, 'http_version': '1.1', 'server': ('127.0.0.1', 9900), 'cl...
          │    └ <starlette.middleware.base.BaseHTTPMiddleware object at 0x0000018B64307510>
          └ <starlette.middleware.errors.ServerErrorMiddleware object at 0x0000018B648D5010>
  File "D:\__lybix__\DEVTools\miniconda3\envs\fams\Lib\contextlib.py", line 222, in __aexit__
    await self.gen.athrow(typ, value, traceback)
          │    │   │      │    │      └ <traceback object at 0x0000018B64B87E40>
          │    │   │      │    └ ProgrammingError('(pymysql.err.ProgrammingError) (1146, "Table \'workflow_db.asset_info\' doesn\'t exist")')
          │    │   │      └ <class 'sqlalchemy.exc.ProgrammingError'>
          │    │   └ <method 'athrow' of 'async_generator' objects>
          │    └ <async_generator object create_collapsing_task_group at 0x0000018B648C9E40>
          └ <contextlib._AsyncGeneratorContextManager object at 0x0000018B64919A90>
  File "D:\__lybix__\DEVTools\miniconda3\envs\fams\Lib\site-packages\starlette\_utils.py", line 93, in create_collapsing_task_group
    raise exc from exc.__cause__ or context
          │        │   │            └ None
          │        │   └ <attribute '__cause__' of 'BaseException' objects>
          │        └ ProgrammingError('(pymysql.err.ProgrammingError) (1146, "Table \'workflow_db.asset_info\' doesn\'t exist")')
          └ ProgrammingError('(pymysql.err.ProgrammingError) (1146, "Table \'workflow_db.asset_info\' doesn\'t exist")')
  File "D:\__lybix__\DEVTools\miniconda3\envs\fams\Lib\site-packages\starlette\_utils.py", line 86, in create_collapsing_task_group
    yield tg
          └ <anyio._backends._asyncio.TaskGroup object at 0x0000018B64919B50>
  File "D:\__lybix__\DEVTools\miniconda3\envs\fams\Lib\site-packages\starlette\middleware\base.py", line 193, in __call__
    response = await self.dispatch_func(request, call_next)
                     │    │             │        └ <function BaseHTTPMiddleware.__call__.<locals>.call_next at 0x0000018B648E32E0>
                     │    │             └ <starlette.middleware.base._CachedRequest object at 0x0000018B648D5D10>
                     │    └ <function log_requests at 0x0000018B64841580>
                     └ <starlette.middleware.base.BaseHTTPMiddleware object at 0x0000018B64307510>

  File "D:\__lybix__\_Codes\FAMS-NEPU\platform\server\services\svr_gateway\main.py", line 42, in log_requests
    response = await call_next(request)
                     │         └ <starlette.middleware.base._CachedRequest object at 0x0000018B648D5D10>
                     └ <function BaseHTTPMiddleware.__call__.<locals>.call_next at 0x0000018B648E32E0>

  File "D:\__lybix__\DEVTools\miniconda3\envs\fams\Lib\site-packages\starlette\middleware\base.py", line 168, in call_next
    raise app_exc from app_exc.__cause__ or app_exc.__context__
          │            │       │            │       └ <attribute '__context__' of 'BaseException' objects>
          │            │       │            └ ProgrammingError('(pymysql.err.ProgrammingError) (1146, "Table \'workflow_db.asset_info\' doesn\'t exist")')
          │            │       └ <attribute '__cause__' of 'BaseException' objects>
          │            └ ProgrammingError('(pymysql.err.ProgrammingError) (1146, "Table \'workflow_db.asset_info\' doesn\'t exist")')
          └ ProgrammingError('(pymysql.err.ProgrammingError) (1146, "Table \'workflow_db.asset_info\' doesn\'t exist")')
  File "D:\__lybix__\DEVTools\miniconda3\envs\fams\Lib\site-packages\starlette\middleware\base.py", line 144, in coro
    await self.app(scope, receive_or_disconnect, send_no_error)
          │    │   │      │                      └ <function BaseHTTPMiddleware.__call__.<locals>.call_next.<locals>.send_no_error at 0x0000018B64908220>
          │    │   │      └ <function BaseHTTPMiddleware.__call__.<locals>.call_next.<locals>.receive_or_disconnect at 0x0000018B648C6700>
          │    │   └ {'type': 'http', 'asgi': {'version': '3.0', 'spec_version': '2.3'}, 'http_version': '1.1', 'server': ('127.0.0.1', 9900), 'cl...
          │    └ <starlette.middleware.cors.CORSMiddleware object at 0x0000018B648D4F50>
          └ <starlette.middleware.base.BaseHTTPMiddleware object at 0x0000018B64307510>
  File "D:\__lybix__\DEVTools\miniconda3\envs\fams\Lib\site-packages\starlette\middleware\cors.py", line 88, in __call__
    await self.app(scope, receive, send)
          │    │   │      │        └ <function BaseHTTPMiddleware.__call__.<locals>.call_next.<locals>.send_no_error at 0x0000018B64908220>
          │    │   │      └ <function BaseHTTPMiddleware.__call__.<locals>.call_next.<locals>.receive_or_disconnect at 0x0000018B648C6700>
          │    │   └ {'type': 'http', 'asgi': {'version': '3.0', 'spec_version': '2.3'}, 'http_version': '1.1', 'server': ('127.0.0.1', 9900), 'cl...
          │    └ <starlette.middleware.exceptions.ExceptionMiddleware object at 0x0000018B642EF6D0>
          └ <starlette.middleware.cors.CORSMiddleware object at 0x0000018B648D4F50>
  File "D:\__lybix__\DEVTools\miniconda3\envs\fams\Lib\site-packages\starlette\middleware\exceptions.py", line 63, in __call__
    await wrap_app_handling_exceptions(self.app, conn)(scope, receive, send)
          │                            │    │    │     │      │        └ <function BaseHTTPMiddleware.__call__.<locals>.call_next.<locals>.send_no_error at 0x0000018B64908220>
          │                            │    │    │     │      └ <function BaseHTTPMiddleware.__call__.<locals>.call_next.<locals>.receive_or_disconnect at 0x0000018B648C6700>
          │                            │    │    │     └ {'type': 'http', 'asgi': {'version': '3.0', 'spec_version': '2.3'}, 'http_version': '1.1', 'server': ('127.0.0.1', 9900), 'cl...
          │                            │    │    └ <starlette.requests.Request object at 0x0000018B648D6C10>
          │                            │    └ <fastapi.middleware.asyncexitstack.AsyncExitStackMiddleware object at 0x0000018B648D4E50>
          │                            └ <starlette.middleware.exceptions.ExceptionMiddleware object at 0x0000018B642EF6D0>
          └ <function wrap_app_handling_exceptions at 0x0000018B6280F100>
  File "D:\__lybix__\DEVTools\miniconda3\envs\fams\Lib\site-packages\starlette\_exception_handler.py", line 53, in wrapped_app
    raise exc
  File "D:\__lybix__\DEVTools\miniconda3\envs\fams\Lib\site-packages\starlette\_exception_handler.py", line 42, in wrapped_app
    await app(scope, receive, sender)
          │   │      │        └ <function wrap_app_handling_exceptions.<locals>.wrapped_app.<locals>.sender at 0x0000018B64969620>
          │   │      └ <function BaseHTTPMiddleware.__call__.<locals>.call_next.<locals>.receive_or_disconnect at 0x0000018B648C6700>
          │   └ {'type': 'http', 'asgi': {'version': '3.0', 'spec_version': '2.3'}, 'http_version': '1.1', 'server': ('127.0.0.1', 9900), 'cl...
          └ <fastapi.middleware.asyncexitstack.AsyncExitStackMiddleware object at 0x0000018B648D4E50>
  File "D:\__lybix__\DEVTools\miniconda3\envs\fams\Lib\site-packages\fastapi\middleware\asyncexitstack.py", line 18, in __call__
    await self.app(scope, receive, send)
          │    │   │      │        └ <function wrap_app_handling_exceptions.<locals>.wrapped_app.<locals>.sender at 0x0000018B64969620>
          │    │   │      └ <function BaseHTTPMiddleware.__call__.<locals>.call_next.<locals>.receive_or_disconnect at 0x0000018B648C6700>
          │    │   └ {'type': 'http', 'asgi': {'version': '3.0', 'spec_version': '2.3'}, 'http_version': '1.1', 'server': ('127.0.0.1', 9900), 'cl...
          │    └ <fastapi.routing.APIRouter object at 0x0000018B6484E610>
          └ <fastapi.middleware.asyncexitstack.AsyncExitStackMiddleware object at 0x0000018B648D4E50>
  File "D:\__lybix__\DEVTools\miniconda3\envs\fams\Lib\site-packages\starlette\routing.py", line 660, in __call__
    await self.middleware_stack(scope, receive, send)
          │    │                │      │        └ <function wrap_app_handling_exceptions.<locals>.wrapped_app.<locals>.sender at 0x0000018B64969620>
          │    │                │      └ <function BaseHTTPMiddleware.__call__.<locals>.call_next.<locals>.receive_or_disconnect at 0x0000018B648C6700>
          │    │                └ {'type': 'http', 'asgi': {'version': '3.0', 'spec_version': '2.3'}, 'http_version': '1.1', 'server': ('127.0.0.1', 9900), 'cl...
          │    └ <bound method APIRouter.app of <fastapi.routing.APIRouter object at 0x0000018B6484E610>>
          └ <fastapi.routing.APIRouter object at 0x0000018B6484E610>
  File "D:\__lybix__\DEVTools\miniconda3\envs\fams\Lib\site-packages\fastapi\routing.py", line 2683, in app
    await route.handle(scope, receive, send)
          │     │      │      │        └ <function wrap_app_handling_exceptions.<locals>.wrapped_app.<locals>.sender at 0x0000018B64969620>
          │     │      │      └ <function BaseHTTPMiddleware.__call__.<locals>.call_next.<locals>.receive_or_disconnect at 0x0000018B648C6700>
          │     │      └ {'type': 'http', 'asgi': {'version': '3.0', 'spec_version': '2.3'}, 'http_version': '1.1', 'server': ('127.0.0.1', 9900), 'cl...
          │     └ <function _IncludedRouter.handle at 0x0000018B62851BC0>
          └ _IncludedRouter(original_router=<fastapi.routing.APIRouter object at 0x0000018B5EFD4490>, include_context=_RouterIncludeConte...
  File "D:\__lybix__\DEVTools\miniconda3\envs\fams\Lib\site-packages\fastapi\routing.py", line 1753, in handle
    await self.original_router.handle(scope, receive, send)
          │    │               │      │      │        └ <function wrap_app_handling_exceptions.<locals>.wrapped_app.<locals>.sender at 0x0000018B64969620>
          │    │               │      │      └ <function BaseHTTPMiddleware.__call__.<locals>.call_next.<locals>.receive_or_disconnect at 0x0000018B648C6700>
          │    │               │      └ {'type': 'http', 'asgi': {'version': '3.0', 'spec_version': '2.3'}, 'http_version': '1.1', 'server': ('127.0.0.1', 9900), 'cl...
          │    │               └ <function APIRouter.handle at 0x0000018B62853BA0>
          │    └ <fastapi.routing.APIRouter object at 0x0000018B5EFD4490>
          └ _IncludedRouter(original_router=<fastapi.routing.APIRouter object at 0x0000018B5EFD4490>, include_context=_RouterIncludeConte...
  File "D:\__lybix__\DEVTools\miniconda3\envs\fams\Lib\site-packages\fastapi\routing.py", line 2738, in handle
    await included_router._handle_selected(scope, receive, send)
          │               │                │      │        └ <function wrap_app_handling_exceptions.<locals>.wrapped_app.<locals>.sender at 0x0000018B64969620>
          │               │                │      └ <function BaseHTTPMiddleware.__call__.<locals>.call_next.<locals>.receive_or_disconnect at 0x0000018B648C6700>
          │               │                └ {'type': 'http', 'asgi': {'version': '3.0', 'spec_version': '2.3'}, 'http_version': '1.1', 'server': ('127.0.0.1', 9900), 'cl...
          │               └ <function _IncludedRouter._handle_selected at 0x0000018B62851C60>
          └ _IncludedRouter(original_router=<fastapi.routing.APIRouter object at 0x0000018B5EFD4490>, include_context=_RouterIncludeConte...
  File "D:\__lybix__\DEVTools\miniconda3\envs\fams\Lib\site-packages\fastapi\routing.py", line 1773, in _handle_selected
    await original_route.handle(scope, receive, send)
          │              │      │      │        └ <function wrap_app_handling_exceptions.<locals>.wrapped_app.<locals>.sender at 0x0000018B64969620>
          │              │      │      └ <function BaseHTTPMiddleware.__call__.<locals>.call_next.<locals>.receive_or_disconnect at 0x0000018B648C6700>
          │              │      └ {'type': 'http', 'asgi': {'version': '3.0', 'spec_version': '2.3'}, 'http_version': '1.1', 'server': ('127.0.0.1', 9900), 'cl...
          │              └ <function APIRoute.handle at 0x0000018B6283BCE0>
          └ APIRoute(path='/api/apply/{apply_id}', name='apply_detail', methods=['GET'])
  File "D:\__lybix__\DEVTools\miniconda3\envs\fams\Lib\site-packages\fastapi\routing.py", line 1264, in handle
    await app(scope, receive, send)
          │   │      │        └ <function wrap_app_handling_exceptions.<locals>.wrapped_app.<locals>.sender at 0x0000018B64969620>
          │   │      └ <function BaseHTTPMiddleware.__call__.<locals>.call_next.<locals>.receive_or_disconnect at 0x0000018B648C6700>
          │   └ {'type': 'http', 'asgi': {'version': '3.0', 'spec_version': '2.3'}, 'http_version': '1.1', 'server': ('127.0.0.1', 9900), 'cl...
          └ <function request_response.<locals>.app at 0x0000018B64969760>
  File "D:\__lybix__\DEVTools\miniconda3\envs\fams\Lib\site-packages\fastapi\routing.py", line 150, in app
    await wrap_app_handling_exceptions(app, request)(scope, receive, send)
          │                            │    │        │      │        └ <function wrap_app_handling_exceptions.<locals>.wrapped_app.<locals>.sender at 0x0000018B64969620>
          │                            │    │        │      └ <function BaseHTTPMiddleware.__call__.<locals>.call_next.<locals>.receive_or_disconnect at 0x0000018B648C6700>
          │                            │    │        └ {'type': 'http', 'asgi': {'version': '3.0', 'spec_version': '2.3'}, 'http_version': '1.1', 'server': ('127.0.0.1', 9900), 'cl...
          │                            │    └ <starlette.requests.Request object at 0x0000018B64A24E90>
          │                            └ <function request_response.<locals>.app.<locals>.app at 0x0000018B64969940>
          └ <function wrap_app_handling_exceptions at 0x0000018B6280F100>
  File "D:\__lybix__\DEVTools\miniconda3\envs\fams\Lib\site-packages\starlette\_exception_handler.py", line 53, in wrapped_app
    raise exc
  File "D:\__lybix__\DEVTools\miniconda3\envs\fams\Lib\site-packages\starlette\_exception_handler.py", line 42, in wrapped_app
    await app(scope, receive, sender)
          │   │      │        └ <function wrap_app_handling_exceptions.<locals>.wrapped_app.<locals>.sender at 0x0000018B64969A80>
          │   │      └ <function BaseHTTPMiddleware.__call__.<locals>.call_next.<locals>.receive_or_disconnect at 0x0000018B648C6700>
          │   └ {'type': 'http', 'asgi': {'version': '3.0', 'spec_version': '2.3'}, 'http_version': '1.1', 'server': ('127.0.0.1', 9900), 'cl...
          └ <function request_response.<locals>.app.<locals>.app at 0x0000018B64969940>
  File "D:\__lybix__\DEVTools\miniconda3\envs\fams\Lib\site-packages\fastapi\routing.py", line 136, in app
    response = await f(request)
                     │ └ <starlette.requests.Request object at 0x0000018B64A24E90>
                     └ <function get_request_handler.<locals>.app at 0x0000018B649698A0>
  File "D:\__lybix__\DEVTools\miniconda3\envs\fams\Lib\site-packages\fastapi\routing.py", line 690, in app
    raw_response = await run_endpoint_function(
                         └ <function run_endpoint_function at 0x0000018B6283AF20>
  File "D:\__lybix__\DEVTools\miniconda3\envs\fams\Lib\site-packages\fastapi\routing.py", line 344, in run_endpoint_function
    return await dependant.call(**values)
                 │         │      └ {'current_user': {'user_id': 2, 'username': 'cs_admin', 'dept_id': 2, 'role_keys': ['college_admin'], 'exp': 1783770057, 'iat...
                 │         └ <function apply_detail at 0x0000018B647B45E0>
                 └ Dependant(path_params=[ModelField(field_info=Path(PydanticUndefined), name='apply_id', mode='validation', config=None)], quer...

  File "D:\__lybix__\_Codes\FAMS-NEPU\platform\server\services\svr_gateway\routes.py", line 605, in apply_detail
    detail = logic.get_apply_detail(apply_id)
             │     │                └ 11
             │     └ <function ApplyLogic.get_apply_detail at 0x0000018B6458C360>
             └ <data.logic.apply_logic.ApplyLogic object at 0x0000018B64998490>

  File "D:\__lybix__\_Codes\FAMS-NEPU\platform\server\data\logic\apply_logic.py", line 70, in get_apply_detail
    apply = self.apply_dao.get_apply_by_id(apply_id)
            │    │         │               └ 11
            │    │         └ <function ApplyDAO.get_apply_by_id at 0x0000018B645737E0>
            │    └ <data.basic.apply_dao.ApplyDAO object at 0x0000018B642E5D90>
            └ <data.logic.apply_logic.ApplyLogic object at 0x0000018B64998490>

  File "D:\__lybix__\_Codes\FAMS-NEPU\platform\server\data\basic\apply_dao.py", line 29, in get_apply_by_id
    return self._execute_one(sql, {"apply_id": apply_id})
           │    │            │                 └ 11
           │    │            └ 'SELECT a.apply_id, a.apply_type, a.applicant_id, u.nickname AS applicant_name,\n                        a.dept_id, d.dept_na...
           │    └ <function BaseDAO._execute_one at 0x0000018B641AFF60>
           └ <data.basic.apply_dao.ApplyDAO object at 0x0000018B642E5D90>

  File "D:\__lybix__\_Codes\FAMS-NEPU\platform\server\data\basic\base_dao.py", line 47, in _execute_one
    rows = self._execute(sql, params)
           │    │        │    └ {'apply_id': 11}
           │    │        └ 'SELECT a.apply_id, a.apply_type, a.applicant_id, u.nickname AS applicant_name,\n                        a.dept_id, d.dept_na...
           │    └ <function BaseDAO._execute at 0x0000018B641AFB00>
           └ <data.basic.apply_dao.ApplyDAO object at 0x0000018B642E5D90>

  File "D:\__lybix__\_Codes\FAMS-NEPU\platform\server\data\basic\base_dao.py", line 39, in _execute
    result = conn.execute(text(sql), params or {})
             │    │       │    │     └ {'apply_id': 11}
             │    │       │    └ 'SELECT a.apply_id, a.apply_type, a.applicant_id, u.nickname AS applicant_name,\n                        a.dept_id, d.dept_na...
             │    │       └ <function text at 0x0000018B630E7F60>
             │    └ <function Connection.execute at 0x0000018B6412ACA0>
             └ <sqlalchemy.engine.base.Connection object at 0x0000018B6430CFD0>

  File "D:\__lybix__\DEVTools\miniconda3\envs\fams\Lib\site-packages\sqlalchemy\engine\base.py", line 1421, in execute
    return meth(
           └ <bound method ClauseElement._execute_on_connection of <sqlalchemy.sql.elements.TextClause object at 0x0000018B6430ACD0>>
  File "D:\__lybix__\DEVTools\miniconda3\envs\fams\Lib\site-packages\sqlalchemy\sql\elements.py", line 526, in _execute_on_connection
    return connection._execute_clauseelement(
           │          └ <function Connection._execute_clauseelement at 0x0000018B6412AFC0>
           └ <sqlalchemy.engine.base.Connection object at 0x0000018B6430CFD0>
  File "D:\__lybix__\DEVTools\miniconda3\envs\fams\Lib\site-packages\sqlalchemy\engine\base.py", line 1643, in _execute_clauseelement
    ret = self._execute_context(
          │    └ <function Connection._execute_context at 0x0000018B6412B1A0>
          └ <sqlalchemy.engine.base.Connection object at 0x0000018B6430CFD0>
  File "D:\__lybix__\DEVTools\miniconda3\envs\fams\Lib\site-packages\sqlalchemy\engine\base.py", line 1848, in _execute_context
    return self._exec_single_context(
           │    └ <function Connection._exec_single_context at 0x0000018B6412B240>
           └ <sqlalchemy.engine.base.Connection object at 0x0000018B6430CFD0>
  File "D:\__lybix__\DEVTools\miniconda3\envs\fams\Lib\site-packages\sqlalchemy\engine\base.py", line 1988, in _exec_single_context
    self._handle_dbapi_exception(
    │    └ <function Connection._handle_dbapi_exception at 0x0000018B6412B4C0>
    └ <sqlalchemy.engine.base.Connection object at 0x0000018B6430CFD0>
  File "D:\__lybix__\DEVTools\miniconda3\envs\fams\Lib\site-packages\sqlalchemy\engine\base.py", line 2365, in _handle_dbapi_exception
    raise sqlalchemy_exception.with_traceback(exc_info[2]) from e
          │                    │              │                 └ ProgrammingError(1146, "Table 'workflow_db.asset_info' doesn't exist")
          │                    │              └ (<class 'pymysql.err.ProgrammingError'>, ProgrammingError(1146, "Table 'workflow_db.asset_info' doesn't exist"), <traceback o...
          │                    └ <method 'with_traceback' of 'BaseException' objects>
          └ ProgrammingError('(pymysql.err.ProgrammingError) (1146, "Table \'workflow_db.asset_info\' doesn\'t exist")')
  File "D:\__lybix__\DEVTools\miniconda3\envs\fams\Lib\site-packages\sqlalchemy\engine\base.py", line 1969, in _exec_single_context
    self.dialect.do_execute(
    │    │       └ <function DefaultDialect.do_execute at 0x0000018B641CEDE0>
    │    └ <sqlalchemy.dialects.mysql.pymysql.MySQLDialect_pymysql object at 0x0000018B64A438D0>
    └ <sqlalchemy.engine.base.Connection object at 0x0000018B6430CFD0>
  File "D:\__lybix__\DEVTools\miniconda3\envs\fams\Lib\site-packages\sqlalchemy\engine\default.py", line 952, in do_execute
    cursor.execute(statement, parameters)
    │      │       │          └ {'apply_id': 11}
    │      │       └ 'SELECT a.apply_id, a.apply_type, a.applicant_id, u.nickname AS applicant_name,\n                        a.dept_id, d.dept_na...
    │      └ <function Cursor.execute at 0x0000018B64B27D80>
    └ <pymysql.cursors.Cursor object at 0x0000018B64B86F90>
  File "D:\__lybix__\DEVTools\miniconda3\envs\fams\Lib\site-packages\pymysql\cursors.py", line 170, in execute
    result = self._query(query)
             │    │      └ 'SELECT a.apply_id, a.apply_type, a.applicant_id, u.nickname AS applicant_name,\n                        a.dept_id, d.dept_na...
             │    └ <function Cursor._query at 0x0000018B64B7C2C0>
             └ <pymysql.cursors.Cursor object at 0x0000018B64B86F90>
  File "D:\__lybix__\DEVTools\miniconda3\envs\fams\Lib\site-packages\pymysql\cursors.py", line 328, in _query
    conn.query(q)
    │    │     └ 'SELECT a.apply_id, a.apply_type, a.applicant_id, u.nickname AS applicant_name,\n                        a.dept_id, d.dept_na...
    │    └ <function Connection.query at 0x0000018B64B7FEC0>
    └ <pymysql.connections.Connection object at 0x0000018B6430BB10>
  File "D:\__lybix__\DEVTools\miniconda3\envs\fams\Lib\site-packages\pymysql\connections.py", line 517, in query
    self._affected_rows = self._read_query_result(unbuffered=unbuffered)
    │    │                │    │                             └ False
    │    │                │    └ <function Connection._read_query_result at 0x0000018B64B805E0>
    │    │                └ <pymysql.connections.Connection object at 0x0000018B6430BB10>
    │    └ 1
    └ <pymysql.connections.Connection object at 0x0000018B6430BB10>
  File "D:\__lybix__\DEVTools\miniconda3\envs\fams\Lib\site-packages\pymysql\connections.py", line 732, in _read_query_result
    result.read()
    │      └ <function MySQLResult.read at 0x0000018B64B80EA0>
    └ <pymysql.connections.MySQLResult object at 0x0000018B642FDD10>
  File "D:\__lybix__\DEVTools\miniconda3\envs\fams\Lib\site-packages\pymysql\connections.py", line 1075, in read
    first_packet = self.connection._read_packet()
                   │    └ None
                   └ <pymysql.connections.MySQLResult object at 0x0000018B642FDD10>
  File "D:\__lybix__\DEVTools\miniconda3\envs\fams\Lib\site-packages\pymysql\connections.py", line 684, in _read_packet
    packet.check_error()
    │      └ <function MysqlPacket.check_error at 0x0000018B64B7E3E0>
    └ <pymysql.protocol.MysqlPacket object at 0x0000018B64B76050>
  File "D:\__lybix__\DEVTools\miniconda3\envs\fams\Lib\site-packages\pymysql\protocol.py", line 220, in check_error
    err.raise_mysql_exception(self._data)
    │   │                     │    └ <member '_data' of 'MysqlPacket' objects>
    │   │                     └ <pymysql.protocol.MysqlPacket object at 0x0000018B64B76050>
    │   └ <function raise_mysql_exception at 0x0000018B64B25620>
    └ <module 'pymysql.err' from 'D:\\__lybix__\\DEVTools\\miniconda3\\envs\\fams\\Lib\\site-packages\\pymysql\\err.py'>
  File "D:\__lybix__\DEVTools\miniconda3\envs\fams\Lib\site-packages\pymysql\err.py", line 109, in raise_mysql_exception
    raise errorclass(errno, errval)
          │          │      └ "Table 'workflow_db.asset_info' doesn't exist"
          │          └ 1146
          └ <class 'pymysql.err.ProgrammingError'>

sqlalchemy.exc.ProgrammingError: (pymysql.err.ProgrammingError) (1146, "Table 'workflow_db.asset_info' doesn't exist")
[SQL: SELECT a.apply_id, a.apply_type, a.applicant_id, u.nickname AS applicant_name,
                        a.dept_id, d.dept_name, a.asset_id, ast.asset_name,
                        a.reason, a.expect_return_time, a.status, a.current_node,
                        a.create_time, a.update_time
                 FROM asset_apply a
                 LEFT JOIN user_auth_db.sys_user u ON a.applicant_id = u.user_id
                 LEFT JOIN user_auth_db.sys_dept d ON a.dept_id = d.dept_id
                 LEFT JOIN asset_info ast ON a.asset_id = ast.asset_id
                 WHERE a.apply_id = %(apply_id)s]
[parameters: {'apply_id': 11}]
(Background on this error at: https://sqlalche.me/e/20/f405)
2026-07-10 19:46:20.011 | INFO     | __main__:log_requests:44 - GET /api/asset/status/list -> 200 (0.031s)
2026-07-10 19:46:20.139 | INFO     | __main__:log_requests:44 - GET /api/report/asset -> 200 (0.119s)
2026-07-10 19:46:20.145 | INFO     | __main__:log_requests:44 - GET /api/repair/list -> 200 (0.121s)
2026-07-10 19:46:20.243 | ERROR    | __main__:global_exception_handler:50 - Unhandled exception on GET /api/apply/pending
Traceback (most recent call last):

  File "D:\__lybix__\DEVTools\miniconda3\envs\fams\Lib\site-packages\sqlalchemy\engine\base.py", line 1969, in _exec_single_context
    self.dialect.do_execute(
    │    │       └ <function DefaultDialect.do_execute at 0x0000018B641CEDE0>
    │    └ <sqlalchemy.dialects.mysql.pymysql.MySQLDialect_pymysql object at 0x0000018B64A438D0>
    └ <sqlalchemy.engine.base.Connection object at 0x0000018B64EA2850>
  File "D:\__lybix__\DEVTools\miniconda3\envs\fams\Lib\site-packages\sqlalchemy\engine\default.py", line 952, in do_execute
    cursor.execute(statement, parameters)
    │      │       │          └ {'dept_id': 2, 'limit': 5, 'offset': 0}
    │      │       └ "SELECT a.apply_id, a.apply_type, a.applicant_id, u.nickname AS applicant_name,\n                              a.dept_id, d.d...
    │      └ <function Cursor.execute at 0x0000018B64B27D80>
    └ <pymysql.cursors.Cursor object at 0x0000018B64EC8810>
  File "D:\__lybix__\DEVTools\miniconda3\envs\fams\Lib\site-packages\pymysql\cursors.py", line 170, in execute
    result = self._query(query)
             │    │      └ "SELECT a.apply_id, a.apply_type, a.applicant_id, u.nickname AS applicant_name,\n                              a.dept_id, d.d...
             │    └ <function Cursor._query at 0x0000018B64B7C2C0>
             └ <pymysql.cursors.Cursor object at 0x0000018B64EC8810>
  File "D:\__lybix__\DEVTools\miniconda3\envs\fams\Lib\site-packages\pymysql\cursors.py", line 328, in _query
    conn.query(q)
    │    │     └ "SELECT a.apply_id, a.apply_type, a.applicant_id, u.nickname AS applicant_name,\n                              a.dept_id, d.d...
    │    └ <function Connection.query at 0x0000018B64B7FEC0>
    └ <pymysql.connections.Connection object at 0x0000018B6430BB10>
  File "D:\__lybix__\DEVTools\miniconda3\envs\fams\Lib\site-packages\pymysql\connections.py", line 517, in query
    self._affected_rows = self._read_query_result(unbuffered=unbuffered)
    │    │                │    │                             └ False
    │    │                │    └ <function Connection._read_query_result at 0x0000018B64B805E0>
    │    │                └ <pymysql.connections.Connection object at 0x0000018B6430BB10>
    │    └ 1
    └ <pymysql.connections.Connection object at 0x0000018B6430BB10>
  File "D:\__lybix__\DEVTools\miniconda3\envs\fams\Lib\site-packages\pymysql\connections.py", line 732, in _read_query_result
    result.read()
    │      └ <function MySQLResult.read at 0x0000018B64B80EA0>
    └ <pymysql.connections.MySQLResult object at 0x0000018B64EC8D90>
  File "D:\__lybix__\DEVTools\miniconda3\envs\fams\Lib\site-packages\pymysql\connections.py", line 1075, in read
    first_packet = self.connection._read_packet()
                   │    └ None
                   └ <pymysql.connections.MySQLResult object at 0x0000018B64EC8D90>
  File "D:\__lybix__\DEVTools\miniconda3\envs\fams\Lib\site-packages\pymysql\connections.py", line 684, in _read_packet
    packet.check_error()
    │      └ <function MysqlPacket.check_error at 0x0000018B64B7E3E0>
    └ <pymysql.protocol.MysqlPacket object at 0x0000018B64E8F190>
  File "D:\__lybix__\DEVTools\miniconda3\envs\fams\Lib\site-packages\pymysql\protocol.py", line 220, in check_error
    err.raise_mysql_exception(self._data)
    │   │                     │    └ <member '_data' of 'MysqlPacket' objects>
    │   │                     └ <pymysql.protocol.MysqlPacket object at 0x0000018B64E8F190>
    │   └ <function raise_mysql_exception at 0x0000018B64B25620>
    └ <module 'pymysql.err' from 'D:\\__lybix__\\DEVTools\\miniconda3\\envs\\fams\\Lib\\site-packages\\pymysql\\err.py'>
  File "D:\__lybix__\DEVTools\miniconda3\envs\fams\Lib\site-packages\pymysql\err.py", line 109, in raise_mysql_exception
    raise errorclass(errno, errval)
          │          │      └ "Table 'workflow_db.asset_info' doesn't exist"
          │          └ 1146
          └ <class 'pymysql.err.ProgrammingError'>

pymysql.err.ProgrammingError: (1146, "Table 'workflow_db.asset_info' doesn't exist")


The above exception was the direct cause of the following exception:


Traceback (most recent call last):

  File "D:\__lybix__\_Codes\FAMS-NEPU\platform\server\services\svr_gateway\main.py", line 64, in <module>
    uvicorn.run(app, host="0.0.0.0", port=gateway_config.HTTP_PORT)
    │       │   │                         │              └ 9900
    │       │   │                         └ <services.svr_gateway.config.GatewayConfig object at 0x0000018B62918E10>
    │       │   └ <fastapi.applications.FastAPI object at 0x0000018B6484D890>
    │       └ <function run at 0x0000018B6168FD80>
    └ <module 'uvicorn' from 'D:\\__lybix__\\DEVTools\\miniconda3\\envs\\fams\\Lib\\site-packages\\uvicorn\\__init__.py'>

  File "D:\__lybix__\DEVTools\miniconda3\envs\fams\Lib\site-packages\uvicorn\main.py", line 621, in run
    server.run()
    │      └ <function Server.run at 0x0000018B61820860>
    └ <uvicorn.server.Server object at 0x0000018B642ECB90>
  File "D:\__lybix__\DEVTools\miniconda3\envs\fams\Lib\site-packages\uvicorn\server.py", line 74, in run
    return asyncio_run(self.serve(sockets=sockets), loop_factory=self.config.get_loop_factory())
           │           │    │             │                      │    │      └ <function Config.get_loop_factory at 0x0000018B6168D1C0>
           │           │    │             │                      │    └ <uvicorn.config.Config object at 0x0000018B642DE6D0>
           │           │    │             │                      └ <uvicorn.server.Server object at 0x0000018B642ECB90>
           │           │    │             └ None
           │           │    └ <function Server.serve at 0x0000018B61820900>
           │           └ <uvicorn.server.Server object at 0x0000018B642ECB90>
           └ <function asyncio_run at 0x0000018B61607740>
  File "D:\__lybix__\DEVTools\miniconda3\envs\fams\Lib\site-packages\uvicorn\_compat.py", line 30, in asyncio_run
    return runner.run(main)
           │      │   └ <coroutine object Server.serve at 0x0000018B64854130>
           │      └ <function Runner.run at 0x0000018B6102F560>
           └ <asyncio.runners.Runner object at 0x0000018B62B2AD50>
  File "D:\__lybix__\DEVTools\miniconda3\envs\fams\Lib\asyncio\runners.py", line 118, in run
    return self._loop.run_until_complete(task)
           │    │     │                  └ <Task pending name='Task-1' coro=<Server.serve() running at D:\__lybix__\DEVTools\miniconda3\envs\fams\Lib\site-packages\uvic...
           │    │     └ <function BaseEventLoop.run_until_complete at 0x0000018B6102D120>
           │    └ <ProactorEventLoop running=True closed=False debug=False>
           └ <asyncio.runners.Runner object at 0x0000018B62B2AD50>
  File "D:\__lybix__\DEVTools\miniconda3\envs\fams\Lib\asyncio\base_events.py", line 637, in run_until_complete
    self.run_forever()
    │    └ <function ProactorEventLoop.run_forever at 0x0000018B61104860>
    └ <ProactorEventLoop running=True closed=False debug=False>
  File "D:\__lybix__\DEVTools\miniconda3\envs\fams\Lib\asyncio\windows_events.py", line 321, in run_forever
    super().run_forever()
  File "D:\__lybix__\DEVTools\miniconda3\envs\fams\Lib\asyncio\base_events.py", line 604, in run_forever
    self._run_once()
    │    └ <function BaseEventLoop._run_once at 0x0000018B6102EE80>
    └ <ProactorEventLoop running=True closed=False debug=False>
  File "D:\__lybix__\DEVTools\miniconda3\envs\fams\Lib\asyncio\base_events.py", line 1909, in _run_once
    handle._run()
    │      └ <function Handle._run at 0x0000018B5F9993A0>
    └ <Handle Task.task_wakeup(<Future finished result=None>)>
  File "D:\__lybix__\DEVTools\miniconda3\envs\fams\Lib\asyncio\events.py", line 80, in _run
    self._context.run(self._callback, *self._args)
    │    │            │    │           │    └ <member '_args' of 'Handle' objects>
    │    │            │    │           └ <Handle Task.task_wakeup(<Future finished result=None>)>
    │    │            │    └ <member '_callback' of 'Handle' objects>
    │    │            └ <Handle Task.task_wakeup(<Future finished result=None>)>
    │    └ <member '_context' of 'Handle' objects>
    └ <Handle Task.task_wakeup(<Future finished result=None>)>
  File "D:\__lybix__\DEVTools\miniconda3\envs\fams\Lib\site-packages\uvicorn\protocols\http\httptools_impl.py", line 422, in run_asgi
    result = await app(  # type: ignore[func-returns-value]
                   └ <uvicorn.middleware.proxy_headers.ProxyHeadersMiddleware object at 0x0000018B64852DD0>
  File "D:\__lybix__\DEVTools\miniconda3\envs\fams\Lib\site-packages\uvicorn\middleware\proxy_headers.py", line 63, in __call__
    return await self.app(scope, receive, send)
                 │    │   │      │        └ <bound method RequestResponseCycle.send of <uvicorn.protocols.http.httptools_impl.RequestResponseCycle object at 0x0000018B64...
                 │    │   │      └ <bound method RequestResponseCycle.receive of <uvicorn.protocols.http.httptools_impl.RequestResponseCycle object at 0x0000018...
                 │    │   └ {'type': 'http', 'asgi': {'version': '3.0', 'spec_version': '2.3'}, 'http_version': '1.1', 'server': ('127.0.0.1', 9900), 'cl...
                 │    └ <fastapi.applications.FastAPI object at 0x0000018B6484D890>
                 └ <uvicorn.middleware.proxy_headers.ProxyHeadersMiddleware object at 0x0000018B64852DD0>
  File "D:\__lybix__\DEVTools\miniconda3\envs\fams\Lib\site-packages\fastapi\applications.py", line 1163, in __call__
    await super().__call__(scope, receive, send)
                           │      │        └ <bound method RequestResponseCycle.send of <uvicorn.protocols.http.httptools_impl.RequestResponseCycle object at 0x0000018B64...
                           │      └ <bound method RequestResponseCycle.receive of <uvicorn.protocols.http.httptools_impl.RequestResponseCycle object at 0x0000018...
                           └ {'type': 'http', 'asgi': {'version': '3.0', 'spec_version': '2.3'}, 'http_version': '1.1', 'server': ('127.0.0.1', 9900), 'cl...
  File "D:\__lybix__\DEVTools\miniconda3\envs\fams\Lib\site-packages\starlette\applications.py", line 90, in __call__
    await self.middleware_stack(scope, receive, send)
          │    │                │      │        └ <bound method RequestResponseCycle.send of <uvicorn.protocols.http.httptools_impl.RequestResponseCycle object at 0x0000018B64...
          │    │                │      └ <bound method RequestResponseCycle.receive of <uvicorn.protocols.http.httptools_impl.RequestResponseCycle object at 0x0000018...
          │    │                └ {'type': 'http', 'asgi': {'version': '3.0', 'spec_version': '2.3'}, 'http_version': '1.1', 'server': ('127.0.0.1', 9900), 'cl...
          │    └ <starlette.middleware.errors.ServerErrorMiddleware object at 0x0000018B648D5010>
          └ <fastapi.applications.FastAPI object at 0x0000018B6484D890>
> File "D:\__lybix__\DEVTools\miniconda3\envs\fams\Lib\site-packages\starlette\middleware\errors.py", line 164, in __call__
    await self.app(scope, receive, _send)
          │    │   │      │        └ <function ServerErrorMiddleware.__call__.<locals>._send at 0x0000018B64E807C0>
          │    │   │      └ <bound method RequestResponseCycle.receive of <uvicorn.protocols.http.httptools_impl.RequestResponseCycle object at 0x0000018...
          │    │   └ {'type': 'http', 'asgi': {'version': '3.0', 'spec_version': '2.3'}, 'http_version': '1.1', 'server': ('127.0.0.1', 9900), 'cl...
          │    └ <starlette.middleware.base.BaseHTTPMiddleware object at 0x0000018B64307510>
          └ <starlette.middleware.errors.ServerErrorMiddleware object at 0x0000018B648D5010>
  File "D:\__lybix__\DEVTools\miniconda3\envs\fams\Lib\contextlib.py", line 222, in __aexit__
    await self.gen.athrow(typ, value, traceback)
          │    │   │      │    │      └ <traceback object at 0x0000018B64EC9A40>
          │    │   │      │    └ ProgrammingError('(pymysql.err.ProgrammingError) (1146, "Table \'workflow_db.asset_info\' doesn\'t exist")')
          │    │   │      └ <class 'sqlalchemy.exc.ProgrammingError'>
          │    │   └ <method 'athrow' of 'async_generator' objects>
          │    └ <async_generator object create_collapsing_task_group at 0x0000018B64E7E840>
          └ <contextlib._AsyncGeneratorContextManager object at 0x0000018B64EA0E90>
  File "D:\__lybix__\DEVTools\miniconda3\envs\fams\Lib\site-packages\starlette\_utils.py", line 93, in create_collapsing_task_group
    raise exc from exc.__cause__ or context
          │        │   │            └ None
          │        │   └ <attribute '__cause__' of 'BaseException' objects>
          │        └ ProgrammingError('(pymysql.err.ProgrammingError) (1146, "Table \'workflow_db.asset_info\' doesn\'t exist")')
          └ ProgrammingError('(pymysql.err.ProgrammingError) (1146, "Table \'workflow_db.asset_info\' doesn\'t exist")')
  File "D:\__lybix__\DEVTools\miniconda3\envs\fams\Lib\site-packages\starlette\_utils.py", line 86, in create_collapsing_task_group
    yield tg
          └ <anyio._backends._asyncio.TaskGroup object at 0x0000018B64EA0ED0>
  File "D:\__lybix__\DEVTools\miniconda3\envs\fams\Lib\site-packages\starlette\middleware\base.py", line 193, in __call__
    response = await self.dispatch_func(request, call_next)
                     │    │             │        └ <function BaseHTTPMiddleware.__call__.<locals>.call_next at 0x0000018B64E811C0>
                     │    │             └ <starlette.middleware.base._CachedRequest object at 0x0000018B64EA0FD0>
                     │    └ <function log_requests at 0x0000018B64841580>
                     └ <starlette.middleware.base.BaseHTTPMiddleware object at 0x0000018B64307510>

  File "D:\__lybix__\_Codes\FAMS-NEPU\platform\server\services\svr_gateway\main.py", line 42, in log_requests
    response = await call_next(request)
                     │         └ <starlette.middleware.base._CachedRequest object at 0x0000018B64EA0FD0>
                     └ <function BaseHTTPMiddleware.__call__.<locals>.call_next at 0x0000018B64E811C0>

  File "D:\__lybix__\DEVTools\miniconda3\envs\fams\Lib\site-packages\starlette\middleware\base.py", line 168, in call_next
    raise app_exc from app_exc.__cause__ or app_exc.__context__
          │            │       │            │       └ <attribute '__context__' of 'BaseException' objects>
          │            │       │            └ ProgrammingError('(pymysql.err.ProgrammingError) (1146, "Table \'workflow_db.asset_info\' doesn\'t exist")')
          │            │       └ <attribute '__cause__' of 'BaseException' objects>
          │            └ ProgrammingError('(pymysql.err.ProgrammingError) (1146, "Table \'workflow_db.asset_info\' doesn\'t exist")')
          └ ProgrammingError('(pymysql.err.ProgrammingError) (1146, "Table \'workflow_db.asset_info\' doesn\'t exist")')
  File "D:\__lybix__\DEVTools\miniconda3\envs\fams\Lib\site-packages\starlette\middleware\base.py", line 144, in coro
    await self.app(scope, receive_or_disconnect, send_no_error)
          │    │   │      │                      └ <function BaseHTTPMiddleware.__call__.<locals>.call_next.<locals>.send_no_error at 0x0000018B64E813A0>
          │    │   │      └ <function BaseHTTPMiddleware.__call__.<locals>.call_next.<locals>.receive_or_disconnect at 0x0000018B64E81300>
          │    │   └ {'type': 'http', 'asgi': {'version': '3.0', 'spec_version': '2.3'}, 'http_version': '1.1', 'server': ('127.0.0.1', 9900), 'cl...
          │    └ <starlette.middleware.cors.CORSMiddleware object at 0x0000018B648D4F50>
          └ <starlette.middleware.base.BaseHTTPMiddleware object at 0x0000018B64307510>
  File "D:\__lybix__\DEVTools\miniconda3\envs\fams\Lib\site-packages\starlette\middleware\cors.py", line 88, in __call__
    await self.app(scope, receive, send)
          │    │   │      │        └ <function BaseHTTPMiddleware.__call__.<locals>.call_next.<locals>.send_no_error at 0x0000018B64E813A0>
          │    │   │      └ <function BaseHTTPMiddleware.__call__.<locals>.call_next.<locals>.receive_or_disconnect at 0x0000018B64E81300>
          │    │   └ {'type': 'http', 'asgi': {'version': '3.0', 'spec_version': '2.3'}, 'http_version': '1.1', 'server': ('127.0.0.1', 9900), 'cl...
          │    └ <starlette.middleware.exceptions.ExceptionMiddleware object at 0x0000018B642EF6D0>
          └ <starlette.middleware.cors.CORSMiddleware object at 0x0000018B648D4F50>
  File "D:\__lybix__\DEVTools\miniconda3\envs\fams\Lib\site-packages\starlette\middleware\exceptions.py", line 63, in __call__
    await wrap_app_handling_exceptions(self.app, conn)(scope, receive, send)
          │                            │    │    │     │      │        └ <function BaseHTTPMiddleware.__call__.<locals>.call_next.<locals>.send_no_error at 0x0000018B64E813A0>
          │                            │    │    │     │      └ <function BaseHTTPMiddleware.__call__.<locals>.call_next.<locals>.receive_or_disconnect at 0x0000018B64E81300>
          │                            │    │    │     └ {'type': 'http', 'asgi': {'version': '3.0', 'spec_version': '2.3'}, 'http_version': '1.1', 'server': ('127.0.0.1', 9900), 'cl...
          │                            │    │    └ <starlette.requests.Request object at 0x0000018B64EA2010>
          │                            │    └ <fastapi.middleware.asyncexitstack.AsyncExitStackMiddleware object at 0x0000018B648D4E50>
          │                            └ <starlette.middleware.exceptions.ExceptionMiddleware object at 0x0000018B642EF6D0>
          └ <function wrap_app_handling_exceptions at 0x0000018B6280F100>
  File "D:\__lybix__\DEVTools\miniconda3\envs\fams\Lib\site-packages\starlette\_exception_handler.py", line 53, in wrapped_app
    raise exc
  File "D:\__lybix__\DEVTools\miniconda3\envs\fams\Lib\site-packages\starlette\_exception_handler.py", line 42, in wrapped_app
    await app(scope, receive, sender)
          │   │      │        └ <function wrap_app_handling_exceptions.<locals>.wrapped_app.<locals>.sender at 0x0000018B64E816C0>
          │   │      └ <function BaseHTTPMiddleware.__call__.<locals>.call_next.<locals>.receive_or_disconnect at 0x0000018B64E81300>
          │   └ {'type': 'http', 'asgi': {'version': '3.0', 'spec_version': '2.3'}, 'http_version': '1.1', 'server': ('127.0.0.1', 9900), 'cl...
          └ <fastapi.middleware.asyncexitstack.AsyncExitStackMiddleware object at 0x0000018B648D4E50>
  File "D:\__lybix__\DEVTools\miniconda3\envs\fams\Lib\site-packages\fastapi\middleware\asyncexitstack.py", line 18, in __call__
    await self.app(scope, receive, send)
          │    │   │      │        └ <function wrap_app_handling_exceptions.<locals>.wrapped_app.<locals>.sender at 0x0000018B64E816C0>
          │    │   │      └ <function BaseHTTPMiddleware.__call__.<locals>.call_next.<locals>.receive_or_disconnect at 0x0000018B64E81300>
          │    │   └ {'type': 'http', 'asgi': {'version': '3.0', 'spec_version': '2.3'}, 'http_version': '1.1', 'server': ('127.0.0.1', 9900), 'cl...
          │    └ <fastapi.routing.APIRouter object at 0x0000018B6484E610>
          └ <fastapi.middleware.asyncexitstack.AsyncExitStackMiddleware object at 0x0000018B648D4E50>
  File "D:\__lybix__\DEVTools\miniconda3\envs\fams\Lib\site-packages\starlette\routing.py", line 660, in __call__
    await self.middleware_stack(scope, receive, send)
          │    │                │      │        └ <function wrap_app_handling_exceptions.<locals>.wrapped_app.<locals>.sender at 0x0000018B64E816C0>
          │    │                │      └ <function BaseHTTPMiddleware.__call__.<locals>.call_next.<locals>.receive_or_disconnect at 0x0000018B64E81300>
          │    │                └ {'type': 'http', 'asgi': {'version': '3.0', 'spec_version': '2.3'}, 'http_version': '1.1', 'server': ('127.0.0.1', 9900), 'cl...
          │    └ <bound method APIRouter.app of <fastapi.routing.APIRouter object at 0x0000018B6484E610>>
          └ <fastapi.routing.APIRouter object at 0x0000018B6484E610>
  File "D:\__lybix__\DEVTools\miniconda3\envs\fams\Lib\site-packages\fastapi\routing.py", line 2683, in app
    await route.handle(scope, receive, send)
          │     │      │      │        └ <function wrap_app_handling_exceptions.<locals>.wrapped_app.<locals>.sender at 0x0000018B64E816C0>
          │     │      │      └ <function BaseHTTPMiddleware.__call__.<locals>.call_next.<locals>.receive_or_disconnect at 0x0000018B64E81300>
          │     │      └ {'type': 'http', 'asgi': {'version': '3.0', 'spec_version': '2.3'}, 'http_version': '1.1', 'server': ('127.0.0.1', 9900), 'cl...
          │     └ <function _IncludedRouter.handle at 0x0000018B62851BC0>
          └ _IncludedRouter(original_router=<fastapi.routing.APIRouter object at 0x0000018B5EFD4490>, include_context=_RouterIncludeConte...
  File "D:\__lybix__\DEVTools\miniconda3\envs\fams\Lib\site-packages\fastapi\routing.py", line 1753, in handle
    await self.original_router.handle(scope, receive, send)
          │    │               │      │      │        └ <function wrap_app_handling_exceptions.<locals>.wrapped_app.<locals>.sender at 0x0000018B64E816C0>
          │    │               │      │      └ <function BaseHTTPMiddleware.__call__.<locals>.call_next.<locals>.receive_or_disconnect at 0x0000018B64E81300>
          │    │               │      └ {'type': 'http', 'asgi': {'version': '3.0', 'spec_version': '2.3'}, 'http_version': '1.1', 'server': ('127.0.0.1', 9900), 'cl...
          │    │               └ <function APIRouter.handle at 0x0000018B62853BA0>
          │    └ <fastapi.routing.APIRouter object at 0x0000018B5EFD4490>
          └ _IncludedRouter(original_router=<fastapi.routing.APIRouter object at 0x0000018B5EFD4490>, include_context=_RouterIncludeConte...
  File "D:\__lybix__\DEVTools\miniconda3\envs\fams\Lib\site-packages\fastapi\routing.py", line 2738, in handle
    await included_router._handle_selected(scope, receive, send)
          │               │                │      │        └ <function wrap_app_handling_exceptions.<locals>.wrapped_app.<locals>.sender at 0x0000018B64E816C0>
          │               │                │      └ <function BaseHTTPMiddleware.__call__.<locals>.call_next.<locals>.receive_or_disconnect at 0x0000018B64E81300>
          │               │                └ {'type': 'http', 'asgi': {'version': '3.0', 'spec_version': '2.3'}, 'http_version': '1.1', 'server': ('127.0.0.1', 9900), 'cl...
          │               └ <function _IncludedRouter._handle_selected at 0x0000018B62851C60>
          └ _IncludedRouter(original_router=<fastapi.routing.APIRouter object at 0x0000018B5EFD4490>, include_context=_RouterIncludeConte...
  File "D:\__lybix__\DEVTools\miniconda3\envs\fams\Lib\site-packages\fastapi\routing.py", line 1773, in _handle_selected
    await original_route.handle(scope, receive, send)
          │              │      │      │        └ <function wrap_app_handling_exceptions.<locals>.wrapped_app.<locals>.sender at 0x0000018B64E816C0>
          │              │      │      └ <function BaseHTTPMiddleware.__call__.<locals>.call_next.<locals>.receive_or_disconnect at 0x0000018B64E81300>
          │              │      └ {'type': 'http', 'asgi': {'version': '3.0', 'spec_version': '2.3'}, 'http_version': '1.1', 'server': ('127.0.0.1', 9900), 'cl...
          │              └ <function APIRoute.handle at 0x0000018B6283BCE0>
          └ APIRoute(path='/api/apply/pending', name='pending_applies', methods=['GET'])
  File "D:\__lybix__\DEVTools\miniconda3\envs\fams\Lib\site-packages\fastapi\routing.py", line 1264, in handle
    await app(scope, receive, send)
          │   │      │        └ <function wrap_app_handling_exceptions.<locals>.wrapped_app.<locals>.sender at 0x0000018B64E816C0>
          │   │      └ <function BaseHTTPMiddleware.__call__.<locals>.call_next.<locals>.receive_or_disconnect at 0x0000018B64E81300>
          │   └ {'type': 'http', 'asgi': {'version': '3.0', 'spec_version': '2.3'}, 'http_version': '1.1', 'server': ('127.0.0.1', 9900), 'cl...
          └ <function request_response.<locals>.app at 0x0000018B64E81800>
  File "D:\__lybix__\DEVTools\miniconda3\envs\fams\Lib\site-packages\fastapi\routing.py", line 150, in app
    await wrap_app_handling_exceptions(app, request)(scope, receive, send)
          │                            │    │        │      │        └ <function wrap_app_handling_exceptions.<locals>.wrapped_app.<locals>.sender at 0x0000018B64E816C0>
          │                            │    │        │      └ <function BaseHTTPMiddleware.__call__.<locals>.call_next.<locals>.receive_or_disconnect at 0x0000018B64E81300>
          │                            │    │        └ {'type': 'http', 'asgi': {'version': '3.0', 'spec_version': '2.3'}, 'http_version': '1.1', 'server': ('127.0.0.1', 9900), 'cl...
          │                            │    └ <starlette.requests.Request object at 0x0000018B64EA2190>
          │                            └ <function request_response.<locals>.app.<locals>.app at 0x0000018B64E81940>
          └ <function wrap_app_handling_exceptions at 0x0000018B6280F100>
  File "D:\__lybix__\DEVTools\miniconda3\envs\fams\Lib\site-packages\starlette\_exception_handler.py", line 53, in wrapped_app
    raise exc
  File "D:\__lybix__\DEVTools\miniconda3\envs\fams\Lib\site-packages\starlette\_exception_handler.py", line 42, in wrapped_app
    await app(scope, receive, sender)
          │   │      │        └ <function wrap_app_handling_exceptions.<locals>.wrapped_app.<locals>.sender at 0x0000018B64E81A80>
          │   │      └ <function BaseHTTPMiddleware.__call__.<locals>.call_next.<locals>.receive_or_disconnect at 0x0000018B64E81300>
          │   └ {'type': 'http', 'asgi': {'version': '3.0', 'spec_version': '2.3'}, 'http_version': '1.1', 'server': ('127.0.0.1', 9900), 'cl...
          └ <function request_response.<locals>.app.<locals>.app at 0x0000018B64E81940>
  File "D:\__lybix__\DEVTools\miniconda3\envs\fams\Lib\site-packages\fastapi\routing.py", line 136, in app
    response = await f(request)
                     │ └ <starlette.requests.Request object at 0x0000018B64EA2190>
                     └ <function get_request_handler.<locals>.app at 0x0000018B64E81760>
  File "D:\__lybix__\DEVTools\miniconda3\envs\fams\Lib\site-packages\fastapi\routing.py", line 690, in app
    raw_response = await run_endpoint_function(
                         └ <function run_endpoint_function at 0x0000018B6283AF20>
  File "D:\__lybix__\DEVTools\miniconda3\envs\fams\Lib\site-packages\fastapi\routing.py", line 344, in run_endpoint_function
    return await dependant.call(**values)
                 │         │      └ {'current_user': {'user_id': 2, 'username': 'cs_admin', 'dept_id': 2, 'role_keys': ['college_admin'], 'exp': 1783770057, 'iat...
                 │         └ <function pending_applies at 0x0000018B647B40E0>
                 └ Dependant(path_params=[], query_params=[ModelField(field_info=Query(), name='apply_type', mode='validation', config=None), Mo...

  File "D:\__lybix__\_Codes\FAMS-NEPU\platform\server\services\svr_gateway\routes.py", line 529, in pending_applies
    items, total = logic.list_pending(
                   │     └ <function ApplyLogic.list_pending at 0x0000018B6458C540>
                   └ <data.logic.apply_logic.ApplyLogic object at 0x0000018B64998490>

  File "D:\__lybix__\_Codes\FAMS-NEPU\platform\server\data\logic\apply_logic.py", line 86, in list_pending
    return self.apply_dao.list_pending(approver_id, dept_id, apply_type, page_num, page_size)
           │    │         │            │            │        │           │         └ 5
           │    │         │            │            │        │           └ 1
           │    │         │            │            │        └ ''
           │    │         │            │            └ 2
           │    │         │            └ 2
           │    │         └ <function ApplyDAO.list_pending at 0x0000018B64573CE0>
           │    └ <data.basic.apply_dao.ApplyDAO object at 0x0000018B642E5D90>
           └ <data.logic.apply_logic.ApplyLogic object at 0x0000018B64998490>

  File "D:\__lybix__\_Codes\FAMS-NEPU\platform\server\data\basic\apply_dao.py", line 96, in list_pending
    return self._execute(list_sql, params), total
           │    │        │         │        └ 1
           │    │        │         └ {'dept_id': 2, 'offset': 0, 'limit': 5}
           │    │        └ "SELECT a.apply_id, a.apply_type, a.applicant_id, u.nickname AS applicant_name,\n                              a.dept_id, d.d...
           │    └ <function BaseDAO._execute at 0x0000018B641AFB00>
           └ <data.basic.apply_dao.ApplyDAO object at 0x0000018B642E5D90>

  File "D:\__lybix__\_Codes\FAMS-NEPU\platform\server\data\basic\base_dao.py", line 39, in _execute
    result = conn.execute(text(sql), params or {})
             │    │       │    │     └ {'dept_id': 2, 'offset': 0, 'limit': 5}
             │    │       │    └ "SELECT a.apply_id, a.apply_type, a.applicant_id, u.nickname AS applicant_name,\n                              a.dept_id, d.d...
             │    │       └ <function text at 0x0000018B630E7F60>
             │    └ <function Connection.execute at 0x0000018B6412ACA0>
             └ <sqlalchemy.engine.base.Connection object at 0x0000018B64EA2850>

  File "D:\__lybix__\DEVTools\miniconda3\envs\fams\Lib\site-packages\sqlalchemy\engine\base.py", line 1421, in execute
    return meth(
           └ <bound method ClauseElement._execute_on_connection of <sqlalchemy.sql.elements.TextClause object at 0x0000018B64EBB490>>
  File "D:\__lybix__\DEVTools\miniconda3\envs\fams\Lib\site-packages\sqlalchemy\sql\elements.py", line 526, in _execute_on_connection
    return connection._execute_clauseelement(
           │          └ <function Connection._execute_clauseelement at 0x0000018B6412AFC0>
           └ <sqlalchemy.engine.base.Connection object at 0x0000018B64EA2850>
  File "D:\__lybix__\DEVTools\miniconda3\envs\fams\Lib\site-packages\sqlalchemy\engine\base.py", line 1643, in _execute_clauseelement
    ret = self._execute_context(
          │    └ <function Connection._execute_context at 0x0000018B6412B1A0>
          └ <sqlalchemy.engine.base.Connection object at 0x0000018B64EA2850>
  File "D:\__lybix__\DEVTools\miniconda3\envs\fams\Lib\site-packages\sqlalchemy\engine\base.py", line 1848, in _execute_context
    return self._exec_single_context(
           │    └ <function Connection._exec_single_context at 0x0000018B6412B240>
           └ <sqlalchemy.engine.base.Connection object at 0x0000018B64EA2850>
  File "D:\__lybix__\DEVTools\miniconda3\envs\fams\Lib\site-packages\sqlalchemy\engine\base.py", line 1988, in _exec_single_context
    self._handle_dbapi_exception(
    │    └ <function Connection._handle_dbapi_exception at 0x0000018B6412B4C0>
    └ <sqlalchemy.engine.base.Connection object at 0x0000018B64EA2850>
  File "D:\__lybix__\DEVTools\miniconda3\envs\fams\Lib\site-packages\sqlalchemy\engine\base.py", line 2365, in _handle_dbapi_exception
    raise sqlalchemy_exception.with_traceback(exc_info[2]) from e
          │                    │              │                 └ ProgrammingError(1146, "Table 'workflow_db.asset_info' doesn't exist")
          │                    │              └ (<class 'pymysql.err.ProgrammingError'>, ProgrammingError(1146, "Table 'workflow_db.asset_info' doesn't exist"), <traceback o...
          │                    └ <method 'with_traceback' of 'BaseException' objects>
          └ ProgrammingError('(pymysql.err.ProgrammingError) (1146, "Table \'workflow_db.asset_info\' doesn\'t exist")')
  File "D:\__lybix__\DEVTools\miniconda3\envs\fams\Lib\site-packages\sqlalchemy\engine\base.py", line 1969, in _exec_single_context
    self.dialect.do_execute(
    │    │       └ <function DefaultDialect.do_execute at 0x0000018B641CEDE0>
    │    └ <sqlalchemy.dialects.mysql.pymysql.MySQLDialect_pymysql object at 0x0000018B64A438D0>
    └ <sqlalchemy.engine.base.Connection object at 0x0000018B64EA2850>
  File "D:\__lybix__\DEVTools\miniconda3\envs\fams\Lib\site-packages\sqlalchemy\engine\default.py", line 952, in do_execute
    cursor.execute(statement, parameters)
    │      │       │          └ {'dept_id': 2, 'limit': 5, 'offset': 0}
    │      │       └ "SELECT a.apply_id, a.apply_type, a.applicant_id, u.nickname AS applicant_name,\n                              a.dept_id, d.d...
    │      └ <function Cursor.execute at 0x0000018B64B27D80>
    └ <pymysql.cursors.Cursor object at 0x0000018B64EC8810>
  File "D:\__lybix__\DEVTools\miniconda3\envs\fams\Lib\site-packages\pymysql\cursors.py", line 170, in execute
    result = self._query(query)
             │    │      └ "SELECT a.apply_id, a.apply_type, a.applicant_id, u.nickname AS applicant_name,\n                              a.dept_id, d.d...
             │    └ <function Cursor._query at 0x0000018B64B7C2C0>
             └ <pymysql.cursors.Cursor object at 0x0000018B64EC8810>
  File "D:\__lybix__\DEVTools\miniconda3\envs\fams\Lib\site-packages\pymysql\cursors.py", line 328, in _query
    conn.query(q)
    │    │     └ "SELECT a.apply_id, a.apply_type, a.applicant_id, u.nickname AS applicant_name,\n                              a.dept_id, d.d...
    │    └ <function Connection.query at 0x0000018B64B7FEC0>
    └ <pymysql.connections.Connection object at 0x0000018B6430BB10>
  File "D:\__lybix__\DEVTools\miniconda3\envs\fams\Lib\site-packages\pymysql\connections.py", line 517, in query
    self._affected_rows = self._read_query_result(unbuffered=unbuffered)
    │    │                │    │                             └ False
    │    │                │    └ <function Connection._read_query_result at 0x0000018B64B805E0>
    │    │                └ <pymysql.connections.Connection object at 0x0000018B6430BB10>
    │    └ 1
    └ <pymysql.connections.Connection object at 0x0000018B6430BB10>
  File "D:\__lybix__\DEVTools\miniconda3\envs\fams\Lib\site-packages\pymysql\connections.py", line 732, in _read_query_result
    result.read()
    │      └ <function MySQLResult.read at 0x0000018B64B80EA0>
    └ <pymysql.connections.MySQLResult object at 0x0000018B64EC8D90>
  File "D:\__lybix__\DEVTools\miniconda3\envs\fams\Lib\site-packages\pymysql\connections.py", line 1075, in read
    first_packet = self.connection._read_packet()
                   │    └ None
                   └ <pymysql.connections.MySQLResult object at 0x0000018B64EC8D90>
  File "D:\__lybix__\DEVTools\miniconda3\envs\fams\Lib\site-packages\pymysql\connections.py", line 684, in _read_packet
    packet.check_error()
    │      └ <function MysqlPacket.check_error at 0x0000018B64B7E3E0>
    └ <pymysql.protocol.MysqlPacket object at 0x0000018B64E8F190>
  File "D:\__lybix__\DEVTools\miniconda3\envs\fams\Lib\site-packages\pymysql\protocol.py", line 220, in check_error
    err.raise_mysql_exception(self._data)
    │   │                     │    └ <member '_data' of 'MysqlPacket' objects>
    │   │                     └ <pymysql.protocol.MysqlPacket object at 0x0000018B64E8F190>
    │   └ <function raise_mysql_exception at 0x0000018B64B25620>
    └ <module 'pymysql.err' from 'D:\\__lybix__\\DEVTools\\miniconda3\\envs\\fams\\Lib\\site-packages\\pymysql\\err.py'>
  File "D:\__lybix__\DEVTools\miniconda3\envs\fams\Lib\site-packages\pymysql\err.py", line 109, in raise_mysql_exception
    raise errorclass(errno, errval)
          │          │      └ "Table 'workflow_db.asset_info' doesn't exist"
          │          └ 1146
          └ <class 'pymysql.err.ProgrammingError'>

sqlalchemy.exc.ProgrammingError: (pymysql.err.ProgrammingError) (1146, "Table 'workflow_db.asset_info' doesn't exist")
[SQL: SELECT a.apply_id, a.apply_type, a.applicant_id, u.nickname AS applicant_name,
                              a.dept_id, d.dept_name, a.asset_id, ast.asset_name,
                              a.reason, a.status, a.current_node, a.create_time
                       FROM asset_apply a
                       LEFT JOIN user_auth_db.sys_user u ON a.applicant_id = u.user_id
                       LEFT JOIN user_auth_db.sys_dept d ON a.dept_id = d.dept_id
                       LEFT JOIN asset_info ast ON a.asset_id = ast.asset_id
                       WHERE a.status IN ('PENDING_COLLEGE', 'PENDING_SCHOOL') AND a.dept_id = %(dept_id)s
                       ORDER BY a.create_time DESC
                       LIMIT %(limit)s OFFSET %(offset)s]
[parameters: {'dept_id': 2, 'limit': 5, 'offset': 0}]
(Background on this error at: https://sqlalche.me/e/20/f405)
2026-07-10 19:46:20.426 | INFO     | __main__:log_requests:44 - GET /api/report/dashboard -> 200 (0.404s)
2026-07-10 19:46:23.319 | INFO     | __main__:log_requests:44 - GET /api/asset/status/list -> 200 (0.006s)
2026-07-10 19:46:23.388 | INFO     | __main__:log_requests:44 - GET /api/repair/list -> 200 (0.045s)
2026-07-10 19:46:23.389 | ERROR    | __main__:global_exception_handler:50 - Unhandled exception on GET /api/apply/pending
Traceback (most recent call last):

  File "D:\__lybix__\DEVTools\miniconda3\envs\fams\Lib\site-packages\sqlalchemy\engine\base.py", line 1969, in _exec_single_context
    self.dialect.do_execute(
    │    │       └ <function DefaultDialect.do_execute at 0x0000018B641CEDE0>
    │    └ <sqlalchemy.dialects.mysql.pymysql.MySQLDialect_pymysql object at 0x0000018B64A438D0>
    └ <sqlalchemy.engine.base.Connection object at 0x0000018B64EE2310>
  File "D:\__lybix__\DEVTools\miniconda3\envs\fams\Lib\site-packages\sqlalchemy\engine\default.py", line 952, in do_execute
    cursor.execute(statement, parameters)
    │      │       │          └ {'dept_id': 2, 'limit': 5, 'offset': 0}
    │      │       └ "SELECT a.apply_id, a.apply_type, a.applicant_id, u.nickname AS applicant_name,\n                              a.dept_id, d.d...
    │      └ <function Cursor.execute at 0x0000018B64B27D80>
    └ <pymysql.cursors.Cursor object at 0x0000018B64EF9890>
  File "D:\__lybix__\DEVTools\miniconda3\envs\fams\Lib\site-packages\pymysql\cursors.py", line 170, in execute
    result = self._query(query)
             │    │      └ "SELECT a.apply_id, a.apply_type, a.applicant_id, u.nickname AS applicant_name,\n                              a.dept_id, d.d...
             │    └ <function Cursor._query at 0x0000018B64B7C2C0>
             └ <pymysql.cursors.Cursor object at 0x0000018B64EF9890>
  File "D:\__lybix__\DEVTools\miniconda3\envs\fams\Lib\site-packages\pymysql\cursors.py", line 328, in _query
    conn.query(q)
    │    │     └ "SELECT a.apply_id, a.apply_type, a.applicant_id, u.nickname AS applicant_name,\n                              a.dept_id, d.d...
    │    └ <function Connection.query at 0x0000018B64B7FEC0>
    └ <pymysql.connections.Connection object at 0x0000018B6430BB10>
  File "D:\__lybix__\DEVTools\miniconda3\envs\fams\Lib\site-packages\pymysql\connections.py", line 517, in query
    self._affected_rows = self._read_query_result(unbuffered=unbuffered)
    │    │                │    │                             └ False
    │    │                │    └ <function Connection._read_query_result at 0x0000018B64B805E0>
    │    │                └ <pymysql.connections.Connection object at 0x0000018B6430BB10>
    │    └ 1
    └ <pymysql.connections.Connection object at 0x0000018B6430BB10>
  File "D:\__lybix__\DEVTools\miniconda3\envs\fams\Lib\site-packages\pymysql\connections.py", line 732, in _read_query_result
    result.read()
    │      └ <function MySQLResult.read at 0x0000018B64B80EA0>
    └ <pymysql.connections.MySQLResult object at 0x0000018B64EF9BD0>
  File "D:\__lybix__\DEVTools\miniconda3\envs\fams\Lib\site-packages\pymysql\connections.py", line 1075, in read
    first_packet = self.connection._read_packet()
                   │    └ None
                   └ <pymysql.connections.MySQLResult object at 0x0000018B64EF9BD0>
  File "D:\__lybix__\DEVTools\miniconda3\envs\fams\Lib\site-packages\pymysql\connections.py", line 684, in _read_packet
    packet.check_error()
    │      └ <function MysqlPacket.check_error at 0x0000018B64B7E3E0>
    └ <pymysql.protocol.MysqlPacket object at 0x0000018B64EC2D10>
  File "D:\__lybix__\DEVTools\miniconda3\envs\fams\Lib\site-packages\pymysql\protocol.py", line 220, in check_error
    err.raise_mysql_exception(self._data)
    │   │                     │    └ <member '_data' of 'MysqlPacket' objects>
    │   │                     └ <pymysql.protocol.MysqlPacket object at 0x0000018B64EC2D10>
    │   └ <function raise_mysql_exception at 0x0000018B64B25620>
    └ <module 'pymysql.err' from 'D:\\__lybix__\\DEVTools\\miniconda3\\envs\\fams\\Lib\\site-packages\\pymysql\\err.py'>
  File "D:\__lybix__\DEVTools\miniconda3\envs\fams\Lib\site-packages\pymysql\err.py", line 109, in raise_mysql_exception
    raise errorclass(errno, errval)
          │          │      └ "Table 'workflow_db.asset_info' doesn't exist"
          │          └ 1146
          └ <class 'pymysql.err.ProgrammingError'>

pymysql.err.ProgrammingError: (1146, "Table 'workflow_db.asset_info' doesn't exist")


The above exception was the direct cause of the following exception:


Traceback (most recent call last):

  File "D:\__lybix__\_Codes\FAMS-NEPU\platform\server\services\svr_gateway\main.py", line 64, in <module>
    uvicorn.run(app, host="0.0.0.0", port=gateway_config.HTTP_PORT)
    │       │   │                         │              └ 9900
    │       │   │                         └ <services.svr_gateway.config.GatewayConfig object at 0x0000018B62918E10>
    │       │   └ <fastapi.applications.FastAPI object at 0x0000018B6484D890>
    │       └ <function run at 0x0000018B6168FD80>
    └ <module 'uvicorn' from 'D:\\__lybix__\\DEVTools\\miniconda3\\envs\\fams\\Lib\\site-packages\\uvicorn\\__init__.py'>

  File "D:\__lybix__\DEVTools\miniconda3\envs\fams\Lib\site-packages\uvicorn\main.py", line 621, in run
    server.run()
    │      └ <function Server.run at 0x0000018B61820860>
    └ <uvicorn.server.Server object at 0x0000018B642ECB90>
  File "D:\__lybix__\DEVTools\miniconda3\envs\fams\Lib\site-packages\uvicorn\server.py", line 74, in run
    return asyncio_run(self.serve(sockets=sockets), loop_factory=self.config.get_loop_factory())
           │           │    │             │                      │    │      └ <function Config.get_loop_factory at 0x0000018B6168D1C0>
           │           │    │             │                      │    └ <uvicorn.config.Config object at 0x0000018B642DE6D0>
           │           │    │             │                      └ <uvicorn.server.Server object at 0x0000018B642ECB90>
           │           │    │             └ None
           │           │    └ <function Server.serve at 0x0000018B61820900>
           │           └ <uvicorn.server.Server object at 0x0000018B642ECB90>
           └ <function asyncio_run at 0x0000018B61607740>
  File "D:\__lybix__\DEVTools\miniconda3\envs\fams\Lib\site-packages\uvicorn\_compat.py", line 30, in asyncio_run
    return runner.run(main)
           │      │   └ <coroutine object Server.serve at 0x0000018B64854130>
           │      └ <function Runner.run at 0x0000018B6102F560>
           └ <asyncio.runners.Runner object at 0x0000018B62B2AD50>
  File "D:\__lybix__\DEVTools\miniconda3\envs\fams\Lib\asyncio\runners.py", line 118, in run
    return self._loop.run_until_complete(task)
           │    │     │                  └ <Task pending name='Task-1' coro=<Server.serve() running at D:\__lybix__\DEVTools\miniconda3\envs\fams\Lib\site-packages\uvic...
           │    │     └ <function BaseEventLoop.run_until_complete at 0x0000018B6102D120>
           │    └ <ProactorEventLoop running=True closed=False debug=False>
           └ <asyncio.runners.Runner object at 0x0000018B62B2AD50>
  File "D:\__lybix__\DEVTools\miniconda3\envs\fams\Lib\asyncio\base_events.py", line 637, in run_until_complete
    self.run_forever()
    │    └ <function ProactorEventLoop.run_forever at 0x0000018B61104860>
    └ <ProactorEventLoop running=True closed=False debug=False>
  File "D:\__lybix__\DEVTools\miniconda3\envs\fams\Lib\asyncio\windows_events.py", line 321, in run_forever
    super().run_forever()
  File "D:\__lybix__\DEVTools\miniconda3\envs\fams\Lib\asyncio\base_events.py", line 604, in run_forever
    self._run_once()
    │    └ <function BaseEventLoop._run_once at 0x0000018B6102EE80>
    └ <ProactorEventLoop running=True closed=False debug=False>
  File "D:\__lybix__\DEVTools\miniconda3\envs\fams\Lib\asyncio\base_events.py", line 1909, in _run_once
    handle._run()
    │      └ <function Handle._run at 0x0000018B5F9993A0>
    └ <Handle Task.task_wakeup(<Future finished result=None>)>
  File "D:\__lybix__\DEVTools\miniconda3\envs\fams\Lib\asyncio\events.py", line 80, in _run
    self._context.run(self._callback, *self._args)
    │    │            │    │           │    └ <member '_args' of 'Handle' objects>
    │    │            │    │           └ <Handle Task.task_wakeup(<Future finished result=None>)>
    │    │            │    └ <member '_callback' of 'Handle' objects>
    │    │            └ <Handle Task.task_wakeup(<Future finished result=None>)>
    │    └ <member '_context' of 'Handle' objects>
    └ <Handle Task.task_wakeup(<Future finished result=None>)>
  File "D:\__lybix__\DEVTools\miniconda3\envs\fams\Lib\site-packages\uvicorn\protocols\http\httptools_impl.py", line 422, in run_asgi
    result = await app(  # type: ignore[func-returns-value]
                   └ <uvicorn.middleware.proxy_headers.ProxyHeadersMiddleware object at 0x0000018B64852DD0>
  File "D:\__lybix__\DEVTools\miniconda3\envs\fams\Lib\site-packages\uvicorn\middleware\proxy_headers.py", line 63, in __call__
    return await self.app(scope, receive, send)
                 │    │   │      │        └ <bound method RequestResponseCycle.send of <uvicorn.protocols.http.httptools_impl.RequestResponseCycle object at 0x0000018B64...
                 │    │   │      └ <bound method RequestResponseCycle.receive of <uvicorn.protocols.http.httptools_impl.RequestResponseCycle object at 0x0000018...
                 │    │   └ {'type': 'http', 'asgi': {'version': '3.0', 'spec_version': '2.3'}, 'http_version': '1.1', 'server': ('127.0.0.1', 9900), 'cl...
                 │    └ <fastapi.applications.FastAPI object at 0x0000018B6484D890>
                 └ <uvicorn.middleware.proxy_headers.ProxyHeadersMiddleware object at 0x0000018B64852DD0>
  File "D:\__lybix__\DEVTools\miniconda3\envs\fams\Lib\site-packages\fastapi\applications.py", line 1163, in __call__
    await super().__call__(scope, receive, send)
                           │      │        └ <bound method RequestResponseCycle.send of <uvicorn.protocols.http.httptools_impl.RequestResponseCycle object at 0x0000018B64...
                           │      └ <bound method RequestResponseCycle.receive of <uvicorn.protocols.http.httptools_impl.RequestResponseCycle object at 0x0000018...
                           └ {'type': 'http', 'asgi': {'version': '3.0', 'spec_version': '2.3'}, 'http_version': '1.1', 'server': ('127.0.0.1', 9900), 'cl...
  File "D:\__lybix__\DEVTools\miniconda3\envs\fams\Lib\site-packages\starlette\applications.py", line 90, in __call__
    await self.middleware_stack(scope, receive, send)
          │    │                │      │        └ <bound method RequestResponseCycle.send of <uvicorn.protocols.http.httptools_impl.RequestResponseCycle object at 0x0000018B64...
          │    │                │      └ <bound method RequestResponseCycle.receive of <uvicorn.protocols.http.httptools_impl.RequestResponseCycle object at 0x0000018...
          │    │                └ {'type': 'http', 'asgi': {'version': '3.0', 'spec_version': '2.3'}, 'http_version': '1.1', 'server': ('127.0.0.1', 9900), 'cl...
          │    └ <starlette.middleware.errors.ServerErrorMiddleware object at 0x0000018B648D5010>
          └ <fastapi.applications.FastAPI object at 0x0000018B6484D890>
> File "D:\__lybix__\DEVTools\miniconda3\envs\fams\Lib\site-packages\starlette\middleware\errors.py", line 164, in __call__
    await self.app(scope, receive, _send)
          │    │   │      │        └ <function ServerErrorMiddleware.__call__.<locals>._send at 0x0000018B64EBF560>
          │    │   │      └ <bound method RequestResponseCycle.receive of <uvicorn.protocols.http.httptools_impl.RequestResponseCycle object at 0x0000018...
          │    │   └ {'type': 'http', 'asgi': {'version': '3.0', 'spec_version': '2.3'}, 'http_version': '1.1', 'server': ('127.0.0.1', 9900), 'cl...
          │    └ <starlette.middleware.base.BaseHTTPMiddleware object at 0x0000018B64307510>
          └ <starlette.middleware.errors.ServerErrorMiddleware object at 0x0000018B648D5010>
  File "D:\__lybix__\DEVTools\miniconda3\envs\fams\Lib\contextlib.py", line 222, in __aexit__
    await self.gen.athrow(typ, value, traceback)
          │    │   │      │    │      └ <traceback object at 0x0000018B64EDB4C0>
          │    │   │      │    └ ProgrammingError('(pymysql.err.ProgrammingError) (1146, "Table \'workflow_db.asset_info\' doesn\'t exist")')
          │    │   │      └ <class 'sqlalchemy.exc.ProgrammingError'>
          │    │   └ <method 'athrow' of 'async_generator' objects>
          │    └ <async_generator object create_collapsing_task_group at 0x0000018B64E7E340>
          └ <contextlib._AsyncGeneratorContextManager object at 0x0000018B64EE2B10>
  File "D:\__lybix__\DEVTools\miniconda3\envs\fams\Lib\site-packages\starlette\_utils.py", line 93, in create_collapsing_task_group
    raise exc from exc.__cause__ or context
          │        │   │            └ None
          │        │   └ <attribute '__cause__' of 'BaseException' objects>
          │        └ ProgrammingError('(pymysql.err.ProgrammingError) (1146, "Table \'workflow_db.asset_info\' doesn\'t exist")')
          └ ProgrammingError('(pymysql.err.ProgrammingError) (1146, "Table \'workflow_db.asset_info\' doesn\'t exist")')
  File "D:\__lybix__\DEVTools\miniconda3\envs\fams\Lib\site-packages\starlette\_utils.py", line 86, in create_collapsing_task_group
    yield tg
          └ <anyio._backends._asyncio.TaskGroup object at 0x0000018B64EE2A50>
  File "D:\__lybix__\DEVTools\miniconda3\envs\fams\Lib\site-packages\starlette\middleware\base.py", line 193, in __call__
    response = await self.dispatch_func(request, call_next)
                     │    │             │        └ <function BaseHTTPMiddleware.__call__.<locals>.call_next at 0x0000018B64EBF600>
                     │    │             └ <starlette.middleware.base._CachedRequest object at 0x0000018B64EE28D0>
                     │    └ <function log_requests at 0x0000018B64841580>
                     └ <starlette.middleware.base.BaseHTTPMiddleware object at 0x0000018B64307510>

  File "D:\__lybix__\_Codes\FAMS-NEPU\platform\server\services\svr_gateway\main.py", line 42, in log_requests
    response = await call_next(request)
                     │         └ <starlette.middleware.base._CachedRequest object at 0x0000018B64EE28D0>
                     └ <function BaseHTTPMiddleware.__call__.<locals>.call_next at 0x0000018B64EBF600>

  File "D:\__lybix__\DEVTools\miniconda3\envs\fams\Lib\site-packages\starlette\middleware\base.py", line 168, in call_next
    raise app_exc from app_exc.__cause__ or app_exc.__context__
          │            │       │            │       └ <attribute '__context__' of 'BaseException' objects>
          │            │       │            └ ProgrammingError('(pymysql.err.ProgrammingError) (1146, "Table \'workflow_db.asset_info\' doesn\'t exist")')
          │            │       └ <attribute '__cause__' of 'BaseException' objects>
          │            └ ProgrammingError('(pymysql.err.ProgrammingError) (1146, "Table \'workflow_db.asset_info\' doesn\'t exist")')
          └ ProgrammingError('(pymysql.err.ProgrammingError) (1146, "Table \'workflow_db.asset_info\' doesn\'t exist")')
  File "D:\__lybix__\DEVTools\miniconda3\envs\fams\Lib\site-packages\starlette\middleware\base.py", line 144, in coro
    await self.app(scope, receive_or_disconnect, send_no_error)
          │    │   │      │                      └ <function BaseHTTPMiddleware.__call__.<locals>.call_next.<locals>.send_no_error at 0x0000018B64EBF920>
          │    │   │      └ <function BaseHTTPMiddleware.__call__.<locals>.call_next.<locals>.receive_or_disconnect at 0x0000018B64EBF880>
          │    │   └ {'type': 'http', 'asgi': {'version': '3.0', 'spec_version': '2.3'}, 'http_version': '1.1', 'server': ('127.0.0.1', 9900), 'cl...
          │    └ <starlette.middleware.cors.CORSMiddleware object at 0x0000018B648D4F50>
          └ <starlette.middleware.base.BaseHTTPMiddleware object at 0x0000018B64307510>
  File "D:\__lybix__\DEVTools\miniconda3\envs\fams\Lib\site-packages\starlette\middleware\cors.py", line 88, in __call__
    await self.app(scope, receive, send)
          │    │   │      │        └ <function BaseHTTPMiddleware.__call__.<locals>.call_next.<locals>.send_no_error at 0x0000018B64EBF920>
          │    │   │      └ <function BaseHTTPMiddleware.__call__.<locals>.call_next.<locals>.receive_or_disconnect at 0x0000018B64EBF880>
          │    │   └ {'type': 'http', 'asgi': {'version': '3.0', 'spec_version': '2.3'}, 'http_version': '1.1', 'server': ('127.0.0.1', 9900), 'cl...
          │    └ <starlette.middleware.exceptions.ExceptionMiddleware object at 0x0000018B642EF6D0>
          └ <starlette.middleware.cors.CORSMiddleware object at 0x0000018B648D4F50>
  File "D:\__lybix__\DEVTools\miniconda3\envs\fams\Lib\site-packages\starlette\middleware\exceptions.py", line 63, in __call__
    await wrap_app_handling_exceptions(self.app, conn)(scope, receive, send)
          │                            │    │    │     │      │        └ <function BaseHTTPMiddleware.__call__.<locals>.call_next.<locals>.send_no_error at 0x0000018B64EBF920>
          │                            │    │    │     │      └ <function BaseHTTPMiddleware.__call__.<locals>.call_next.<locals>.receive_or_disconnect at 0x0000018B64EBF880>
          │                            │    │    │     └ {'type': 'http', 'asgi': {'version': '3.0', 'spec_version': '2.3'}, 'http_version': '1.1', 'server': ('127.0.0.1', 9900), 'cl...
          │                            │    │    └ <starlette.requests.Request object at 0x0000018B64EE2F90>
          │                            │    └ <fastapi.middleware.asyncexitstack.AsyncExitStackMiddleware object at 0x0000018B648D4E50>
          │                            └ <starlette.middleware.exceptions.ExceptionMiddleware object at 0x0000018B642EF6D0>
          └ <function wrap_app_handling_exceptions at 0x0000018B6280F100>
  File "D:\__lybix__\DEVTools\miniconda3\envs\fams\Lib\site-packages\starlette\_exception_handler.py", line 53, in wrapped_app
    raise exc
  File "D:\__lybix__\DEVTools\miniconda3\envs\fams\Lib\site-packages\starlette\_exception_handler.py", line 42, in wrapped_app
    await app(scope, receive, sender)
          │   │      │        └ <function wrap_app_handling_exceptions.<locals>.wrapped_app.<locals>.sender at 0x0000018B64EBFBA0>
          │   │      └ <function BaseHTTPMiddleware.__call__.<locals>.call_next.<locals>.receive_or_disconnect at 0x0000018B64EBF880>
          │   └ {'type': 'http', 'asgi': {'version': '3.0', 'spec_version': '2.3'}, 'http_version': '1.1', 'server': ('127.0.0.1', 9900), 'cl...
          └ <fastapi.middleware.asyncexitstack.AsyncExitStackMiddleware object at 0x0000018B648D4E50>
  File "D:\__lybix__\DEVTools\miniconda3\envs\fams\Lib\site-packages\fastapi\middleware\asyncexitstack.py", line 18, in __call__
    await self.app(scope, receive, send)
          │    │   │      │        └ <function wrap_app_handling_exceptions.<locals>.wrapped_app.<locals>.sender at 0x0000018B64EBFBA0>
          │    │   │      └ <function BaseHTTPMiddleware.__call__.<locals>.call_next.<locals>.receive_or_disconnect at 0x0000018B64EBF880>
          │    │   └ {'type': 'http', 'asgi': {'version': '3.0', 'spec_version': '2.3'}, 'http_version': '1.1', 'server': ('127.0.0.1', 9900), 'cl...
          │    └ <fastapi.routing.APIRouter object at 0x0000018B6484E610>
          └ <fastapi.middleware.asyncexitstack.AsyncExitStackMiddleware object at 0x0000018B648D4E50>
  File "D:\__lybix__\DEVTools\miniconda3\envs\fams\Lib\site-packages\starlette\routing.py", line 660, in __call__
    await self.middleware_stack(scope, receive, send)
          │    │                │      │        └ <function wrap_app_handling_exceptions.<locals>.wrapped_app.<locals>.sender at 0x0000018B64EBFBA0>
          │    │                │      └ <function BaseHTTPMiddleware.__call__.<locals>.call_next.<locals>.receive_or_disconnect at 0x0000018B64EBF880>
          │    │                └ {'type': 'http', 'asgi': {'version': '3.0', 'spec_version': '2.3'}, 'http_version': '1.1', 'server': ('127.0.0.1', 9900), 'cl...
          │    └ <bound method APIRouter.app of <fastapi.routing.APIRouter object at 0x0000018B6484E610>>
          └ <fastapi.routing.APIRouter object at 0x0000018B6484E610>
  File "D:\__lybix__\DEVTools\miniconda3\envs\fams\Lib\site-packages\fastapi\routing.py", line 2683, in app
    await route.handle(scope, receive, send)
          │     │      │      │        └ <function wrap_app_handling_exceptions.<locals>.wrapped_app.<locals>.sender at 0x0000018B64EBFBA0>
          │     │      │      └ <function BaseHTTPMiddleware.__call__.<locals>.call_next.<locals>.receive_or_disconnect at 0x0000018B64EBF880>
          │     │      └ {'type': 'http', 'asgi': {'version': '3.0', 'spec_version': '2.3'}, 'http_version': '1.1', 'server': ('127.0.0.1', 9900), 'cl...
          │     └ <function _IncludedRouter.handle at 0x0000018B62851BC0>
          └ _IncludedRouter(original_router=<fastapi.routing.APIRouter object at 0x0000018B5EFD4490>, include_context=_RouterIncludeConte...
  File "D:\__lybix__\DEVTools\miniconda3\envs\fams\Lib\site-packages\fastapi\routing.py", line 1753, in handle
    await self.original_router.handle(scope, receive, send)
          │    │               │      │      │        └ <function wrap_app_handling_exceptions.<locals>.wrapped_app.<locals>.sender at 0x0000018B64EBFBA0>
          │    │               │      │      └ <function BaseHTTPMiddleware.__call__.<locals>.call_next.<locals>.receive_or_disconnect at 0x0000018B64EBF880>
          │    │               │      └ {'type': 'http', 'asgi': {'version': '3.0', 'spec_version': '2.3'}, 'http_version': '1.1', 'server': ('127.0.0.1', 9900), 'cl...
          │    │               └ <function APIRouter.handle at 0x0000018B62853BA0>
          │    └ <fastapi.routing.APIRouter object at 0x0000018B5EFD4490>
          └ _IncludedRouter(original_router=<fastapi.routing.APIRouter object at 0x0000018B5EFD4490>, include_context=_RouterIncludeConte...
  File "D:\__lybix__\DEVTools\miniconda3\envs\fams\Lib\site-packages\fastapi\routing.py", line 2738, in handle
    await included_router._handle_selected(scope, receive, send)
          │               │                │      │        └ <function wrap_app_handling_exceptions.<locals>.wrapped_app.<locals>.sender at 0x0000018B64EBFBA0>
          │               │                │      └ <function BaseHTTPMiddleware.__call__.<locals>.call_next.<locals>.receive_or_disconnect at 0x0000018B64EBF880>
          │               │                └ {'type': 'http', 'asgi': {'version': '3.0', 'spec_version': '2.3'}, 'http_version': '1.1', 'server': ('127.0.0.1', 9900), 'cl...
          │               └ <function _IncludedRouter._handle_selected at 0x0000018B62851C60>
          └ _IncludedRouter(original_router=<fastapi.routing.APIRouter object at 0x0000018B5EFD4490>, include_context=_RouterIncludeConte...
  File "D:\__lybix__\DEVTools\miniconda3\envs\fams\Lib\site-packages\fastapi\routing.py", line 1773, in _handle_selected
    await original_route.handle(scope, receive, send)
          │              │      │      │        └ <function wrap_app_handling_exceptions.<locals>.wrapped_app.<locals>.sender at 0x0000018B64EBFBA0>
          │              │      │      └ <function BaseHTTPMiddleware.__call__.<locals>.call_next.<locals>.receive_or_disconnect at 0x0000018B64EBF880>
          │              │      └ {'type': 'http', 'asgi': {'version': '3.0', 'spec_version': '2.3'}, 'http_version': '1.1', 'server': ('127.0.0.1', 9900), 'cl...
          │              └ <function APIRoute.handle at 0x0000018B6283BCE0>
          └ APIRoute(path='/api/apply/pending', name='pending_applies', methods=['GET'])
  File "D:\__lybix__\DEVTools\miniconda3\envs\fams\Lib\site-packages\fastapi\routing.py", line 1264, in handle
    await app(scope, receive, send)
          │   │      │        └ <function wrap_app_handling_exceptions.<locals>.wrapped_app.<locals>.sender at 0x0000018B64EBFBA0>
          │   │      └ <function BaseHTTPMiddleware.__call__.<locals>.call_next.<locals>.receive_or_disconnect at 0x0000018B64EBF880>
          │   └ {'type': 'http', 'asgi': {'version': '3.0', 'spec_version': '2.3'}, 'http_version': '1.1', 'server': ('127.0.0.1', 9900), 'cl...
          └ <function request_response.<locals>.app at 0x0000018B64EBFCE0>
  File "D:\__lybix__\DEVTools\miniconda3\envs\fams\Lib\site-packages\fastapi\routing.py", line 150, in app
    await wrap_app_handling_exceptions(app, request)(scope, receive, send)
          │                            │    │        │      │        └ <function wrap_app_handling_exceptions.<locals>.wrapped_app.<locals>.sender at 0x0000018B64EBFBA0>
          │                            │    │        │      └ <function BaseHTTPMiddleware.__call__.<locals>.call_next.<locals>.receive_or_disconnect at 0x0000018B64EBF880>
          │                            │    │        └ {'type': 'http', 'asgi': {'version': '3.0', 'spec_version': '2.3'}, 'http_version': '1.1', 'server': ('127.0.0.1', 9900), 'cl...
          │                            │    └ <starlette.requests.Request object at 0x0000018B64EE3110>
          │                            └ <function request_response.<locals>.app.<locals>.app at 0x0000018B64EBFD80>
          └ <function wrap_app_handling_exceptions at 0x0000018B6280F100>
  File "D:\__lybix__\DEVTools\miniconda3\envs\fams\Lib\site-packages\starlette\_exception_handler.py", line 53, in wrapped_app
    raise exc
  File "D:\__lybix__\DEVTools\miniconda3\envs\fams\Lib\site-packages\starlette\_exception_handler.py", line 42, in wrapped_app
    await app(scope, receive, sender)
          │   │      │        └ <function wrap_app_handling_exceptions.<locals>.wrapped_app.<locals>.sender at 0x0000018B64EBFEC0>
          │   │      └ <function BaseHTTPMiddleware.__call__.<locals>.call_next.<locals>.receive_or_disconnect at 0x0000018B64EBF880>
          │   └ {'type': 'http', 'asgi': {'version': '3.0', 'spec_version': '2.3'}, 'http_version': '1.1', 'server': ('127.0.0.1', 9900), 'cl...
          └ <function request_response.<locals>.app.<locals>.app at 0x0000018B64EBFD80>
  File "D:\__lybix__\DEVTools\miniconda3\envs\fams\Lib\site-packages\fastapi\routing.py", line 136, in app
    response = await f(request)
                     │ └ <starlette.requests.Request object at 0x0000018B64EE3110>
                     └ <function get_request_handler.<locals>.app at 0x0000018B64EBFC40>
  File "D:\__lybix__\DEVTools\miniconda3\envs\fams\Lib\site-packages\fastapi\routing.py", line 690, in app
    raw_response = await run_endpoint_function(
                         └ <function run_endpoint_function at 0x0000018B6283AF20>
  File "D:\__lybix__\DEVTools\miniconda3\envs\fams\Lib\site-packages\fastapi\routing.py", line 344, in run_endpoint_function
    return await dependant.call(**values)
                 │         │      └ {'current_user': {'user_id': 2, 'username': 'cs_admin', 'dept_id': 2, 'role_keys': ['college_admin'], 'exp': 1783770057, 'iat...
                 │         └ <function pending_applies at 0x0000018B647B40E0>
                 └ Dependant(path_params=[], query_params=[ModelField(field_info=Query(), name='apply_type', mode='validation', config=None), Mo...

  File "D:\__lybix__\_Codes\FAMS-NEPU\platform\server\services\svr_gateway\routes.py", line 529, in pending_applies
    items, total = logic.list_pending(
                   │     └ <function ApplyLogic.list_pending at 0x0000018B6458C540>
                   └ <data.logic.apply_logic.ApplyLogic object at 0x0000018B64998490>

  File "D:\__lybix__\_Codes\FAMS-NEPU\platform\server\data\logic\apply_logic.py", line 86, in list_pending
    return self.apply_dao.list_pending(approver_id, dept_id, apply_type, page_num, page_size)
           │    │         │            │            │        │           │         └ 5
           │    │         │            │            │        │           └ 1
           │    │         │            │            │        └ ''
           │    │         │            │            └ 2
           │    │         │            └ 2
           │    │         └ <function ApplyDAO.list_pending at 0x0000018B64573CE0>
           │    └ <data.basic.apply_dao.ApplyDAO object at 0x0000018B642E5D90>
           └ <data.logic.apply_logic.ApplyLogic object at 0x0000018B64998490>

  File "D:\__lybix__\_Codes\FAMS-NEPU\platform\server\data\basic\apply_dao.py", line 96, in list_pending
    return self._execute(list_sql, params), total
           │    │        │         │        └ 1
           │    │        │         └ {'dept_id': 2, 'offset': 0, 'limit': 5}
           │    │        └ "SELECT a.apply_id, a.apply_type, a.applicant_id, u.nickname AS applicant_name,\n                              a.dept_id, d.d...
           │    └ <function BaseDAO._execute at 0x0000018B641AFB00>
           └ <data.basic.apply_dao.ApplyDAO object at 0x0000018B642E5D90>

  File "D:\__lybix__\_Codes\FAMS-NEPU\platform\server\data\basic\base_dao.py", line 39, in _execute
    result = conn.execute(text(sql), params or {})
             │    │       │    │     └ {'dept_id': 2, 'offset': 0, 'limit': 5}
             │    │       │    └ "SELECT a.apply_id, a.apply_type, a.applicant_id, u.nickname AS applicant_name,\n                              a.dept_id, d.d...
             │    │       └ <function text at 0x0000018B630E7F60>
             │    └ <function Connection.execute at 0x0000018B6412ACA0>
             └ <sqlalchemy.engine.base.Connection object at 0x0000018B64EE2310>

  File "D:\__lybix__\DEVTools\miniconda3\envs\fams\Lib\site-packages\sqlalchemy\engine\base.py", line 1421, in execute
    return meth(
           └ <bound method ClauseElement._execute_on_connection of <sqlalchemy.sql.elements.TextClause object at 0x0000018B64EE3550>>
  File "D:\__lybix__\DEVTools\miniconda3\envs\fams\Lib\site-packages\sqlalchemy\sql\elements.py", line 526, in _execute_on_connection
    return connection._execute_clauseelement(
           │          └ <function Connection._execute_clauseelement at 0x0000018B6412AFC0>
           └ <sqlalchemy.engine.base.Connection object at 0x0000018B64EE2310>
  File "D:\__lybix__\DEVTools\miniconda3\envs\fams\Lib\site-packages\sqlalchemy\engine\base.py", line 1643, in _execute_clauseelement
    ret = self._execute_context(
          │    └ <function Connection._execute_context at 0x0000018B6412B1A0>
          └ <sqlalchemy.engine.base.Connection object at 0x0000018B64EE2310>
  File "D:\__lybix__\DEVTools\miniconda3\envs\fams\Lib\site-packages\sqlalchemy\engine\base.py", line 1848, in _execute_context
    return self._exec_single_context(
           │    └ <function Connection._exec_single_context at 0x0000018B6412B240>
           └ <sqlalchemy.engine.base.Connection object at 0x0000018B64EE2310>
  File "D:\__lybix__\DEVTools\miniconda3\envs\fams\Lib\site-packages\sqlalchemy\engine\base.py", line 1988, in _exec_single_context
    self._handle_dbapi_exception(
    │    └ <function Connection._handle_dbapi_exception at 0x0000018B6412B4C0>
    └ <sqlalchemy.engine.base.Connection object at 0x0000018B64EE2310>
  File "D:\__lybix__\DEVTools\miniconda3\envs\fams\Lib\site-packages\sqlalchemy\engine\base.py", line 2365, in _handle_dbapi_exception
    raise sqlalchemy_exception.with_traceback(exc_info[2]) from e
          │                    │              │                 └ ProgrammingError(1146, "Table 'workflow_db.asset_info' doesn't exist")
          │                    │              └ (<class 'pymysql.err.ProgrammingError'>, ProgrammingError(1146, "Table 'workflow_db.asset_info' doesn't exist"), <traceback o...
          │                    └ <method 'with_traceback' of 'BaseException' objects>
          └ ProgrammingError('(pymysql.err.ProgrammingError) (1146, "Table \'workflow_db.asset_info\' doesn\'t exist")')
  File "D:\__lybix__\DEVTools\miniconda3\envs\fams\Lib\site-packages\sqlalchemy\engine\base.py", line 1969, in _exec_single_context
    self.dialect.do_execute(
    │    │       └ <function DefaultDialect.do_execute at 0x0000018B641CEDE0>
    │    └ <sqlalchemy.dialects.mysql.pymysql.MySQLDialect_pymysql object at 0x0000018B64A438D0>
    └ <sqlalchemy.engine.base.Connection object at 0x0000018B64EE2310>
  File "D:\__lybix__\DEVTools\miniconda3\envs\fams\Lib\site-packages\sqlalchemy\engine\default.py", line 952, in do_execute
    cursor.execute(statement, parameters)
    │      │       │          └ {'dept_id': 2, 'limit': 5, 'offset': 0}
    │      │       └ "SELECT a.apply_id, a.apply_type, a.applicant_id, u.nickname AS applicant_name,\n                              a.dept_id, d.d...
    │      └ <function Cursor.execute at 0x0000018B64B27D80>
    └ <pymysql.cursors.Cursor object at 0x0000018B64EF9890>
  File "D:\__lybix__\DEVTools\miniconda3\envs\fams\Lib\site-packages\pymysql\cursors.py", line 170, in execute
    result = self._query(query)
             │    │      └ "SELECT a.apply_id, a.apply_type, a.applicant_id, u.nickname AS applicant_name,\n                              a.dept_id, d.d...
             │    └ <function Cursor._query at 0x0000018B64B7C2C0>
             └ <pymysql.cursors.Cursor object at 0x0000018B64EF9890>
  File "D:\__lybix__\DEVTools\miniconda3\envs\fams\Lib\site-packages\pymysql\cursors.py", line 328, in _query
    conn.query(q)
    │    │     └ "SELECT a.apply_id, a.apply_type, a.applicant_id, u.nickname AS applicant_name,\n                              a.dept_id, d.d...
    │    └ <function Connection.query at 0x0000018B64B7FEC0>
    └ <pymysql.connections.Connection object at 0x0000018B6430BB10>
  File "D:\__lybix__\DEVTools\miniconda3\envs\fams\Lib\site-packages\pymysql\connections.py", line 517, in query
    self._affected_rows = self._read_query_result(unbuffered=unbuffered)
    │    │                │    │                             └ False
    │    │                │    └ <function Connection._read_query_result at 0x0000018B64B805E0>
    │    │                └ <pymysql.connections.Connection object at 0x0000018B6430BB10>
    │    └ 1
    └ <pymysql.connections.Connection object at 0x0000018B6430BB10>
  File "D:\__lybix__\DEVTools\miniconda3\envs\fams\Lib\site-packages\pymysql\connections.py", line 732, in _read_query_result
    result.read()
    │      └ <function MySQLResult.read at 0x0000018B64B80EA0>
    └ <pymysql.connections.MySQLResult object at 0x0000018B64EF9BD0>
  File "D:\__lybix__\DEVTools\miniconda3\envs\fams\Lib\site-packages\pymysql\connections.py", line 1075, in read
    first_packet = self.connection._read_packet()
                   │    └ None
                   └ <pymysql.connections.MySQLResult object at 0x0000018B64EF9BD0>
  File "D:\__lybix__\DEVTools\miniconda3\envs\fams\Lib\site-packages\pymysql\connections.py", line 684, in _read_packet
    packet.check_error()
    │      └ <function MysqlPacket.check_error at 0x0000018B64B7E3E0>
    └ <pymysql.protocol.MysqlPacket object at 0x0000018B64EC2D10>
  File "D:\__lybix__\DEVTools\miniconda3\envs\fams\Lib\site-packages\pymysql\protocol.py", line 220, in check_error
    err.raise_mysql_exception(self._data)
    │   │                     │    └ <member '_data' of 'MysqlPacket' objects>
    │   │                     └ <pymysql.protocol.MysqlPacket object at 0x0000018B64EC2D10>
    │   └ <function raise_mysql_exception at 0x0000018B64B25620>
    └ <module 'pymysql.err' from 'D:\\__lybix__\\DEVTools\\miniconda3\\envs\\fams\\Lib\\site-packages\\pymysql\\err.py'>
  File "D:\__lybix__\DEVTools\miniconda3\envs\fams\Lib\site-packages\pymysql\err.py", line 109, in raise_mysql_exception
    raise errorclass(errno, errval)
          │          │      └ "Table 'workflow_db.asset_info' doesn't exist"
          │          └ 1146
          └ <class 'pymysql.err.ProgrammingError'>

sqlalchemy.exc.ProgrammingError: (pymysql.err.ProgrammingError) (1146, "Table 'workflow_db.asset_info' doesn't exist")
[SQL: SELECT a.apply_id, a.apply_type, a.applicant_id, u.nickname AS applicant_name,
                              a.dept_id, d.dept_name, a.asset_id, ast.asset_name,
                              a.reason, a.status, a.current_node, a.create_time
                       FROM asset_apply a
                       LEFT JOIN user_auth_db.sys_user u ON a.applicant_id = u.user_id
                       LEFT JOIN user_auth_db.sys_dept d ON a.dept_id = d.dept_id
                       LEFT JOIN asset_info ast ON a.asset_id = ast.asset_id
                       WHERE a.status IN ('PENDING_COLLEGE', 'PENDING_SCHOOL') AND a.dept_id = %(dept_id)s
                       ORDER BY a.create_time DESC
                       LIMIT %(limit)s OFFSET %(offset)s]
[parameters: {'dept_id': 2, 'limit': 5, 'offset': 0}]
(Background on this error at: https://sqlalche.me/e/20/f405)
2026-07-10 19:46:23.613 | INFO     | __main__:log_requests:44 - GET /api/report/dashboard -> 200 (0.272s)
2026-07-10 19:46:23.638 | INFO     | __main__:log_requests:44 - GET /api/report/asset -> 200 (0.296s)
2026-07-10 19:46:27.051 | INFO     | __main__:log_requests:44 - POST /api/auth/login -> 200 (0.317s)
2026-07-10 19:46:27.065 | INFO     | __main__:log_requests:44 - GET /api/user/profile -> 200 (0.008s)
2026-07-10 19:46:27.113 | INFO     | __main__:log_requests:44 - GET /api/asset/status/list -> 200 (0.004s)
2026-07-10 19:46:27.161 | INFO     | __main__:log_requests:44 - GET /api/report/dashboard -> 200 (0.023s)
2026-07-10 19:46:27.175 | INFO     | __main__:log_requests:44 - GET /api/repair/list -> 200 (0.034s)
2026-07-10 19:46:27.184 | INFO     | __main__:log_requests:44 - GET /api/report/asset -> 200 (0.044s)
2026-07-10 19:46:27.186 | ERROR    | __main__:global_exception_handler:50 - Unhandled exception on GET /api/apply/pending
Traceback (most recent call last):

  File "D:\__lybix__\DEVTools\miniconda3\envs\fams\Lib\site-packages\sqlalchemy\engine\base.py", line 1969, in _exec_single_context
    self.dialect.do_execute(
    │    │       └ <function DefaultDialect.do_execute at 0x0000018B641CEDE0>
    │    └ <sqlalchemy.dialects.mysql.pymysql.MySQLDialect_pymysql object at 0x0000018B64A438D0>
    └ <sqlalchemy.engine.base.Connection object at 0x0000018B64F03A90>
  File "D:\__lybix__\DEVTools\miniconda3\envs\fams\Lib\site-packages\sqlalchemy\engine\default.py", line 952, in do_execute
    cursor.execute(statement, parameters)
    │      │       │          └ {'dept_id': 2, 'limit': 5, 'offset': 0}
    │      │       └ "SELECT a.apply_id, a.apply_type, a.applicant_id, u.nickname AS applicant_name,\n                              a.dept_id, d.d...
    │      └ <function Cursor.execute at 0x0000018B64B27D80>
    └ <pymysql.cursors.Cursor object at 0x0000018B64F1AE50>
  File "D:\__lybix__\DEVTools\miniconda3\envs\fams\Lib\site-packages\pymysql\cursors.py", line 170, in execute
    result = self._query(query)
             │    │      └ "SELECT a.apply_id, a.apply_type, a.applicant_id, u.nickname AS applicant_name,\n                              a.dept_id, d.d...
             │    └ <function Cursor._query at 0x0000018B64B7C2C0>
             └ <pymysql.cursors.Cursor object at 0x0000018B64F1AE50>
  File "D:\__lybix__\DEVTools\miniconda3\envs\fams\Lib\site-packages\pymysql\cursors.py", line 328, in _query
    conn.query(q)
    │    │     └ "SELECT a.apply_id, a.apply_type, a.applicant_id, u.nickname AS applicant_name,\n                              a.dept_id, d.d...
    │    └ <function Connection.query at 0x0000018B64B7FEC0>
    └ <pymysql.connections.Connection object at 0x0000018B6430BB10>
  File "D:\__lybix__\DEVTools\miniconda3\envs\fams\Lib\site-packages\pymysql\connections.py", line 517, in query
    self._affected_rows = self._read_query_result(unbuffered=unbuffered)
    │    │                │    │                             └ False
    │    │                │    └ <function Connection._read_query_result at 0x0000018B64B805E0>
    │    │                └ <pymysql.connections.Connection object at 0x0000018B6430BB10>
    │    └ 1
    └ <pymysql.connections.Connection object at 0x0000018B6430BB10>
  File "D:\__lybix__\DEVTools\miniconda3\envs\fams\Lib\site-packages\pymysql\connections.py", line 732, in _read_query_result
    result.read()
    │      └ <function MySQLResult.read at 0x0000018B64B80EA0>
    └ <pymysql.connections.MySQLResult object at 0x0000018B64F18210>
  File "D:\__lybix__\DEVTools\miniconda3\envs\fams\Lib\site-packages\pymysql\connections.py", line 1075, in read
    first_packet = self.connection._read_packet()
                   │    └ None
                   └ <pymysql.connections.MySQLResult object at 0x0000018B64F18210>
  File "D:\__lybix__\DEVTools\miniconda3\envs\fams\Lib\site-packages\pymysql\connections.py", line 684, in _read_packet
    packet.check_error()
    │      └ <function MysqlPacket.check_error at 0x0000018B64B7E3E0>
    └ <pymysql.protocol.MysqlPacket object at 0x0000018B64EC3340>
  File "D:\__lybix__\DEVTools\miniconda3\envs\fams\Lib\site-packages\pymysql\protocol.py", line 220, in check_error
    err.raise_mysql_exception(self._data)
    │   │                     │    └ <member '_data' of 'MysqlPacket' objects>
    │   │                     └ <pymysql.protocol.MysqlPacket object at 0x0000018B64EC3340>
    │   └ <function raise_mysql_exception at 0x0000018B64B25620>
    └ <module 'pymysql.err' from 'D:\\__lybix__\\DEVTools\\miniconda3\\envs\\fams\\Lib\\site-packages\\pymysql\\err.py'>
  File "D:\__lybix__\DEVTools\miniconda3\envs\fams\Lib\site-packages\pymysql\err.py", line 109, in raise_mysql_exception
    raise errorclass(errno, errval)
          │          │      └ "Table 'workflow_db.asset_info' doesn't exist"
          │          └ 1146
          └ <class 'pymysql.err.ProgrammingError'>

pymysql.err.ProgrammingError: (1146, "Table 'workflow_db.asset_info' doesn't exist")


The above exception was the direct cause of the following exception:


Traceback (most recent call last):

  File "D:\__lybix__\_Codes\FAMS-NEPU\platform\server\services\svr_gateway\main.py", line 64, in <module>
    uvicorn.run(app, host="0.0.0.0", port=gateway_config.HTTP_PORT)
    │       │   │                         │              └ 9900
    │       │   │                         └ <services.svr_gateway.config.GatewayConfig object at 0x0000018B62918E10>
    │       │   └ <fastapi.applications.FastAPI object at 0x0000018B6484D890>
    │       └ <function run at 0x0000018B6168FD80>
    └ <module 'uvicorn' from 'D:\\__lybix__\\DEVTools\\miniconda3\\envs\\fams\\Lib\\site-packages\\uvicorn\\__init__.py'>

  File "D:\__lybix__\DEVTools\miniconda3\envs\fams\Lib\site-packages\uvicorn\main.py", line 621, in run
    server.run()
    │      └ <function Server.run at 0x0000018B61820860>
    └ <uvicorn.server.Server object at 0x0000018B642ECB90>
  File "D:\__lybix__\DEVTools\miniconda3\envs\fams\Lib\site-packages\uvicorn\server.py", line 74, in run
    return asyncio_run(self.serve(sockets=sockets), loop_factory=self.config.get_loop_factory())
           │           │    │             │                      │    │      └ <function Config.get_loop_factory at 0x0000018B6168D1C0>
           │           │    │             │                      │    └ <uvicorn.config.Config object at 0x0000018B642DE6D0>
           │           │    │             │                      └ <uvicorn.server.Server object at 0x0000018B642ECB90>
           │           │    │             └ None
           │           │    └ <function Server.serve at 0x0000018B61820900>
           │           └ <uvicorn.server.Server object at 0x0000018B642ECB90>
           └ <function asyncio_run at 0x0000018B61607740>
  File "D:\__lybix__\DEVTools\miniconda3\envs\fams\Lib\site-packages\uvicorn\_compat.py", line 30, in asyncio_run
    return runner.run(main)
           │      │   └ <coroutine object Server.serve at 0x0000018B64854130>
           │      └ <function Runner.run at 0x0000018B6102F560>
           └ <asyncio.runners.Runner object at 0x0000018B62B2AD50>
  File "D:\__lybix__\DEVTools\miniconda3\envs\fams\Lib\asyncio\runners.py", line 118, in run
    return self._loop.run_until_complete(task)
           │    │     │                  └ <Task pending name='Task-1' coro=<Server.serve() running at D:\__lybix__\DEVTools\miniconda3\envs\fams\Lib\site-packages\uvic...
           │    │     └ <function BaseEventLoop.run_until_complete at 0x0000018B6102D120>
           │    └ <ProactorEventLoop running=True closed=False debug=False>
           └ <asyncio.runners.Runner object at 0x0000018B62B2AD50>
  File "D:\__lybix__\DEVTools\miniconda3\envs\fams\Lib\asyncio\base_events.py", line 637, in run_until_complete
    self.run_forever()
    │    └ <function ProactorEventLoop.run_forever at 0x0000018B61104860>
    └ <ProactorEventLoop running=True closed=False debug=False>
  File "D:\__lybix__\DEVTools\miniconda3\envs\fams\Lib\asyncio\windows_events.py", line 321, in run_forever
    super().run_forever()
  File "D:\__lybix__\DEVTools\miniconda3\envs\fams\Lib\asyncio\base_events.py", line 604, in run_forever
    self._run_once()
    │    └ <function BaseEventLoop._run_once at 0x0000018B6102EE80>
    └ <ProactorEventLoop running=True closed=False debug=False>
  File "D:\__lybix__\DEVTools\miniconda3\envs\fams\Lib\asyncio\base_events.py", line 1909, in _run_once
    handle._run()
    │      └ <function Handle._run at 0x0000018B5F9993A0>
    └ <Handle Task.task_wakeup(<Future finished result=None>)>
  File "D:\__lybix__\DEVTools\miniconda3\envs\fams\Lib\asyncio\events.py", line 80, in _run
    self._context.run(self._callback, *self._args)
    │    │            │    │           │    └ <member '_args' of 'Handle' objects>
    │    │            │    │           └ <Handle Task.task_wakeup(<Future finished result=None>)>
    │    │            │    └ <member '_callback' of 'Handle' objects>
    │    │            └ <Handle Task.task_wakeup(<Future finished result=None>)>
    │    └ <member '_context' of 'Handle' objects>
    └ <Handle Task.task_wakeup(<Future finished result=None>)>
  File "D:\__lybix__\DEVTools\miniconda3\envs\fams\Lib\site-packages\uvicorn\protocols\http\httptools_impl.py", line 422, in run_asgi
    result = await app(  # type: ignore[func-returns-value]
                   └ <uvicorn.middleware.proxy_headers.ProxyHeadersMiddleware object at 0x0000018B64852DD0>
  File "D:\__lybix__\DEVTools\miniconda3\envs\fams\Lib\site-packages\uvicorn\middleware\proxy_headers.py", line 63, in __call__
    return await self.app(scope, receive, send)
                 │    │   │      │        └ <bound method RequestResponseCycle.send of <uvicorn.protocols.http.httptools_impl.RequestResponseCycle object at 0x0000018B64...
                 │    │   │      └ <bound method RequestResponseCycle.receive of <uvicorn.protocols.http.httptools_impl.RequestResponseCycle object at 0x0000018...
                 │    │   └ {'type': 'http', 'asgi': {'version': '3.0', 'spec_version': '2.3'}, 'http_version': '1.1', 'server': ('127.0.0.1', 9900), 'cl...
                 │    └ <fastapi.applications.FastAPI object at 0x0000018B6484D890>
                 └ <uvicorn.middleware.proxy_headers.ProxyHeadersMiddleware object at 0x0000018B64852DD0>
  File "D:\__lybix__\DEVTools\miniconda3\envs\fams\Lib\site-packages\fastapi\applications.py", line 1163, in __call__
    await super().__call__(scope, receive, send)
                           │      │        └ <bound method RequestResponseCycle.send of <uvicorn.protocols.http.httptools_impl.RequestResponseCycle object at 0x0000018B64...
                           │      └ <bound method RequestResponseCycle.receive of <uvicorn.protocols.http.httptools_impl.RequestResponseCycle object at 0x0000018...
                           └ {'type': 'http', 'asgi': {'version': '3.0', 'spec_version': '2.3'}, 'http_version': '1.1', 'server': ('127.0.0.1', 9900), 'cl...
  File "D:\__lybix__\DEVTools\miniconda3\envs\fams\Lib\site-packages\starlette\applications.py", line 90, in __call__
    await self.middleware_stack(scope, receive, send)
          │    │                │      │        └ <bound method RequestResponseCycle.send of <uvicorn.protocols.http.httptools_impl.RequestResponseCycle object at 0x0000018B64...
          │    │                │      └ <bound method RequestResponseCycle.receive of <uvicorn.protocols.http.httptools_impl.RequestResponseCycle object at 0x0000018...
          │    │                └ {'type': 'http', 'asgi': {'version': '3.0', 'spec_version': '2.3'}, 'http_version': '1.1', 'server': ('127.0.0.1', 9900), 'cl...
          │    └ <starlette.middleware.errors.ServerErrorMiddleware object at 0x0000018B648D5010>
          └ <fastapi.applications.FastAPI object at 0x0000018B6484D890>
> File "D:\__lybix__\DEVTools\miniconda3\envs\fams\Lib\site-packages\starlette\middleware\errors.py", line 164, in __call__
    await self.app(scope, receive, _send)
          │    │   │      │        └ <function ServerErrorMiddleware.__call__.<locals>._send at 0x0000018B64EEE980>
          │    │   │      └ <bound method RequestResponseCycle.receive of <uvicorn.protocols.http.httptools_impl.RequestResponseCycle object at 0x0000018...
          │    │   └ {'type': 'http', 'asgi': {'version': '3.0', 'spec_version': '2.3'}, 'http_version': '1.1', 'server': ('127.0.0.1', 9900), 'cl...
          │    └ <starlette.middleware.base.BaseHTTPMiddleware object at 0x0000018B64307510>
          └ <starlette.middleware.errors.ServerErrorMiddleware object at 0x0000018B648D5010>
  File "D:\__lybix__\DEVTools\miniconda3\envs\fams\Lib\contextlib.py", line 222, in __aexit__
    await self.gen.athrow(typ, value, traceback)
          │    │   │      │    │      └ <traceback object at 0x0000018B64EE7F80>
          │    │   │      │    └ ProgrammingError('(pymysql.err.ProgrammingError) (1146, "Table \'workflow_db.asset_info\' doesn\'t exist")')
          │    │   │      └ <class 'sqlalchemy.exc.ProgrammingError'>
          │    │   └ <method 'athrow' of 'async_generator' objects>
          │    └ <async_generator object create_collapsing_task_group at 0x0000018B64EC4F40>
          └ <contextlib._AsyncGeneratorContextManager object at 0x0000018B64E7BA10>
  File "D:\__lybix__\DEVTools\miniconda3\envs\fams\Lib\site-packages\starlette\_utils.py", line 93, in create_collapsing_task_group
    raise exc from exc.__cause__ or context
          │        │   │            └ None
          │        │   └ <attribute '__cause__' of 'BaseException' objects>
          │        └ ProgrammingError('(pymysql.err.ProgrammingError) (1146, "Table \'workflow_db.asset_info\' doesn\'t exist")')
          └ ProgrammingError('(pymysql.err.ProgrammingError) (1146, "Table \'workflow_db.asset_info\' doesn\'t exist")')
  File "D:\__lybix__\DEVTools\miniconda3\envs\fams\Lib\site-packages\starlette\_utils.py", line 86, in create_collapsing_task_group
    yield tg
          └ <anyio._backends._asyncio.TaskGroup object at 0x0000018B64EE0DD0>
  File "D:\__lybix__\DEVTools\miniconda3\envs\fams\Lib\site-packages\starlette\middleware\base.py", line 193, in __call__
    response = await self.dispatch_func(request, call_next)
                     │    │             │        └ <function BaseHTTPMiddleware.__call__.<locals>.call_next at 0x0000018B64EEE700>
                     │    │             └ <starlette.middleware.base._CachedRequest object at 0x0000018B64E7B0D0>
                     │    └ <function log_requests at 0x0000018B64841580>
                     └ <starlette.middleware.base.BaseHTTPMiddleware object at 0x0000018B64307510>

  File "D:\__lybix__\_Codes\FAMS-NEPU\platform\server\services\svr_gateway\main.py", line 42, in log_requests
    response = await call_next(request)
                     │         └ <starlette.middleware.base._CachedRequest object at 0x0000018B64E7B0D0>
                     └ <function BaseHTTPMiddleware.__call__.<locals>.call_next at 0x0000018B64EEE700>

  File "D:\__lybix__\DEVTools\miniconda3\envs\fams\Lib\site-packages\starlette\middleware\base.py", line 168, in call_next
    raise app_exc from app_exc.__cause__ or app_exc.__context__
          │            │       │            │       └ <attribute '__context__' of 'BaseException' objects>
          │            │       │            └ ProgrammingError('(pymysql.err.ProgrammingError) (1146, "Table \'workflow_db.asset_info\' doesn\'t exist")')
          │            │       └ <attribute '__cause__' of 'BaseException' objects>
          │            └ ProgrammingError('(pymysql.err.ProgrammingError) (1146, "Table \'workflow_db.asset_info\' doesn\'t exist")')
          └ ProgrammingError('(pymysql.err.ProgrammingError) (1146, "Table \'workflow_db.asset_info\' doesn\'t exist")')
  File "D:\__lybix__\DEVTools\miniconda3\envs\fams\Lib\site-packages\starlette\middleware\base.py", line 144, in coro
    await self.app(scope, receive_or_disconnect, send_no_error)
          │    │   │      │                      └ <function BaseHTTPMiddleware.__call__.<locals>.call_next.<locals>.send_no_error at 0x0000018B64EEEDE0>
          │    │   │      └ <function BaseHTTPMiddleware.__call__.<locals>.call_next.<locals>.receive_or_disconnect at 0x0000018B64EEE7A0>
          │    │   └ {'type': 'http', 'asgi': {'version': '3.0', 'spec_version': '2.3'}, 'http_version': '1.1', 'server': ('127.0.0.1', 9900), 'cl...
          │    └ <starlette.middleware.cors.CORSMiddleware object at 0x0000018B648D4F50>
          └ <starlette.middleware.base.BaseHTTPMiddleware object at 0x0000018B64307510>
  File "D:\__lybix__\DEVTools\miniconda3\envs\fams\Lib\site-packages\starlette\middleware\cors.py", line 88, in __call__
    await self.app(scope, receive, send)
          │    │   │      │        └ <function BaseHTTPMiddleware.__call__.<locals>.call_next.<locals>.send_no_error at 0x0000018B64EEEDE0>
          │    │   │      └ <function BaseHTTPMiddleware.__call__.<locals>.call_next.<locals>.receive_or_disconnect at 0x0000018B64EEE7A0>
          │    │   └ {'type': 'http', 'asgi': {'version': '3.0', 'spec_version': '2.3'}, 'http_version': '1.1', 'server': ('127.0.0.1', 9900), 'cl...
          │    └ <starlette.middleware.exceptions.ExceptionMiddleware object at 0x0000018B642EF6D0>
          └ <starlette.middleware.cors.CORSMiddleware object at 0x0000018B648D4F50>
  File "D:\__lybix__\DEVTools\miniconda3\envs\fams\Lib\site-packages\starlette\middleware\exceptions.py", line 63, in __call__
    await wrap_app_handling_exceptions(self.app, conn)(scope, receive, send)
          │                            │    │    │     │      │        └ <function BaseHTTPMiddleware.__call__.<locals>.call_next.<locals>.send_no_error at 0x0000018B64EEEDE0>
          │                            │    │    │     │      └ <function BaseHTTPMiddleware.__call__.<locals>.call_next.<locals>.receive_or_disconnect at 0x0000018B64EEE7A0>
          │                            │    │    │     └ {'type': 'http', 'asgi': {'version': '3.0', 'spec_version': '2.3'}, 'http_version': '1.1', 'server': ('127.0.0.1', 9900), 'cl...
          │                            │    │    └ <starlette.requests.Request object at 0x0000018B64EE0710>
          │                            │    └ <fastapi.middleware.asyncexitstack.AsyncExitStackMiddleware object at 0x0000018B648D4E50>
          │                            └ <starlette.middleware.exceptions.ExceptionMiddleware object at 0x0000018B642EF6D0>
          └ <function wrap_app_handling_exceptions at 0x0000018B6280F100>
  File "D:\__lybix__\DEVTools\miniconda3\envs\fams\Lib\site-packages\starlette\_exception_handler.py", line 53, in wrapped_app
    raise exc
  File "D:\__lybix__\DEVTools\miniconda3\envs\fams\Lib\site-packages\starlette\_exception_handler.py", line 42, in wrapped_app
    await app(scope, receive, sender)
          │   │      │        └ <function wrap_app_handling_exceptions.<locals>.wrapped_app.<locals>.sender at 0x0000018B64EEF1A0>
          │   │      └ <function BaseHTTPMiddleware.__call__.<locals>.call_next.<locals>.receive_or_disconnect at 0x0000018B64EEE7A0>
          │   └ {'type': 'http', 'asgi': {'version': '3.0', 'spec_version': '2.3'}, 'http_version': '1.1', 'server': ('127.0.0.1', 9900), 'cl...
          └ <fastapi.middleware.asyncexitstack.AsyncExitStackMiddleware object at 0x0000018B648D4E50>
  File "D:\__lybix__\DEVTools\miniconda3\envs\fams\Lib\site-packages\fastapi\middleware\asyncexitstack.py", line 18, in __call__
    await self.app(scope, receive, send)
          │    │   │      │        └ <function wrap_app_handling_exceptions.<locals>.wrapped_app.<locals>.sender at 0x0000018B64EEF1A0>
          │    │   │      └ <function BaseHTTPMiddleware.__call__.<locals>.call_next.<locals>.receive_or_disconnect at 0x0000018B64EEE7A0>
          │    │   └ {'type': 'http', 'asgi': {'version': '3.0', 'spec_version': '2.3'}, 'http_version': '1.1', 'server': ('127.0.0.1', 9900), 'cl...
          │    └ <fastapi.routing.APIRouter object at 0x0000018B6484E610>
          └ <fastapi.middleware.asyncexitstack.AsyncExitStackMiddleware object at 0x0000018B648D4E50>
  File "D:\__lybix__\DEVTools\miniconda3\envs\fams\Lib\site-packages\starlette\routing.py", line 660, in __call__
    await self.middleware_stack(scope, receive, send)
          │    │                │      │        └ <function wrap_app_handling_exceptions.<locals>.wrapped_app.<locals>.sender at 0x0000018B64EEF1A0>
          │    │                │      └ <function BaseHTTPMiddleware.__call__.<locals>.call_next.<locals>.receive_or_disconnect at 0x0000018B64EEE7A0>
          │    │                └ {'type': 'http', 'asgi': {'version': '3.0', 'spec_version': '2.3'}, 'http_version': '1.1', 'server': ('127.0.0.1', 9900), 'cl...
          │    └ <bound method APIRouter.app of <fastapi.routing.APIRouter object at 0x0000018B6484E610>>
          └ <fastapi.routing.APIRouter object at 0x0000018B6484E610>
  File "D:\__lybix__\DEVTools\miniconda3\envs\fams\Lib\site-packages\fastapi\routing.py", line 2683, in app
    await route.handle(scope, receive, send)
          │     │      │      │        └ <function wrap_app_handling_exceptions.<locals>.wrapped_app.<locals>.sender at 0x0000018B64EEF1A0>
          │     │      │      └ <function BaseHTTPMiddleware.__call__.<locals>.call_next.<locals>.receive_or_disconnect at 0x0000018B64EEE7A0>
          │     │      └ {'type': 'http', 'asgi': {'version': '3.0', 'spec_version': '2.3'}, 'http_version': '1.1', 'server': ('127.0.0.1', 9900), 'cl...
          │     └ <function _IncludedRouter.handle at 0x0000018B62851BC0>
          └ _IncludedRouter(original_router=<fastapi.routing.APIRouter object at 0x0000018B5EFD4490>, include_context=_RouterIncludeConte...
  File "D:\__lybix__\DEVTools\miniconda3\envs\fams\Lib\site-packages\fastapi\routing.py", line 1753, in handle
    await self.original_router.handle(scope, receive, send)
          │    │               │      │      │        └ <function wrap_app_handling_exceptions.<locals>.wrapped_app.<locals>.sender at 0x0000018B64EEF1A0>
          │    │               │      │      └ <function BaseHTTPMiddleware.__call__.<locals>.call_next.<locals>.receive_or_disconnect at 0x0000018B64EEE7A0>
          │    │               │      └ {'type': 'http', 'asgi': {'version': '3.0', 'spec_version': '2.3'}, 'http_version': '1.1', 'server': ('127.0.0.1', 9900), 'cl...
          │    │               └ <function APIRouter.handle at 0x0000018B62853BA0>
          │    └ <fastapi.routing.APIRouter object at 0x0000018B5EFD4490>
          └ _IncludedRouter(original_router=<fastapi.routing.APIRouter object at 0x0000018B5EFD4490>, include_context=_RouterIncludeConte...
  File "D:\__lybix__\DEVTools\miniconda3\envs\fams\Lib\site-packages\fastapi\routing.py", line 2738, in handle
    await included_router._handle_selected(scope, receive, send)
          │               │                │      │        └ <function wrap_app_handling_exceptions.<locals>.wrapped_app.<locals>.sender at 0x0000018B64EEF1A0>
          │               │                │      └ <function BaseHTTPMiddleware.__call__.<locals>.call_next.<locals>.receive_or_disconnect at 0x0000018B64EEE7A0>
          │               │                └ {'type': 'http', 'asgi': {'version': '3.0', 'spec_version': '2.3'}, 'http_version': '1.1', 'server': ('127.0.0.1', 9900), 'cl...
          │               └ <function _IncludedRouter._handle_selected at 0x0000018B62851C60>
          └ _IncludedRouter(original_router=<fastapi.routing.APIRouter object at 0x0000018B5EFD4490>, include_context=_RouterIncludeConte...
  File "D:\__lybix__\DEVTools\miniconda3\envs\fams\Lib\site-packages\fastapi\routing.py", line 1773, in _handle_selected
    await original_route.handle(scope, receive, send)
          │              │      │      │        └ <function wrap_app_handling_exceptions.<locals>.wrapped_app.<locals>.sender at 0x0000018B64EEF1A0>
          │              │      │      └ <function BaseHTTPMiddleware.__call__.<locals>.call_next.<locals>.receive_or_disconnect at 0x0000018B64EEE7A0>
          │              │      └ {'type': 'http', 'asgi': {'version': '3.0', 'spec_version': '2.3'}, 'http_version': '1.1', 'server': ('127.0.0.1', 9900), 'cl...
          │              └ <function APIRoute.handle at 0x0000018B6283BCE0>
          └ APIRoute(path='/api/apply/pending', name='pending_applies', methods=['GET'])
  File "D:\__lybix__\DEVTools\miniconda3\envs\fams\Lib\site-packages\fastapi\routing.py", line 1264, in handle
    await app(scope, receive, send)
          │   │      │        └ <function wrap_app_handling_exceptions.<locals>.wrapped_app.<locals>.sender at 0x0000018B64EEF1A0>
          │   │      └ <function BaseHTTPMiddleware.__call__.<locals>.call_next.<locals>.receive_or_disconnect at 0x0000018B64EEE7A0>
          │   └ {'type': 'http', 'asgi': {'version': '3.0', 'spec_version': '2.3'}, 'http_version': '1.1', 'server': ('127.0.0.1', 9900), 'cl...
          └ <function request_response.<locals>.app at 0x0000018B64EECB80>
  File "D:\__lybix__\DEVTools\miniconda3\envs\fams\Lib\site-packages\fastapi\routing.py", line 150, in app
    await wrap_app_handling_exceptions(app, request)(scope, receive, send)
          │                            │    │        │      │        └ <function wrap_app_handling_exceptions.<locals>.wrapped_app.<locals>.sender at 0x0000018B64EEF1A0>
          │                            │    │        │      └ <function BaseHTTPMiddleware.__call__.<locals>.call_next.<locals>.receive_or_disconnect at 0x0000018B64EEE7A0>
          │                            │    │        └ {'type': 'http', 'asgi': {'version': '3.0', 'spec_version': '2.3'}, 'http_version': '1.1', 'server': ('127.0.0.1', 9900), 'cl...
          │                            │    └ <starlette.requests.Request object at 0x0000018B64EDA350>
          │                            └ <function request_response.<locals>.app.<locals>.app at 0x0000018B64EEEF20>
          └ <function wrap_app_handling_exceptions at 0x0000018B6280F100>
  File "D:\__lybix__\DEVTools\miniconda3\envs\fams\Lib\site-packages\starlette\_exception_handler.py", line 53, in wrapped_app
    raise exc
  File "D:\__lybix__\DEVTools\miniconda3\envs\fams\Lib\site-packages\starlette\_exception_handler.py", line 42, in wrapped_app
    await app(scope, receive, sender)
          │   │      │        └ <function wrap_app_handling_exceptions.<locals>.wrapped_app.<locals>.sender at 0x0000018B64EEE2A0>
          │   │      └ <function BaseHTTPMiddleware.__call__.<locals>.call_next.<locals>.receive_or_disconnect at 0x0000018B64EEE7A0>
          │   └ {'type': 'http', 'asgi': {'version': '3.0', 'spec_version': '2.3'}, 'http_version': '1.1', 'server': ('127.0.0.1', 9900), 'cl...
          └ <function request_response.<locals>.app.<locals>.app at 0x0000018B64EEEF20>
  File "D:\__lybix__\DEVTools\miniconda3\envs\fams\Lib\site-packages\fastapi\routing.py", line 136, in app
    response = await f(request)
                     │ └ <starlette.requests.Request object at 0x0000018B64EDA350>
                     └ <function get_request_handler.<locals>.app at 0x0000018B64EED1C0>
  File "D:\__lybix__\DEVTools\miniconda3\envs\fams\Lib\site-packages\fastapi\routing.py", line 690, in app
    raw_response = await run_endpoint_function(
                         └ <function run_endpoint_function at 0x0000018B6283AF20>
  File "D:\__lybix__\DEVTools\miniconda3\envs\fams\Lib\site-packages\fastapi\routing.py", line 344, in run_endpoint_function
    return await dependant.call(**values)
                 │         │      └ {'current_user': {'user_id': 2, 'username': 'cs_admin', 'dept_id': 2, 'role_keys': ['college_admin'], 'exp': 1783770386, 'iat...
                 │         └ <function pending_applies at 0x0000018B647B40E0>
                 └ Dependant(path_params=[], query_params=[ModelField(field_info=Query(), name='apply_type', mode='validation', config=None), Mo...

  File "D:\__lybix__\_Codes\FAMS-NEPU\platform\server\services\svr_gateway\routes.py", line 529, in pending_applies
    items, total = logic.list_pending(
                   │     └ <function ApplyLogic.list_pending at 0x0000018B6458C540>
                   └ <data.logic.apply_logic.ApplyLogic object at 0x0000018B64998490>

  File "D:\__lybix__\_Codes\FAMS-NEPU\platform\server\data\logic\apply_logic.py", line 86, in list_pending
    return self.apply_dao.list_pending(approver_id, dept_id, apply_type, page_num, page_size)
           │    │         │            │            │        │           │         └ 5
           │    │         │            │            │        │           └ 1
           │    │         │            │            │        └ ''
           │    │         │            │            └ 2
           │    │         │            └ 2
           │    │         └ <function ApplyDAO.list_pending at 0x0000018B64573CE0>
           │    └ <data.basic.apply_dao.ApplyDAO object at 0x0000018B642E5D90>
           └ <data.logic.apply_logic.ApplyLogic object at 0x0000018B64998490>

  File "D:\__lybix__\_Codes\FAMS-NEPU\platform\server\data\basic\apply_dao.py", line 96, in list_pending
    return self._execute(list_sql, params), total
           │    │        │         │        └ 1
           │    │        │         └ {'dept_id': 2, 'offset': 0, 'limit': 5}
           │    │        └ "SELECT a.apply_id, a.apply_type, a.applicant_id, u.nickname AS applicant_name,\n                              a.dept_id, d.d...
           │    └ <function BaseDAO._execute at 0x0000018B641AFB00>
           └ <data.basic.apply_dao.ApplyDAO object at 0x0000018B642E5D90>

  File "D:\__lybix__\_Codes\FAMS-NEPU\platform\server\data\basic\base_dao.py", line 39, in _execute
    result = conn.execute(text(sql), params or {})
             │    │       │    │     └ {'dept_id': 2, 'offset': 0, 'limit': 5}
             │    │       │    └ "SELECT a.apply_id, a.apply_type, a.applicant_id, u.nickname AS applicant_name,\n                              a.dept_id, d.d...
             │    │       └ <function text at 0x0000018B630E7F60>
             │    └ <function Connection.execute at 0x0000018B6412ACA0>
             └ <sqlalchemy.engine.base.Connection object at 0x0000018B64F03A90>

  File "D:\__lybix__\DEVTools\miniconda3\envs\fams\Lib\site-packages\sqlalchemy\engine\base.py", line 1421, in execute
    return meth(
           └ <bound method ClauseElement._execute_on_connection of <sqlalchemy.sql.elements.TextClause object at 0x0000018B64EA01D0>>
  File "D:\__lybix__\DEVTools\miniconda3\envs\fams\Lib\site-packages\sqlalchemy\sql\elements.py", line 526, in _execute_on_connection
    return connection._execute_clauseelement(
           │          └ <function Connection._execute_clauseelement at 0x0000018B6412AFC0>
           └ <sqlalchemy.engine.base.Connection object at 0x0000018B64F03A90>
  File "D:\__lybix__\DEVTools\miniconda3\envs\fams\Lib\site-packages\sqlalchemy\engine\base.py", line 1643, in _execute_clauseelement
    ret = self._execute_context(
          │    └ <function Connection._execute_context at 0x0000018B6412B1A0>
          └ <sqlalchemy.engine.base.Connection object at 0x0000018B64F03A90>
  File "D:\__lybix__\DEVTools\miniconda3\envs\fams\Lib\site-packages\sqlalchemy\engine\base.py", line 1848, in _execute_context
    return self._exec_single_context(
           │    └ <function Connection._exec_single_context at 0x0000018B6412B240>
           └ <sqlalchemy.engine.base.Connection object at 0x0000018B64F03A90>
  File "D:\__lybix__\DEVTools\miniconda3\envs\fams\Lib\site-packages\sqlalchemy\engine\base.py", line 1988, in _exec_single_context
    self._handle_dbapi_exception(
    │    └ <function Connection._handle_dbapi_exception at 0x0000018B6412B4C0>
    └ <sqlalchemy.engine.base.Connection object at 0x0000018B64F03A90>
  File "D:\__lybix__\DEVTools\miniconda3\envs\fams\Lib\site-packages\sqlalchemy\engine\base.py", line 2365, in _handle_dbapi_exception
    raise sqlalchemy_exception.with_traceback(exc_info[2]) from e
          │                    │              │                 └ ProgrammingError(1146, "Table 'workflow_db.asset_info' doesn't exist")
          │                    │              └ (<class 'pymysql.err.ProgrammingError'>, ProgrammingError(1146, "Table 'workflow_db.asset_info' doesn't exist"), <traceback o...
          │                    └ <method 'with_traceback' of 'BaseException' objects>
          └ ProgrammingError('(pymysql.err.ProgrammingError) (1146, "Table \'workflow_db.asset_info\' doesn\'t exist")')
  File "D:\__lybix__\DEVTools\miniconda3\envs\fams\Lib\site-packages\sqlalchemy\engine\base.py", line 1969, in _exec_single_context
    self.dialect.do_execute(
    │    │       └ <function DefaultDialect.do_execute at 0x0000018B641CEDE0>
    │    └ <sqlalchemy.dialects.mysql.pymysql.MySQLDialect_pymysql object at 0x0000018B64A438D0>
    └ <sqlalchemy.engine.base.Connection object at 0x0000018B64F03A90>
  File "D:\__lybix__\DEVTools\miniconda3\envs\fams\Lib\site-packages\sqlalchemy\engine\default.py", line 952, in do_execute
    cursor.execute(statement, parameters)
    │      │       │          └ {'dept_id': 2, 'limit': 5, 'offset': 0}
    │      │       └ "SELECT a.apply_id, a.apply_type, a.applicant_id, u.nickname AS applicant_name,\n                              a.dept_id, d.d...
    │      └ <function Cursor.execute at 0x0000018B64B27D80>
    └ <pymysql.cursors.Cursor object at 0x0000018B64F1AE50>
  File "D:\__lybix__\DEVTools\miniconda3\envs\fams\Lib\site-packages\pymysql\cursors.py", line 170, in execute
    result = self._query(query)
             │    │      └ "SELECT a.apply_id, a.apply_type, a.applicant_id, u.nickname AS applicant_name,\n                              a.dept_id, d.d...
             │    └ <function Cursor._query at 0x0000018B64B7C2C0>
             └ <pymysql.cursors.Cursor object at 0x0000018B64F1AE50>
  File "D:\__lybix__\DEVTools\miniconda3\envs\fams\Lib\site-packages\pymysql\cursors.py", line 328, in _query
    conn.query(q)
    │    │     └ "SELECT a.apply_id, a.apply_type, a.applicant_id, u.nickname AS applicant_name,\n                              a.dept_id, d.d...
    │    └ <function Connection.query at 0x0000018B64B7FEC0>
    └ <pymysql.connections.Connection object at 0x0000018B6430BB10>
  File "D:\__lybix__\DEVTools\miniconda3\envs\fams\Lib\site-packages\pymysql\connections.py", line 517, in query
    self._affected_rows = self._read_query_result(unbuffered=unbuffered)
    │    │                │    │                             └ False
    │    │                │    └ <function Connection._read_query_result at 0x0000018B64B805E0>
    │    │                └ <pymysql.connections.Connection object at 0x0000018B6430BB10>
    │    └ 1
    └ <pymysql.connections.Connection object at 0x0000018B6430BB10>
  File "D:\__lybix__\DEVTools\miniconda3\envs\fams\Lib\site-packages\pymysql\connections.py", line 732, in _read_query_result
    result.read()
    │      └ <function MySQLResult.read at 0x0000018B64B80EA0>
    └ <pymysql.connections.MySQLResult object at 0x0000018B64F18210>
  File "D:\__lybix__\DEVTools\miniconda3\envs\fams\Lib\site-packages\pymysql\connections.py", line 1075, in read
    first_packet = self.connection._read_packet()
                   │    └ None
                   └ <pymysql.connections.MySQLResult object at 0x0000018B64F18210>
  File "D:\__lybix__\DEVTools\miniconda3\envs\fams\Lib\site-packages\pymysql\connections.py", line 684, in _read_packet
    packet.check_error()
    │      └ <function MysqlPacket.check_error at 0x0000018B64B7E3E0>
    └ <pymysql.protocol.MysqlPacket object at 0x0000018B64EC3340>
  File "D:\__lybix__\DEVTools\miniconda3\envs\fams\Lib\site-packages\pymysql\protocol.py", line 220, in check_error
    err.raise_mysql_exception(self._data)
    │   │                     │    └ <member '_data' of 'MysqlPacket' objects>
    │   │                     └ <pymysql.protocol.MysqlPacket object at 0x0000018B64EC3340>
    │   └ <function raise_mysql_exception at 0x0000018B64B25620>
    └ <module 'pymysql.err' from 'D:\\__lybix__\\DEVTools\\miniconda3\\envs\\fams\\Lib\\site-packages\\pymysql\\err.py'>
  File "D:\__lybix__\DEVTools\miniconda3\envs\fams\Lib\site-packages\pymysql\err.py", line 109, in raise_mysql_exception
    raise errorclass(errno, errval)
          │          │      └ "Table 'workflow_db.asset_info' doesn't exist"
          │          └ 1146
          └ <class 'pymysql.err.ProgrammingError'>

sqlalchemy.exc.ProgrammingError: (pymysql.err.ProgrammingError) (1146, "Table 'workflow_db.asset_info' doesn't exist")
[SQL: SELECT a.apply_id, a.apply_type, a.applicant_id, u.nickname AS applicant_name,
                              a.dept_id, d.dept_name, a.asset_id, ast.asset_name,
                              a.reason, a.status, a.current_node, a.create_time
                       FROM asset_apply a
                       LEFT JOIN user_auth_db.sys_user u ON a.applicant_id = u.user_id
                       LEFT JOIN user_auth_db.sys_dept d ON a.dept_id = d.dept_id
                       LEFT JOIN asset_info ast ON a.asset_id = ast.asset_id
                       WHERE a.status IN ('PENDING_COLLEGE', 'PENDING_SCHOOL') AND a.dept_id = %(dept_id)s
                       ORDER BY a.create_time DESC
                       LIMIT %(limit)s OFFSET %(offset)s]
[parameters: {'dept_id': 2, 'limit': 5, 'offset': 0}]
(Background on this error at: https://sqlalche.me/e/20/f405)
2026-07-10 19:49:04.067 | INFO     | __main__:<module>:63 - Gateway starting on port 9900, PID=5896
2026-07-10 19:49:06.309 | INFO     | __main__:log_requests:44 - GET /api/asset/status/list -> 200 (0.168s)
2026-07-10 19:49:06.514 | INFO     | __main__:log_requests:44 - GET /api/repair/list -> 200 (0.194s)
2026-07-10 19:49:06.514 | INFO     | __main__:log_requests:44 - GET /api/report/dashboard -> 200 (0.197s)
2026-07-10 19:49:06.546 | INFO     | __main__:log_requests:44 - GET /api/apply/pending -> 200 (0.224s)
2026-07-10 19:49:06.546 | INFO     | __main__:log_requests:44 - GET /api/report/asset -> 200 (0.228s)
2026-07-10 19:49:09.028 | INFO     | __main__:log_requests:44 - POST /api/auth/login -> 200 (0.299s)
2026-07-10 19:49:09.048 | INFO     | __main__:log_requests:44 - GET /api/user/profile -> 200 (0.008s)
2026-07-10 19:49:09.104 | INFO     | __main__:log_requests:44 - GET /api/asset/status/list -> 200 (0.004s)
2026-07-10 19:49:09.152 | INFO     | __main__:log_requests:44 - GET /api/repair/list -> 200 (0.037s)
2026-07-10 19:49:09.152 | INFO     | __main__:log_requests:44 - GET /api/report/dashboard -> 200 (0.039s)
2026-07-10 19:49:09.152 | INFO     | __main__:log_requests:44 - GET /api/report/asset -> 200 (0.039s)
2026-07-10 19:49:09.154 | INFO     | __main__:log_requests:44 - GET /api/apply/pending -> 200 (0.037s)
2026-07-10 19:49:20.014 | INFO     | __main__:log_requests:44 - GET /api/asset/category/list -> 200 (0.028s)
2026-07-10 19:49:20.030 | INFO     | __main__:log_requests:44 - GET /api/asset/status/list -> 200 (0.003s)
2026-07-10 19:49:20.055 | INFO     | __main__:log_requests:44 - GET /api/asset/list -> 200 (0.015s)
2026-07-10 19:49:42.879 | INFO     | __main__:log_requests:44 - GET /api/repair/list -> 200 (0.006s)
2026-07-10 19:49:43.497 | INFO     | __main__:log_requests:44 - GET /api/dept/tree -> 200 (0.004s)
2026-07-10 19:49:43.514 | INFO     | __main__:log_requests:44 - GET /api/repair/list -> 200 (0.006s)
2026-07-10 19:49:46.712 | INFO     | __main__:log_requests:44 - GET /api/repair/list -> 200 (0.006s)
2026-07-10 19:49:48.801 | INFO     | __main__:log_requests:44 - GET /api/repair/list -> 200 (0.006s)
2026-07-10 19:49:49.316 | INFO     | __main__:log_requests:44 - GET /api/repair/list -> 200 (0.005s)
2026-07-10 19:49:50.963 | INFO     | __main__:log_requests:44 - GET /api/repair/list -> 200 (0.007s)
2026-07-10 19:49:52.385 | INFO     | __main__:log_requests:44 - GET /api/asset/status/list -> 200 (0.004s)
2026-07-10 19:49:52.420 | INFO     | __main__:log_requests:44 - GET /api/repair/list -> 200 (0.025s)
2026-07-10 19:49:52.420 | INFO     | __main__:log_requests:44 - GET /api/report/dashboard -> 200 (0.027s)
2026-07-10 19:49:52.430 | INFO     | __main__:log_requests:44 - GET /api/apply/pending -> 200 (0.036s)
2026-07-10 19:49:52.432 | INFO     | __main__:log_requests:44 - GET /api/report/asset -> 200 (0.038s)
2026-07-10 19:49:54.247 | INFO     | __main__:log_requests:44 - GET /api/dept/tree -> 200 (0.004s)
2026-07-10 19:49:54.261 | INFO     | __main__:log_requests:44 - GET /api/user/list -> 200 (0.014s)
2026-07-10 19:49:54.299 | INFO     | __main__:log_requests:44 - GET /api/check/task/list -> 200 (0.033s)
2026-07-10 19:49:56.026 | INFO     | __main__:log_requests:44 - GET /api/repair/list -> 200 (0.008s)
2026-07-10 19:49:57.442 | INFO     | __main__:log_requests:44 - GET /api/apply/pending -> 200 (0.006s)
2026-07-10 19:50:01.197 | ERROR    | __main__:global_exception_handler:50 - Unhandled exception on PUT /api/apply/approve
Traceback (most recent call last):

  File "D:\__lybix__\DEVTools\miniconda3\envs\fams\Lib\site-packages\sqlalchemy\engine\base.py", line 1969, in _exec_single_context
    self.dialect.do_execute(
    │    │       └ <function DefaultDialect.do_execute at 0x0000016841B7EDE0>
    │    └ <sqlalchemy.dialects.mysql.pymysql.MySQLDialect_pymysql object at 0x00000168425A80D0>
    └ <sqlalchemy.engine.base.Connection object at 0x00000168425C3AD0>
  File "D:\__lybix__\DEVTools\miniconda3\envs\fams\Lib\site-packages\sqlalchemy\engine\default.py", line 952, in do_execute
    cursor.execute(statement, parameters)
    │      │       │          └ {'apply_id': 11}
    │      │       └ 'SELECT r.record_id, r.apply_id, r.approver_id, u.nickname AS approver_name,\n                        r.action, r.opinion, r....
    │      └ <function Cursor.execute at 0x00000168424D7D80>
    └ <pymysql.cursors.Cursor object at 0x00000168425DE790>
  File "D:\__lybix__\DEVTools\miniconda3\envs\fams\Lib\site-packages\pymysql\cursors.py", line 170, in execute
    result = self._query(query)
             │    │      └ 'SELECT r.record_id, r.apply_id, r.approver_id, u.nickname AS approver_name,\n                        r.action, r.opinion, r....
             │    └ <function Cursor._query at 0x000001684252C2C0>
             └ <pymysql.cursors.Cursor object at 0x00000168425DE790>
  File "D:\__lybix__\DEVTools\miniconda3\envs\fams\Lib\site-packages\pymysql\cursors.py", line 328, in _query
    conn.query(q)
    │    │     └ 'SELECT r.record_id, r.apply_id, r.approver_id, u.nickname AS approver_name,\n                        r.action, r.opinion, r....
    │    └ <function Connection.query at 0x000001684252FEC0>
    └ <pymysql.connections.Connection object at 0x00000168425DC210>
  File "D:\__lybix__\DEVTools\miniconda3\envs\fams\Lib\site-packages\pymysql\connections.py", line 517, in query
    self._affected_rows = self._read_query_result(unbuffered=unbuffered)
    │    │                │    │                             └ False
    │    │                │    └ <function Connection._read_query_result at 0x00000168425305E0>
    │    │                └ <pymysql.connections.Connection object at 0x00000168425DC210>
    │    └ 1
    └ <pymysql.connections.Connection object at 0x00000168425DC210>
  File "D:\__lybix__\DEVTools\miniconda3\envs\fams\Lib\site-packages\pymysql\connections.py", line 732, in _read_query_result
    result.read()
    │      └ <function MySQLResult.read at 0x0000016842530EA0>
    └ <pymysql.connections.MySQLResult object at 0x00000168425DEDD0>
  File "D:\__lybix__\DEVTools\miniconda3\envs\fams\Lib\site-packages\pymysql\connections.py", line 1075, in read
    first_packet = self.connection._read_packet()
                   │    └ None
                   └ <pymysql.connections.MySQLResult object at 0x00000168425DEDD0>
  File "D:\__lybix__\DEVTools\miniconda3\envs\fams\Lib\site-packages\pymysql\connections.py", line 684, in _read_packet
    packet.check_error()
    │      └ <function MysqlPacket.check_error at 0x000001684252E3E0>
    └ <pymysql.protocol.MysqlPacket object at 0x00000168425BE980>
  File "D:\__lybix__\DEVTools\miniconda3\envs\fams\Lib\site-packages\pymysql\protocol.py", line 220, in check_error
    err.raise_mysql_exception(self._data)
    │   │                     │    └ <member '_data' of 'MysqlPacket' objects>
    │   │                     └ <pymysql.protocol.MysqlPacket object at 0x00000168425BE980>
    │   └ <function raise_mysql_exception at 0x00000168424D5620>
    └ <module 'pymysql.err' from 'D:\\__lybix__\\DEVTools\\miniconda3\\envs\\fams\\Lib\\site-packages\\pymysql\\err.py'>
  File "D:\__lybix__\DEVTools\miniconda3\envs\fams\Lib\site-packages\pymysql\err.py", line 109, in raise_mysql_exception
    raise errorclass(errno, errval)
          │          │      └ "Unknown column 'r.create_time' in 'field list'"
          │          └ 1054
          └ <class 'pymysql.err.InternalError'>

pymysql.err.InternalError: (1054, "Unknown column 'r.create_time' in 'field list'")


The above exception was the direct cause of the following exception:


Traceback (most recent call last):

  File "D:\__lybix__\_Codes\FAMS-NEPU\platform\server\services\svr_gateway\main.py", line 64, in <module>
    uvicorn.run(app, host="0.0.0.0", port=gateway_config.HTTP_PORT)
    │       │   │                         │              └ 9900
    │       │   │                         └ <services.svr_gateway.config.GatewayConfig object at 0x00000168402C8B10>
    │       │   └ <fastapi.applications.FastAPI object at 0x00000168421FD550>
    │       └ <function run at 0x000001683F03FD80>
    └ <module 'uvicorn' from 'D:\\__lybix__\\DEVTools\\miniconda3\\envs\\fams\\Lib\\site-packages\\uvicorn\\__init__.py'>

  File "D:\__lybix__\DEVTools\miniconda3\envs\fams\Lib\site-packages\uvicorn\main.py", line 621, in run
    server.run()
    │      └ <function Server.run at 0x000001683F1D0860>
    └ <uvicorn.server.Server object at 0x0000016841FC6C50>
  File "D:\__lybix__\DEVTools\miniconda3\envs\fams\Lib\site-packages\uvicorn\server.py", line 74, in run
    return asyncio_run(self.serve(sockets=sockets), loop_factory=self.config.get_loop_factory())
           │           │    │             │                      │    │      └ <function Config.get_loop_factory at 0x000001683F03D1C0>
           │           │    │             │                      │    └ <uvicorn.config.Config object at 0x0000016841F52450>
           │           │    │             │                      └ <uvicorn.server.Server object at 0x0000016841FC6C50>
           │           │    │             └ None
           │           │    └ <function Server.serve at 0x000001683F1D0900>
           │           └ <uvicorn.server.Server object at 0x0000016841FC6C50>
           └ <function asyncio_run at 0x000001683EFB7740>
  File "D:\__lybix__\DEVTools\miniconda3\envs\fams\Lib\site-packages\uvicorn\_compat.py", line 30, in asyncio_run
    return runner.run(main)
           │      │   └ <coroutine object Server.serve at 0x0000016842204130>
           │      └ <function Runner.run at 0x000001683E9EF560>
           └ <asyncio.runners.Runner object at 0x0000016841CBB950>
  File "D:\__lybix__\DEVTools\miniconda3\envs\fams\Lib\asyncio\runners.py", line 118, in run
    return self._loop.run_until_complete(task)
           │    │     │                  └ <Task pending name='Task-1' coro=<Server.serve() running at D:\__lybix__\DEVTools\miniconda3\envs\fams\Lib\site-packages\uvic...
           │    │     └ <function BaseEventLoop.run_until_complete at 0x000001683E9ED120>
           │    └ <ProactorEventLoop running=True closed=False debug=False>
           └ <asyncio.runners.Runner object at 0x0000016841CBB950>
  File "D:\__lybix__\DEVTools\miniconda3\envs\fams\Lib\asyncio\base_events.py", line 637, in run_until_complete
    self.run_forever()
    │    └ <function ProactorEventLoop.run_forever at 0x000001683EAC4860>
    └ <ProactorEventLoop running=True closed=False debug=False>
  File "D:\__lybix__\DEVTools\miniconda3\envs\fams\Lib\asyncio\windows_events.py", line 321, in run_forever
    super().run_forever()
  File "D:\__lybix__\DEVTools\miniconda3\envs\fams\Lib\asyncio\base_events.py", line 604, in run_forever
    self._run_once()
    │    └ <function BaseEventLoop._run_once at 0x000001683E9EEE80>
    └ <ProactorEventLoop running=True closed=False debug=False>
  File "D:\__lybix__\DEVTools\miniconda3\envs\fams\Lib\asyncio\base_events.py", line 1909, in _run_once
    handle._run()
    │      └ <function Handle._run at 0x000001683E9293A0>
    └ <Handle Task.task_wakeup(<Future finished result=None>)>
  File "D:\__lybix__\DEVTools\miniconda3\envs\fams\Lib\asyncio\events.py", line 80, in _run
    self._context.run(self._callback, *self._args)
    │    │            │    │           │    └ <member '_args' of 'Handle' objects>
    │    │            │    │           └ <Handle Task.task_wakeup(<Future finished result=None>)>
    │    │            │    └ <member '_callback' of 'Handle' objects>
    │    │            └ <Handle Task.task_wakeup(<Future finished result=None>)>
    │    └ <member '_context' of 'Handle' objects>
    └ <Handle Task.task_wakeup(<Future finished result=None>)>
  File "D:\__lybix__\DEVTools\miniconda3\envs\fams\Lib\site-packages\uvicorn\protocols\http\httptools_impl.py", line 422, in run_asgi
    result = await app(  # type: ignore[func-returns-value]
                   └ <uvicorn.middleware.proxy_headers.ProxyHeadersMiddleware object at 0x00000168421FED90>
  File "D:\__lybix__\DEVTools\miniconda3\envs\fams\Lib\site-packages\uvicorn\middleware\proxy_headers.py", line 63, in __call__
    return await self.app(scope, receive, send)
                 │    │   │      │        └ <bound method RequestResponseCycle.send of <uvicorn.protocols.http.httptools_impl.RequestResponseCycle object at 0x0000016842...
                 │    │   │      └ <bound method RequestResponseCycle.receive of <uvicorn.protocols.http.httptools_impl.RequestResponseCycle object at 0x0000016...
                 │    │   └ {'type': 'http', 'asgi': {'version': '3.0', 'spec_version': '2.3'}, 'http_version': '1.1', 'server': ('127.0.0.1', 9900), 'cl...
                 │    └ <fastapi.applications.FastAPI object at 0x00000168421FD550>
                 └ <uvicorn.middleware.proxy_headers.ProxyHeadersMiddleware object at 0x00000168421FED90>
  File "D:\__lybix__\DEVTools\miniconda3\envs\fams\Lib\site-packages\fastapi\applications.py", line 1163, in __call__
    await super().__call__(scope, receive, send)
                           │      │        └ <bound method RequestResponseCycle.send of <uvicorn.protocols.http.httptools_impl.RequestResponseCycle object at 0x0000016842...
                           │      └ <bound method RequestResponseCycle.receive of <uvicorn.protocols.http.httptools_impl.RequestResponseCycle object at 0x0000016...
                           └ {'type': 'http', 'asgi': {'version': '3.0', 'spec_version': '2.3'}, 'http_version': '1.1', 'server': ('127.0.0.1', 9900), 'cl...
  File "D:\__lybix__\DEVTools\miniconda3\envs\fams\Lib\site-packages\starlette\applications.py", line 90, in __call__
    await self.middleware_stack(scope, receive, send)
          │    │                │      │        └ <bound method RequestResponseCycle.send of <uvicorn.protocols.http.httptools_impl.RequestResponseCycle object at 0x0000016842...
          │    │                │      └ <bound method RequestResponseCycle.receive of <uvicorn.protocols.http.httptools_impl.RequestResponseCycle object at 0x0000016...
          │    │                └ {'type': 'http', 'asgi': {'version': '3.0', 'spec_version': '2.3'}, 'http_version': '1.1', 'server': ('127.0.0.1', 9900), 'cl...
          │    └ <starlette.middleware.errors.ServerErrorMiddleware object at 0x0000016841C97510>
          └ <fastapi.applications.FastAPI object at 0x00000168421FD550>
> File "D:\__lybix__\DEVTools\miniconda3\envs\fams\Lib\site-packages\starlette\middleware\errors.py", line 164, in __call__
    await self.app(scope, receive, _send)
          │    │   │      │        └ <function ServerErrorMiddleware.__call__.<locals>._send at 0x00000168425A71A0>
          │    │   │      └ <bound method RequestResponseCycle.receive of <uvicorn.protocols.http.httptools_impl.RequestResponseCycle object at 0x0000016...
          │    │   └ {'type': 'http', 'asgi': {'version': '3.0', 'spec_version': '2.3'}, 'http_version': '1.1', 'server': ('127.0.0.1', 9900), 'cl...
          │    └ <starlette.middleware.base.BaseHTTPMiddleware object at 0x0000016841FC6950>
          └ <starlette.middleware.errors.ServerErrorMiddleware object at 0x0000016841C97510>
  File "D:\__lybix__\DEVTools\miniconda3\envs\fams\Lib\contextlib.py", line 222, in __aexit__
    await self.gen.athrow(typ, value, traceback)
          │    │   │      │    │      └ <traceback object at 0x00000168425DFB40>
          │    │   │      │    └ InternalError('(pymysql.err.InternalError) (1054, "Unknown column \'r.create_time\' in \'field list\'")')
          │    │   │      └ <class 'sqlalchemy.exc.InternalError'>
          │    │   └ <method 'athrow' of 'async_generator' objects>
          │    └ <async_generator object create_collapsing_task_group at 0x00000168424CBE40>
          └ <contextlib._AsyncGeneratorContextManager object at 0x00000168425C19D0>
  File "D:\__lybix__\DEVTools\miniconda3\envs\fams\Lib\site-packages\starlette\_utils.py", line 93, in create_collapsing_task_group
    raise exc from exc.__cause__ or context
          │        │   │            └ None
          │        │   └ <attribute '__cause__' of 'BaseException' objects>
          │        └ InternalError('(pymysql.err.InternalError) (1054, "Unknown column \'r.create_time\' in \'field list\'")')
          └ InternalError('(pymysql.err.InternalError) (1054, "Unknown column \'r.create_time\' in \'field list\'")')
  File "D:\__lybix__\DEVTools\miniconda3\envs\fams\Lib\site-packages\starlette\_utils.py", line 86, in create_collapsing_task_group
    yield tg
          └ <anyio._backends._asyncio.TaskGroup object at 0x00000168425C2310>
  File "D:\__lybix__\DEVTools\miniconda3\envs\fams\Lib\site-packages\starlette\middleware\base.py", line 193, in __call__
    response = await self.dispatch_func(request, call_next)
                     │    │             │        └ <function BaseHTTPMiddleware.__call__.<locals>.call_next at 0x00000168425A7100>
                     │    │             └ <starlette.middleware.base._CachedRequest object at 0x00000168425C3FD0>
                     │    └ <function log_requests at 0x00000168421F1580>
                     └ <starlette.middleware.base.BaseHTTPMiddleware object at 0x0000016841FC6950>

  File "D:\__lybix__\_Codes\FAMS-NEPU\platform\server\services\svr_gateway\main.py", line 42, in log_requests
    response = await call_next(request)
                     │         └ <starlette.middleware.base._CachedRequest object at 0x00000168425C3FD0>
                     └ <function BaseHTTPMiddleware.__call__.<locals>.call_next at 0x00000168425A7100>

  File "D:\__lybix__\DEVTools\miniconda3\envs\fams\Lib\site-packages\starlette\middleware\base.py", line 168, in call_next
    raise app_exc from app_exc.__cause__ or app_exc.__context__
          │            │       │            │       └ <attribute '__context__' of 'BaseException' objects>
          │            │       │            └ InternalError('(pymysql.err.InternalError) (1054, "Unknown column \'r.create_time\' in \'field list\'")')
          │            │       └ <attribute '__cause__' of 'BaseException' objects>
          │            └ InternalError('(pymysql.err.InternalError) (1054, "Unknown column \'r.create_time\' in \'field list\'")')
          └ InternalError('(pymysql.err.InternalError) (1054, "Unknown column \'r.create_time\' in \'field list\'")')
  File "D:\__lybix__\DEVTools\miniconda3\envs\fams\Lib\site-packages\starlette\middleware\base.py", line 144, in coro
    await self.app(scope, receive_or_disconnect, send_no_error)
          │    │   │      │                      └ <function BaseHTTPMiddleware.__call__.<locals>.call_next.<locals>.send_no_error at 0x00000168425A6CA0>
          │    │   │      └ <function BaseHTTPMiddleware.__call__.<locals>.call_next.<locals>.receive_or_disconnect at 0x00000168425A6F20>
          │    │   └ {'type': 'http', 'asgi': {'version': '3.0', 'spec_version': '2.3'}, 'http_version': '1.1', 'server': ('127.0.0.1', 9900), 'cl...
          │    └ <starlette.middleware.cors.CORSMiddleware object at 0x0000016842288850>
          └ <starlette.middleware.base.BaseHTTPMiddleware object at 0x0000016841FC6950>
  File "D:\__lybix__\DEVTools\miniconda3\envs\fams\Lib\site-packages\starlette\middleware\cors.py", line 96, in __call__
    await self.simple_response(scope, receive, send, request_headers=headers)
          │    │               │      │        │                     └ Headers({'host': '127.0.0.1:9900', 'connection': 'close', 'content-length': '64', 'sec-ch-ua-platform': '"Windows"', 'authori...
          │    │               │      │        └ <function BaseHTTPMiddleware.__call__.<locals>.call_next.<locals>.send_no_error at 0x00000168425A6CA0>
          │    │               │      └ <function BaseHTTPMiddleware.__call__.<locals>.call_next.<locals>.receive_or_disconnect at 0x00000168425A6F20>
          │    │               └ {'type': 'http', 'asgi': {'version': '3.0', 'spec_version': '2.3'}, 'http_version': '1.1', 'server': ('127.0.0.1', 9900), 'cl...
          │    └ <function CORSMiddleware.simple_response at 0x00000168402BD080>
          └ <starlette.middleware.cors.CORSMiddleware object at 0x0000016842288850>
  File "D:\__lybix__\DEVTools\miniconda3\envs\fams\Lib\site-packages\starlette\middleware\cors.py", line 154, in simple_response
    await self.app(scope, receive, send)
          │    │   │      │        └ functools.partial(<bound method CORSMiddleware.send of <starlette.middleware.cors.CORSMiddleware object at 0x0000016842288850...
          │    │   │      └ <function BaseHTTPMiddleware.__call__.<locals>.call_next.<locals>.receive_or_disconnect at 0x00000168425A6F20>
          │    │   └ {'type': 'http', 'asgi': {'version': '3.0', 'spec_version': '2.3'}, 'http_version': '1.1', 'server': ('127.0.0.1', 9900), 'cl...
          │    └ <starlette.middleware.exceptions.ExceptionMiddleware object at 0x0000016841CBF6D0>
          └ <starlette.middleware.cors.CORSMiddleware object at 0x0000016842288850>
  File "D:\__lybix__\DEVTools\miniconda3\envs\fams\Lib\site-packages\starlette\middleware\exceptions.py", line 63, in __call__
    await wrap_app_handling_exceptions(self.app, conn)(scope, receive, send)
          │                            │    │    │     │      │        └ functools.partial(<bound method CORSMiddleware.send of <starlette.middleware.cors.CORSMiddleware object at 0x0000016842288850...
          │                            │    │    │     │      └ <function BaseHTTPMiddleware.__call__.<locals>.call_next.<locals>.receive_or_disconnect at 0x00000168425A6F20>
          │                            │    │    │     └ {'type': 'http', 'asgi': {'version': '3.0', 'spec_version': '2.3'}, 'http_version': '1.1', 'server': ('127.0.0.1', 9900), 'cl...
          │                            │    │    └ <starlette.requests.Request object at 0x000001684255CDD0>
          │                            │    └ <fastapi.middleware.asyncexitstack.AsyncExitStackMiddleware object at 0x0000016842288810>
          │                            └ <starlette.middleware.exceptions.ExceptionMiddleware object at 0x0000016841CBF6D0>
          └ <function wrap_app_handling_exceptions at 0x00000168401BF100>
  File "D:\__lybix__\DEVTools\miniconda3\envs\fams\Lib\site-packages\starlette\_exception_handler.py", line 53, in wrapped_app
    raise exc
  File "D:\__lybix__\DEVTools\miniconda3\envs\fams\Lib\site-packages\starlette\_exception_handler.py", line 42, in wrapped_app
    await app(scope, receive, sender)
          │   │      │        └ <function wrap_app_handling_exceptions.<locals>.wrapped_app.<locals>.sender at 0x00000168425A74C0>
          │   │      └ <function BaseHTTPMiddleware.__call__.<locals>.call_next.<locals>.receive_or_disconnect at 0x00000168425A6F20>
          │   └ {'type': 'http', 'asgi': {'version': '3.0', 'spec_version': '2.3'}, 'http_version': '1.1', 'server': ('127.0.0.1', 9900), 'cl...
          └ <fastapi.middleware.asyncexitstack.AsyncExitStackMiddleware object at 0x0000016842288810>
  File "D:\__lybix__\DEVTools\miniconda3\envs\fams\Lib\site-packages\fastapi\middleware\asyncexitstack.py", line 18, in __call__
    await self.app(scope, receive, send)
          │    │   │      │        └ <function wrap_app_handling_exceptions.<locals>.wrapped_app.<locals>.sender at 0x00000168425A74C0>
          │    │   │      └ <function BaseHTTPMiddleware.__call__.<locals>.call_next.<locals>.receive_or_disconnect at 0x00000168425A6F20>
          │    │   └ {'type': 'http', 'asgi': {'version': '3.0', 'spec_version': '2.3'}, 'http_version': '1.1', 'server': ('127.0.0.1', 9900), 'cl...
          │    └ <fastapi.routing.APIRouter object at 0x00000168421FE990>
          └ <fastapi.middleware.asyncexitstack.AsyncExitStackMiddleware object at 0x0000016842288810>
  File "D:\__lybix__\DEVTools\miniconda3\envs\fams\Lib\site-packages\starlette\routing.py", line 660, in __call__
    await self.middleware_stack(scope, receive, send)
          │    │                │      │        └ <function wrap_app_handling_exceptions.<locals>.wrapped_app.<locals>.sender at 0x00000168425A74C0>
          │    │                │      └ <function BaseHTTPMiddleware.__call__.<locals>.call_next.<locals>.receive_or_disconnect at 0x00000168425A6F20>
          │    │                └ {'type': 'http', 'asgi': {'version': '3.0', 'spec_version': '2.3'}, 'http_version': '1.1', 'server': ('127.0.0.1', 9900), 'cl...
          │    └ <bound method APIRouter.app of <fastapi.routing.APIRouter object at 0x00000168421FE990>>
          └ <fastapi.routing.APIRouter object at 0x00000168421FE990>
  File "D:\__lybix__\DEVTools\miniconda3\envs\fams\Lib\site-packages\fastapi\routing.py", line 2683, in app
    await route.handle(scope, receive, send)
          │     │      │      │        └ <function wrap_app_handling_exceptions.<locals>.wrapped_app.<locals>.sender at 0x00000168425A74C0>
          │     │      │      └ <function BaseHTTPMiddleware.__call__.<locals>.call_next.<locals>.receive_or_disconnect at 0x00000168425A6F20>
          │     │      └ {'type': 'http', 'asgi': {'version': '3.0', 'spec_version': '2.3'}, 'http_version': '1.1', 'server': ('127.0.0.1', 9900), 'cl...
          │     └ <function _IncludedRouter.handle at 0x0000016840201BC0>
          └ _IncludedRouter(original_router=<fastapi.routing.APIRouter object at 0x0000016841C9A790>, include_context=_RouterIncludeConte...
  File "D:\__lybix__\DEVTools\miniconda3\envs\fams\Lib\site-packages\fastapi\routing.py", line 1753, in handle
    await self.original_router.handle(scope, receive, send)
          │    │               │      │      │        └ <function wrap_app_handling_exceptions.<locals>.wrapped_app.<locals>.sender at 0x00000168425A74C0>
          │    │               │      │      └ <function BaseHTTPMiddleware.__call__.<locals>.call_next.<locals>.receive_or_disconnect at 0x00000168425A6F20>
          │    │               │      └ {'type': 'http', 'asgi': {'version': '3.0', 'spec_version': '2.3'}, 'http_version': '1.1', 'server': ('127.0.0.1', 9900), 'cl...
          │    │               └ <function APIRouter.handle at 0x0000016840203BA0>
          │    └ <fastapi.routing.APIRouter object at 0x0000016841C9A790>
          └ _IncludedRouter(original_router=<fastapi.routing.APIRouter object at 0x0000016841C9A790>, include_context=_RouterIncludeConte...
  File "D:\__lybix__\DEVTools\miniconda3\envs\fams\Lib\site-packages\fastapi\routing.py", line 2738, in handle
    await included_router._handle_selected(scope, receive, send)
          │               │                │      │        └ <function wrap_app_handling_exceptions.<locals>.wrapped_app.<locals>.sender at 0x00000168425A74C0>
          │               │                │      └ <function BaseHTTPMiddleware.__call__.<locals>.call_next.<locals>.receive_or_disconnect at 0x00000168425A6F20>
          │               │                └ {'type': 'http', 'asgi': {'version': '3.0', 'spec_version': '2.3'}, 'http_version': '1.1', 'server': ('127.0.0.1', 9900), 'cl...
          │               └ <function _IncludedRouter._handle_selected at 0x0000016840201C60>
          └ _IncludedRouter(original_router=<fastapi.routing.APIRouter object at 0x0000016841C9A790>, include_context=_RouterIncludeConte...
  File "D:\__lybix__\DEVTools\miniconda3\envs\fams\Lib\site-packages\fastapi\routing.py", line 1773, in _handle_selected
    await original_route.handle(scope, receive, send)
          │              │      │      │        └ <function wrap_app_handling_exceptions.<locals>.wrapped_app.<locals>.sender at 0x00000168425A74C0>
          │              │      │      └ <function BaseHTTPMiddleware.__call__.<locals>.call_next.<locals>.receive_or_disconnect at 0x00000168425A6F20>
          │              │      └ {'type': 'http', 'asgi': {'version': '3.0', 'spec_version': '2.3'}, 'http_version': '1.1', 'server': ('127.0.0.1', 9900), 'cl...
          │              └ <function APIRoute.handle at 0x00000168401EBCE0>
          └ APIRoute(path='/api/apply/approve', name='approve_apply', methods=['PUT'])
  File "D:\__lybix__\DEVTools\miniconda3\envs\fams\Lib\site-packages\fastapi\routing.py", line 1264, in handle
    await app(scope, receive, send)
          │   │      │        └ <function wrap_app_handling_exceptions.<locals>.wrapped_app.<locals>.sender at 0x00000168425A74C0>
          │   │      └ <function BaseHTTPMiddleware.__call__.<locals>.call_next.<locals>.receive_or_disconnect at 0x00000168425A6F20>
          │   └ {'type': 'http', 'asgi': {'version': '3.0', 'spec_version': '2.3'}, 'http_version': '1.1', 'server': ('127.0.0.1', 9900), 'cl...
          └ <function request_response.<locals>.app at 0x00000168425A7060>
  File "D:\__lybix__\DEVTools\miniconda3\envs\fams\Lib\site-packages\fastapi\routing.py", line 150, in app
    await wrap_app_handling_exceptions(app, request)(scope, receive, send)
          │                            │    │        │      │        └ <function wrap_app_handling_exceptions.<locals>.wrapped_app.<locals>.sender at 0x00000168425A74C0>
          │                            │    │        │      └ <function BaseHTTPMiddleware.__call__.<locals>.call_next.<locals>.receive_or_disconnect at 0x00000168425A6F20>
          │                            │    │        └ {'type': 'http', 'asgi': {'version': '3.0', 'spec_version': '2.3'}, 'http_version': '1.1', 'server': ('127.0.0.1', 9900), 'cl...
          │                            │    └ <starlette.requests.Request object at 0x000001684257A7D0>
          │                            └ <function request_response.<locals>.app.<locals>.app at 0x00000168425A7CE0>
          └ <function wrap_app_handling_exceptions at 0x00000168401BF100>
  File "D:\__lybix__\DEVTools\miniconda3\envs\fams\Lib\site-packages\starlette\_exception_handler.py", line 53, in wrapped_app
    raise exc
  File "D:\__lybix__\DEVTools\miniconda3\envs\fams\Lib\site-packages\starlette\_exception_handler.py", line 42, in wrapped_app
    await app(scope, receive, sender)
          │   │      │        └ <function wrap_app_handling_exceptions.<locals>.wrapped_app.<locals>.sender at 0x00000168423158A0>
          │   │      └ <function BaseHTTPMiddleware.__call__.<locals>.call_next.<locals>.receive_or_disconnect at 0x00000168425A6F20>
          │   └ {'type': 'http', 'asgi': {'version': '3.0', 'spec_version': '2.3'}, 'http_version': '1.1', 'server': ('127.0.0.1', 9900), 'cl...
          └ <function request_response.<locals>.app.<locals>.app at 0x00000168425A7CE0>
  File "D:\__lybix__\DEVTools\miniconda3\envs\fams\Lib\site-packages\fastapi\routing.py", line 136, in app
    response = await f(request)
                     │ └ <starlette.requests.Request object at 0x000001684257A7D0>
                     └ <function get_request_handler.<locals>.app at 0x00000168425A7C40>
  File "D:\__lybix__\DEVTools\miniconda3\envs\fams\Lib\site-packages\fastapi\routing.py", line 690, in app
    raw_response = await run_endpoint_function(
                         └ <function run_endpoint_function at 0x00000168401EAF20>
  File "D:\__lybix__\DEVTools\miniconda3\envs\fams\Lib\site-packages\fastapi\routing.py", line 344, in run_endpoint_function
    return await dependant.call(**values)
                 │         │      └ {'_auth': {'user_id': 2, 'username': 'cs_admin', 'dept_id': 2, 'role_keys': ['college_admin'], 'exp': 1783770548, 'iat': 1783...
                 │         └ <function approve_apply at 0x0000016842164360>
                 └ Dependant(path_params=[], query_params=[], header_params=[], cookie_params=[], body_params=[ModelField(field_info=Body(Pydant...

  File "D:\__lybix__\_Codes\FAMS-NEPU\platform\server\services\svr_gateway\routes.py", line 555, in approve_apply
    apply_detail = logic.get_apply_detail(data["apply_id"])
                   │     │                └ {'apply_id': 11, 'action': 'APPROVE', 'opinion': '', 'approve_node': 2}
                   │     └ <function ApplyLogic.get_apply_detail at 0x0000016841F34360>
                   └ <data.logic.apply_logic.ApplyLogic object at 0x0000016842581250>

  File "D:\__lybix__\_Codes\FAMS-NEPU\platform\server\data\logic\apply_logic.py", line 73, in get_apply_detail
    records = self.record_dao.list_by_apply(apply_id)
              │    │          │             └ 11
              │    │          └ <function ApproveRecordDAO.list_by_apply at 0x0000016841F34040>
              │    └ <data.basic.apply_dao.ApproveRecordDAO object at 0x000001684255FF50>
              └ <data.logic.apply_logic.ApplyLogic object at 0x0000016842581250>

  File "D:\__lybix__\_Codes\FAMS-NEPU\platform\server\data\basic\apply_dao.py", line 155, in list_by_apply
    return self._execute(sql, {"apply_id": apply_id})
           │    │        │                 └ 11
           │    │        └ 'SELECT r.record_id, r.apply_id, r.approver_id, u.nickname AS approver_name,\n                        r.action, r.opinion, r....
           │    └ <function BaseDAO._execute at 0x0000016841AEAF20>
           └ <data.basic.apply_dao.ApproveRecordDAO object at 0x000001684255FF50>

  File "D:\__lybix__\_Codes\FAMS-NEPU\platform\server\data\basic\base_dao.py", line 39, in _execute
    result = conn.execute(text(sql), params or {})
             │    │       │    │     └ {'apply_id': 11}
             │    │       │    └ 'SELECT r.record_id, r.apply_id, r.approver_id, u.nickname AS approver_name,\n                        r.action, r.opinion, r....
             │    │       └ <function text at 0x0000016840A97F60>
             │    └ <function Connection.execute at 0x0000016841ADACA0>
             └ <sqlalchemy.engine.base.Connection object at 0x00000168425C3AD0>

  File "D:\__lybix__\DEVTools\miniconda3\envs\fams\Lib\site-packages\sqlalchemy\engine\base.py", line 1421, in execute
    return meth(
           └ <bound method ClauseElement._execute_on_connection of <sqlalchemy.sql.elements.TextClause object at 0x00000168425DCF90>>
  File "D:\__lybix__\DEVTools\miniconda3\envs\fams\Lib\site-packages\sqlalchemy\sql\elements.py", line 526, in _execute_on_connection
    return connection._execute_clauseelement(
           │          └ <function Connection._execute_clauseelement at 0x0000016841ADAFC0>
           └ <sqlalchemy.engine.base.Connection object at 0x00000168425C3AD0>
  File "D:\__lybix__\DEVTools\miniconda3\envs\fams\Lib\site-packages\sqlalchemy\engine\base.py", line 1643, in _execute_clauseelement
    ret = self._execute_context(
          │    └ <function Connection._execute_context at 0x0000016841ADB1A0>
          └ <sqlalchemy.engine.base.Connection object at 0x00000168425C3AD0>
  File "D:\__lybix__\DEVTools\miniconda3\envs\fams\Lib\site-packages\sqlalchemy\engine\base.py", line 1848, in _execute_context
    return self._exec_single_context(
           │    └ <function Connection._exec_single_context at 0x0000016841ADB240>
           └ <sqlalchemy.engine.base.Connection object at 0x00000168425C3AD0>
  File "D:\__lybix__\DEVTools\miniconda3\envs\fams\Lib\site-packages\sqlalchemy\engine\base.py", line 1988, in _exec_single_context
    self._handle_dbapi_exception(
    │    └ <function Connection._handle_dbapi_exception at 0x0000016841ADB4C0>
    └ <sqlalchemy.engine.base.Connection object at 0x00000168425C3AD0>
  File "D:\__lybix__\DEVTools\miniconda3\envs\fams\Lib\site-packages\sqlalchemy\engine\base.py", line 2365, in _handle_dbapi_exception
    raise sqlalchemy_exception.with_traceback(exc_info[2]) from e
          │                    │              │                 └ InternalError(1054, "Unknown column 'r.create_time' in 'field list'")
          │                    │              └ (<class 'pymysql.err.InternalError'>, InternalError(1054, "Unknown column 'r.create_time' in 'field list'"), <traceback objec...
          │                    └ <method 'with_traceback' of 'BaseException' objects>
          └ InternalError('(pymysql.err.InternalError) (1054, "Unknown column \'r.create_time\' in \'field list\'")')
  File "D:\__lybix__\DEVTools\miniconda3\envs\fams\Lib\site-packages\sqlalchemy\engine\base.py", line 1969, in _exec_single_context
    self.dialect.do_execute(
    │    │       └ <function DefaultDialect.do_execute at 0x0000016841B7EDE0>
    │    └ <sqlalchemy.dialects.mysql.pymysql.MySQLDialect_pymysql object at 0x00000168425A80D0>
    └ <sqlalchemy.engine.base.Connection object at 0x00000168425C3AD0>
  File "D:\__lybix__\DEVTools\miniconda3\envs\fams\Lib\site-packages\sqlalchemy\engine\default.py", line 952, in do_execute
    cursor.execute(statement, parameters)
    │      │       │          └ {'apply_id': 11}
    │      │       └ 'SELECT r.record_id, r.apply_id, r.approver_id, u.nickname AS approver_name,\n                        r.action, r.opinion, r....
    │      └ <function Cursor.execute at 0x00000168424D7D80>
    └ <pymysql.cursors.Cursor object at 0x00000168425DE790>
  File "D:\__lybix__\DEVTools\miniconda3\envs\fams\Lib\site-packages\pymysql\cursors.py", line 170, in execute
    result = self._query(query)
             │    │      └ 'SELECT r.record_id, r.apply_id, r.approver_id, u.nickname AS approver_name,\n                        r.action, r.opinion, r....
             │    └ <function Cursor._query at 0x000001684252C2C0>
             └ <pymysql.cursors.Cursor object at 0x00000168425DE790>
  File "D:\__lybix__\DEVTools\miniconda3\envs\fams\Lib\site-packages\pymysql\cursors.py", line 328, in _query
    conn.query(q)
    │    │     └ 'SELECT r.record_id, r.apply_id, r.approver_id, u.nickname AS approver_name,\n                        r.action, r.opinion, r....
    │    └ <function Connection.query at 0x000001684252FEC0>
    └ <pymysql.connections.Connection object at 0x00000168425DC210>
  File "D:\__lybix__\DEVTools\miniconda3\envs\fams\Lib\site-packages\pymysql\connections.py", line 517, in query
    self._affected_rows = self._read_query_result(unbuffered=unbuffered)
    │    │                │    │                             └ False
    │    │                │    └ <function Connection._read_query_result at 0x00000168425305E0>
    │    │                └ <pymysql.connections.Connection object at 0x00000168425DC210>
    │    └ 1
    └ <pymysql.connections.Connection object at 0x00000168425DC210>
  File "D:\__lybix__\DEVTools\miniconda3\envs\fams\Lib\site-packages\pymysql\connections.py", line 732, in _read_query_result
    result.read()
    │      └ <function MySQLResult.read at 0x0000016842530EA0>
    └ <pymysql.connections.MySQLResult object at 0x00000168425DEDD0>
  File "D:\__lybix__\DEVTools\miniconda3\envs\fams\Lib\site-packages\pymysql\connections.py", line 1075, in read
    first_packet = self.connection._read_packet()
                   │    └ None
                   └ <pymysql.connections.MySQLResult object at 0x00000168425DEDD0>
  File "D:\__lybix__\DEVTools\miniconda3\envs\fams\Lib\site-packages\pymysql\connections.py", line 684, in _read_packet
    packet.check_error()
    │      └ <function MysqlPacket.check_error at 0x000001684252E3E0>
    └ <pymysql.protocol.MysqlPacket object at 0x00000168425BE980>
  File "D:\__lybix__\DEVTools\miniconda3\envs\fams\Lib\site-packages\pymysql\protocol.py", line 220, in check_error
    err.raise_mysql_exception(self._data)
    │   │                     │    └ <member '_data' of 'MysqlPacket' objects>
    │   │                     └ <pymysql.protocol.MysqlPacket object at 0x00000168425BE980>
    │   └ <function raise_mysql_exception at 0x00000168424D5620>
    └ <module 'pymysql.err' from 'D:\\__lybix__\\DEVTools\\miniconda3\\envs\\fams\\Lib\\site-packages\\pymysql\\err.py'>
  File "D:\__lybix__\DEVTools\miniconda3\envs\fams\Lib\site-packages\pymysql\err.py", line 109, in raise_mysql_exception
    raise errorclass(errno, errval)
          │          │      └ "Unknown column 'r.create_time' in 'field list'"
          │          └ 1054
          └ <class 'pymysql.err.InternalError'>

sqlalchemy.exc.InternalError: (pymysql.err.InternalError) (1054, "Unknown column 'r.create_time' in 'field list'")
[SQL: SELECT r.record_id, r.apply_id, r.approver_id, u.nickname AS approver_name,
                        r.action, r.opinion, r.approve_node, r.create_time
                 FROM approve_record r
                 LEFT JOIN user_auth_db.sys_user u ON r.approver_id = u.user_id
                 WHERE r.apply_id = %(apply_id)s
                 ORDER BY r.create_time ASC]
[parameters: {'apply_id': 11}]
(Background on this error at: https://sqlalche.me/e/20/2j85)
2026-07-10 19:51:05.943 | INFO     | __main__:<module>:63 - Gateway starting on port 9900, PID=34752
2026-07-10 19:51:07.792 | INFO     | __main__:log_requests:44 - PUT /api/apply/approve -> 200 (0.136s)
2026-07-10 19:51:16.416 | ERROR    | __main__:global_exception_handler:50 - Unhandled exception on GET /api/apply/11
Traceback (most recent call last):

  File "D:\__lybix__\DEVTools\miniconda3\envs\fams\Lib\site-packages\sqlalchemy\engine\base.py", line 1969, in _exec_single_context
    self.dialect.do_execute(
    │    │       └ <function DefaultDialect.do_execute at 0x000001CAE6C9EDE0>
    │    └ <sqlalchemy.dialects.mysql.pymysql.MySQLDialect_pymysql object at 0x000001CAE7647510>
    └ <sqlalchemy.engine.base.Connection object at 0x000001CAE7212150>
  File "D:\__lybix__\DEVTools\miniconda3\envs\fams\Lib\site-packages\sqlalchemy\engine\default.py", line 952, in do_execute
    cursor.execute(statement, parameters)
    │      │       │          └ {'apply_id': 11}
    │      │       └ 'SELECT r.record_id, r.apply_id, r.approver_id, u.nickname AS approver_name,\n                        r.action, r.opinion, r....
    │      └ <function Cursor.execute at 0x000001CAE75FFE20>
    └ <pymysql.cursors.Cursor object at 0x000001CAE767C210>
  File "D:\__lybix__\DEVTools\miniconda3\envs\fams\Lib\site-packages\pymysql\cursors.py", line 170, in execute
    result = self._query(query)
             │    │      └ 'SELECT r.record_id, r.apply_id, r.approver_id, u.nickname AS approver_name,\n                        r.action, r.opinion, r....
             │    └ <function Cursor._query at 0x000001CAE764C360>
             └ <pymysql.cursors.Cursor object at 0x000001CAE767C210>
  File "D:\__lybix__\DEVTools\miniconda3\envs\fams\Lib\site-packages\pymysql\cursors.py", line 328, in _query
    conn.query(q)
    │    │     └ 'SELECT r.record_id, r.apply_id, r.approver_id, u.nickname AS approver_name,\n                        r.action, r.opinion, r....
    │    └ <function Connection.query at 0x000001CAE764FF60>
    └ <pymysql.connections.Connection object at 0x000001CAE7657650>
  File "D:\__lybix__\DEVTools\miniconda3\envs\fams\Lib\site-packages\pymysql\connections.py", line 517, in query
    self._affected_rows = self._read_query_result(unbuffered=unbuffered)
    │    │                │    │                             └ False
    │    │                │    └ <function Connection._read_query_result at 0x000001CAE7650680>
    │    │                └ <pymysql.connections.Connection object at 0x000001CAE7657650>
    │    └ 1
    └ <pymysql.connections.Connection object at 0x000001CAE7657650>
  File "D:\__lybix__\DEVTools\miniconda3\envs\fams\Lib\site-packages\pymysql\connections.py", line 732, in _read_query_result
    result.read()
    │      └ <function MySQLResult.read at 0x000001CAE7650F40>
    └ <pymysql.connections.MySQLResult object at 0x000001CAE767C390>
  File "D:\__lybix__\DEVTools\miniconda3\envs\fams\Lib\site-packages\pymysql\connections.py", line 1075, in read
    first_packet = self.connection._read_packet()
                   │    └ None
                   └ <pymysql.connections.MySQLResult object at 0x000001CAE767C390>
  File "D:\__lybix__\DEVTools\miniconda3\envs\fams\Lib\site-packages\pymysql\connections.py", line 684, in _read_packet
    packet.check_error()
    │      └ <function MysqlPacket.check_error at 0x000001CAE764E480>
    └ <pymysql.protocol.MysqlPacket object at 0x000001CAE7643700>
  File "D:\__lybix__\DEVTools\miniconda3\envs\fams\Lib\site-packages\pymysql\protocol.py", line 220, in check_error
    err.raise_mysql_exception(self._data)
    │   │                     │    └ <member '_data' of 'MysqlPacket' objects>
    │   │                     └ <pymysql.protocol.MysqlPacket object at 0x000001CAE7643700>
    │   └ <function raise_mysql_exception at 0x000001CAE75FD6C0>
    └ <module 'pymysql.err' from 'D:\\__lybix__\\DEVTools\\miniconda3\\envs\\fams\\Lib\\site-packages\\pymysql\\err.py'>
  File "D:\__lybix__\DEVTools\miniconda3\envs\fams\Lib\site-packages\pymysql\err.py", line 109, in raise_mysql_exception
    raise errorclass(errno, errval)
          │          │      └ "Unknown column 'r.create_time' in 'order clause'"
          │          └ 1054
          └ <class 'pymysql.err.InternalError'>

pymysql.err.InternalError: (1054, "Unknown column 'r.create_time' in 'order clause'")


The above exception was the direct cause of the following exception:


Traceback (most recent call last):

  File "D:\__lybix__\_Codes\FAMS-NEPU\platform\server\services\svr_gateway\main.py", line 64, in <module>
    uvicorn.run(app, host="0.0.0.0", port=gateway_config.HTTP_PORT)
    │       │   │                         │              └ 9900
    │       │   │                         └ <services.svr_gateway.config.GatewayConfig object at 0x000001CAE53E8B10>
    │       │   └ <fastapi.applications.FastAPI object at 0x000001CAE731DC90>
    │       └ <function run at 0x000001CAE418FD80>
    └ <module 'uvicorn' from 'D:\\__lybix__\\DEVTools\\miniconda3\\envs\\fams\\Lib\\site-packages\\uvicorn\\__init__.py'>

  File "D:\__lybix__\DEVTools\miniconda3\envs\fams\Lib\site-packages\uvicorn\main.py", line 621, in run
    server.run()
    │      └ <function Server.run at 0x000001CAE4300860>
    └ <uvicorn.server.Server object at 0x000001CAE7213B90>
  File "D:\__lybix__\DEVTools\miniconda3\envs\fams\Lib\site-packages\uvicorn\server.py", line 74, in run
    return asyncio_run(self.serve(sockets=sockets), loop_factory=self.config.get_loop_factory())
           │           │    │             │                      │    │      └ <function Config.get_loop_factory at 0x000001CAE418D1C0>
           │           │    │             │                      │    └ <uvicorn.config.Config object at 0x000001CAE6D52990>
           │           │    │             │                      └ <uvicorn.server.Server object at 0x000001CAE7213B90>
           │           │    │             └ None
           │           │    └ <function Server.serve at 0x000001CAE4300900>
           │           └ <uvicorn.server.Server object at 0x000001CAE7213B90>
           └ <function asyncio_run at 0x000001CAE4117740>
  File "D:\__lybix__\DEVTools\miniconda3\envs\fams\Lib\site-packages\uvicorn\_compat.py", line 30, in asyncio_run
    return runner.run(main)
           │      │   └ <coroutine object Server.serve at 0x000001CAE7324130>
           │      └ <function Runner.run at 0x000001CAE3B6F560>
           └ <asyncio.runners.Runner object at 0x000001CAE72126D0>
  File "D:\__lybix__\DEVTools\miniconda3\envs\fams\Lib\asyncio\runners.py", line 118, in run
    return self._loop.run_until_complete(task)
           │    │     │                  └ <Task pending name='Task-1' coro=<Server.serve() running at D:\__lybix__\DEVTools\miniconda3\envs\fams\Lib\site-packages\uvic...
           │    │     └ <function BaseEventLoop.run_until_complete at 0x000001CAE3B6D120>
           │    └ <ProactorEventLoop running=True closed=False debug=False>
           └ <asyncio.runners.Runner object at 0x000001CAE72126D0>
  File "D:\__lybix__\DEVTools\miniconda3\envs\fams\Lib\asyncio\base_events.py", line 637, in run_until_complete
    self.run_forever()
    │    └ <function ProactorEventLoop.run_forever at 0x000001CAE3C44860>
    └ <ProactorEventLoop running=True closed=False debug=False>
  File "D:\__lybix__\DEVTools\miniconda3\envs\fams\Lib\asyncio\windows_events.py", line 321, in run_forever
    super().run_forever()
  File "D:\__lybix__\DEVTools\miniconda3\envs\fams\Lib\asyncio\base_events.py", line 604, in run_forever
    self._run_once()
    │    └ <function BaseEventLoop._run_once at 0x000001CAE3B6EE80>
    └ <ProactorEventLoop running=True closed=False debug=False>
  File "D:\__lybix__\DEVTools\miniconda3\envs\fams\Lib\asyncio\base_events.py", line 1909, in _run_once
    handle._run()
    │      └ <function Handle._run at 0x000001CAE3AA93A0>
    └ <Handle Task.task_wakeup(<Future finished result=None>)>
  File "D:\__lybix__\DEVTools\miniconda3\envs\fams\Lib\asyncio\events.py", line 80, in _run
    self._context.run(self._callback, *self._args)
    │    │            │    │           │    └ <member '_args' of 'Handle' objects>
    │    │            │    │           └ <Handle Task.task_wakeup(<Future finished result=None>)>
    │    │            │    └ <member '_callback' of 'Handle' objects>
    │    │            └ <Handle Task.task_wakeup(<Future finished result=None>)>
    │    └ <member '_context' of 'Handle' objects>
    └ <Handle Task.task_wakeup(<Future finished result=None>)>
  File "D:\__lybix__\DEVTools\miniconda3\envs\fams\Lib\site-packages\uvicorn\protocols\http\httptools_impl.py", line 422, in run_asgi
    result = await app(  # type: ignore[func-returns-value]
                   └ <uvicorn.middleware.proxy_headers.ProxyHeadersMiddleware object at 0x000001CAE55148D0>
  File "D:\__lybix__\DEVTools\miniconda3\envs\fams\Lib\site-packages\uvicorn\middleware\proxy_headers.py", line 63, in __call__
    return await self.app(scope, receive, send)
                 │    │   │      │        └ <bound method RequestResponseCycle.send of <uvicorn.protocols.http.httptools_impl.RequestResponseCycle object at 0x000001CAE7...
                 │    │   │      └ <bound method RequestResponseCycle.receive of <uvicorn.protocols.http.httptools_impl.RequestResponseCycle object at 0x000001C...
                 │    │   └ {'type': 'http', 'asgi': {'version': '3.0', 'spec_version': '2.3'}, 'http_version': '1.1', 'server': ('127.0.0.1', 9900), 'cl...
                 │    └ <fastapi.applications.FastAPI object at 0x000001CAE731DC90>
                 └ <uvicorn.middleware.proxy_headers.ProxyHeadersMiddleware object at 0x000001CAE55148D0>
  File "D:\__lybix__\DEVTools\miniconda3\envs\fams\Lib\site-packages\fastapi\applications.py", line 1163, in __call__
    await super().__call__(scope, receive, send)
                           │      │        └ <bound method RequestResponseCycle.send of <uvicorn.protocols.http.httptools_impl.RequestResponseCycle object at 0x000001CAE7...
                           │      └ <bound method RequestResponseCycle.receive of <uvicorn.protocols.http.httptools_impl.RequestResponseCycle object at 0x000001C...
                           └ {'type': 'http', 'asgi': {'version': '3.0', 'spec_version': '2.3'}, 'http_version': '1.1', 'server': ('127.0.0.1', 9900), 'cl...
  File "D:\__lybix__\DEVTools\miniconda3\envs\fams\Lib\site-packages\starlette\applications.py", line 90, in __call__
    await self.middleware_stack(scope, receive, send)
          │    │                │      │        └ <bound method RequestResponseCycle.send of <uvicorn.protocols.http.httptools_impl.RequestResponseCycle object at 0x000001CAE7...
          │    │                │      └ <bound method RequestResponseCycle.receive of <uvicorn.protocols.http.httptools_impl.RequestResponseCycle object at 0x000001C...
          │    │                └ {'type': 'http', 'asgi': {'version': '3.0', 'spec_version': '2.3'}, 'http_version': '1.1', 'server': ('127.0.0.1', 9900), 'cl...
          │    └ <starlette.middleware.errors.ServerErrorMiddleware object at 0x000001CAE73A4E90>
          └ <fastapi.applications.FastAPI object at 0x000001CAE731DC90>
> File "D:\__lybix__\DEVTools\miniconda3\envs\fams\Lib\site-packages\starlette\middleware\errors.py", line 164, in __call__
    await self.app(scope, receive, _send)
          │    │   │      │        └ <function ServerErrorMiddleware.__call__.<locals>._send at 0x000001CAE73B31A0>
          │    │   │      └ <bound method RequestResponseCycle.receive of <uvicorn.protocols.http.httptools_impl.RequestResponseCycle object at 0x000001C...
          │    │   └ {'type': 'http', 'asgi': {'version': '3.0', 'spec_version': '2.3'}, 'http_version': '1.1', 'server': ('127.0.0.1', 9900), 'cl...
          │    └ <starlette.middleware.base.BaseHTTPMiddleware object at 0x000001CAE6DB7510>
          └ <starlette.middleware.errors.ServerErrorMiddleware object at 0x000001CAE73A4E90>
  File "D:\__lybix__\DEVTools\miniconda3\envs\fams\Lib\contextlib.py", line 222, in __aexit__
    await self.gen.athrow(typ, value, traceback)
          │    │   │      │    │      └ <traceback object at 0x000001CAE767D1C0>
          │    │   │      │    └ InternalError('(pymysql.err.InternalError) (1054, "Unknown column \'r.create_time\' in \'order clause\'")')
          │    │   │      └ <class 'sqlalchemy.exc.InternalError'>
          │    │   └ <method 'athrow' of 'async_generator' objects>
          │    └ <async_generator object create_collapsing_task_group at 0x000001CAE739AB40>
          └ <contextlib._AsyncGeneratorContextManager object at 0x000001CAE7514F90>
  File "D:\__lybix__\DEVTools\miniconda3\envs\fams\Lib\site-packages\starlette\_utils.py", line 93, in create_collapsing_task_group
    raise exc from exc.__cause__ or context
          │        │   │            └ None
          │        │   └ <attribute '__cause__' of 'BaseException' objects>
          │        └ InternalError('(pymysql.err.InternalError) (1054, "Unknown column \'r.create_time\' in \'order clause\'")')
          └ InternalError('(pymysql.err.InternalError) (1054, "Unknown column \'r.create_time\' in \'order clause\'")')
  File "D:\__lybix__\DEVTools\miniconda3\envs\fams\Lib\site-packages\starlette\_utils.py", line 86, in create_collapsing_task_group
    yield tg
          └ <anyio._backends._asyncio.TaskGroup object at 0x000001CAE7514090>
  File "D:\__lybix__\DEVTools\miniconda3\envs\fams\Lib\site-packages\starlette\middleware\base.py", line 193, in __call__
    response = await self.dispatch_func(request, call_next)
                     │    │             │        └ <function BaseHTTPMiddleware.__call__.<locals>.call_next at 0x000001CAE73B2FC0>
                     │    │             └ <starlette.middleware.base._CachedRequest object at 0x000001CAE73A5D50>
                     │    └ <function log_requests at 0x000001CAE7311580>
                     └ <starlette.middleware.base.BaseHTTPMiddleware object at 0x000001CAE6DB7510>

  File "D:\__lybix__\_Codes\FAMS-NEPU\platform\server\services\svr_gateway\main.py", line 42, in log_requests
    response = await call_next(request)
                     │         └ <starlette.middleware.base._CachedRequest object at 0x000001CAE73A5D50>
                     └ <function BaseHTTPMiddleware.__call__.<locals>.call_next at 0x000001CAE73B2FC0>

  File "D:\__lybix__\DEVTools\miniconda3\envs\fams\Lib\site-packages\starlette\middleware\base.py", line 168, in call_next
    raise app_exc from app_exc.__cause__ or app_exc.__context__
          │            │       │            │       └ <attribute '__context__' of 'BaseException' objects>
          │            │       │            └ InternalError('(pymysql.err.InternalError) (1054, "Unknown column \'r.create_time\' in \'order clause\'")')
          │            │       └ <attribute '__cause__' of 'BaseException' objects>
          │            └ InternalError('(pymysql.err.InternalError) (1054, "Unknown column \'r.create_time\' in \'order clause\'")')
          └ InternalError('(pymysql.err.InternalError) (1054, "Unknown column \'r.create_time\' in \'order clause\'")')
  File "D:\__lybix__\DEVTools\miniconda3\envs\fams\Lib\site-packages\starlette\middleware\base.py", line 144, in coro
    await self.app(scope, receive_or_disconnect, send_no_error)
          │    │   │      │                      └ <function BaseHTTPMiddleware.__call__.<locals>.call_next.<locals>.send_no_error at 0x000001CAE73B32E0>
          │    │   │      └ <function BaseHTTPMiddleware.__call__.<locals>.call_next.<locals>.receive_or_disconnect at 0x000001CAE73B3240>
          │    │   └ {'type': 'http', 'asgi': {'version': '3.0', 'spec_version': '2.3'}, 'http_version': '1.1', 'server': ('127.0.0.1', 9900), 'cl...
          │    └ <starlette.middleware.cors.CORSMiddleware object at 0x000001CAE73A4DD0>
          └ <starlette.middleware.base.BaseHTTPMiddleware object at 0x000001CAE6DB7510>
  File "D:\__lybix__\DEVTools\miniconda3\envs\fams\Lib\site-packages\starlette\middleware\cors.py", line 88, in __call__
    await self.app(scope, receive, send)
          │    │   │      │        └ <function BaseHTTPMiddleware.__call__.<locals>.call_next.<locals>.send_no_error at 0x000001CAE73B32E0>
          │    │   │      └ <function BaseHTTPMiddleware.__call__.<locals>.call_next.<locals>.receive_or_disconnect at 0x000001CAE73B3240>
          │    │   └ {'type': 'http', 'asgi': {'version': '3.0', 'spec_version': '2.3'}, 'http_version': '1.1', 'server': ('127.0.0.1', 9900), 'cl...
          │    └ <starlette.middleware.exceptions.ExceptionMiddleware object at 0x000001CAE6DDF6D0>
          └ <starlette.middleware.cors.CORSMiddleware object at 0x000001CAE73A4DD0>
  File "D:\__lybix__\DEVTools\miniconda3\envs\fams\Lib\site-packages\starlette\middleware\exceptions.py", line 63, in __call__
    await wrap_app_handling_exceptions(self.app, conn)(scope, receive, send)
          │                            │    │    │     │      │        └ <function BaseHTTPMiddleware.__call__.<locals>.call_next.<locals>.send_no_error at 0x000001CAE73B32E0>
          │                            │    │    │     │      └ <function BaseHTTPMiddleware.__call__.<locals>.call_next.<locals>.receive_or_disconnect at 0x000001CAE73B3240>
          │                            │    │    │     └ {'type': 'http', 'asgi': {'version': '3.0', 'spec_version': '2.3'}, 'http_version': '1.1', 'server': ('127.0.0.1', 9900), 'cl...
          │                            │    │    └ <starlette.requests.Request object at 0x000001CAE7514750>
          │                            │    └ <fastapi.middleware.asyncexitstack.AsyncExitStackMiddleware object at 0x000001CAE73A4D90>
          │                            └ <starlette.middleware.exceptions.ExceptionMiddleware object at 0x000001CAE6DDF6D0>
          └ <function wrap_app_handling_exceptions at 0x000001CAE52DF100>
  File "D:\__lybix__\DEVTools\miniconda3\envs\fams\Lib\site-packages\starlette\_exception_handler.py", line 53, in wrapped_app
    raise exc
  File "D:\__lybix__\DEVTools\miniconda3\envs\fams\Lib\site-packages\starlette\_exception_handler.py", line 42, in wrapped_app
    await app(scope, receive, sender)
          │   │      │        └ <function wrap_app_handling_exceptions.<locals>.wrapped_app.<locals>.sender at 0x000001CAE743B7E0>
          │   │      └ <function BaseHTTPMiddleware.__call__.<locals>.call_next.<locals>.receive_or_disconnect at 0x000001CAE73B3240>
          │   └ {'type': 'http', 'asgi': {'version': '3.0', 'spec_version': '2.3'}, 'http_version': '1.1', 'server': ('127.0.0.1', 9900), 'cl...
          └ <fastapi.middleware.asyncexitstack.AsyncExitStackMiddleware object at 0x000001CAE73A4D90>
  File "D:\__lybix__\DEVTools\miniconda3\envs\fams\Lib\site-packages\fastapi\middleware\asyncexitstack.py", line 18, in __call__
    await self.app(scope, receive, send)
          │    │   │      │        └ <function wrap_app_handling_exceptions.<locals>.wrapped_app.<locals>.sender at 0x000001CAE743B7E0>
          │    │   │      └ <function BaseHTTPMiddleware.__call__.<locals>.call_next.<locals>.receive_or_disconnect at 0x000001CAE73B3240>
          │    │   └ {'type': 'http', 'asgi': {'version': '3.0', 'spec_version': '2.3'}, 'http_version': '1.1', 'server': ('127.0.0.1', 9900), 'cl...
          │    └ <fastapi.routing.APIRouter object at 0x000001CAE731E050>
          └ <fastapi.middleware.asyncexitstack.AsyncExitStackMiddleware object at 0x000001CAE73A4D90>
  File "D:\__lybix__\DEVTools\miniconda3\envs\fams\Lib\site-packages\starlette\routing.py", line 660, in __call__
    await self.middleware_stack(scope, receive, send)
          │    │                │      │        └ <function wrap_app_handling_exceptions.<locals>.wrapped_app.<locals>.sender at 0x000001CAE743B7E0>
          │    │                │      └ <function BaseHTTPMiddleware.__call__.<locals>.call_next.<locals>.receive_or_disconnect at 0x000001CAE73B3240>
          │    │                └ {'type': 'http', 'asgi': {'version': '3.0', 'spec_version': '2.3'}, 'http_version': '1.1', 'server': ('127.0.0.1', 9900), 'cl...
          │    └ <bound method APIRouter.app of <fastapi.routing.APIRouter object at 0x000001CAE731E050>>
          └ <fastapi.routing.APIRouter object at 0x000001CAE731E050>
  File "D:\__lybix__\DEVTools\miniconda3\envs\fams\Lib\site-packages\fastapi\routing.py", line 2683, in app
    await route.handle(scope, receive, send)
          │     │      │      │        └ <function wrap_app_handling_exceptions.<locals>.wrapped_app.<locals>.sender at 0x000001CAE743B7E0>
          │     │      │      └ <function BaseHTTPMiddleware.__call__.<locals>.call_next.<locals>.receive_or_disconnect at 0x000001CAE73B3240>
          │     │      └ {'type': 'http', 'asgi': {'version': '3.0', 'spec_version': '2.3'}, 'http_version': '1.1', 'server': ('127.0.0.1', 9900), 'cl...
          │     └ <function _IncludedRouter.handle at 0x000001CAE5321BC0>
          └ _IncludedRouter(original_router=<fastapi.routing.APIRouter object at 0x000001CAE1AE4490>, include_context=_RouterIncludeConte...
  File "D:\__lybix__\DEVTools\miniconda3\envs\fams\Lib\site-packages\fastapi\routing.py", line 1753, in handle
    await self.original_router.handle(scope, receive, send)
          │    │               │      │      │        └ <function wrap_app_handling_exceptions.<locals>.wrapped_app.<locals>.sender at 0x000001CAE743B7E0>
          │    │               │      │      └ <function BaseHTTPMiddleware.__call__.<locals>.call_next.<locals>.receive_or_disconnect at 0x000001CAE73B3240>
          │    │               │      └ {'type': 'http', 'asgi': {'version': '3.0', 'spec_version': '2.3'}, 'http_version': '1.1', 'server': ('127.0.0.1', 9900), 'cl...
          │    │               └ <function APIRouter.handle at 0x000001CAE5323BA0>
          │    └ <fastapi.routing.APIRouter object at 0x000001CAE1AE4490>
          └ _IncludedRouter(original_router=<fastapi.routing.APIRouter object at 0x000001CAE1AE4490>, include_context=_RouterIncludeConte...
  File "D:\__lybix__\DEVTools\miniconda3\envs\fams\Lib\site-packages\fastapi\routing.py", line 2738, in handle
    await included_router._handle_selected(scope, receive, send)
          │               │                │      │        └ <function wrap_app_handling_exceptions.<locals>.wrapped_app.<locals>.sender at 0x000001CAE743B7E0>
          │               │                │      └ <function BaseHTTPMiddleware.__call__.<locals>.call_next.<locals>.receive_or_disconnect at 0x000001CAE73B3240>
          │               │                └ {'type': 'http', 'asgi': {'version': '3.0', 'spec_version': '2.3'}, 'http_version': '1.1', 'server': ('127.0.0.1', 9900), 'cl...
          │               └ <function _IncludedRouter._handle_selected at 0x000001CAE5321C60>
          └ _IncludedRouter(original_router=<fastapi.routing.APIRouter object at 0x000001CAE1AE4490>, include_context=_RouterIncludeConte...
  File "D:\__lybix__\DEVTools\miniconda3\envs\fams\Lib\site-packages\fastapi\routing.py", line 1773, in _handle_selected
    await original_route.handle(scope, receive, send)
          │              │      │      │        └ <function wrap_app_handling_exceptions.<locals>.wrapped_app.<locals>.sender at 0x000001CAE743B7E0>
          │              │      │      └ <function BaseHTTPMiddleware.__call__.<locals>.call_next.<locals>.receive_or_disconnect at 0x000001CAE73B3240>
          │              │      └ {'type': 'http', 'asgi': {'version': '3.0', 'spec_version': '2.3'}, 'http_version': '1.1', 'server': ('127.0.0.1', 9900), 'cl...
          │              └ <function APIRoute.handle at 0x000001CAE530BCE0>
          └ APIRoute(path='/api/apply/{apply_id}', name='apply_detail', methods=['GET'])
  File "D:\__lybix__\DEVTools\miniconda3\envs\fams\Lib\site-packages\fastapi\routing.py", line 1264, in handle
    await app(scope, receive, send)
          │   │      │        └ <function wrap_app_handling_exceptions.<locals>.wrapped_app.<locals>.sender at 0x000001CAE743B7E0>
          │   │      └ <function BaseHTTPMiddleware.__call__.<locals>.call_next.<locals>.receive_or_disconnect at 0x000001CAE73B3240>
          │   └ {'type': 'http', 'asgi': {'version': '3.0', 'spec_version': '2.3'}, 'http_version': '1.1', 'server': ('127.0.0.1', 9900), 'cl...
          └ <function request_response.<locals>.app at 0x000001CAE7439760>
  File "D:\__lybix__\DEVTools\miniconda3\envs\fams\Lib\site-packages\fastapi\routing.py", line 150, in app
    await wrap_app_handling_exceptions(app, request)(scope, receive, send)
          │                            │    │        │      │        └ <function wrap_app_handling_exceptions.<locals>.wrapped_app.<locals>.sender at 0x000001CAE743B7E0>
          │                            │    │        │      └ <function BaseHTTPMiddleware.__call__.<locals>.call_next.<locals>.receive_or_disconnect at 0x000001CAE73B3240>
          │                            │    │        └ {'type': 'http', 'asgi': {'version': '3.0', 'spec_version': '2.3'}, 'http_version': '1.1', 'server': ('127.0.0.1', 9900), 'cl...
          │                            │    └ <starlette.requests.Request object at 0x000001CAE745FC90>
          │                            └ <function request_response.<locals>.app.<locals>.app at 0x000001CAE74398A0>
          └ <function wrap_app_handling_exceptions at 0x000001CAE52DF100>
  File "D:\__lybix__\DEVTools\miniconda3\envs\fams\Lib\site-packages\starlette\_exception_handler.py", line 53, in wrapped_app
    raise exc
  File "D:\__lybix__\DEVTools\miniconda3\envs\fams\Lib\site-packages\starlette\_exception_handler.py", line 42, in wrapped_app
    await app(scope, receive, sender)
          │   │      │        └ <function wrap_app_handling_exceptions.<locals>.wrapped_app.<locals>.sender at 0x000001CAE74399E0>
          │   │      └ <function BaseHTTPMiddleware.__call__.<locals>.call_next.<locals>.receive_or_disconnect at 0x000001CAE73B3240>
          │   └ {'type': 'http', 'asgi': {'version': '3.0', 'spec_version': '2.3'}, 'http_version': '1.1', 'server': ('127.0.0.1', 9900), 'cl...
          └ <function request_response.<locals>.app.<locals>.app at 0x000001CAE74398A0>
  File "D:\__lybix__\DEVTools\miniconda3\envs\fams\Lib\site-packages\fastapi\routing.py", line 136, in app
    response = await f(request)
                     │ └ <starlette.requests.Request object at 0x000001CAE745FC90>
                     └ <function get_request_handler.<locals>.app at 0x000001CAE7439620>
  File "D:\__lybix__\DEVTools\miniconda3\envs\fams\Lib\site-packages\fastapi\routing.py", line 690, in app
    raw_response = await run_endpoint_function(
                         └ <function run_endpoint_function at 0x000001CAE530AF20>
  File "D:\__lybix__\DEVTools\miniconda3\envs\fams\Lib\site-packages\fastapi\routing.py", line 344, in run_endpoint_function
    return await dependant.call(**values)
                 │         │      └ {'current_user': {'user_id': 2, 'username': 'cs_admin', 'dept_id': 2, 'role_keys': ['college_admin'], 'exp': 1783770548, 'iat...
                 │         └ <function apply_detail at 0x000001CAE72845E0>
                 └ Dependant(path_params=[ModelField(field_info=Path(PydanticUndefined), name='apply_id', mode='validation', config=None)], quer...

  File "D:\__lybix__\_Codes\FAMS-NEPU\platform\server\services\svr_gateway\routes.py", line 605, in apply_detail
    detail = logic.get_apply_detail(apply_id)
             │     │                └ 11
             │     └ <function ApplyLogic.get_apply_detail at 0x000001CAE7054360>
             └ <data.logic.apply_logic.ApplyLogic object at 0x000001CAE6DB5DD0>

  File "D:\__lybix__\_Codes\FAMS-NEPU\platform\server\data\logic\apply_logic.py", line 73, in get_apply_detail
    records = self.record_dao.list_by_apply(apply_id)
              │    │          │             └ 11
              │    │          └ <function ApproveRecordDAO.list_by_apply at 0x000001CAE7054040>
              │    └ <data.basic.apply_dao.ApproveRecordDAO object at 0x000001CAE7468310>
              └ <data.logic.apply_logic.ApplyLogic object at 0x000001CAE6DB5DD0>

  File "D:\__lybix__\_Codes\FAMS-NEPU\platform\server\data\basic\apply_dao.py", line 155, in list_by_apply
    return self._execute(sql, {"apply_id": apply_id})
           │    │        │                 └ 11
           │    │        └ 'SELECT r.record_id, r.apply_id, r.approver_id, u.nickname AS approver_name,\n                        r.action, r.opinion, r....
           │    └ <function BaseDAO._execute at 0x000001CAE6C7CB80>
           └ <data.basic.apply_dao.ApproveRecordDAO object at 0x000001CAE7468310>

  File "D:\__lybix__\_Codes\FAMS-NEPU\platform\server\data\basic\base_dao.py", line 39, in _execute
    result = conn.execute(text(sql), params or {})
             │    │       │    │     └ {'apply_id': 11}
             │    │       │    └ 'SELECT r.record_id, r.apply_id, r.approver_id, u.nickname AS approver_name,\n                        r.action, r.opinion, r....
             │    │       └ <function text at 0x000001CAE5BB7F60>
             │    └ <function Connection.execute at 0x000001CAE6BFACA0>
             └ <sqlalchemy.engine.base.Connection object at 0x000001CAE7212150>

  File "D:\__lybix__\DEVTools\miniconda3\envs\fams\Lib\site-packages\sqlalchemy\engine\base.py", line 1421, in execute
    return meth(
           └ <bound method ClauseElement._execute_on_connection of <sqlalchemy.sql.elements.TextClause object at 0x000001CAE6DBFC50>>
  File "D:\__lybix__\DEVTools\miniconda3\envs\fams\Lib\site-packages\sqlalchemy\sql\elements.py", line 526, in _execute_on_connection
    return connection._execute_clauseelement(
           │          └ <function Connection._execute_clauseelement at 0x000001CAE6BFAFC0>
           └ <sqlalchemy.engine.base.Connection object at 0x000001CAE7212150>
  File "D:\__lybix__\DEVTools\miniconda3\envs\fams\Lib\site-packages\sqlalchemy\engine\base.py", line 1643, in _execute_clauseelement
    ret = self._execute_context(
          │    └ <function Connection._execute_context at 0x000001CAE6BFB1A0>
          └ <sqlalchemy.engine.base.Connection object at 0x000001CAE7212150>
  File "D:\__lybix__\DEVTools\miniconda3\envs\fams\Lib\site-packages\sqlalchemy\engine\base.py", line 1848, in _execute_context
    return self._exec_single_context(
           │    └ <function Connection._exec_single_context at 0x000001CAE6BFB240>
           └ <sqlalchemy.engine.base.Connection object at 0x000001CAE7212150>
  File "D:\__lybix__\DEVTools\miniconda3\envs\fams\Lib\site-packages\sqlalchemy\engine\base.py", line 1988, in _exec_single_context
    self._handle_dbapi_exception(
    │    └ <function Connection._handle_dbapi_exception at 0x000001CAE6BFB4C0>
    └ <sqlalchemy.engine.base.Connection object at 0x000001CAE7212150>
  File "D:\__lybix__\DEVTools\miniconda3\envs\fams\Lib\site-packages\sqlalchemy\engine\base.py", line 2365, in _handle_dbapi_exception
    raise sqlalchemy_exception.with_traceback(exc_info[2]) from e
          │                    │              │                 └ InternalError(1054, "Unknown column 'r.create_time' in 'order clause'")
          │                    │              └ (<class 'pymysql.err.InternalError'>, InternalError(1054, "Unknown column 'r.create_time' in 'order clause'"), <traceback obj...
          │                    └ <method 'with_traceback' of 'BaseException' objects>
          └ InternalError('(pymysql.err.InternalError) (1054, "Unknown column \'r.create_time\' in \'order clause\'")')
  File "D:\__lybix__\DEVTools\miniconda3\envs\fams\Lib\site-packages\sqlalchemy\engine\base.py", line 1969, in _exec_single_context
    self.dialect.do_execute(
    │    │       └ <function DefaultDialect.do_execute at 0x000001CAE6C9EDE0>
    │    └ <sqlalchemy.dialects.mysql.pymysql.MySQLDialect_pymysql object at 0x000001CAE7647510>
    └ <sqlalchemy.engine.base.Connection object at 0x000001CAE7212150>
  File "D:\__lybix__\DEVTools\miniconda3\envs\fams\Lib\site-packages\sqlalchemy\engine\default.py", line 952, in do_execute
    cursor.execute(statement, parameters)
    │      │       │          └ {'apply_id': 11}
    │      │       └ 'SELECT r.record_id, r.apply_id, r.approver_id, u.nickname AS approver_name,\n                        r.action, r.opinion, r....
    │      └ <function Cursor.execute at 0x000001CAE75FFE20>
    └ <pymysql.cursors.Cursor object at 0x000001CAE767C210>
  File "D:\__lybix__\DEVTools\miniconda3\envs\fams\Lib\site-packages\pymysql\cursors.py", line 170, in execute
    result = self._query(query)
             │    │      └ 'SELECT r.record_id, r.apply_id, r.approver_id, u.nickname AS approver_name,\n                        r.action, r.opinion, r....
             │    └ <function Cursor._query at 0x000001CAE764C360>
             └ <pymysql.cursors.Cursor object at 0x000001CAE767C210>
  File "D:\__lybix__\DEVTools\miniconda3\envs\fams\Lib\site-packages\pymysql\cursors.py", line 328, in _query
    conn.query(q)
    │    │     └ 'SELECT r.record_id, r.apply_id, r.approver_id, u.nickname AS approver_name,\n                        r.action, r.opinion, r....
    │    └ <function Connection.query at 0x000001CAE764FF60>
    └ <pymysql.connections.Connection object at 0x000001CAE7657650>
  File "D:\__lybix__\DEVTools\miniconda3\envs\fams\Lib\site-packages\pymysql\connections.py", line 517, in query
    self._affected_rows = self._read_query_result(unbuffered=unbuffered)
    │    │                │    │                             └ False
    │    │                │    └ <function Connection._read_query_result at 0x000001CAE7650680>
    │    │                └ <pymysql.connections.Connection object at 0x000001CAE7657650>
    │    └ 1
    └ <pymysql.connections.Connection object at 0x000001CAE7657650>
  File "D:\__lybix__\DEVTools\miniconda3\envs\fams\Lib\site-packages\pymysql\connections.py", line 732, in _read_query_result
    result.read()
    │      └ <function MySQLResult.read at 0x000001CAE7650F40>
    └ <pymysql.connections.MySQLResult object at 0x000001CAE767C390>
  File "D:\__lybix__\DEVTools\miniconda3\envs\fams\Lib\site-packages\pymysql\connections.py", line 1075, in read
    first_packet = self.connection._read_packet()
                   │    └ None
                   └ <pymysql.connections.MySQLResult object at 0x000001CAE767C390>
  File "D:\__lybix__\DEVTools\miniconda3\envs\fams\Lib\site-packages\pymysql\connections.py", line 684, in _read_packet
    packet.check_error()
    │      └ <function MysqlPacket.check_error at 0x000001CAE764E480>
    └ <pymysql.protocol.MysqlPacket object at 0x000001CAE7643700>
  File "D:\__lybix__\DEVTools\miniconda3\envs\fams\Lib\site-packages\pymysql\protocol.py", line 220, in check_error
    err.raise_mysql_exception(self._data)
    │   │                     │    └ <member '_data' of 'MysqlPacket' objects>
    │   │                     └ <pymysql.protocol.MysqlPacket object at 0x000001CAE7643700>
    │   └ <function raise_mysql_exception at 0x000001CAE75FD6C0>
    └ <module 'pymysql.err' from 'D:\\__lybix__\\DEVTools\\miniconda3\\envs\\fams\\Lib\\site-packages\\pymysql\\err.py'>
  File "D:\__lybix__\DEVTools\miniconda3\envs\fams\Lib\site-packages\pymysql\err.py", line 109, in raise_mysql_exception
    raise errorclass(errno, errval)
          │          │      └ "Unknown column 'r.create_time' in 'order clause'"
          │          └ 1054
          └ <class 'pymysql.err.InternalError'>

sqlalchemy.exc.InternalError: (pymysql.err.InternalError) (1054, "Unknown column 'r.create_time' in 'order clause'")
[SQL: SELECT r.record_id, r.apply_id, r.approver_id, u.nickname AS approver_name,
                        r.action, r.opinion, r.approve_node, r.approve_time
                 FROM approve_record r
                 LEFT JOIN user_auth_db.sys_user u ON r.approver_id = u.user_id
                 WHERE r.apply_id = %(apply_id)s
                 ORDER BY r.create_time ASC]
[parameters: {'apply_id': 11}]
(Background on this error at: https://sqlalche.me/e/20/2j85)
2026-07-10 19:51:52.794 | INFO     | __main__:<module>:63 - Gateway starting on port 9900, PID=27360
2026-07-10 19:51:54.005 | INFO     | __main__:log_requests:44 - GET /api/apply/pending -> 200 (0.143s)
2026-07-10 19:51:55.916 | INFO     | __main__:log_requests:44 - GET /api/apply/my -> 200 (0.009s)
2026-07-10 19:51:56.312 | INFO     | __main__:log_requests:44 - GET /api/apply/pending -> 200 (0.006s)
2026-07-10 19:51:56.854 | INFO     | __main__:log_requests:44 - GET /api/apply/approved -> 200 (0.007s)
2026-07-10 19:52:00.243 | INFO     | __main__:log_requests:44 - GET /api/apply/11 -> 200 (0.030s)
2026-07-10 19:55:18.531 | INFO     | __main__:log_requests:44 - GET /api/apply/approved -> 200 (0.005s)
2026-07-10 19:55:20.513 | INFO     | __main__:log_requests:44 - GET /api/apply/1 -> 200 (0.006s)
2026-07-10 19:55:22.508 | INFO     | __main__:log_requests:44 - GET /api/apply/approved -> 200 (0.006s)
2026-07-10 19:56:32.303 | INFO     | __main__:log_requests:44 - GET /api/repair/list -> 200 (0.037s)
2026-07-10 19:56:33.752 | INFO     | __main__:log_requests:44 - GET /api/repair/list -> 200 (0.005s)
2026-07-10 19:56:35.271 | INFO     | __main__:log_requests:44 - GET /api/repair/list -> 200 (0.006s)
2026-07-10 19:56:41.034 | INFO     | __main__:log_requests:44 - GET /api/repair/list -> 200 (0.007s)
2026-07-10 19:56:41.751 | INFO     | __main__:log_requests:44 - GET /api/repair/list -> 200 (0.005s)
2026-07-10 19:56:45.900 | INFO     | __main__:log_requests:44 - GET /api/repair/list -> 200 (0.005s)
2026-07-10 19:56:46.695 | INFO     | __main__:log_requests:44 - GET /api/repair/list -> 200 (0.005s)
2026-07-10 19:56:52.679 | INFO     | __main__:log_requests:44 - GET /api/repair/list -> 200 (0.005s)
2026-07-10 19:56:53.650 | INFO     | __main__:log_requests:44 - GET /api/dept/tree -> 200 (0.020s)
2026-07-10 19:56:53.662 | INFO     | __main__:log_requests:44 - GET /api/repair/list -> 200 (0.005s)
2026-07-10 19:56:58.609 | INFO     | __main__:log_requests:44 - GET /api/repair/list -> 200 (0.007s)
2026-07-10 19:56:59.227 | INFO     | __main__:log_requests:44 - GET /api/repair/list -> 200 (0.005s)
2026-07-10 19:56:59.813 | INFO     | __main__:log_requests:44 - GET /api/repair/list -> 200 (0.005s)
2026-07-10 19:57:00.659 | INFO     | __main__:log_requests:44 - GET /api/repair/list -> 200 (0.007s)
2026-07-10 19:57:26.393 | INFO     | __main__:log_requests:44 - PUT /api/repair/college-approve -> 200 (0.109s)
2026-07-10 19:57:26.419 | INFO     | __main__:log_requests:44 - GET /api/repair/list -> 200 (0.006s)
2026-07-10 19:57:28.781 | INFO     | __main__:log_requests:44 - PUT /api/repair/college-approve -> 200 (0.092s)
2026-07-10 19:57:28.798 | INFO     | __main__:log_requests:44 - GET /api/repair/list -> 200 (0.006s)
2026-07-10 19:57:30.087 | INFO     | __main__:log_requests:44 - GET /api/repair/list -> 200 (0.005s)
2026-07-10 19:57:32.722 | INFO     | __main__:log_requests:44 - PUT /api/repair/school-approve -> 403 (0.002s)
2026-07-10 19:57:37.153 | INFO     | __main__:log_requests:44 - GET /api/repair/list -> 200 (0.005s)
2026-07-10 19:57:37.573 | INFO     | __main__:log_requests:44 - GET /api/repair/list -> 200 (0.004s)
2026-07-10 19:57:40.303 | INFO     | __main__:log_requests:44 - GET /api/repair/list -> 200 (0.005s)
2026-07-10 19:57:44.673 | INFO     | __main__:log_requests:44 - GET /api/dept/tree -> 200 (0.003s)
2026-07-10 19:57:44.696 | INFO     | __main__:log_requests:44 - GET /api/repair/list -> 200 (0.007s)
2026-07-10 19:58:56.641 | INFO     | __main__:log_requests:44 - GET /api/apply/my -> 200 (0.007s)
2026-07-10 19:59:14.365 | INFO     | __main__:log_requests:44 - GET /api/apply/my -> 200 (0.004s)
2026-07-10 19:59:18.171 | INFO     | __main__:log_requests:44 - GET /api/apply/pending -> 200 (0.005s)
2026-07-10 19:59:19.271 | INFO     | __main__:log_requests:44 - GET /api/apply/approved -> 200 (0.006s)
2026-07-10 19:59:20.704 | INFO     | __main__:log_requests:44 - GET /api/apply/approved -> 200 (0.005s)
2026-07-10 19:59:21.228 | INFO     | __main__:log_requests:44 - GET /api/apply/approved -> 200 (0.005s)
2026-07-10 19:59:21.946 | INFO     | __main__:log_requests:44 - GET /api/apply/approved -> 200 (0.005s)
2026-07-10 19:59:22.968 | INFO     | __main__:log_requests:44 - GET /api/apply/11 -> 200 (0.008s)
2026-07-10 19:59:35.641 | INFO     | __main__:log_requests:44 - GET /api/apply/approved -> 200 (0.007s)
2026-07-10 19:59:37.080 | INFO     | __main__:log_requests:44 - GET /api/apply/approved -> 200 (0.004s)
2026-07-10 19:59:37.578 | INFO     | __main__:log_requests:44 - GET /api/apply/approved -> 200 (0.005s)
2026-07-10 19:59:38.435 | INFO     | __main__:log_requests:44 - GET /api/apply/approved -> 200 (0.004s)
2026-07-10 19:59:39.118 | INFO     | __main__:log_requests:44 - GET /api/apply/approved -> 200 (0.005s)
2026-07-10 19:59:39.624 | INFO     | __main__:log_requests:44 - GET /api/apply/approved -> 200 (0.005s)
2026-07-10 19:59:40.605 | INFO     | __main__:log_requests:44 - GET /api/apply/pending -> 200 (0.005s)
2026-07-10 19:59:42.059 | INFO     | __main__:log_requests:44 - GET /api/apply/my -> 200 (0.005s)
2026-07-10 20:00:00.053 | INFO     | __main__:log_requests:44 - GET /api/apply/my -> 200 (0.008s)
2026-07-10 20:02:13.920 | INFO     | __main__:log_requests:44 - GET /api/apply/my -> 200 (0.044s)
2026-07-10 20:02:44.848 | INFO     | __main__:log_requests:44 - GET /api/apply/my -> 200 (0.006s)
2026-07-10 20:02:48.293 | INFO     | __main__:log_requests:44 - GET /api/apply/my -> 200 (0.005s)
2026-07-10 20:03:13.453 | INFO     | __main__:log_requests:44 - GET /api/apply/my -> 200 (0.007s)
2026-07-10 20:03:19.231 | INFO     | __main__:log_requests:44 - GET /api/apply/my -> 200 (0.006s)
2026-07-10 20:03:19.969 | INFO     | __main__:log_requests:44 - GET /api/apply/pending -> 200 (0.007s)
2026-07-10 20:03:20.829 | INFO     | __main__:log_requests:44 - GET /api/apply/approved -> 200 (0.012s)
2026-07-10 20:03:23.692 | INFO     | __main__:log_requests:44 - GET /api/repair/list -> 200 (0.018s)
2026-07-10 20:03:24.187 | INFO     | __main__:log_requests:44 - GET /api/dept/tree -> 200 (0.009s)
2026-07-10 20:03:24.201 | INFO     | __main__:log_requests:44 - GET /api/repair/list -> 200 (0.005s)
2026-07-10 20:03:25.006 | INFO     | __main__:log_requests:44 - GET /api/repair/list -> 200 (0.005s)
2026-07-10 20:03:25.617 | INFO     | __main__:log_requests:44 - GET /api/repair/list -> 200 (0.010s)
2026-07-10 20:03:27.067 | INFO     | __main__:log_requests:44 - GET /api/repair/list -> 200 (0.005s)
2026-07-10 20:03:27.692 | INFO     | __main__:log_requests:44 - GET /api/repair/list -> 200 (0.005s)
2026-07-10 20:03:28.533 | INFO     | __main__:log_requests:44 - GET /api/repair/list -> 200 (0.005s)
2026-07-10 20:03:29.252 | INFO     | __main__:log_requests:44 - GET /api/repair/list -> 200 (0.005s)
2026-07-10 20:03:29.625 | INFO     | __main__:log_requests:44 - GET /api/repair/list -> 200 (0.006s)
2026-07-10 20:03:31.705 | INFO     | __main__:log_requests:44 - GET /api/asset/status/list -> 200 (0.048s)
2026-07-10 20:03:31.892 | INFO     | __main__:log_requests:44 - GET /api/report/dashboard -> 200 (0.180s)
2026-07-10 20:03:31.894 | INFO     | __main__:log_requests:44 - GET /api/apply/pending -> 200 (0.176s)
2026-07-10 20:03:31.894 | INFO     | __main__:log_requests:44 - GET /api/repair/list -> 200 (0.175s)
2026-07-10 20:03:31.894 | INFO     | __main__:log_requests:44 - GET /api/report/asset -> 200 (0.178s)
2026-07-10 20:06:07.976 | INFO     | __main__:log_requests:44 - GET /api/asset/status/list -> 200 (0.011s)
2026-07-10 20:06:08.011 | INFO     | __main__:log_requests:44 - GET /api/repair/list -> 200 (0.019s)
2026-07-10 20:06:08.055 | INFO     | __main__:log_requests:44 - GET /api/apply/pending -> 200 (0.044s)
2026-07-10 20:06:08.068 | INFO     | __main__:log_requests:44 - GET /api/report/dashboard -> 200 (0.073s)
2026-07-10 20:06:08.069 | INFO     | __main__:log_requests:44 - GET /api/report/asset -> 200 (0.074s)
2026-07-10 20:06:33.680 | INFO     | __main__:log_requests:44 - GET /api/asset/status/list -> 200 (0.008s)
2026-07-10 20:06:33.711 | INFO     | __main__:log_requests:44 - GET /api/apply/pending -> 200 (0.017s)
2026-07-10 20:06:33.713 | INFO     | __main__:log_requests:44 - GET /api/repair/list -> 200 (0.020s)
2026-07-10 20:06:33.750 | INFO     | __main__:log_requests:44 - GET /api/report/asset -> 200 (0.057s)
2026-07-10 20:06:33.750 | INFO     | __main__:log_requests:44 - GET /api/report/dashboard -> 200 (0.058s)
2026-07-10 20:06:37.022 | INFO     | __main__:log_requests:44 - GET /api/asset/category/list -> 200 (0.052s)
2026-07-10 20:06:37.036 | INFO     | __main__:log_requests:44 - GET /api/asset/status/list -> 200 (0.004s)
2026-07-10 20:06:37.065 | INFO     | __main__:log_requests:44 - GET /api/asset/list -> 200 (0.019s)
2026-07-10 20:06:41.292 | INFO     | __main__:log_requests:44 - GET /api/apply/my -> 200 (0.007s)
2026-07-10 20:06:41.903 | INFO     | __main__:log_requests:44 - GET /api/apply/pending -> 200 (0.006s)
2026-07-10 20:06:43.355 | INFO     | __main__:log_requests:44 - GET /api/apply/approved -> 200 (0.007s)
2026-07-10 20:06:45.132 | INFO     | __main__:log_requests:44 - GET /api/apply/approved -> 200 (0.008s)
2026-07-10 20:06:45.924 | INFO     | __main__:log_requests:44 - GET /api/apply/approved -> 200 (0.004s)
2026-07-10 20:06:47.027 | INFO     | __main__:log_requests:44 - GET /api/apply/approved -> 200 (0.006s)
2026-07-10 20:06:48.406 | INFO     | __main__:log_requests:44 - GET /api/repair/list -> 200 (0.007s)
2026-07-10 20:06:49.408 | INFO     | __main__:log_requests:44 - GET /api/repair/list -> 200 (0.006s)
2026-07-10 20:06:55.138 | INFO     | __main__:log_requests:44 - GET /api/repair/list -> 200 (0.005s)
2026-07-10 20:06:55.965 | INFO     | __main__:log_requests:44 - GET /api/dept/tree -> 200 (0.013s)
2026-07-10 20:06:55.978 | INFO     | __main__:log_requests:44 - GET /api/repair/list -> 200 (0.005s)
2026-07-10 20:06:57.099 | INFO     | __main__:log_requests:44 - GET /api/repair/list -> 200 (0.006s)
2026-07-10 20:06:57.802 | INFO     | __main__:log_requests:44 - GET /api/repair/list -> 200 (0.005s)
2026-07-10 20:06:58.504 | INFO     | __main__:log_requests:44 - GET /api/repair/list -> 200 (0.004s)
2026-07-10 20:06:59.057 | INFO     | __main__:log_requests:44 - GET /api/repair/list -> 200 (0.005s)
2026-07-10 20:06:59.573 | INFO     | __main__:log_requests:44 - GET /api/repair/list -> 200 (0.005s)
2026-07-10 20:07:01.225 | INFO     | __main__:log_requests:44 - GET /api/repair/list -> 200 (0.005s)
2026-07-10 20:08:52.189 | INFO     | __main__:log_requests:44 - GET /api/repair/list -> 200 (0.006s)
2026-07-10 20:08:53.021 | INFO     | __main__:log_requests:44 - GET /api/repair/list -> 200 (0.005s)
2026-07-10 20:08:54.617 | INFO     | __main__:log_requests:44 - GET /api/repair/2 -> 200 (0.023s)
2026-07-10 20:09:19.535 | INFO     | __main__:log_requests:44 - GET /api/repair/list -> 200 (0.007s)
2026-07-10 20:09:20.524 | INFO     | __main__:log_requests:44 - GET /api/repair/list -> 200 (0.005s)
2026-07-10 20:09:24.124 | INFO     | __main__:log_requests:44 - GET /api/repair/list -> 200 (0.006s)
2026-07-10 20:09:25.771 | INFO     | __main__:log_requests:44 - GET /api/repair/list -> 200 (0.005s)
2026-07-10 20:09:26.508 | INFO     | __main__:log_requests:44 - GET /api/repair/list -> 200 (0.006s)
2026-07-10 20:09:27.422 | INFO     | __main__:log_requests:44 - GET /api/repair/1 -> 200 (0.007s)
2026-07-10 20:09:37.791 | INFO     | __main__:log_requests:44 - GET /api/repair/list -> 200 (0.005s)
2026-07-10 20:09:43.819 | INFO     | __main__:log_requests:44 - POST /api/auth/login -> 200 (0.311s)
2026-07-10 20:09:43.832 | INFO     | __main__:log_requests:44 - GET /api/user/profile -> 200 (0.007s)
2026-07-10 20:09:43.875 | INFO     | __main__:log_requests:44 - GET /api/asset/status/list -> 200 (0.004s)
2026-07-10 20:09:43.894 | INFO     | __main__:log_requests:44 - GET /api/repair/list -> 200 (0.010s)
2026-07-10 20:09:43.912 | INFO     | __main__:log_requests:44 - GET /api/apply/pending -> 200 (0.020s)
2026-07-10 20:09:43.928 | INFO     | __main__:log_requests:44 - GET /api/report/dashboard -> 200 (0.043s)
2026-07-10 20:09:43.929 | INFO     | __main__:log_requests:44 - GET /api/report/asset -> 200 (0.044s)
2026-07-10 20:09:47.721 | INFO     | __main__:log_requests:44 - GET /api/dept/tree -> 200 (0.005s)
2026-07-10 20:09:47.757 | INFO     | __main__:log_requests:44 - GET /api/role/list -> 200 (0.038s)
2026-07-10 20:09:47.788 | INFO     | __main__:log_requests:44 - GET /api/user/list -> 200 (0.022s)
2026-07-10 20:09:49.496 | INFO     | __main__:log_requests:44 - GET /api/asset/category/list -> 200 (0.004s)
2026-07-10 20:09:49.507 | INFO     | __main__:log_requests:44 - GET /api/asset/status/list -> 200 (0.003s)
2026-07-10 20:09:49.704 | INFO     | __main__:log_requests:44 - GET /api/asset/list -> 200 (0.185s)
2026-07-10 20:09:53.053 | INFO     | __main__:log_requests:44 - GET /api/apply/my -> 200 (0.005s)
2026-07-10 20:09:56.972 | INFO     | __main__:log_requests:44 - GET /api/apply/8 -> 200 (0.013s)
2026-07-10 20:10:00.005 | INFO     | __main__:log_requests:44 - GET /api/apply/my -> 200 (0.008s)
2026-07-10 20:10:00.311 | INFO     | __main__:log_requests:44 - GET /api/apply/pending -> 200 (0.005s)
2026-07-10 20:10:00.933 | INFO     | __main__:log_requests:44 - GET /api/apply/approved -> 200 (0.007s)
2026-07-10 20:10:01.879 | INFO     | __main__:log_requests:44 - GET /api/apply/pending -> 200 (0.005s)
2026-07-10 20:10:07.887 | INFO     | __main__:log_requests:44 - PUT /api/apply/approve -> 200 (0.112s)
2026-07-10 20:10:07.903 | INFO     | __main__:log_requests:44 - GET /api/apply/pending -> 200 (0.005s)
2026-07-10 20:10:10.437 | INFO     | __main__:log_requests:44 - PUT /api/apply/approve -> 200 (0.081s)
2026-07-10 20:10:10.451 | INFO     | __main__:log_requests:44 - GET /api/apply/pending -> 200 (0.006s)
2026-07-10 20:10:12.534 | INFO     | __main__:log_requests:44 - PUT /api/apply/approve -> 200 (0.098s)
2026-07-10 20:10:12.549 | INFO     | __main__:log_requests:44 - GET /api/apply/pending -> 200 (0.006s)
2026-07-10 20:10:17.569 | INFO     | __main__:log_requests:44 - GET /api/apply/approved -> 200 (0.005s)
2026-07-10 20:10:18.855 | INFO     | __main__:log_requests:44 - GET /api/apply/approved -> 200 (0.005s)
2026-07-10 20:10:19.213 | INFO     | __main__:log_requests:44 - GET /api/apply/approved -> 200 (0.004s)
2026-07-10 20:10:19.834 | INFO     | __main__:log_requests:44 - GET /api/apply/approved -> 200 (0.005s)
2026-07-10 20:10:20.970 | INFO     | __main__:log_requests:44 - GET /api/apply/approved -> 200 (0.005s)
2026-07-10 20:10:21.592 | INFO     | __main__:log_requests:44 - GET /api/apply/pending -> 200 (0.005s)
2026-07-10 20:10:22.956 | INFO     | __main__:log_requests:44 - GET /api/apply/pending -> 200 (0.006s)
2026-07-10 20:10:25.421 | INFO     | __main__:log_requests:44 - GET /api/repair/list -> 200 (0.005s)
2026-07-10 20:10:26.631 | INFO     | __main__:log_requests:44 - GET /api/repair/list -> 200 (0.005s)
2026-07-10 20:10:28.471 | INFO     | __main__:log_requests:44 - GET /api/repair/2 -> 200 (0.007s)
2026-07-10 20:10:30.976 | INFO     | __main__:log_requests:44 - GET /api/repair/list -> 200 (0.008s)
2026-07-10 20:10:32.556 | INFO     | __main__:log_requests:44 - GET /api/repair/list -> 200 (0.006s)
2026-07-10 20:10:33.168 | INFO     | __main__:log_requests:44 - GET /api/repair/list -> 200 (0.005s)
2026-07-10 20:10:34.285 | INFO     | __main__:log_requests:44 - GET /api/dept/tree -> 200 (0.003s)
2026-07-10 20:10:34.301 | INFO     | __main__:log_requests:44 - GET /api/repair/list -> 200 (0.006s)
2026-07-10 20:10:36.102 | INFO     | __main__:log_requests:44 - GET /api/repair/list -> 200 (0.005s)
2026-07-10 20:10:36.673 | INFO     | __main__:log_requests:44 - GET /api/repair/list -> 200 (0.005s)
2026-07-10 20:10:38.453 | INFO     | __main__:log_requests:44 - PUT /api/repair/college-approve -> 403 (0.001s)
2026-07-10 20:10:40.252 | INFO     | __main__:log_requests:44 - GET /api/repair/list -> 200 (0.005s)
2026-07-10 20:10:42.421 | INFO     | __main__:log_requests:44 - PUT /api/repair/school-approve -> 200 (0.073s)
2026-07-10 20:10:42.437 | INFO     | __main__:log_requests:44 - GET /api/repair/list -> 200 (0.006s)
2026-07-10 20:10:44.195 | INFO     | __main__:log_requests:44 - PUT /api/repair/school-approve -> 200 (0.075s)
2026-07-10 20:10:44.210 | INFO     | __main__:log_requests:44 - GET /api/repair/list -> 200 (0.006s)
2026-07-10 20:10:45.448 | INFO     | __main__:log_requests:44 - GET /api/repair/list -> 200 (0.006s)
2026-07-10 20:10:46.883 | INFO     | __main__:log_requests:44 - GET /api/repair/list -> 200 (0.005s)
2026-07-10 20:10:47.276 | INFO     | __main__:log_requests:44 - GET /api/repair/list -> 200 (0.005s)
2026-07-10 20:10:48.573 | INFO     | __main__:log_requests:44 - GET /api/user/repairers -> 200 (0.007s)
2026-07-10 20:10:58.338 | ERROR    | __main__:global_exception_handler:50 - Unhandled exception on PUT /api/repair/dispatch
Traceback (most recent call last):

  File "D:\__lybix__\DEVTools\miniconda3\envs\fams\Lib\site-packages\sqlalchemy\engine\base.py", line 1969, in _exec_single_context
    self.dialect.do_execute(
    │    │       └ <function DefaultDialect.do_execute at 0x00000238B079EDE0>
    │    └ <sqlalchemy.dialects.mysql.pymysql.MySQLDialect_pymysql object at 0x00000238B118EAD0>
    └ <sqlalchemy.engine.base.Connection object at 0x00000238B11BC7D0>
  File "D:\__lybix__\DEVTools\miniconda3\envs\fams\Lib\site-packages\sqlalchemy\engine\default.py", line 952, in do_execute
    cursor.execute(statement, parameters)
    │      │       │          └ {'dispatch_user_id': 1, 'repairer_id': 8, 'deadline': '2026-07-10T16:00:00.000Z', 'remark': '', 'order_id': 6}
    │      │       └ "UPDATE repair_order\n                 SET dispatch_user_id = %(dispatch_user_id)s, repairer_id = %(repairer_id)s,\n         ...
    │      └ <function Cursor.execute at 0x00000238B10F7D80>
    └ <pymysql.cursors.Cursor object at 0x00000238B123F810>
  File "D:\__lybix__\DEVTools\miniconda3\envs\fams\Lib\site-packages\pymysql\cursors.py", line 170, in execute
    result = self._query(query)
             │    │      └ "UPDATE repair_order\n                 SET dispatch_user_id = 1, repairer_id = 8,\n                     deadline = '2026-07-1...
             │    └ <function Cursor._query at 0x00000238B114C2C0>
             └ <pymysql.cursors.Cursor object at 0x00000238B123F810>
  File "D:\__lybix__\DEVTools\miniconda3\envs\fams\Lib\site-packages\pymysql\cursors.py", line 328, in _query
    conn.query(q)
    │    │     └ "UPDATE repair_order\n                 SET dispatch_user_id = 1, repairer_id = 8,\n                     deadline = '2026-07-1...
    │    └ <function Connection.query at 0x00000238B114FEC0>
    └ <pymysql.connections.Connection object at 0x00000238B1195090>
  File "D:\__lybix__\DEVTools\miniconda3\envs\fams\Lib\site-packages\pymysql\connections.py", line 517, in query
    self._affected_rows = self._read_query_result(unbuffered=unbuffered)
    │    │                │    │                             └ False
    │    │                │    └ <function Connection._read_query_result at 0x00000238B11505E0>
    │    │                └ <pymysql.connections.Connection object at 0x00000238B1195090>
    │    └ 1
    └ <pymysql.connections.Connection object at 0x00000238B1195090>
  File "D:\__lybix__\DEVTools\miniconda3\envs\fams\Lib\site-packages\pymysql\connections.py", line 732, in _read_query_result
    result.read()
    │      └ <function MySQLResult.read at 0x00000238B1150EA0>
    └ <pymysql.connections.MySQLResult object at 0x00000238B123FD10>
  File "D:\__lybix__\DEVTools\miniconda3\envs\fams\Lib\site-packages\pymysql\connections.py", line 1075, in read
    first_packet = self.connection._read_packet()
                   │    └ None
                   └ <pymysql.connections.MySQLResult object at 0x00000238B123FD10>
  File "D:\__lybix__\DEVTools\miniconda3\envs\fams\Lib\site-packages\pymysql\connections.py", line 684, in _read_packet
    packet.check_error()
    │      └ <function MysqlPacket.check_error at 0x00000238B114E3E0>
    └ <pymysql.protocol.MysqlPacket object at 0x00000238B1146470>
  File "D:\__lybix__\DEVTools\miniconda3\envs\fams\Lib\site-packages\pymysql\protocol.py", line 220, in check_error
    err.raise_mysql_exception(self._data)
    │   │                     │    └ <member '_data' of 'MysqlPacket' objects>
    │   │                     └ <pymysql.protocol.MysqlPacket object at 0x00000238B1146470>
    │   └ <function raise_mysql_exception at 0x00000238B10F5620>
    └ <module 'pymysql.err' from 'D:\\__lybix__\\DEVTools\\miniconda3\\envs\\fams\\Lib\\site-packages\\pymysql\\err.py'>
  File "D:\__lybix__\DEVTools\miniconda3\envs\fams\Lib\site-packages\pymysql\err.py", line 109, in raise_mysql_exception
    raise errorclass(errno, errval)
          │          │      └ "Incorrect datetime value: '2026-07-10T16:00:00.000Z' for column 'deadline' at row 1"
          │          └ 1292
          └ <class 'pymysql.err.InternalError'>

pymysql.err.InternalError: (1292, "Incorrect datetime value: '2026-07-10T16:00:00.000Z' for column 'deadline' at row 1")


The above exception was the direct cause of the following exception:


Traceback (most recent call last):

  File "D:\__lybix__\_Codes\FAMS-NEPU\platform\server\services\svr_gateway\main.py", line 64, in <module>
    uvicorn.run(app, host="0.0.0.0", port=gateway_config.HTTP_PORT)
    │       │   │                         │              └ 9900
    │       │   │                         └ <services.svr_gateway.config.GatewayConfig object at 0x00000238AEEE8E10>
    │       │   └ <fastapi.applications.FastAPI object at 0x00000238B0E1E010>
    │       └ <function run at 0x00000238ADC6FD80>
    └ <module 'uvicorn' from 'D:\\__lybix__\\DEVTools\\miniconda3\\envs\\fams\\Lib\\site-packages\\uvicorn\\__init__.py'>

  File "D:\__lybix__\DEVTools\miniconda3\envs\fams\Lib\site-packages\uvicorn\main.py", line 621, in run
    server.run()
    │      └ <function Server.run at 0x00000238ADDF0860>
    └ <uvicorn.server.Server object at 0x00000238B08BCB90>
  File "D:\__lybix__\DEVTools\miniconda3\envs\fams\Lib\site-packages\uvicorn\server.py", line 74, in run
    return asyncio_run(self.serve(sockets=sockets), loop_factory=self.config.get_loop_factory())
           │           │    │             │                      │    │      └ <function Config.get_loop_factory at 0x00000238ADC6D1C0>
           │           │    │             │                      │    └ <uvicorn.config.Config object at 0x00000238B089FDD0>
           │           │    │             │                      └ <uvicorn.server.Server object at 0x00000238B08BCB90>
           │           │    │             └ None
           │           │    └ <function Server.serve at 0x00000238ADDF0900>
           │           └ <uvicorn.server.Server object at 0x00000238B08BCB90>
           └ <function asyncio_run at 0x00000238ADBF7740>
  File "D:\__lybix__\DEVTools\miniconda3\envs\fams\Lib\site-packages\uvicorn\_compat.py", line 30, in asyncio_run
    return runner.run(main)
           │      │   └ <coroutine object Server.serve at 0x00000238B0E24130>
           │      └ <function Runner.run at 0x00000238AD64F560>
           └ <asyncio.runners.Runner object at 0x00000238AF0FAD50>
  File "D:\__lybix__\DEVTools\miniconda3\envs\fams\Lib\asyncio\runners.py", line 118, in run
    return self._loop.run_until_complete(task)
           │    │     │                  └ <Task pending name='Task-1' coro=<Server.serve() running at D:\__lybix__\DEVTools\miniconda3\envs\fams\Lib\site-packages\uvic...
           │    │     └ <function BaseEventLoop.run_until_complete at 0x00000238AD64D120>
           │    └ <ProactorEventLoop running=True closed=False debug=False>
           └ <asyncio.runners.Runner object at 0x00000238AF0FAD50>
  File "D:\__lybix__\DEVTools\miniconda3\envs\fams\Lib\asyncio\base_events.py", line 637, in run_until_complete
    self.run_forever()
    │    └ <function ProactorEventLoop.run_forever at 0x00000238AD724860>
    └ <ProactorEventLoop running=True closed=False debug=False>
  File "D:\__lybix__\DEVTools\miniconda3\envs\fams\Lib\asyncio\windows_events.py", line 321, in run_forever
    super().run_forever()
  File "D:\__lybix__\DEVTools\miniconda3\envs\fams\Lib\asyncio\base_events.py", line 604, in run_forever
    self._run_once()
    │    └ <function BaseEventLoop._run_once at 0x00000238AD64EE80>
    └ <ProactorEventLoop running=True closed=False debug=False>
  File "D:\__lybix__\DEVTools\miniconda3\envs\fams\Lib\asyncio\base_events.py", line 1909, in _run_once
    handle._run()
    │      └ <function Handle._run at 0x00000238AD5893A0>
    └ <Handle Task.task_wakeup(<Future finished result=None>)>
  File "D:\__lybix__\DEVTools\miniconda3\envs\fams\Lib\asyncio\events.py", line 80, in _run
    self._context.run(self._callback, *self._args)
    │    │            │    │           │    └ <member '_args' of 'Handle' objects>
    │    │            │    │           └ <Handle Task.task_wakeup(<Future finished result=None>)>
    │    │            │    └ <member '_callback' of 'Handle' objects>
    │    │            └ <Handle Task.task_wakeup(<Future finished result=None>)>
    │    └ <member '_context' of 'Handle' objects>
    └ <Handle Task.task_wakeup(<Future finished result=None>)>
  File "D:\__lybix__\DEVTools\miniconda3\envs\fams\Lib\site-packages\uvicorn\protocols\http\httptools_impl.py", line 422, in run_asgi
    result = await app(  # type: ignore[func-returns-value]
                   └ <uvicorn.middleware.proxy_headers.ProxyHeadersMiddleware object at 0x00000238B0E1E090>
  File "D:\__lybix__\DEVTools\miniconda3\envs\fams\Lib\site-packages\uvicorn\middleware\proxy_headers.py", line 63, in __call__
    return await self.app(scope, receive, send)
                 │    │   │      │        └ <bound method RequestResponseCycle.send of <uvicorn.protocols.http.httptools_impl.RequestResponseCycle object at 0x00000238B1...
                 │    │   │      └ <bound method RequestResponseCycle.receive of <uvicorn.protocols.http.httptools_impl.RequestResponseCycle object at 0x0000023...
                 │    │   └ {'type': 'http', 'asgi': {'version': '3.0', 'spec_version': '2.3'}, 'http_version': '1.1', 'server': ('127.0.0.1', 9900), 'cl...
                 │    └ <fastapi.applications.FastAPI object at 0x00000238B0E1E010>
                 └ <uvicorn.middleware.proxy_headers.ProxyHeadersMiddleware object at 0x00000238B0E1E090>
  File "D:\__lybix__\DEVTools\miniconda3\envs\fams\Lib\site-packages\fastapi\applications.py", line 1163, in __call__
    await super().__call__(scope, receive, send)
                           │      │        └ <bound method RequestResponseCycle.send of <uvicorn.protocols.http.httptools_impl.RequestResponseCycle object at 0x00000238B1...
                           │      └ <bound method RequestResponseCycle.receive of <uvicorn.protocols.http.httptools_impl.RequestResponseCycle object at 0x0000023...
                           └ {'type': 'http', 'asgi': {'version': '3.0', 'spec_version': '2.3'}, 'http_version': '1.1', 'server': ('127.0.0.1', 9900), 'cl...
  File "D:\__lybix__\DEVTools\miniconda3\envs\fams\Lib\site-packages\starlette\applications.py", line 90, in __call__
    await self.middleware_stack(scope, receive, send)
          │    │                │      │        └ <bound method RequestResponseCycle.send of <uvicorn.protocols.http.httptools_impl.RequestResponseCycle object at 0x00000238B1...
          │    │                │      └ <bound method RequestResponseCycle.receive of <uvicorn.protocols.http.httptools_impl.RequestResponseCycle object at 0x0000023...
          │    │                └ {'type': 'http', 'asgi': {'version': '3.0', 'spec_version': '2.3'}, 'http_version': '1.1', 'server': ('127.0.0.1', 9900), 'cl...
          │    └ <starlette.middleware.errors.ServerErrorMiddleware object at 0x00000238B0EA4E90>
          └ <fastapi.applications.FastAPI object at 0x00000238B0E1E010>
> File "D:\__lybix__\DEVTools\miniconda3\envs\fams\Lib\site-packages\starlette\middleware\errors.py", line 164, in __call__
    await self.app(scope, receive, _send)
          │    │   │      │        └ <function ServerErrorMiddleware.__call__.<locals>._send at 0x00000238B11ABC40>
          │    │   │      └ <bound method RequestResponseCycle.receive of <uvicorn.protocols.http.httptools_impl.RequestResponseCycle object at 0x0000023...
          │    │   └ {'type': 'http', 'asgi': {'version': '3.0', 'spec_version': '2.3'}, 'http_version': '1.1', 'server': ('127.0.0.1', 9900), 'cl...
          │    └ <starlette.middleware.base.BaseHTTPMiddleware object at 0x00000238B08D7510>
          └ <starlette.middleware.errors.ServerErrorMiddleware object at 0x00000238B0EA4E90>
  File "D:\__lybix__\DEVTools\miniconda3\envs\fams\Lib\contextlib.py", line 222, in __aexit__
    await self.gen.athrow(typ, value, traceback)
          │    │   │      │    │      └ <traceback object at 0x00000238B1274240>
          │    │   │      │    └ InternalError('(pymysql.err.InternalError) (1292, "Incorrect datetime value: \'2026-07-10T16:00:00.000Z\' for column \'deadli...
          │    │   │      └ <class 'sqlalchemy.exc.InternalError'>
          │    │   └ <method 'athrow' of 'async_generator' objects>
          │    └ <async_generator object create_collapsing_task_group at 0x00000238B117A540>
          └ <contextlib._AsyncGeneratorContextManager object at 0x00000238B123DA10>
  File "D:\__lybix__\DEVTools\miniconda3\envs\fams\Lib\site-packages\starlette\_utils.py", line 93, in create_collapsing_task_group
    raise exc from exc.__cause__ or context
          │        │   │            └ None
          │        │   └ <attribute '__cause__' of 'BaseException' objects>
          │        └ InternalError('(pymysql.err.InternalError) (1292, "Incorrect datetime value: \'2026-07-10T16:00:00.000Z\' for column \'deadli...
          └ InternalError('(pymysql.err.InternalError) (1292, "Incorrect datetime value: \'2026-07-10T16:00:00.000Z\' for column \'deadli...
  File "D:\__lybix__\DEVTools\miniconda3\envs\fams\Lib\site-packages\starlette\_utils.py", line 86, in create_collapsing_task_group
    yield tg
          └ <anyio._backends._asyncio.TaskGroup object at 0x00000238B123EF10>
  File "D:\__lybix__\DEVTools\miniconda3\envs\fams\Lib\site-packages\starlette\middleware\base.py", line 193, in __call__
    response = await self.dispatch_func(request, call_next)
                     │    │             │        └ <function BaseHTTPMiddleware.__call__.<locals>.call_next at 0x00000238B11AAA20>
                     │    │             └ <starlette.middleware.base._CachedRequest object at 0x00000238B123C810>
                     │    └ <function log_requests at 0x00000238B0E11580>
                     └ <starlette.middleware.base.BaseHTTPMiddleware object at 0x00000238B08D7510>

  File "D:\__lybix__\_Codes\FAMS-NEPU\platform\server\services\svr_gateway\main.py", line 42, in log_requests
    response = await call_next(request)
                     │         └ <starlette.middleware.base._CachedRequest object at 0x00000238B123C810>
                     └ <function BaseHTTPMiddleware.__call__.<locals>.call_next at 0x00000238B11AAA20>

  File "D:\__lybix__\DEVTools\miniconda3\envs\fams\Lib\site-packages\starlette\middleware\base.py", line 168, in call_next
    raise app_exc from app_exc.__cause__ or app_exc.__context__
          │            │       │            │       └ <attribute '__context__' of 'BaseException' objects>
          │            │       │            └ InternalError('(pymysql.err.InternalError) (1292, "Incorrect datetime value: \'2026-07-10T16:00:00.000Z\' for column \'deadli...
          │            │       └ <attribute '__cause__' of 'BaseException' objects>
          │            └ InternalError('(pymysql.err.InternalError) (1292, "Incorrect datetime value: \'2026-07-10T16:00:00.000Z\' for column \'deadli...
          └ InternalError('(pymysql.err.InternalError) (1292, "Incorrect datetime value: \'2026-07-10T16:00:00.000Z\' for column \'deadli...
  File "D:\__lybix__\DEVTools\miniconda3\envs\fams\Lib\site-packages\starlette\middleware\base.py", line 144, in coro
    await self.app(scope, receive_or_disconnect, send_no_error)
          │    │   │      │                      └ <function BaseHTTPMiddleware.__call__.<locals>.call_next.<locals>.send_no_error at 0x00000238B11ABB00>
          │    │   │      └ <function BaseHTTPMiddleware.__call__.<locals>.call_next.<locals>.receive_or_disconnect at 0x00000238B11A9E40>
          │    │   └ {'type': 'http', 'asgi': {'version': '3.0', 'spec_version': '2.3'}, 'http_version': '1.1', 'server': ('127.0.0.1', 9900), 'cl...
          │    └ <starlette.middleware.cors.CORSMiddleware object at 0x00000238B08DAD50>
          └ <starlette.middleware.base.BaseHTTPMiddleware object at 0x00000238B08D7510>
  File "D:\__lybix__\DEVTools\miniconda3\envs\fams\Lib\site-packages\starlette\middleware\cors.py", line 96, in __call__
    await self.simple_response(scope, receive, send, request_headers=headers)
          │    │               │      │        │                     └ Headers({'host': '127.0.0.1:9900', 'connection': 'close', 'content-length': '80', 'sec-ch-ua-platform': '"Windows"', 'authori...
          │    │               │      │        └ <function BaseHTTPMiddleware.__call__.<locals>.call_next.<locals>.send_no_error at 0x00000238B11ABB00>
          │    │               │      └ <function BaseHTTPMiddleware.__call__.<locals>.call_next.<locals>.receive_or_disconnect at 0x00000238B11A9E40>
          │    │               └ {'type': 'http', 'asgi': {'version': '3.0', 'spec_version': '2.3'}, 'http_version': '1.1', 'server': ('127.0.0.1', 9900), 'cl...
          │    └ <function CORSMiddleware.simple_response at 0x00000238AEEDD080>
          └ <starlette.middleware.cors.CORSMiddleware object at 0x00000238B08DAD50>
  File "D:\__lybix__\DEVTools\miniconda3\envs\fams\Lib\site-packages\starlette\middleware\cors.py", line 154, in simple_response
    await self.app(scope, receive, send)
          │    │   │      │        └ functools.partial(<bound method CORSMiddleware.send of <starlette.middleware.cors.CORSMiddleware object at 0x00000238B08DAD50...
          │    │   │      └ <function BaseHTTPMiddleware.__call__.<locals>.call_next.<locals>.receive_or_disconnect at 0x00000238B11A9E40>
          │    │   └ {'type': 'http', 'asgi': {'version': '3.0', 'spec_version': '2.3'}, 'http_version': '1.1', 'server': ('127.0.0.1', 9900), 'cl...
          │    └ <starlette.middleware.exceptions.ExceptionMiddleware object at 0x00000238B08BF6D0>
          └ <starlette.middleware.cors.CORSMiddleware object at 0x00000238B08DAD50>
  File "D:\__lybix__\DEVTools\miniconda3\envs\fams\Lib\site-packages\starlette\middleware\exceptions.py", line 63, in __call__
    await wrap_app_handling_exceptions(self.app, conn)(scope, receive, send)
          │                            │    │    │     │      │        └ functools.partial(<bound method CORSMiddleware.send of <starlette.middleware.cors.CORSMiddleware object at 0x00000238B08DAD50...
          │                            │    │    │     │      └ <function BaseHTTPMiddleware.__call__.<locals>.call_next.<locals>.receive_or_disconnect at 0x00000238B11A9E40>
          │                            │    │    │     └ {'type': 'http', 'asgi': {'version': '3.0', 'spec_version': '2.3'}, 'http_version': '1.1', 'server': ('127.0.0.1', 9900), 'cl...
          │                            │    │    └ <starlette.requests.Request object at 0x00000238B123F090>
          │                            │    └ <fastapi.middleware.asyncexitstack.AsyncExitStackMiddleware object at 0x00000238B08C73D0>
          │                            └ <starlette.middleware.exceptions.ExceptionMiddleware object at 0x00000238B08BF6D0>
          └ <function wrap_app_handling_exceptions at 0x00000238AEDDF100>
  File "D:\__lybix__\DEVTools\miniconda3\envs\fams\Lib\site-packages\starlette\_exception_handler.py", line 53, in wrapped_app
    raise exc
  File "D:\__lybix__\DEVTools\miniconda3\envs\fams\Lib\site-packages\starlette\_exception_handler.py", line 42, in wrapped_app
    await app(scope, receive, sender)
          │   │      │        └ <function wrap_app_handling_exceptions.<locals>.wrapped_app.<locals>.sender at 0x00000238B1203920>
          │   │      └ <function BaseHTTPMiddleware.__call__.<locals>.call_next.<locals>.receive_or_disconnect at 0x00000238B11A9E40>
          │   └ {'type': 'http', 'asgi': {'version': '3.0', 'spec_version': '2.3'}, 'http_version': '1.1', 'server': ('127.0.0.1', 9900), 'cl...
          └ <fastapi.middleware.asyncexitstack.AsyncExitStackMiddleware object at 0x00000238B08C73D0>
  File "D:\__lybix__\DEVTools\miniconda3\envs\fams\Lib\site-packages\fastapi\middleware\asyncexitstack.py", line 18, in __call__
    await self.app(scope, receive, send)
          │    │   │      │        └ <function wrap_app_handling_exceptions.<locals>.wrapped_app.<locals>.sender at 0x00000238B1203920>
          │    │   │      └ <function BaseHTTPMiddleware.__call__.<locals>.call_next.<locals>.receive_or_disconnect at 0x00000238B11A9E40>
          │    │   └ {'type': 'http', 'asgi': {'version': '3.0', 'spec_version': '2.3'}, 'http_version': '1.1', 'server': ('127.0.0.1', 9900), 'cl...
          │    └ <fastapi.routing.APIRouter object at 0x00000238B0E1E190>
          └ <fastapi.middleware.asyncexitstack.AsyncExitStackMiddleware object at 0x00000238B08C73D0>
  File "D:\__lybix__\DEVTools\miniconda3\envs\fams\Lib\site-packages\starlette\routing.py", line 660, in __call__
    await self.middleware_stack(scope, receive, send)
          │    │                │      │        └ <function wrap_app_handling_exceptions.<locals>.wrapped_app.<locals>.sender at 0x00000238B1203920>
          │    │                │      └ <function BaseHTTPMiddleware.__call__.<locals>.call_next.<locals>.receive_or_disconnect at 0x00000238B11A9E40>
          │    │                └ {'type': 'http', 'asgi': {'version': '3.0', 'spec_version': '2.3'}, 'http_version': '1.1', 'server': ('127.0.0.1', 9900), 'cl...
          │    └ <bound method APIRouter.app of <fastapi.routing.APIRouter object at 0x00000238B0E1E190>>
          └ <fastapi.routing.APIRouter object at 0x00000238B0E1E190>
  File "D:\__lybix__\DEVTools\miniconda3\envs\fams\Lib\site-packages\fastapi\routing.py", line 2683, in app
    await route.handle(scope, receive, send)
          │     │      │      │        └ <function wrap_app_handling_exceptions.<locals>.wrapped_app.<locals>.sender at 0x00000238B1203920>
          │     │      │      └ <function BaseHTTPMiddleware.__call__.<locals>.call_next.<locals>.receive_or_disconnect at 0x00000238B11A9E40>
          │     │      └ {'type': 'http', 'asgi': {'version': '3.0', 'spec_version': '2.3'}, 'http_version': '1.1', 'server': ('127.0.0.1', 9900), 'cl...
          │     └ <function _IncludedRouter.handle at 0x00000238AEE21BC0>
          └ _IncludedRouter(original_router=<fastapi.routing.APIRouter object at 0x00000238B0BCFA90>, include_context=_RouterIncludeConte...
  File "D:\__lybix__\DEVTools\miniconda3\envs\fams\Lib\site-packages\fastapi\routing.py", line 1753, in handle
    await self.original_router.handle(scope, receive, send)
          │    │               │      │      │        └ <function wrap_app_handling_exceptions.<locals>.wrapped_app.<locals>.sender at 0x00000238B1203920>
          │    │               │      │      └ <function BaseHTTPMiddleware.__call__.<locals>.call_next.<locals>.receive_or_disconnect at 0x00000238B11A9E40>
          │    │               │      └ {'type': 'http', 'asgi': {'version': '3.0', 'spec_version': '2.3'}, 'http_version': '1.1', 'server': ('127.0.0.1', 9900), 'cl...
          │    │               └ <function APIRouter.handle at 0x00000238AEE23BA0>
          │    └ <fastapi.routing.APIRouter object at 0x00000238B0BCFA90>
          └ _IncludedRouter(original_router=<fastapi.routing.APIRouter object at 0x00000238B0BCFA90>, include_context=_RouterIncludeConte...
  File "D:\__lybix__\DEVTools\miniconda3\envs\fams\Lib\site-packages\fastapi\routing.py", line 2738, in handle
    await included_router._handle_selected(scope, receive, send)
          │               │                │      │        └ <function wrap_app_handling_exceptions.<locals>.wrapped_app.<locals>.sender at 0x00000238B1203920>
          │               │                │      └ <function BaseHTTPMiddleware.__call__.<locals>.call_next.<locals>.receive_or_disconnect at 0x00000238B11A9E40>
          │               │                └ {'type': 'http', 'asgi': {'version': '3.0', 'spec_version': '2.3'}, 'http_version': '1.1', 'server': ('127.0.0.1', 9900), 'cl...
          │               └ <function _IncludedRouter._handle_selected at 0x00000238AEE21C60>
          └ _IncludedRouter(original_router=<fastapi.routing.APIRouter object at 0x00000238B0BCFA90>, include_context=_RouterIncludeConte...
  File "D:\__lybix__\DEVTools\miniconda3\envs\fams\Lib\site-packages\fastapi\routing.py", line 1773, in _handle_selected
    await original_route.handle(scope, receive, send)
          │              │      │      │        └ <function wrap_app_handling_exceptions.<locals>.wrapped_app.<locals>.sender at 0x00000238B1203920>
          │              │      │      └ <function BaseHTTPMiddleware.__call__.<locals>.call_next.<locals>.receive_or_disconnect at 0x00000238B11A9E40>
          │              │      └ {'type': 'http', 'asgi': {'version': '3.0', 'spec_version': '2.3'}, 'http_version': '1.1', 'server': ('127.0.0.1', 9900), 'cl...
          │              └ <function APIRoute.handle at 0x00000238AEE0BCE0>
          └ APIRoute(path='/api/repair/dispatch', name='dispatch_order', methods=['PUT'])
  File "D:\__lybix__\DEVTools\miniconda3\envs\fams\Lib\site-packages\fastapi\routing.py", line 1264, in handle
    await app(scope, receive, send)
          │   │      │        └ <function wrap_app_handling_exceptions.<locals>.wrapped_app.<locals>.sender at 0x00000238B1203920>
          │   │      └ <function BaseHTTPMiddleware.__call__.<locals>.call_next.<locals>.receive_or_disconnect at 0x00000238B11A9E40>
          │   └ {'type': 'http', 'asgi': {'version': '3.0', 'spec_version': '2.3'}, 'http_version': '1.1', 'server': ('127.0.0.1', 9900), 'cl...
          └ <function request_response.<locals>.app at 0x00000238B1203A60>
  File "D:\__lybix__\DEVTools\miniconda3\envs\fams\Lib\site-packages\fastapi\routing.py", line 150, in app
    await wrap_app_handling_exceptions(app, request)(scope, receive, send)
          │                            │    │        │      │        └ <function wrap_app_handling_exceptions.<locals>.wrapped_app.<locals>.sender at 0x00000238B1203920>
          │                            │    │        │      └ <function BaseHTTPMiddleware.__call__.<locals>.call_next.<locals>.receive_or_disconnect at 0x00000238B11A9E40>
          │                            │    │        └ {'type': 'http', 'asgi': {'version': '3.0', 'spec_version': '2.3'}, 'http_version': '1.1', 'server': ('127.0.0.1', 9900), 'cl...
          │                            │    └ <starlette.requests.Request object at 0x00000238B123E610>
          │                            └ <function request_response.<locals>.app.<locals>.app at 0x00000238B1203BA0>
          └ <function wrap_app_handling_exceptions at 0x00000238AEDDF100>
  File "D:\__lybix__\DEVTools\miniconda3\envs\fams\Lib\site-packages\starlette\_exception_handler.py", line 53, in wrapped_app
    raise exc
  File "D:\__lybix__\DEVTools\miniconda3\envs\fams\Lib\site-packages\starlette\_exception_handler.py", line 42, in wrapped_app
    await app(scope, receive, sender)
          │   │      │        └ <function wrap_app_handling_exceptions.<locals>.wrapped_app.<locals>.sender at 0x00000238B12353A0>
          │   │      └ <function BaseHTTPMiddleware.__call__.<locals>.call_next.<locals>.receive_or_disconnect at 0x00000238B11A9E40>
          │   └ {'type': 'http', 'asgi': {'version': '3.0', 'spec_version': '2.3'}, 'http_version': '1.1', 'server': ('127.0.0.1', 9900), 'cl...
          └ <function request_response.<locals>.app.<locals>.app at 0x00000238B1203BA0>
  File "D:\__lybix__\DEVTools\miniconda3\envs\fams\Lib\site-packages\fastapi\routing.py", line 136, in app
    response = await f(request)
                     │ └ <starlette.requests.Request object at 0x00000238B123E610>
                     └ <function get_request_handler.<locals>.app at 0x00000238B1203560>
  File "D:\__lybix__\DEVTools\miniconda3\envs\fams\Lib\site-packages\fastapi\routing.py", line 690, in app
    raw_response = await run_endpoint_function(
                         └ <function run_endpoint_function at 0x00000238AEE0AF20>
  File "D:\__lybix__\DEVTools\miniconda3\envs\fams\Lib\site-packages\fastapi\routing.py", line 344, in run_endpoint_function
    return await dependant.call(**values)
                 │         │      └ {'_auth': {'user_id': 1, 'username': 'admin', 'dept_id': 1, 'role_keys': ['admin'], 'exp': 1783771783, 'iat': 1783685383}, 'c...
                 │         └ <function dispatch_order at 0x00000238B0D85440>
                 └ Dependant(path_params=[], query_params=[], header_params=[], cookie_params=[], body_params=[ModelField(field_info=Body(Pydant...

  File "D:\__lybix__\_Codes\FAMS-NEPU\platform\server\services\svr_gateway\routes.py", line 762, in dispatch_order
    result = logic.dispatch_order(
             │     └ <function RepairLogic.dispatch_order at 0x00000238B0B598A0>
             └ <data.logic.repair_logic.RepairLogic object at 0x00000238B118F5D0>

  File "D:\__lybix__\_Codes\FAMS-NEPU\platform\server\data\logic\repair_logic.py", line 105, in dispatch_order
    self.order_dao.dispatch_order(order_id, dispatch_user_id, repairer_id, deadline, remark)
    │    │         │              │         │                 │            │         └ ''
    │    │         │              │         │                 │            └ '2026-07-10T16:00:00.000Z'
    │    │         │              │         │                 └ 8
    │    │         │              │         └ 1
    │    │         │              └ 6
    │    │         └ <function RepairOrderDAO.dispatch_order at 0x00000238B0B58FE0>
    │    └ <data.basic.repair_dao.RepairOrderDAO object at 0x00000238B118F450>
    └ <data.logic.repair_logic.RepairLogic object at 0x00000238B118F5D0>

  File "D:\__lybix__\_Codes\FAMS-NEPU\platform\server\data\basic\repair_dao.py", line 118, in dispatch_order
    return self._execute_update(sql, {
           │    │               └ "UPDATE repair_order\n                 SET dispatch_user_id = :dispatch_user_id, repairer_id = :repairer_id,\n               ...
           │    └ <function BaseDAO._execute_update at 0x00000238B077FA60>
           └ <data.basic.repair_dao.RepairOrderDAO object at 0x00000238B118F450>

  File "D:\__lybix__\_Codes\FAMS-NEPU\platform\server\data\basic\base_dao.py", line 56, in _execute_update
    result = conn.execute(text(sql), params or {})
             │    │       │    │     └ {'order_id': 6, 'dispatch_user_id': 1, 'repairer_id': 8, 'deadline': '2026-07-10T16:00:00.000Z', 'remark': ''}
             │    │       │    └ "UPDATE repair_order\n                 SET dispatch_user_id = :dispatch_user_id, repairer_id = :repairer_id,\n               ...
             │    │       └ <function text at 0x00000238AF6B7F60>
             │    └ <function Connection.execute at 0x00000238B06FACA0>
             └ <sqlalchemy.engine.base.Connection object at 0x00000238B11BC7D0>

  File "D:\__lybix__\DEVTools\miniconda3\envs\fams\Lib\site-packages\sqlalchemy\engine\base.py", line 1421, in execute
    return meth(
           └ <bound method ClauseElement._execute_on_connection of <sqlalchemy.sql.elements.TextClause object at 0x00000238B123C650>>
  File "D:\__lybix__\DEVTools\miniconda3\envs\fams\Lib\site-packages\sqlalchemy\sql\elements.py", line 526, in _execute_on_connection
    return connection._execute_clauseelement(
           │          └ <function Connection._execute_clauseelement at 0x00000238B06FAFC0>
           └ <sqlalchemy.engine.base.Connection object at 0x00000238B11BC7D0>
  File "D:\__lybix__\DEVTools\miniconda3\envs\fams\Lib\site-packages\sqlalchemy\engine\base.py", line 1643, in _execute_clauseelement
    ret = self._execute_context(
          │    └ <function Connection._execute_context at 0x00000238B06FB1A0>
          └ <sqlalchemy.engine.base.Connection object at 0x00000238B11BC7D0>
  File "D:\__lybix__\DEVTools\miniconda3\envs\fams\Lib\site-packages\sqlalchemy\engine\base.py", line 1848, in _execute_context
    return self._exec_single_context(
           │    └ <function Connection._exec_single_context at 0x00000238B06FB240>
           └ <sqlalchemy.engine.base.Connection object at 0x00000238B11BC7D0>
  File "D:\__lybix__\DEVTools\miniconda3\envs\fams\Lib\site-packages\sqlalchemy\engine\base.py", line 1988, in _exec_single_context
    self._handle_dbapi_exception(
    │    └ <function Connection._handle_dbapi_exception at 0x00000238B06FB4C0>
    └ <sqlalchemy.engine.base.Connection object at 0x00000238B11BC7D0>
  File "D:\__lybix__\DEVTools\miniconda3\envs\fams\Lib\site-packages\sqlalchemy\engine\base.py", line 2365, in _handle_dbapi_exception
    raise sqlalchemy_exception.with_traceback(exc_info[2]) from e
          │                    │              │                 └ InternalError(1292, "Incorrect datetime value: '2026-07-10T16:00:00.000Z' for column 'deadline' at row 1")
          │                    │              └ (<class 'pymysql.err.InternalError'>, InternalError(1292, "Incorrect datetime value: '2026-07-10T16:00:00.000Z' for column 'd...
          │                    └ <method 'with_traceback' of 'BaseException' objects>
          └ InternalError('(pymysql.err.InternalError) (1292, "Incorrect datetime value: \'2026-07-10T16:00:00.000Z\' for column \'deadli...
  File "D:\__lybix__\DEVTools\miniconda3\envs\fams\Lib\site-packages\sqlalchemy\engine\base.py", line 1969, in _exec_single_context
    self.dialect.do_execute(
    │    │       └ <function DefaultDialect.do_execute at 0x00000238B079EDE0>
    │    └ <sqlalchemy.dialects.mysql.pymysql.MySQLDialect_pymysql object at 0x00000238B118EAD0>
    └ <sqlalchemy.engine.base.Connection object at 0x00000238B11BC7D0>
  File "D:\__lybix__\DEVTools\miniconda3\envs\fams\Lib\site-packages\sqlalchemy\engine\default.py", line 952, in do_execute
    cursor.execute(statement, parameters)
    │      │       │          └ {'dispatch_user_id': 1, 'repairer_id': 8, 'deadline': '2026-07-10T16:00:00.000Z', 'remark': '', 'order_id': 6}
    │      │       └ "UPDATE repair_order\n                 SET dispatch_user_id = %(dispatch_user_id)s, repairer_id = %(repairer_id)s,\n         ...
    │      └ <function Cursor.execute at 0x00000238B10F7D80>
    └ <pymysql.cursors.Cursor object at 0x00000238B123F810>
  File "D:\__lybix__\DEVTools\miniconda3\envs\fams\Lib\site-packages\pymysql\cursors.py", line 170, in execute
    result = self._query(query)
             │    │      └ "UPDATE repair_order\n                 SET dispatch_user_id = 1, repairer_id = 8,\n                     deadline = '2026-07-1...
             │    └ <function Cursor._query at 0x00000238B114C2C0>
             └ <pymysql.cursors.Cursor object at 0x00000238B123F810>
  File "D:\__lybix__\DEVTools\miniconda3\envs\fams\Lib\site-packages\pymysql\cursors.py", line 328, in _query
    conn.query(q)
    │    │     └ "UPDATE repair_order\n                 SET dispatch_user_id = 1, repairer_id = 8,\n                     deadline = '2026-07-1...
    │    └ <function Connection.query at 0x00000238B114FEC0>
    └ <pymysql.connections.Connection object at 0x00000238B1195090>
  File "D:\__lybix__\DEVTools\miniconda3\envs\fams\Lib\site-packages\pymysql\connections.py", line 517, in query
    self._affected_rows = self._read_query_result(unbuffered=unbuffered)
    │    │                │    │                             └ False
    │    │                │    └ <function Connection._read_query_result at 0x00000238B11505E0>
    │    │                └ <pymysql.connections.Connection object at 0x00000238B1195090>
    │    └ 1
    └ <pymysql.connections.Connection object at 0x00000238B1195090>
  File "D:\__lybix__\DEVTools\miniconda3\envs\fams\Lib\site-packages\pymysql\connections.py", line 732, in _read_query_result
    result.read()
    │      └ <function MySQLResult.read at 0x00000238B1150EA0>
    └ <pymysql.connections.MySQLResult object at 0x00000238B123FD10>
  File "D:\__lybix__\DEVTools\miniconda3\envs\fams\Lib\site-packages\pymysql\connections.py", line 1075, in read
    first_packet = self.connection._read_packet()
                   │    └ None
                   └ <pymysql.connections.MySQLResult object at 0x00000238B123FD10>
  File "D:\__lybix__\DEVTools\miniconda3\envs\fams\Lib\site-packages\pymysql\connections.py", line 684, in _read_packet
    packet.check_error()
    │      └ <function MysqlPacket.check_error at 0x00000238B114E3E0>
    └ <pymysql.protocol.MysqlPacket object at 0x00000238B1146470>
  File "D:\__lybix__\DEVTools\miniconda3\envs\fams\Lib\site-packages\pymysql\protocol.py", line 220, in check_error
    err.raise_mysql_exception(self._data)
    │   │                     │    └ <member '_data' of 'MysqlPacket' objects>
    │   │                     └ <pymysql.protocol.MysqlPacket object at 0x00000238B1146470>
    │   └ <function raise_mysql_exception at 0x00000238B10F5620>
    └ <module 'pymysql.err' from 'D:\\__lybix__\\DEVTools\\miniconda3\\envs\\fams\\Lib\\site-packages\\pymysql\\err.py'>
  File "D:\__lybix__\DEVTools\miniconda3\envs\fams\Lib\site-packages\pymysql\err.py", line 109, in raise_mysql_exception
    raise errorclass(errno, errval)
          │          │      └ "Incorrect datetime value: '2026-07-10T16:00:00.000Z' for column 'deadline' at row 1"
          │          └ 1292
          └ <class 'pymysql.err.InternalError'>

sqlalchemy.exc.InternalError: (pymysql.err.InternalError) (1292, "Incorrect datetime value: '2026-07-10T16:00:00.000Z' for column 'deadline' at row 1")
[SQL: UPDATE repair_order
                 SET dispatch_user_id = %(dispatch_user_id)s, repairer_id = %(repairer_id)s,
                     deadline = %(deadline)s, dispatch_remark = %(remark)s, status = 'PENDING_REPAIR'
                 WHERE order_id = %(order_id)s]
[parameters: {'dispatch_user_id': 1, 'repairer_id': 8, 'deadline': '2026-07-10T16:00:00.000Z', 'remark': '', 'order_id': 6}]
(Background on this error at: https://sqlalche.me/e/20/2j85)
2026-07-10 20:14:17.817 | INFO     | __main__:<module>:63 - Gateway starting on port 9900, PID=19404
2026-07-10 20:14:21.272 | INFO     | __main__:log_requests:44 - GET /api/dept/tree -> 200 (0.150s)
2026-07-10 20:14:21.325 | INFO     | __main__:log_requests:44 - GET /api/repair/list -> 200 (0.041s)
2026-07-10 20:14:23.116 | INFO     | __main__:log_requests:44 - GET /api/repair/list -> 200 (0.006s)
2026-07-10 20:14:23.693 | INFO     | __main__:log_requests:44 - GET /api/repair/list -> 200 (0.006s)
2026-07-10 20:14:24.713 | INFO     | __main__:log_requests:44 - GET /api/user/repairers -> 200 (0.032s)
2026-07-10 20:14:30.875 | INFO     | __main__:log_requests:44 - PUT /api/repair/dispatch -> 200 (0.196s)
2026-07-10 20:14:30.897 | INFO     | __main__:log_requests:44 - GET /api/repair/list -> 200 (0.006s)
2026-07-10 20:14:32.581 | INFO     | __main__:log_requests:44 - GET /api/repair/list -> 200 (0.006s)
2026-07-10 20:14:35.310 | INFO     | __main__:log_requests:44 - GET /api/repair/list -> 200 (0.005s)
2026-07-10 20:14:36.391 | INFO     | __main__:log_requests:44 - GET /api/repair/list -> 200 (0.005s)
2026-07-10 20:14:41.688 | INFO     | __main__:log_requests:44 - GET /api/repair/list -> 200 (0.006s)
2026-07-10 20:14:43.943 | INFO     | __main__:log_requests:44 - GET /api/repair/list -> 200 (0.005s)
2026-07-10 20:14:44.932 | INFO     | __main__:log_requests:44 - GET /api/repair/list -> 200 (0.005s)
2026-07-10 20:14:45.536 | INFO     | __main__:log_requests:44 - GET /api/repair/list -> 200 (0.005s)
2026-07-10 20:14:46.193 | INFO     | __main__:log_requests:44 - GET /api/repair/list -> 200 (0.005s)
2026-07-10 20:14:50.551 | INFO     | __main__:log_requests:44 - GET /api/repair/list -> 200 (0.006s)
2026-07-10 20:14:52.106 | INFO     | __main__:log_requests:44 - GET /api/repair/list -> 200 (0.006s)
2026-07-10 20:14:53.451 | INFO     | __main__:log_requests:44 - GET /api/dept/tree -> 200 (0.003s)
2026-07-10 20:14:53.482 | INFO     | __main__:log_requests:44 - GET /api/repair/list -> 200 (0.007s)
2026-07-10 20:14:55.011 | INFO     | __main__:log_requests:44 - GET /api/repair/list -> 200 (0.005s)
2026-07-10 20:14:55.868 | INFO     | __main__:log_requests:44 - GET /api/repair/list -> 200 (0.005s)
2026-07-10 20:14:56.809 | INFO     | __main__:log_requests:44 - GET /api/user/repairers -> 200 (0.004s)
2026-07-10 20:15:02.460 | INFO     | __main__:log_requests:44 - PUT /api/repair/dispatch -> 200 (0.082s)
2026-07-10 20:15:02.474 | INFO     | __main__:log_requests:44 - GET /api/repair/list -> 200 (0.005s)
2026-07-10 20:15:09.462 | INFO     | __main__:log_requests:44 - PUT /api/repair/dispatch -> 200 (0.092s)
2026-07-10 20:15:09.476 | INFO     | __main__:log_requests:44 - GET /api/repair/list -> 200 (0.005s)
2026-07-10 20:15:10.479 | INFO     | __main__:log_requests:44 - GET /api/repair/list -> 200 (0.005s)
2026-07-10 20:15:10.986 | INFO     | __main__:log_requests:44 - GET /api/repair/list -> 200 (0.005s)
2026-07-10 20:15:11.428 | INFO     | __main__:log_requests:44 - GET /api/repair/list -> 200 (0.009s)
2026-07-10 20:15:13.591 | INFO     | __main__:log_requests:44 - GET /api/repair/list -> 200 (0.006s)
2026-07-10 20:15:17.202 | INFO     | __main__:log_requests:44 - PUT /api/repair/accept -> 403 (0.003s)
2026-07-10 20:15:19.736 | INFO     | __main__:log_requests:44 - GET /api/repair/list -> 200 (0.005s)
2026-07-10 20:15:21.206 | INFO     | __main__:log_requests:44 - GET /api/repair/list -> 200 (0.007s)
2026-07-10 20:15:22.951 | INFO     | __main__:log_requests:44 - GET /api/repair/list -> 200 (0.006s)
2026-07-10 20:15:24.842 | INFO     | __main__:log_requests:44 - GET /api/repair/6 -> 200 (0.009s)
2026-07-10 20:15:26.898 | INFO     | __main__:log_requests:44 - GET /api/repair/list -> 200 (0.009s)
2026-07-10 20:15:27.511 | INFO     | __main__:log_requests:44 - GET /api/repair/list -> 200 (0.005s)
2026-07-10 20:15:27.917 | INFO     | __main__:log_requests:44 - GET /api/repair/list -> 200 (0.005s)
2026-07-10 20:15:30.398 | INFO     | __main__:log_requests:44 - GET /api/repair/1 -> 200 (0.006s)
2026-07-10 20:15:37.246 | INFO     | __main__:log_requests:44 - GET /api/repair/list -> 200 (0.007s)
2026-07-10 20:15:40.555 | INFO     | __main__:log_requests:44 - GET /api/apply/my -> 200 (0.032s)
2026-07-10 20:15:44.295 | INFO     | __main__:log_requests:44 - GET /api/apply/7 -> 200 (0.029s)
2026-07-10 20:15:53.672 | INFO     | __main__:log_requests:44 - GET /api/apply/approved -> 200 (0.007s)
2026-07-10 20:16:25.753 | INFO     | __main__:log_requests:44 - GET /api/apply/11 -> 200 (0.008s)
2026-07-10 20:16:28.311 | INFO     | __main__:log_requests:44 - GET /api/apply/my -> 200 (0.005s)
2026-07-10 20:16:29.435 | INFO     | __main__:log_requests:44 - GET /api/apply/8 -> 200 (0.005s)
2026-07-10 20:17:16.819 | INFO     | __main__:log_requests:44 - GET /api/apply/8 -> 200 (0.007s)
2026-07-10 20:17:18.603 | INFO     | __main__:log_requests:44 - GET /api/apply/my -> 200 (0.006s)
2026-07-10 20:17:22.368 | INFO     | __main__:log_requests:44 - GET /api/apply/my -> 200 (0.005s)
2026-07-10 20:17:26.413 | INFO     | __main__:log_requests:44 - GET /api/repair/list -> 200 (0.007s)
2026-07-10 20:17:27.778 | INFO     | __main__:log_requests:44 - GET /api/dept/tree -> 200 (0.006s)
2026-07-10 20:17:27.792 | INFO     | __main__:log_requests:44 - GET /api/repair/list -> 200 (0.006s)
2026-07-10 20:17:30.201 | INFO     | __main__:log_requests:44 - GET /api/dept/tree -> 200 (0.031s)
2026-07-10 20:17:30.203 | INFO     | __main__:log_requests:44 - GET /api/user/list -> 200 (0.031s)
2026-07-10 20:17:30.250 | INFO     | __main__:log_requests:44 - GET /api/check/task/list -> 200 (0.042s)
2026-07-10 20:17:31.979 | INFO     | __main__:log_requests:44 - GET /api/check/sheet/2 -> 200 (0.040s)
2026-07-10 20:17:32.982 | INFO     | __main__:log_requests:44 - GET /api/user/list -> 200 (0.022s)
2026-07-10 20:17:32.982 | INFO     | __main__:log_requests:44 - GET /api/dept/tree -> 200 (0.023s)
2026-07-10 20:17:32.996 | INFO     | __main__:log_requests:44 - GET /api/check/task/list -> 200 (0.008s)
2026-07-10 20:17:33.901 | INFO     | __main__:log_requests:44 - GET /api/check/diff/2 -> 200 (0.031s)
2026-07-10 20:17:34.843 | INFO     | __main__:log_requests:44 - GET /api/dept/tree -> 200 (0.004s)
2026-07-10 20:17:34.861 | INFO     | __main__:log_requests:44 - GET /api/user/list -> 200 (0.021s)
2026-07-10 20:17:34.875 | INFO     | __main__:log_requests:44 - GET /api/check/task/list -> 200 (0.008s)
2026-07-10 20:17:36.679 | INFO     | __main__:log_requests:44 - GET /api/asset/status/list -> 200 (0.008s)
2026-07-10 20:17:36.694 | INFO     | __main__:log_requests:44 - GET /api/repair/list -> 200 (0.008s)
2026-07-10 20:17:36.882 | INFO     | __main__:log_requests:44 - GET /api/apply/pending -> 200 (0.185s)
2026-07-10 20:17:36.884 | INFO     | __main__:log_requests:44 - GET /api/report/dashboard -> 200 (0.189s)
2026-07-10 20:17:36.885 | INFO     | __main__:log_requests:44 - GET /api/report/asset -> 200 (0.190s)
2026-07-10 20:17:44.525 | INFO     | __main__:log_requests:44 - GET /api/user/profile -> 200 (0.010s)
2026-07-10 20:18:01.835 | INFO     | __main__:log_requests:44 - POST /api/auth/login -> 200 (0.200s)
2026-07-10 20:18:16.290 | INFO     | __main__:log_requests:44 - POST /api/auth/login -> 200 (0.248s)
2026-07-10 20:18:16.301 | INFO     | __main__:log_requests:44 - GET /api/user/profile -> 200 (0.007s)
2026-07-10 20:18:16.338 | INFO     | __main__:log_requests:44 - GET /api/asset/status/list -> 200 (0.005s)
2026-07-10 20:18:16.374 | INFO     | __main__:log_requests:44 - GET /api/repair/list -> 200 (0.008s)
2026-07-10 20:18:16.377 | INFO     | __main__:log_requests:44 - GET /api/apply/pending -> 403 (0.004s)
2026-07-10 20:18:16.379 | INFO     | __main__:log_requests:44 - GET /api/report/dashboard -> 403 (0.012s)
2026-07-10 20:18:16.380 | INFO     | __main__:log_requests:44 - GET /api/report/asset -> 403 (0.006s)
2026-07-10 20:18:20.541 | INFO     | __main__:log_requests:44 - GET /api/apply/my -> 200 (0.006s)
2026-07-10 20:18:21.612 | INFO     | __main__:log_requests:44 - GET /api/repair/list -> 200 (0.006s)
2026-07-10 20:18:28.025 | INFO     | __main__:log_requests:44 - GET /api/repair/list -> 200 (0.006s)
2026-07-10 20:18:29.492 | INFO     | __main__:log_requests:44 - GET /api/repair/list -> 200 (0.005s)
2026-07-10 20:18:31.135 | INFO     | __main__:log_requests:44 - PUT /api/repair/accept -> 422 (0.006s)
2026-07-10 20:19:05.676 | INFO     | __main__:log_requests:44 - PUT /api/repair/accept -> 422 (0.003s)
2026-07-10 20:19:54.252 | INFO     | __main__:log_requests:44 - PUT /api/repair/accept -> 422 (0.002s)
2026-07-10 20:19:59.200 | INFO     | __main__:log_requests:44 - GET /api/repair/accept -> 401 (0.001s)
2026-07-10 20:21:38.672 | INFO     | __main__:log_requests:44 - GET /api/repair/list -> 200 (0.026s)
2026-07-10 20:21:59.486 | INFO     | __main__:log_requests:44 - GET /api/repair/list -> 200 (0.008s)
2026-07-10 20:22:02.721 | INFO     | __main__:log_requests:44 - GET /api/repair/list -> 200 (0.009s)
2026-07-10 20:22:05.501 | INFO     | __main__:log_requests:44 - GET /api/asset/status/list -> 200 (0.014s)
2026-07-10 20:22:05.535 | INFO     | __main__:log_requests:44 - GET /api/repair/list -> 200 (0.018s)
2026-07-10 20:22:05.536 | INFO     | __main__:log_requests:44 - GET /api/report/dashboard -> 403 (0.022s)
2026-07-10 20:22:05.537 | INFO     | __main__:log_requests:44 - GET /api/apply/pending -> 403 (0.016s)
2026-07-10 20:22:05.538 | INFO     | __main__:log_requests:44 - GET /api/report/asset -> 403 (0.021s)
2026-07-10 20:22:06.275 | INFO     | __main__:log_requests:44 - GET /api/repair/list -> 200 (0.010s)
2026-07-10 20:22:08.972 | INFO     | __main__:log_requests:44 - GET /api/apply/my -> 200 (0.015s)
2026-07-10 20:22:09.974 | INFO     | __main__:log_requests:44 - GET /api/repair/list -> 200 (0.007s)
2026-07-10 20:22:17.427 | INFO     | __main__:log_requests:44 - GET /api/repair/list -> 200 (0.012s)
2026-07-10 20:22:44.149 | INFO     | __main__:log_requests:44 - GET /api/user/profile -> 200 (0.018s)
2026-07-10 20:22:46.000 | INFO     | __main__:log_requests:44 - GET /api/repair/list -> 200 (0.006s)
2026-07-10 20:23:54.798 | INFO     | __main__:log_requests:44 - GET /api/repair/list -> 200 (0.007s)
2026-07-10 20:24:00.255 | INFO     | __main__:log_requests:44 - GET /api/repair/list -> 200 (0.007s)
2026-07-10 20:24:01.395 | INFO     | __main__:log_requests:44 - GET /api/repair/list -> 200 (0.008s)
2026-07-10 20:24:01.842 | INFO     | __main__:log_requests:44 - GET /api/repair/list -> 200 (0.008s)
2026-07-10 20:24:02.258 | INFO     | __main__:log_requests:44 - GET /api/repair/list -> 200 (0.007s)
2026-07-10 20:24:04.318 | INFO     | __main__:log_requests:44 - POST /api/repair/accept -> 405 (0.004s)
2026-07-10 20:26:53.871 | INFO     | __main__:log_requests:44 - GET /api/repair/list -> 200 (0.007s)
2026-07-10 20:26:54.236 | INFO     | __main__:log_requests:44 - GET /api/repair/list -> 200 (0.007s)
2026-07-10 20:26:56.663 | INFO     | __main__:log_requests:44 - PUT /api/repair/accept -> 200 (0.250s)
2026-07-10 20:26:56.693 | INFO     | __main__:log_requests:44 - GET /api/repair/list -> 200 (0.007s)
2026-07-10 20:26:58.196 | INFO     | __main__:log_requests:44 - GET /api/repair/list -> 200 (0.006s)
2026-07-10 20:26:59.511 | INFO     | __main__:log_requests:44 - GET /api/repair/list -> 200 (0.006s)
2026-07-10 20:27:00.769 | INFO     | __main__:log_requests:44 - PUT /api/repair/accept -> 200 (0.069s)
2026-07-10 20:27:00.784 | INFO     | __main__:log_requests:44 - GET /api/repair/list -> 200 (0.007s)
2026-07-10 20:27:01.479 | INFO     | __main__:log_requests:44 - GET /api/repair/list -> 200 (0.006s)
2026-07-10 20:27:03.188 | INFO     | __main__:log_requests:44 - GET /api/repair/3 -> 200 (0.014s)
2026-07-10 20:27:10.503 | INFO     | __main__:log_requests:44 - GET /api/repair/list -> 200 (0.009s)
2026-07-10 20:27:20.273 | INFO     | __main__:log_requests:44 - POST /api/auth/login -> 200 (0.261s)
2026-07-10 20:27:20.291 | INFO     | __main__:log_requests:44 - GET /api/user/profile -> 200 (0.008s)
2026-07-10 20:27:20.467 | INFO     | __main__:log_requests:44 - GET /api/asset/status/list -> 200 (0.006s)
2026-07-10 20:27:20.541 | INFO     | __main__:log_requests:44 - GET /api/report/dashboard -> 200 (0.059s)
2026-07-10 20:27:20.542 | INFO     | __main__:log_requests:44 - GET /api/repair/list -> 200 (0.055s)
2026-07-10 20:27:20.565 | INFO     | __main__:log_requests:44 - GET /api/apply/pending -> 200 (0.078s)
2026-07-10 20:27:20.567 | INFO     | __main__:log_requests:44 - GET /api/report/asset -> 200 (0.082s)
2026-07-10 20:27:21.551 | INFO     | __main__:log_requests:44 - GET /api/dept/tree -> 200 (0.027s)
2026-07-10 20:27:21.553 | INFO     | __main__:log_requests:44 - GET /api/user/list -> 200 (0.028s)
2026-07-10 20:27:21.572 | INFO     | __main__:log_requests:44 - GET /api/check/task/list -> 200 (0.012s)
2026-07-10 20:27:58.913 | ERROR    | __main__:global_exception_handler:50 - Unhandled exception on POST /api/check/task
Traceback (most recent call last):

  File "D:\__lybix__\DEVTools\miniconda3\envs\fams\Lib\site-packages\sqlalchemy\engine\base.py", line 1969, in _exec_single_context
    self.dialect.do_execute(
    │    │       └ <function DefaultDialect.do_execute at 0x000001B3EAE6EDE0>
    │    └ <sqlalchemy.dialects.mysql.pymysql.MySQLDialect_pymysql object at 0x000001B3EB8A47D0>
    └ <sqlalchemy.engine.base.Connection object at 0x000001B3EB86D850>
  File "D:\__lybix__\DEVTools\miniconda3\envs\fams\Lib\site-packages\sqlalchemy\engine\default.py", line 952, in do_execute
    cursor.execute(statement, parameters)
    │      │       │          └ {'task_name': '测试任务', 'scope_type': 'DEPT', 'scope_dept_ids': '[2]', 'start_time': '2026-07-10T12:27:37.000Z', 'end_time': '2...
    │      │       └ 'INSERT INTO check_task (task_name, scope_type, scope_dept_ids, start_time,\n                                         end_tim...
    │      └ <function Cursor.execute at 0x000001B3EB7C7E20>
    └ <pymysql.cursors.Cursor object at 0x000001B3EB903750>
  File "D:\__lybix__\DEVTools\miniconda3\envs\fams\Lib\site-packages\pymysql\cursors.py", line 170, in execute
    result = self._query(query)
             │    │      └ "INSERT INTO check_task (task_name, scope_type, scope_dept_ids, start_time,\n                                         end_tim...
             │    └ <function Cursor._query at 0x000001B3EB81C360>
             └ <pymysql.cursors.Cursor object at 0x000001B3EB903750>
  File "D:\__lybix__\DEVTools\miniconda3\envs\fams\Lib\site-packages\pymysql\cursors.py", line 328, in _query
    conn.query(q)
    │    │     └ "INSERT INTO check_task (task_name, scope_type, scope_dept_ids, start_time,\n                                         end_tim...
    │    └ <function Connection.query at 0x000001B3EB81FF60>
    └ <pymysql.connections.Connection object at 0x000001B3EB8A9F50>
  File "D:\__lybix__\DEVTools\miniconda3\envs\fams\Lib\site-packages\pymysql\connections.py", line 517, in query
    self._affected_rows = self._read_query_result(unbuffered=unbuffered)
    │    │                │    │                             └ False
    │    │                │    └ <function Connection._read_query_result at 0x000001B3EB820680>
    │    │                └ <pymysql.connections.Connection object at 0x000001B3EB8A9F50>
    │    └ 2
    └ <pymysql.connections.Connection object at 0x000001B3EB8A9F50>
  File "D:\__lybix__\DEVTools\miniconda3\envs\fams\Lib\site-packages\pymysql\connections.py", line 732, in _read_query_result
    result.read()
    │      └ <function MySQLResult.read at 0x000001B3EB820F40>
    └ <pymysql.connections.MySQLResult object at 0x000001B3EB903DD0>
  File "D:\__lybix__\DEVTools\miniconda3\envs\fams\Lib\site-packages\pymysql\connections.py", line 1075, in read
    first_packet = self.connection._read_packet()
                   │    └ None
                   └ <pymysql.connections.MySQLResult object at 0x000001B3EB903DD0>
  File "D:\__lybix__\DEVTools\miniconda3\envs\fams\Lib\site-packages\pymysql\connections.py", line 684, in _read_packet
    packet.check_error()
    │      └ <function MysqlPacket.check_error at 0x000001B3EB81E480>
    └ <pymysql.protocol.MysqlPacket object at 0x000001B3EB8E5E10>
  File "D:\__lybix__\DEVTools\miniconda3\envs\fams\Lib\site-packages\pymysql\protocol.py", line 220, in check_error
    err.raise_mysql_exception(self._data)
    │   │                     │    └ <member '_data' of 'MysqlPacket' objects>
    │   │                     └ <pymysql.protocol.MysqlPacket object at 0x000001B3EB8E5E10>
    │   └ <function raise_mysql_exception at 0x000001B3EB7C56C0>
    └ <module 'pymysql.err' from 'D:\\__lybix__\\DEVTools\\miniconda3\\envs\\fams\\Lib\\site-packages\\pymysql\\err.py'>
  File "D:\__lybix__\DEVTools\miniconda3\envs\fams\Lib\site-packages\pymysql\err.py", line 109, in raise_mysql_exception
    raise errorclass(errno, errval)
          │          │      └ "Incorrect datetime value: '2026-07-10T12:27:37.000Z' for column 'start_time' at row 1"
          │          └ 1292
          └ <class 'pymysql.err.InternalError'>

pymysql.err.InternalError: (1292, "Incorrect datetime value: '2026-07-10T12:27:37.000Z' for column 'start_time' at row 1")


The above exception was the direct cause of the following exception:


Traceback (most recent call last):

  File "D:\__lybix__\_Codes\FAMS-NEPU\platform\server\services\svr_gateway\main.py", line 64, in <module>
    uvicorn.run(app, host="0.0.0.0", port=gateway_config.HTTP_PORT)
    │       │   │                         │              └ 9900
    │       │   │                         └ <services.svr_gateway.config.GatewayConfig object at 0x000001B3E95B8950>
    │       │   └ <fastapi.applications.FastAPI object at 0x000001B3EB4F1390>
    │       └ <function run at 0x000001B3E833FD80>
    └ <module 'uvicorn' from 'D:\\__lybix__\\DEVTools\\miniconda3\\envs\\fams\\Lib\\site-packages\\uvicorn\\__init__.py'>

  File "D:\__lybix__\DEVTools\miniconda3\envs\fams\Lib\site-packages\uvicorn\main.py", line 621, in run
    server.run()
    │      └ <function Server.run at 0x000001B3E84C0860>
    └ <uvicorn.server.Server object at 0x000001B3E833ACD0>
  File "D:\__lybix__\DEVTools\miniconda3\envs\fams\Lib\site-packages\uvicorn\server.py", line 74, in run
    return asyncio_run(self.serve(sockets=sockets), loop_factory=self.config.get_loop_factory())
           │           │    │             │                      │    │      └ <function Config.get_loop_factory at 0x000001B3E833D1C0>
           │           │    │             │                      │    └ <uvicorn.config.Config object at 0x000001B3EB46A390>
           │           │    │             │                      └ <uvicorn.server.Server object at 0x000001B3E833ACD0>
           │           │    │             └ None
           │           │    └ <function Server.serve at 0x000001B3E84C0900>
           │           └ <uvicorn.server.Server object at 0x000001B3E833ACD0>
           └ <function asyncio_run at 0x000001B3E82C7740>
  File "D:\__lybix__\DEVTools\miniconda3\envs\fams\Lib\site-packages\uvicorn\_compat.py", line 30, in asyncio_run
    return runner.run(main)
           │      │   └ <coroutine object Server.serve at 0x000001B3EB4F8130>
           │      └ <function Runner.run at 0x000001B3E7D1F560>
           └ <asyncio.runners.Runner object at 0x000001B3E95B9A10>
  File "D:\__lybix__\DEVTools\miniconda3\envs\fams\Lib\asyncio\runners.py", line 118, in run
    return self._loop.run_until_complete(task)
           │    │     │                  └ <Task pending name='Task-1' coro=<Server.serve() running at D:\__lybix__\DEVTools\miniconda3\envs\fams\Lib\site-packages\uvic...
           │    │     └ <function BaseEventLoop.run_until_complete at 0x000001B3E7D1D120>
           │    └ <ProactorEventLoop running=True closed=False debug=False>
           └ <asyncio.runners.Runner object at 0x000001B3E95B9A10>
  File "D:\__lybix__\DEVTools\miniconda3\envs\fams\Lib\asyncio\base_events.py", line 637, in run_until_complete
    self.run_forever()
    │    └ <function ProactorEventLoop.run_forever at 0x000001B3E7DF4860>
    └ <ProactorEventLoop running=True closed=False debug=False>
  File "D:\__lybix__\DEVTools\miniconda3\envs\fams\Lib\asyncio\windows_events.py", line 321, in run_forever
    super().run_forever()
  File "D:\__lybix__\DEVTools\miniconda3\envs\fams\Lib\asyncio\base_events.py", line 604, in run_forever
    self._run_once()
    │    └ <function BaseEventLoop._run_once at 0x000001B3E7D1EE80>
    └ <ProactorEventLoop running=True closed=False debug=False>
  File "D:\__lybix__\DEVTools\miniconda3\envs\fams\Lib\asyncio\base_events.py", line 1909, in _run_once
    handle._run()
    │      └ <function Handle._run at 0x000001B3E7C593A0>
    └ <Handle Task.task_wakeup(<Future finished result=None>)>
  File "D:\__lybix__\DEVTools\miniconda3\envs\fams\Lib\asyncio\events.py", line 80, in _run
    self._context.run(self._callback, *self._args)
    │    │            │    │           │    └ <member '_args' of 'Handle' objects>
    │    │            │    │           └ <Handle Task.task_wakeup(<Future finished result=None>)>
    │    │            │    └ <member '_callback' of 'Handle' objects>
    │    │            └ <Handle Task.task_wakeup(<Future finished result=None>)>
    │    └ <member '_context' of 'Handle' objects>
    └ <Handle Task.task_wakeup(<Future finished result=None>)>
  File "D:\__lybix__\DEVTools\miniconda3\envs\fams\Lib\site-packages\uvicorn\protocols\http\httptools_impl.py", line 422, in run_asgi
    result = await app(  # type: ignore[func-returns-value]
                   └ <uvicorn.middleware.proxy_headers.ProxyHeadersMiddleware object at 0x000001B3EB2DCF10>
  File "D:\__lybix__\DEVTools\miniconda3\envs\fams\Lib\site-packages\uvicorn\middleware\proxy_headers.py", line 63, in __call__
    return await self.app(scope, receive, send)
                 │    │   │      │        └ <bound method RequestResponseCycle.send of <uvicorn.protocols.http.httptools_impl.RequestResponseCycle object at 0x000001B3EB...
                 │    │   │      └ <bound method RequestResponseCycle.receive of <uvicorn.protocols.http.httptools_impl.RequestResponseCycle object at 0x000001B...
                 │    │   └ {'type': 'http', 'asgi': {'version': '3.0', 'spec_version': '2.3'}, 'http_version': '1.1', 'server': ('127.0.0.1', 9900), 'cl...
                 │    └ <fastapi.applications.FastAPI object at 0x000001B3EB4F1390>
                 └ <uvicorn.middleware.proxy_headers.ProxyHeadersMiddleware object at 0x000001B3EB2DCF10>
  File "D:\__lybix__\DEVTools\miniconda3\envs\fams\Lib\site-packages\fastapi\applications.py", line 1163, in __call__
    await super().__call__(scope, receive, send)
                           │      │        └ <bound method RequestResponseCycle.send of <uvicorn.protocols.http.httptools_impl.RequestResponseCycle object at 0x000001B3EB...
                           │      └ <bound method RequestResponseCycle.receive of <uvicorn.protocols.http.httptools_impl.RequestResponseCycle object at 0x000001B...
                           └ {'type': 'http', 'asgi': {'version': '3.0', 'spec_version': '2.3'}, 'http_version': '1.1', 'server': ('127.0.0.1', 9900), 'cl...
  File "D:\__lybix__\DEVTools\miniconda3\envs\fams\Lib\site-packages\starlette\applications.py", line 90, in __call__
    await self.middleware_stack(scope, receive, send)
          │    │                │      │        └ <bound method RequestResponseCycle.send of <uvicorn.protocols.http.httptools_impl.RequestResponseCycle object at 0x000001B3EB...
          │    │                │      └ <bound method RequestResponseCycle.receive of <uvicorn.protocols.http.httptools_impl.RequestResponseCycle object at 0x000001B...
          │    │                └ {'type': 'http', 'asgi': {'version': '3.0', 'spec_version': '2.3'}, 'http_version': '1.1', 'server': ('127.0.0.1', 9900), 'cl...
          │    └ <starlette.middleware.errors.ServerErrorMiddleware object at 0x000001B3EB4FFCD0>
          └ <fastapi.applications.FastAPI object at 0x000001B3EB4F1390>
> File "D:\__lybix__\DEVTools\miniconda3\envs\fams\Lib\site-packages\starlette\middleware\errors.py", line 164, in __call__
    await self.app(scope, receive, _send)
          │    │   │      │        └ <function ServerErrorMiddleware.__call__.<locals>._send at 0x000001B3EB86B920>
          │    │   │      └ <bound method RequestResponseCycle.receive of <uvicorn.protocols.http.httptools_impl.RequestResponseCycle object at 0x000001B...
          │    │   └ {'type': 'http', 'asgi': {'version': '3.0', 'spec_version': '2.3'}, 'http_version': '1.1', 'server': ('127.0.0.1', 9900), 'cl...
          │    └ <starlette.middleware.base.BaseHTTPMiddleware object at 0x000001B3EAF97190>
          └ <starlette.middleware.errors.ServerErrorMiddleware object at 0x000001B3EB4FFCD0>
  File "D:\__lybix__\DEVTools\miniconda3\envs\fams\Lib\contextlib.py", line 222, in __aexit__
    await self.gen.athrow(typ, value, traceback)
          │    │   │      │    │      └ <traceback object at 0x000001B3EB87E240>
          │    │   │      │    └ InternalError('(pymysql.err.InternalError) (1292, "Incorrect datetime value: \'2026-07-10T12:27:37.000Z\' for column \'start_...
          │    │   │      └ <class 'sqlalchemy.exc.InternalError'>
          │    │   └ <method 'athrow' of 'async_generator' objects>
          │    └ <async_generator object create_collapsing_task_group at 0x000001B3EB569E40>
          └ <contextlib._AsyncGeneratorContextManager object at 0x000001B3EB8CD990>
  File "D:\__lybix__\DEVTools\miniconda3\envs\fams\Lib\site-packages\starlette\_utils.py", line 93, in create_collapsing_task_group
    raise exc from exc.__cause__ or context
          │        │   │            └ None
          │        │   └ <attribute '__cause__' of 'BaseException' objects>
          │        └ InternalError('(pymysql.err.InternalError) (1292, "Incorrect datetime value: \'2026-07-10T12:27:37.000Z\' for column \'start_...
          └ InternalError('(pymysql.err.InternalError) (1292, "Incorrect datetime value: \'2026-07-10T12:27:37.000Z\' for column \'start_...
  File "D:\__lybix__\DEVTools\miniconda3\envs\fams\Lib\site-packages\starlette\_utils.py", line 86, in create_collapsing_task_group
    yield tg
          └ <anyio._backends._asyncio.TaskGroup object at 0x000001B3EB8CCC50>
  File "D:\__lybix__\DEVTools\miniconda3\envs\fams\Lib\site-packages\starlette\middleware\base.py", line 193, in __call__
    response = await self.dispatch_func(request, call_next)
                     │    │             │        └ <function BaseHTTPMiddleware.__call__.<locals>.call_next at 0x000001B3EB86BC40>
                     │    │             └ <starlette.middleware.base._CachedRequest object at 0x000001B3EB8CC9D0>
                     │    └ <function log_requests at 0x000001B3EB4D9620>
                     └ <starlette.middleware.base.BaseHTTPMiddleware object at 0x000001B3EAF97190>

  File "D:\__lybix__\_Codes\FAMS-NEPU\platform\server\services\svr_gateway\main.py", line 42, in log_requests
    response = await call_next(request)
                     │         └ <starlette.middleware.base._CachedRequest object at 0x000001B3EB8CC9D0>
                     └ <function BaseHTTPMiddleware.__call__.<locals>.call_next at 0x000001B3EB86BC40>

  File "D:\__lybix__\DEVTools\miniconda3\envs\fams\Lib\site-packages\starlette\middleware\base.py", line 168, in call_next
    raise app_exc from app_exc.__cause__ or app_exc.__context__
          │            │       │            │       └ <attribute '__context__' of 'BaseException' objects>
          │            │       │            └ InternalError('(pymysql.err.InternalError) (1292, "Incorrect datetime value: \'2026-07-10T12:27:37.000Z\' for column \'start_...
          │            │       └ <attribute '__cause__' of 'BaseException' objects>
          │            └ InternalError('(pymysql.err.InternalError) (1292, "Incorrect datetime value: \'2026-07-10T12:27:37.000Z\' for column \'start_...
          └ InternalError('(pymysql.err.InternalError) (1292, "Incorrect datetime value: \'2026-07-10T12:27:37.000Z\' for column \'start_...
  File "D:\__lybix__\DEVTools\miniconda3\envs\fams\Lib\site-packages\starlette\middleware\base.py", line 144, in coro
    await self.app(scope, receive_or_disconnect, send_no_error)
          │    │   │      │                      └ <function BaseHTTPMiddleware.__call__.<locals>.call_next.<locals>.send_no_error at 0x000001B3EB86B9C0>
          │    │   │      └ <function BaseHTTPMiddleware.__call__.<locals>.call_next.<locals>.receive_or_disconnect at 0x000001B3EB86BE20>
          │    │   └ {'type': 'http', 'asgi': {'version': '3.0', 'spec_version': '2.3'}, 'http_version': '1.1', 'server': ('127.0.0.1', 9900), 'cl...
          │    └ <starlette.middleware.cors.CORSMiddleware object at 0x000001B3EB42B650>
          └ <starlette.middleware.base.BaseHTTPMiddleware object at 0x000001B3EAF97190>
  File "D:\__lybix__\DEVTools\miniconda3\envs\fams\Lib\site-packages\starlette\middleware\cors.py", line 96, in __call__
    await self.simple_response(scope, receive, send, request_headers=headers)
          │    │               │      │        │                     └ Headers({'host': '127.0.0.1:9900', 'connection': 'close', 'content-length': '167', 'sec-ch-ua-platform': '"Windows"', 'author...
          │    │               │      │        └ <function BaseHTTPMiddleware.__call__.<locals>.call_next.<locals>.send_no_error at 0x000001B3EB86B9C0>
          │    │               │      └ <function BaseHTTPMiddleware.__call__.<locals>.call_next.<locals>.receive_or_disconnect at 0x000001B3EB86BE20>
          │    │               └ {'type': 'http', 'asgi': {'version': '3.0', 'spec_version': '2.3'}, 'http_version': '1.1', 'server': ('127.0.0.1', 9900), 'cl...
          │    └ <function CORSMiddleware.simple_response at 0x000001B3E95AD080>
          └ <starlette.middleware.cors.CORSMiddleware object at 0x000001B3EB42B650>
  File "D:\__lybix__\DEVTools\miniconda3\envs\fams\Lib\site-packages\starlette\middleware\cors.py", line 154, in simple_response
    await self.app(scope, receive, send)
          │    │   │      │        └ functools.partial(<bound method CORSMiddleware.send of <starlette.middleware.cors.CORSMiddleware object at 0x000001B3EB42B650...
          │    │   │      └ <function BaseHTTPMiddleware.__call__.<locals>.call_next.<locals>.receive_or_disconnect at 0x000001B3EB86BE20>
          │    │   └ {'type': 'http', 'asgi': {'version': '3.0', 'spec_version': '2.3'}, 'http_version': '1.1', 'server': ('127.0.0.1', 9900), 'cl...
          │    └ <starlette.middleware.exceptions.ExceptionMiddleware object at 0x000001B3EB575450>
          └ <starlette.middleware.cors.CORSMiddleware object at 0x000001B3EB42B650>
  File "D:\__lybix__\DEVTools\miniconda3\envs\fams\Lib\site-packages\starlette\middleware\exceptions.py", line 63, in __call__
    await wrap_app_handling_exceptions(self.app, conn)(scope, receive, send)
          │                            │    │    │     │      │        └ functools.partial(<bound method CORSMiddleware.send of <starlette.middleware.cors.CORSMiddleware object at 0x000001B3EB42B650...
          │                            │    │    │     │      └ <function BaseHTTPMiddleware.__call__.<locals>.call_next.<locals>.receive_or_disconnect at 0x000001B3EB86BE20>
          │                            │    │    │     └ {'type': 'http', 'asgi': {'version': '3.0', 'spec_version': '2.3'}, 'http_version': '1.1', 'server': ('127.0.0.1', 9900), 'cl...
          │                            │    │    └ <starlette.requests.Request object at 0x000001B3EB9429D0>
          │                            │    └ <fastapi.middleware.asyncexitstack.AsyncExitStackMiddleware object at 0x000001B3EB575410>
          │                            └ <starlette.middleware.exceptions.ExceptionMiddleware object at 0x000001B3EB575450>
          └ <function wrap_app_handling_exceptions at 0x000001B3E94AF100>
  File "D:\__lybix__\DEVTools\miniconda3\envs\fams\Lib\site-packages\starlette\_exception_handler.py", line 53, in wrapped_app
    raise exc
  File "D:\__lybix__\DEVTools\miniconda3\envs\fams\Lib\site-packages\starlette\_exception_handler.py", line 42, in wrapped_app
    await app(scope, receive, sender)
          │   │      │        └ <function wrap_app_handling_exceptions.<locals>.wrapped_app.<locals>.sender at 0x000001B3EB86B560>
          │   │      └ <function BaseHTTPMiddleware.__call__.<locals>.call_next.<locals>.receive_or_disconnect at 0x000001B3EB86BE20>
          │   └ {'type': 'http', 'asgi': {'version': '3.0', 'spec_version': '2.3'}, 'http_version': '1.1', 'server': ('127.0.0.1', 9900), 'cl...
          └ <fastapi.middleware.asyncexitstack.AsyncExitStackMiddleware object at 0x000001B3EB575410>
  File "D:\__lybix__\DEVTools\miniconda3\envs\fams\Lib\site-packages\fastapi\middleware\asyncexitstack.py", line 18, in __call__
    await self.app(scope, receive, send)
          │    │   │      │        └ <function wrap_app_handling_exceptions.<locals>.wrapped_app.<locals>.sender at 0x000001B3EB86B560>
          │    │   │      └ <function BaseHTTPMiddleware.__call__.<locals>.call_next.<locals>.receive_or_disconnect at 0x000001B3EB86BE20>
          │    │   └ {'type': 'http', 'asgi': {'version': '3.0', 'spec_version': '2.3'}, 'http_version': '1.1', 'server': ('127.0.0.1', 9900), 'cl...
          │    └ <fastapi.routing.APIRouter object at 0x000001B3EB4F2290>
          └ <fastapi.middleware.asyncexitstack.AsyncExitStackMiddleware object at 0x000001B3EB575410>
  File "D:\__lybix__\DEVTools\miniconda3\envs\fams\Lib\site-packages\starlette\routing.py", line 660, in __call__
    await self.middleware_stack(scope, receive, send)
          │    │                │      │        └ <function wrap_app_handling_exceptions.<locals>.wrapped_app.<locals>.sender at 0x000001B3EB86B560>
          │    │                │      └ <function BaseHTTPMiddleware.__call__.<locals>.call_next.<locals>.receive_or_disconnect at 0x000001B3EB86BE20>
          │    │                └ {'type': 'http', 'asgi': {'version': '3.0', 'spec_version': '2.3'}, 'http_version': '1.1', 'server': ('127.0.0.1', 9900), 'cl...
          │    └ <bound method APIRouter.app of <fastapi.routing.APIRouter object at 0x000001B3EB4F2290>>
          └ <fastapi.routing.APIRouter object at 0x000001B3EB4F2290>
  File "D:\__lybix__\DEVTools\miniconda3\envs\fams\Lib\site-packages\fastapi\routing.py", line 2683, in app
    await route.handle(scope, receive, send)
          │     │      │      │        └ <function wrap_app_handling_exceptions.<locals>.wrapped_app.<locals>.sender at 0x000001B3EB86B560>
          │     │      │      └ <function BaseHTTPMiddleware.__call__.<locals>.call_next.<locals>.receive_or_disconnect at 0x000001B3EB86BE20>
          │     │      └ {'type': 'http', 'asgi': {'version': '3.0', 'spec_version': '2.3'}, 'http_version': '1.1', 'server': ('127.0.0.1', 9900), 'cl...
          │     └ <function _IncludedRouter.handle at 0x000001B3E94EDBC0>
          └ _IncludedRouter(original_router=<fastapi.routing.APIRouter object at 0x000001B3E5C94490>, include_context=_RouterIncludeConte...
  File "D:\__lybix__\DEVTools\miniconda3\envs\fams\Lib\site-packages\fastapi\routing.py", line 1753, in handle
    await self.original_router.handle(scope, receive, send)
          │    │               │      │      │        └ <function wrap_app_handling_exceptions.<locals>.wrapped_app.<locals>.sender at 0x000001B3EB86B560>
          │    │               │      │      └ <function BaseHTTPMiddleware.__call__.<locals>.call_next.<locals>.receive_or_disconnect at 0x000001B3EB86BE20>
          │    │               │      └ {'type': 'http', 'asgi': {'version': '3.0', 'spec_version': '2.3'}, 'http_version': '1.1', 'server': ('127.0.0.1', 9900), 'cl...
          │    │               └ <function APIRouter.handle at 0x000001B3E94EFBA0>
          │    └ <fastapi.routing.APIRouter object at 0x000001B3E5C94490>
          └ _IncludedRouter(original_router=<fastapi.routing.APIRouter object at 0x000001B3E5C94490>, include_context=_RouterIncludeConte...
  File "D:\__lybix__\DEVTools\miniconda3\envs\fams\Lib\site-packages\fastapi\routing.py", line 2738, in handle
    await included_router._handle_selected(scope, receive, send)
          │               │                │      │        └ <function wrap_app_handling_exceptions.<locals>.wrapped_app.<locals>.sender at 0x000001B3EB86B560>
          │               │                │      └ <function BaseHTTPMiddleware.__call__.<locals>.call_next.<locals>.receive_or_disconnect at 0x000001B3EB86BE20>
          │               │                └ {'type': 'http', 'asgi': {'version': '3.0', 'spec_version': '2.3'}, 'http_version': '1.1', 'server': ('127.0.0.1', 9900), 'cl...
          │               └ <function _IncludedRouter._handle_selected at 0x000001B3E94EDC60>
          └ _IncludedRouter(original_router=<fastapi.routing.APIRouter object at 0x000001B3E5C94490>, include_context=_RouterIncludeConte...
  File "D:\__lybix__\DEVTools\miniconda3\envs\fams\Lib\site-packages\fastapi\routing.py", line 1773, in _handle_selected
    await original_route.handle(scope, receive, send)
          │              │      │      │        └ <function wrap_app_handling_exceptions.<locals>.wrapped_app.<locals>.sender at 0x000001B3EB86B560>
          │              │      │      └ <function BaseHTTPMiddleware.__call__.<locals>.call_next.<locals>.receive_or_disconnect at 0x000001B3EB86BE20>
          │              │      └ {'type': 'http', 'asgi': {'version': '3.0', 'spec_version': '2.3'}, 'http_version': '1.1', 'server': ('127.0.0.1', 9900), 'cl...
          │              └ <function APIRoute.handle at 0x000001B3E94DBCE0>
          └ APIRoute(path='/api/check/task', name='create_check_task', methods=['POST'])
  File "D:\__lybix__\DEVTools\miniconda3\envs\fams\Lib\site-packages\fastapi\routing.py", line 1264, in handle
    await app(scope, receive, send)
          │   │      │        └ <function wrap_app_handling_exceptions.<locals>.wrapped_app.<locals>.sender at 0x000001B3EB86B560>
          │   │      └ <function BaseHTTPMiddleware.__call__.<locals>.call_next.<locals>.receive_or_disconnect at 0x000001B3EB86BE20>
          │   └ {'type': 'http', 'asgi': {'version': '3.0', 'spec_version': '2.3'}, 'http_version': '1.1', 'server': ('127.0.0.1', 9900), 'cl...
          └ <function request_response.<locals>.app at 0x000001B3EB86BD80>
  File "D:\__lybix__\DEVTools\miniconda3\envs\fams\Lib\site-packages\fastapi\routing.py", line 150, in app
    await wrap_app_handling_exceptions(app, request)(scope, receive, send)
          │                            │    │        │      │        └ <function wrap_app_handling_exceptions.<locals>.wrapped_app.<locals>.sender at 0x000001B3EB86B560>
          │                            │    │        │      └ <function BaseHTTPMiddleware.__call__.<locals>.call_next.<locals>.receive_or_disconnect at 0x000001B3EB86BE20>
          │                            │    │        └ {'type': 'http', 'asgi': {'version': '3.0', 'spec_version': '2.3'}, 'http_version': '1.1', 'server': ('127.0.0.1', 9900), 'cl...
          │                            │    └ <starlette.requests.Request object at 0x000001B3EB941950>
          │                            └ <function request_response.<locals>.app.<locals>.app at 0x000001B3EB86B740>
          └ <function wrap_app_handling_exceptions at 0x000001B3E94AF100>
  File "D:\__lybix__\DEVTools\miniconda3\envs\fams\Lib\site-packages\starlette\_exception_handler.py", line 53, in wrapped_app
    raise exc
  File "D:\__lybix__\DEVTools\miniconda3\envs\fams\Lib\site-packages\starlette\_exception_handler.py", line 42, in wrapped_app
    await app(scope, receive, sender)
          │   │      │        └ <function wrap_app_handling_exceptions.<locals>.wrapped_app.<locals>.sender at 0x000001B3EB822520>
          │   │      └ <function BaseHTTPMiddleware.__call__.<locals>.call_next.<locals>.receive_or_disconnect at 0x000001B3EB86BE20>
          │   └ {'type': 'http', 'asgi': {'version': '3.0', 'spec_version': '2.3'}, 'http_version': '1.1', 'server': ('127.0.0.1', 9900), 'cl...
          └ <function request_response.<locals>.app.<locals>.app at 0x000001B3EB86B740>
  File "D:\__lybix__\DEVTools\miniconda3\envs\fams\Lib\site-packages\fastapi\routing.py", line 136, in app
    response = await f(request)
                     │ └ <starlette.requests.Request object at 0x000001B3EB941950>
                     └ <function get_request_handler.<locals>.app at 0x000001B3EB86B4C0>
  File "D:\__lybix__\DEVTools\miniconda3\envs\fams\Lib\site-packages\fastapi\routing.py", line 690, in app
    raw_response = await run_endpoint_function(
                         └ <function run_endpoint_function at 0x000001B3E94DAF20>
  File "D:\__lybix__\DEVTools\miniconda3\envs\fams\Lib\site-packages\fastapi\routing.py", line 344, in run_endpoint_function
    return await dependant.call(**values)
                 │         │      └ {'_auth': {'user_id': 1, 'username': 'admin', 'dept_id': 1, 'role_keys': ['admin'], 'exp': 1783772840, 'iat': 1783686440}, 'c...
                 │         └ <function create_check_task at 0x000001B3EB4522A0>
                 └ Dependant(path_params=[], query_params=[], header_params=[], cookie_params=[], body_params=[ModelField(field_info=Body(Pydant...

  File "D:\__lybix__\_Codes\FAMS-NEPU\platform\server\services\svr_gateway\routes.py", line 887, in create_check_task
    result = logic.create_task(data)
             │     │           └ {'task_name': '测试任务', 'scope_type': 'DEPT', 'scope_dept_ids': '[2]', 'start_time': '2026-07-10T12:27:37.000Z', 'end_time': '2...
             │     └ <function CheckLogic.create_task at 0x000001B3EB22E200>
             └ <data.logic.check_logic.CheckLogic object at 0x000001B3EB8A4E90>

  File "D:\__lybix__\_Codes\FAMS-NEPU\platform\server\data\logic\check_logic.py", line 25, in create_task
    task_id = self.task_dao.insert_task(data)
              │    │        │           └ {'task_name': '测试任务', 'scope_type': 'DEPT', 'scope_dept_ids': '[2]', 'start_time': '2026-07-10T12:27:37.000Z', 'end_time': '2...
              │    │        └ <function CheckTaskDAO.insert_task at 0x000001B3EB22E2A0>
              │    └ <data.basic.check_dao.CheckTaskDAO object at 0x000001B3EB8A4910>
              └ <data.logic.check_logic.CheckLogic object at 0x000001B3EB8A4E90>

  File "D:\__lybix__\_Codes\FAMS-NEPU\platform\server\data\basic\check_dao.py", line 18, in insert_task
    return self._execute_insert(sql, task)
           │    │               │    └ {'task_name': '测试任务', 'scope_type': 'DEPT', 'scope_dept_ids': '[2]', 'start_time': '2026-07-10T12:27:37.000Z', 'end_time': '2...
           │    │               └ 'INSERT INTO check_task (task_name, scope_type, scope_dept_ids, start_time,\n                                         end_tim...
           │    └ <function BaseDAO._execute_insert at 0x000001B3EADDAF20>
           └ <data.basic.check_dao.CheckTaskDAO object at 0x000001B3EB8A4910>

  File "D:\__lybix__\_Codes\FAMS-NEPU\platform\server\data\basic\base_dao.py", line 65, in _execute_insert
    result = conn.execute(text(sql), params or {})
             │    │       │    │     └ {'task_name': '测试任务', 'scope_type': 'DEPT', 'scope_dept_ids': '[2]', 'start_time': '2026-07-10T12:27:37.000Z', 'end_time': '2...
             │    │       │    └ 'INSERT INTO check_task (task_name, scope_type, scope_dept_ids, start_time,\n                                         end_tim...
             │    │       └ <function text at 0x000001B3E9D87F60>
             │    └ <function Connection.execute at 0x000001B3EADCACA0>
             └ <sqlalchemy.engine.base.Connection object at 0x000001B3EB86D850>

  File "D:\__lybix__\DEVTools\miniconda3\envs\fams\Lib\site-packages\sqlalchemy\engine\base.py", line 1421, in execute
    return meth(
           └ <bound method ClauseElement._execute_on_connection of <sqlalchemy.sql.elements.TextClause object at 0x000001B3EB86ED10>>
  File "D:\__lybix__\DEVTools\miniconda3\envs\fams\Lib\site-packages\sqlalchemy\sql\elements.py", line 526, in _execute_on_connection
    return connection._execute_clauseelement(
           │          └ <function Connection._execute_clauseelement at 0x000001B3EADCAFC0>
           └ <sqlalchemy.engine.base.Connection object at 0x000001B3EB86D850>
  File "D:\__lybix__\DEVTools\miniconda3\envs\fams\Lib\site-packages\sqlalchemy\engine\base.py", line 1643, in _execute_clauseelement
    ret = self._execute_context(
          │    └ <function Connection._execute_context at 0x000001B3EADCB1A0>
          └ <sqlalchemy.engine.base.Connection object at 0x000001B3EB86D850>
  File "D:\__lybix__\DEVTools\miniconda3\envs\fams\Lib\site-packages\sqlalchemy\engine\base.py", line 1848, in _execute_context
    return self._exec_single_context(
           │    └ <function Connection._exec_single_context at 0x000001B3EADCB240>
           └ <sqlalchemy.engine.base.Connection object at 0x000001B3EB86D850>
  File "D:\__lybix__\DEVTools\miniconda3\envs\fams\Lib\site-packages\sqlalchemy\engine\base.py", line 1988, in _exec_single_context
    self._handle_dbapi_exception(
    │    └ <function Connection._handle_dbapi_exception at 0x000001B3EADCB4C0>
    └ <sqlalchemy.engine.base.Connection object at 0x000001B3EB86D850>
  File "D:\__lybix__\DEVTools\miniconda3\envs\fams\Lib\site-packages\sqlalchemy\engine\base.py", line 2365, in _handle_dbapi_exception
    raise sqlalchemy_exception.with_traceback(exc_info[2]) from e
          │                    │              │                 └ InternalError(1292, "Incorrect datetime value: '2026-07-10T12:27:37.000Z' for column 'start_time' at row 1")
          │                    │              └ (<class 'pymysql.err.InternalError'>, InternalError(1292, "Incorrect datetime value: '2026-07-10T12:27:37.000Z' for column 's...
          │                    └ <method 'with_traceback' of 'BaseException' objects>
          └ InternalError('(pymysql.err.InternalError) (1292, "Incorrect datetime value: \'2026-07-10T12:27:37.000Z\' for column \'start_...
  File "D:\__lybix__\DEVTools\miniconda3\envs\fams\Lib\site-packages\sqlalchemy\engine\base.py", line 1969, in _exec_single_context
    self.dialect.do_execute(
    │    │       └ <function DefaultDialect.do_execute at 0x000001B3EAE6EDE0>
    │    └ <sqlalchemy.dialects.mysql.pymysql.MySQLDialect_pymysql object at 0x000001B3EB8A47D0>
    └ <sqlalchemy.engine.base.Connection object at 0x000001B3EB86D850>
  File "D:\__lybix__\DEVTools\miniconda3\envs\fams\Lib\site-packages\sqlalchemy\engine\default.py", line 952, in do_execute
    cursor.execute(statement, parameters)
    │      │       │          └ {'task_name': '测试任务', 'scope_type': 'DEPT', 'scope_dept_ids': '[2]', 'start_time': '2026-07-10T12:27:37.000Z', 'end_time': '2...
    │      │       └ 'INSERT INTO check_task (task_name, scope_type, scope_dept_ids, start_time,\n                                         end_tim...
    │      └ <function Cursor.execute at 0x000001B3EB7C7E20>
    └ <pymysql.cursors.Cursor object at 0x000001B3EB903750>
  File "D:\__lybix__\DEVTools\miniconda3\envs\fams\Lib\site-packages\pymysql\cursors.py", line 170, in execute
    result = self._query(query)
             │    │      └ "INSERT INTO check_task (task_name, scope_type, scope_dept_ids, start_time,\n                                         end_tim...
             │    └ <function Cursor._query at 0x000001B3EB81C360>
             └ <pymysql.cursors.Cursor object at 0x000001B3EB903750>
  File "D:\__lybix__\DEVTools\miniconda3\envs\fams\Lib\site-packages\pymysql\cursors.py", line 328, in _query
    conn.query(q)
    │    │     └ "INSERT INTO check_task (task_name, scope_type, scope_dept_ids, start_time,\n                                         end_tim...
    │    └ <function Connection.query at 0x000001B3EB81FF60>
    └ <pymysql.connections.Connection object at 0x000001B3EB8A9F50>
  File "D:\__lybix__\DEVTools\miniconda3\envs\fams\Lib\site-packages\pymysql\connections.py", line 517, in query
    self._affected_rows = self._read_query_result(unbuffered=unbuffered)
    │    │                │    │                             └ False
    │    │                │    └ <function Connection._read_query_result at 0x000001B3EB820680>
    │    │                └ <pymysql.connections.Connection object at 0x000001B3EB8A9F50>
    │    └ 2
    └ <pymysql.connections.Connection object at 0x000001B3EB8A9F50>
  File "D:\__lybix__\DEVTools\miniconda3\envs\fams\Lib\site-packages\pymysql\connections.py", line 732, in _read_query_result
    result.read()
    │      └ <function MySQLResult.read at 0x000001B3EB820F40>
    └ <pymysql.connections.MySQLResult object at 0x000001B3EB903DD0>
  File "D:\__lybix__\DEVTools\miniconda3\envs\fams\Lib\site-packages\pymysql\connections.py", line 1075, in read
    first_packet = self.connection._read_packet()
                   │    └ None
                   └ <pymysql.connections.MySQLResult object at 0x000001B3EB903DD0>
  File "D:\__lybix__\DEVTools\miniconda3\envs\fams\Lib\site-packages\pymysql\connections.py", line 684, in _read_packet
    packet.check_error()
    │      └ <function MysqlPacket.check_error at 0x000001B3EB81E480>
    └ <pymysql.protocol.MysqlPacket object at 0x000001B3EB8E5E10>
  File "D:\__lybix__\DEVTools\miniconda3\envs\fams\Lib\site-packages\pymysql\protocol.py", line 220, in check_error
    err.raise_mysql_exception(self._data)
    │   │                     │    └ <member '_data' of 'MysqlPacket' objects>
    │   │                     └ <pymysql.protocol.MysqlPacket object at 0x000001B3EB8E5E10>
    │   └ <function raise_mysql_exception at 0x000001B3EB7C56C0>
    └ <module 'pymysql.err' from 'D:\\__lybix__\\DEVTools\\miniconda3\\envs\\fams\\Lib\\site-packages\\pymysql\\err.py'>
  File "D:\__lybix__\DEVTools\miniconda3\envs\fams\Lib\site-packages\pymysql\err.py", line 109, in raise_mysql_exception
    raise errorclass(errno, errval)
          │          │      └ "Incorrect datetime value: '2026-07-10T12:27:37.000Z' for column 'start_time' at row 1"
          │          └ 1292
          └ <class 'pymysql.err.InternalError'>

sqlalchemy.exc.InternalError: (pymysql.err.InternalError) (1292, "Incorrect datetime value: '2026-07-10T12:27:37.000Z' for column 'start_time' at row 1")
[SQL: INSERT INTO check_task (task_name, scope_type, scope_dept_ids, start_time,
                                         end_time, manager_id, checker_ids, status)
                 VALUES (%(task_name)s, %(scope_type)s, %(scope_dept_ids)s, %(start_time)s,
                         %(end_time)s, %(manager_id)s, %(checker_ids)s, %(status)s)]
[parameters: {'task_name': '测试任务', 'scope_type': 'DEPT', 'scope_dept_ids': '[2]', 'start_time': '2026-07-10T12:27:37.000Z', 'end_time': '2026-07-11T12:27:39.000Z', 'manager_id': 1, 'checker_ids': '[2, 5]', 'status': 'PENDING'}]
(Background on this error at: https://sqlalche.me/e/20/2j85)
2026-07-10 20:31:59.388 | INFO     | __main__:<module>:63 - Gateway starting on port 9900, PID=10100
2026-07-10 20:32:02.771 | INFO     | __main__:log_requests:44 - POST /api/check/task -> 200 (0.227s)
2026-07-10 20:32:02.818 | INFO     | __main__:log_requests:44 - GET /api/check/task/list -> 200 (0.015s)
2026-07-10 20:32:05.249 | INFO     | __main__:log_requests:44 - GET /api/check/sheet/3 -> 200 (0.032s)
2026-07-10 20:32:07.275 | INFO     | __main__:log_requests:44 - GET /api/dept/tree -> 200 (0.038s)
2026-07-10 20:32:07.329 | INFO     | __main__:log_requests:44 - GET /api/user/list -> 200 (0.090s)
2026-07-10 20:32:07.345 | INFO     | __main__:log_requests:44 - GET /api/check/task/list -> 200 (0.009s)
2026-07-10 20:32:08.937 | INFO     | __main__:log_requests:44 - GET /api/check/diff/3 -> 200 (0.003s)
2026-07-10 20:32:11.218 | INFO     | __main__:log_requests:44 - GET /api/dept/tree -> 200 (0.024s)
2026-07-10 20:32:11.218 | INFO     | __main__:log_requests:44 - GET /api/user/list -> 200 (0.024s)
2026-07-10 20:32:11.230 | INFO     | __main__:log_requests:44 - GET /api/check/task/list -> 200 (0.007s)
2026-07-10 20:32:12.379 | INFO     | __main__:log_requests:44 - GET /api/check/diff/3 -> 200 (0.002s)
2026-07-10 20:32:13.702 | INFO     | __main__:log_requests:44 - PUT /api/check/confirm -> 200 (0.071s)
2026-07-10 20:32:14.825 | INFO     | __main__:log_requests:44 - GET /api/user/list -> 200 (0.034s)
2026-07-10 20:32:14.825 | INFO     | __main__:log_requests:44 - GET /api/dept/tree -> 200 (0.035s)
2026-07-10 20:32:14.846 | INFO     | __main__:log_requests:44 - GET /api/check/task/list -> 200 (0.011s)
2026-07-10 20:32:15.676 | INFO     | __main__:log_requests:44 - GET /api/check/diff/3 -> 200 (0.001s)
2026-07-10 20:32:16.599 | INFO     | __main__:log_requests:44 - GET /api/user/list -> 200 (0.020s)
2026-07-10 20:32:16.599 | INFO     | __main__:log_requests:44 - GET /api/dept/tree -> 200 (0.021s)
2026-07-10 20:32:16.612 | INFO     | __main__:log_requests:44 - GET /api/check/task/list -> 200 (0.006s)
2026-07-10 20:32:26.694 | INFO     | __main__:log_requests:44 - POST /api/auth/login -> 200 (0.260s)
2026-07-10 20:32:26.719 | INFO     | __main__:log_requests:44 - GET /api/user/profile -> 200 (0.007s)
2026-07-10 20:32:26.805 | INFO     | __main__:log_requests:44 - GET /api/asset/status/list -> 200 (0.036s)
2026-07-10 20:32:26.863 | INFO     | __main__:log_requests:44 - GET /api/repair/list -> 200 (0.050s)
2026-07-10 20:32:27.048 | INFO     | __main__:log_requests:44 - GET /api/apply/pending -> 200 (0.188s)
2026-07-10 20:32:27.050 | INFO     | __main__:log_requests:44 - GET /api/report/asset -> 200 (0.235s)
2026-07-10 20:32:27.050 | INFO     | __main__:log_requests:44 - GET /api/report/dashboard -> 200 (0.234s)
2026-07-10 20:32:27.563 | INFO     | __main__:log_requests:44 - GET /api/user/list -> 200 (0.015s)
2026-07-10 20:32:27.564 | INFO     | __main__:log_requests:44 - GET /api/dept/tree -> 200 (0.016s)
2026-07-10 20:32:27.578 | INFO     | __main__:log_requests:44 - GET /api/check/task/list -> 200 (0.007s)
2026-07-10 20:32:30.531 | INFO     | __main__:log_requests:44 - GET /api/check/sheet/3 -> 200 (0.008s)
2026-07-10 20:32:34.876 | INFO     | __main__:log_requests:44 - POST /api/check/diff/analyze -> 200 (0.009s)
2026-07-10 20:32:36.163 | INFO     | __main__:log_requests:44 - GET /api/user/list -> 200 (0.016s)
2026-07-10 20:32:36.163 | INFO     | __main__:log_requests:44 - GET /api/dept/tree -> 200 (0.017s)
2026-07-10 20:32:36.177 | INFO     | __main__:log_requests:44 - GET /api/check/task/list -> 200 (0.008s)
2026-07-10 20:32:37.664 | INFO     | __main__:log_requests:44 - GET /api/check/diff/3 -> 200 (0.002s)
2026-07-10 20:32:38.530 | INFO     | __main__:log_requests:44 - GET /api/dept/tree -> 200 (0.016s)
2026-07-10 20:32:38.530 | INFO     | __main__:log_requests:44 - GET /api/user/list -> 200 (0.016s)
2026-07-10 20:32:38.555 | INFO     | __main__:log_requests:44 - GET /api/check/task/list -> 200 (0.009s)
2026-07-10 20:32:39.291 | INFO     | __main__:log_requests:44 - GET /api/check/diff/2 -> 200 (0.002s)
2026-07-10 20:32:40.119 | INFO     | __main__:log_requests:44 - GET /api/dept/tree -> 200 (0.006s)
2026-07-10 20:32:40.130 | INFO     | __main__:log_requests:44 - GET /api/user/list -> 200 (0.016s)
2026-07-10 20:32:40.142 | INFO     | __main__:log_requests:44 - GET /api/check/task/list -> 200 (0.006s)
2026-07-10 20:32:40.742 | INFO     | __main__:log_requests:44 - GET /api/check/sheet/2 -> 200 (0.010s)
2026-07-10 20:32:41.572 | INFO     | __main__:log_requests:44 - GET /api/user/list -> 200 (0.014s)
2026-07-10 20:32:41.573 | INFO     | __main__:log_requests:44 - GET /api/dept/tree -> 200 (0.015s)
2026-07-10 20:32:41.586 | INFO     | __main__:log_requests:44 - GET /api/check/task/list -> 200 (0.007s)
2026-07-10 20:32:59.426 | INFO     | __main__:log_requests:44 - POST /api/auth/login -> 200 (0.243s)
2026-07-10 20:32:59.442 | INFO     | __main__:log_requests:44 - GET /api/user/profile -> 200 (0.007s)
2026-07-10 20:32:59.494 | INFO     | __main__:log_requests:44 - GET /api/asset/status/list -> 200 (0.004s)
2026-07-10 20:32:59.537 | INFO     | __main__:log_requests:44 - GET /api/report/dashboard -> 403 (0.027s)
2026-07-10 20:32:59.537 | INFO     | __main__:log_requests:44 - GET /api/repair/list -> 200 (0.020s)
2026-07-10 20:32:59.539 | INFO     | __main__:log_requests:44 - GET /api/apply/pending -> 403 (0.019s)
2026-07-10 20:32:59.539 | INFO     | __main__:log_requests:44 - GET /api/report/asset -> 403 (0.027s)
2026-07-10 20:40:56.213 | INFO     | __main__:<module>:63 - Gateway starting on port 9900, PID=12700
2026-07-10 20:42:21.107 | INFO     | __main__:log_requests:44 - POST /api/auth/login -> 200 (0.455s)
2026-07-10 20:42:21.133 | INFO     | __main__:log_requests:44 - GET /api/user/profile -> 200 (0.016s)
2026-07-10 20:42:21.409 | INFO     | __main__:log_requests:44 - GET /api/asset/status/list -> 200 (0.052s)
2026-07-10 20:42:21.590 | INFO     | __main__:log_requests:44 - GET /api/report/dashboard -> 200 (0.173s)
2026-07-10 20:42:21.662 | INFO     | __main__:log_requests:44 - GET /api/repair/list -> 200 (0.239s)
2026-07-10 20:42:21.662 | INFO     | __main__:log_requests:44 - GET /api/apply/pending -> 200 (0.237s)
2026-07-10 20:42:21.664 | INFO     | __main__:log_requests:44 - GET /api/report/asset -> 200 (0.242s)
2026-07-10 20:42:22.419 | INFO     | __main__:log_requests:44 - GET /api/user/list -> 200 (0.019s)
2026-07-10 20:42:22.423 | INFO     | __main__:log_requests:44 - GET /api/dept/tree -> 200 (0.006s)
2026-07-10 20:42:22.436 | ERROR    | __main__:global_exception_handler:50 - Unhandled exception on GET /api/check/task/list
Traceback (most recent call last):

  File "D:\__lybix__\_Codes\FAMS-NEPU\platform\server\services\svr_gateway\main.py", line 64, in <module>
    uvicorn.run(app, host="0.0.0.0", port=gateway_config.HTTP_PORT)
    │       │   │                         │              └ 9900
    │       │   │                         └ <services.svr_gateway.config.GatewayConfig object at 0x000002048FDB74D0>
    │       │   └ <fastapi.applications.FastAPI object at 0x0000020491CE30D0>
    │       └ <function run at 0x000002048EB1FD80>
    └ <module 'uvicorn' from 'D:\\__lybix__\\DEVTools\\miniconda3\\envs\\fams\\Lib\\site-packages\\uvicorn\\__init__.py'>

  File "D:\__lybix__\DEVTools\miniconda3\envs\fams\Lib\site-packages\uvicorn\main.py", line 621, in run
    server.run()
    │      └ <function Server.run at 0x000002048ECB0860>
    └ <uvicorn.server.Server object at 0x0000020491712250>
  File "D:\__lybix__\DEVTools\miniconda3\envs\fams\Lib\site-packages\uvicorn\server.py", line 74, in run
    return asyncio_run(self.serve(sockets=sockets), loop_factory=self.config.get_loop_factory())
           │           │    │             │                      │    │      └ <function Config.get_loop_factory at 0x000002048EB1D1C0>
           │           │    │             │                      │    └ <uvicorn.config.Config object at 0x000002049178B390>
           │           │    │             │                      └ <uvicorn.server.Server object at 0x0000020491712250>
           │           │    │             └ None
           │           │    └ <function Server.serve at 0x000002048ECB0900>
           │           └ <uvicorn.server.Server object at 0x0000020491712250>
           └ <function asyncio_run at 0x000002048EA97740>
  File "D:\__lybix__\DEVTools\miniconda3\envs\fams\Lib\site-packages\uvicorn\_compat.py", line 30, in asyncio_run
    return runner.run(main)
           │      │   └ <coroutine object Server.serve at 0x0000020491B5FE20>
           │      └ <function Runner.run at 0x000002048E4EF560>
           └ <asyncio.runners.Runner object at 0x0000020491CE1F10>
  File "D:\__lybix__\DEVTools\miniconda3\envs\fams\Lib\asyncio\runners.py", line 118, in run
    return self._loop.run_until_complete(task)
           │    │     │                  └ <Task pending name='Task-1' coro=<Server.serve() running at D:\__lybix__\DEVTools\miniconda3\envs\fams\Lib\site-packages\uvic...
           │    │     └ <function BaseEventLoop.run_until_complete at 0x000002048E4ED120>
           │    └ <ProactorEventLoop running=True closed=False debug=False>
           └ <asyncio.runners.Runner object at 0x0000020491CE1F10>
  File "D:\__lybix__\DEVTools\miniconda3\envs\fams\Lib\asyncio\base_events.py", line 637, in run_until_complete
    self.run_forever()
    │    └ <function ProactorEventLoop.run_forever at 0x000002048E5C4860>
    └ <ProactorEventLoop running=True closed=False debug=False>
  File "D:\__lybix__\DEVTools\miniconda3\envs\fams\Lib\asyncio\windows_events.py", line 321, in run_forever
    super().run_forever()
  File "D:\__lybix__\DEVTools\miniconda3\envs\fams\Lib\asyncio\base_events.py", line 604, in run_forever
    self._run_once()
    │    └ <function BaseEventLoop._run_once at 0x000002048E4EEE80>
    └ <ProactorEventLoop running=True closed=False debug=False>
  File "D:\__lybix__\DEVTools\miniconda3\envs\fams\Lib\asyncio\base_events.py", line 1909, in _run_once
    handle._run()
    │      └ <function Handle._run at 0x000002048CE293A0>
    └ <Handle Task.task_wakeup(<Future finished result=None>)>
  File "D:\__lybix__\DEVTools\miniconda3\envs\fams\Lib\asyncio\events.py", line 80, in _run
    self._context.run(self._callback, *self._args)
    │    │            │    │           │    └ <member '_args' of 'Handle' objects>
    │    │            │    │           └ <Handle Task.task_wakeup(<Future finished result=None>)>
    │    │            │    └ <member '_callback' of 'Handle' objects>
    │    │            └ <Handle Task.task_wakeup(<Future finished result=None>)>
    │    └ <member '_context' of 'Handle' objects>
    └ <Handle Task.task_wakeup(<Future finished result=None>)>
  File "D:\__lybix__\DEVTools\miniconda3\envs\fams\Lib\site-packages\uvicorn\protocols\http\httptools_impl.py", line 422, in run_asgi
    result = await app(  # type: ignore[func-returns-value]
                   └ <uvicorn.middleware.proxy_headers.ProxyHeadersMiddleware object at 0x0000020491CECA90>
  File "D:\__lybix__\DEVTools\miniconda3\envs\fams\Lib\site-packages\uvicorn\middleware\proxy_headers.py", line 63, in __call__
    return await self.app(scope, receive, send)
                 │    │   │      │        └ <bound method RequestResponseCycle.send of <uvicorn.protocols.http.httptools_impl.RequestResponseCycle object at 0x0000020492...
                 │    │   │      └ <bound method RequestResponseCycle.receive of <uvicorn.protocols.http.httptools_impl.RequestResponseCycle object at 0x0000020...
                 │    │   └ {'type': 'http', 'asgi': {'version': '3.0', 'spec_version': '2.3'}, 'http_version': '1.1', 'server': ('127.0.0.1', 9900), 'cl...
                 │    └ <fastapi.applications.FastAPI object at 0x0000020491CE30D0>
                 └ <uvicorn.middleware.proxy_headers.ProxyHeadersMiddleware object at 0x0000020491CECA90>
  File "D:\__lybix__\DEVTools\miniconda3\envs\fams\Lib\site-packages\fastapi\applications.py", line 1163, in __call__
    await super().__call__(scope, receive, send)
                           │      │        └ <bound method RequestResponseCycle.send of <uvicorn.protocols.http.httptools_impl.RequestResponseCycle object at 0x0000020492...
                           │      └ <bound method RequestResponseCycle.receive of <uvicorn.protocols.http.httptools_impl.RequestResponseCycle object at 0x0000020...
                           └ {'type': 'http', 'asgi': {'version': '3.0', 'spec_version': '2.3'}, 'http_version': '1.1', 'server': ('127.0.0.1', 9900), 'cl...
  File "D:\__lybix__\DEVTools\miniconda3\envs\fams\Lib\site-packages\starlette\applications.py", line 90, in __call__
    await self.middleware_stack(scope, receive, send)
          │    │                │      │        └ <bound method RequestResponseCycle.send of <uvicorn.protocols.http.httptools_impl.RequestResponseCycle object at 0x0000020492...
          │    │                │      └ <bound method RequestResponseCycle.receive of <uvicorn.protocols.http.httptools_impl.RequestResponseCycle object at 0x0000020...
          │    │                └ {'type': 'http', 'asgi': {'version': '3.0', 'spec_version': '2.3'}, 'http_version': '1.1', 'server': ('127.0.0.1', 9900), 'cl...
          │    └ <starlette.middleware.errors.ServerErrorMiddleware object at 0x0000020491D6A150>
          └ <fastapi.applications.FastAPI object at 0x0000020491CE30D0>
> File "D:\__lybix__\DEVTools\miniconda3\envs\fams\Lib\site-packages\starlette\middleware\errors.py", line 164, in __call__
    await self.app(scope, receive, _send)
          │    │   │      │        └ <function ServerErrorMiddleware.__call__.<locals>._send at 0x0000020492045580>
          │    │   │      └ <bound method RequestResponseCycle.receive of <uvicorn.protocols.http.httptools_impl.RequestResponseCycle object at 0x0000020...
          │    │   └ {'type': 'http', 'asgi': {'version': '3.0', 'spec_version': '2.3'}, 'http_version': '1.1', 'server': ('127.0.0.1', 9900), 'cl...
          │    └ <starlette.middleware.base.BaseHTTPMiddleware object at 0x00000204917A0D90>
          └ <starlette.middleware.errors.ServerErrorMiddleware object at 0x0000020491D6A150>
  File "D:\__lybix__\DEVTools\miniconda3\envs\fams\Lib\contextlib.py", line 222, in __aexit__
    await self.gen.athrow(typ, value, traceback)
          │    │   │      │    │      └ <traceback object at 0x000002049205ABC0>
          │    │   │      │    └ AttributeError("'dict' object has no attribute 'roles'")
          │    │   │      └ <class 'AttributeError'>
          │    │   └ <method 'athrow' of 'async_generator' objects>
          │    └ <async_generator object create_collapsing_task_group at 0x0000020491D52240>
          └ <contextlib._AsyncGeneratorContextManager object at 0x0000020492093510>
  File "D:\__lybix__\DEVTools\miniconda3\envs\fams\Lib\site-packages\starlette\_utils.py", line 93, in create_collapsing_task_group
    raise exc from exc.__cause__ or context
          │        │   │            └ None
          │        │   └ <attribute '__cause__' of 'BaseException' objects>
          │        └ AttributeError("'dict' object has no attribute 'roles'")
          └ AttributeError("'dict' object has no attribute 'roles'")
  File "D:\__lybix__\DEVTools\miniconda3\envs\fams\Lib\site-packages\starlette\_utils.py", line 86, in create_collapsing_task_group
    yield tg
          └ <anyio._backends._asyncio.TaskGroup object at 0x0000020492093450>
  File "D:\__lybix__\DEVTools\miniconda3\envs\fams\Lib\site-packages\starlette\middleware\base.py", line 193, in __call__
    response = await self.dispatch_func(request, call_next)
                     │    │             │        └ <function BaseHTTPMiddleware.__call__.<locals>.call_next at 0x0000020492045940>
                     │    │             └ <starlette.middleware.base._CachedRequest object at 0x0000020492093DD0>
                     │    └ <function log_requests at 0x0000020491CD1A80>
                     └ <starlette.middleware.base.BaseHTTPMiddleware object at 0x00000204917A0D90>

  File "D:\__lybix__\_Codes\FAMS-NEPU\platform\server\services\svr_gateway\main.py", line 42, in log_requests
    response = await call_next(request)
                     │         └ <starlette.middleware.base._CachedRequest object at 0x0000020492093DD0>
                     └ <function BaseHTTPMiddleware.__call__.<locals>.call_next at 0x0000020492045940>

  File "D:\__lybix__\DEVTools\miniconda3\envs\fams\Lib\site-packages\starlette\middleware\base.py", line 168, in call_next
    raise app_exc from app_exc.__cause__ or app_exc.__context__
          │            │       │            │       └ <attribute '__context__' of 'BaseException' objects>
          │            │       │            └ AttributeError("'dict' object has no attribute 'roles'")
          │            │       └ <attribute '__cause__' of 'BaseException' objects>
          │            └ AttributeError("'dict' object has no attribute 'roles'")
          └ AttributeError("'dict' object has no attribute 'roles'")
  File "D:\__lybix__\DEVTools\miniconda3\envs\fams\Lib\site-packages\starlette\middleware\base.py", line 144, in coro
    await self.app(scope, receive_or_disconnect, send_no_error)
          │    │   │      │                      └ <function BaseHTTPMiddleware.__call__.<locals>.call_next.<locals>.send_no_error at 0x0000020492046200>
          │    │   │      └ <function BaseHTTPMiddleware.__call__.<locals>.call_next.<locals>.receive_or_disconnect at 0x0000020492044CC0>
          │    │   └ {'type': 'http', 'asgi': {'version': '3.0', 'spec_version': '2.3'}, 'http_version': '1.1', 'server': ('127.0.0.1', 9900), 'cl...
          │    └ <starlette.middleware.cors.CORSMiddleware object at 0x000002049179BF90>
          └ <starlette.middleware.base.BaseHTTPMiddleware object at 0x00000204917A0D90>
  File "D:\__lybix__\DEVTools\miniconda3\envs\fams\Lib\site-packages\starlette\middleware\cors.py", line 88, in __call__
    await self.app(scope, receive, send)
          │    │   │      │        └ <function BaseHTTPMiddleware.__call__.<locals>.call_next.<locals>.send_no_error at 0x0000020492046200>
          │    │   │      └ <function BaseHTTPMiddleware.__call__.<locals>.call_next.<locals>.receive_or_disconnect at 0x0000020492044CC0>
          │    │   └ {'type': 'http', 'asgi': {'version': '3.0', 'spec_version': '2.3'}, 'http_version': '1.1', 'server': ('127.0.0.1', 9900), 'cl...
          │    └ <starlette.middleware.exceptions.ExceptionMiddleware object at 0x000002049177F6D0>
          └ <starlette.middleware.cors.CORSMiddleware object at 0x000002049179BF90>
  File "D:\__lybix__\DEVTools\miniconda3\envs\fams\Lib\site-packages\starlette\middleware\exceptions.py", line 63, in __call__
    await wrap_app_handling_exceptions(self.app, conn)(scope, receive, send)
          │                            │    │    │     │      │        └ <function BaseHTTPMiddleware.__call__.<locals>.call_next.<locals>.send_no_error at 0x0000020492046200>
          │                            │    │    │     │      └ <function BaseHTTPMiddleware.__call__.<locals>.call_next.<locals>.receive_or_disconnect at 0x0000020492044CC0>
          │                            │    │    │     └ {'type': 'http', 'asgi': {'version': '3.0', 'spec_version': '2.3'}, 'http_version': '1.1', 'server': ('127.0.0.1', 9900), 'cl...
          │                            │    │    └ <starlette.requests.Request object at 0x0000020492093ED0>
          │                            │    └ <fastapi.middleware.asyncexitstack.AsyncExitStackMiddleware object at 0x0000020491D6A010>
          │                            └ <starlette.middleware.exceptions.ExceptionMiddleware object at 0x000002049177F6D0>
          └ <function wrap_app_handling_exceptions at 0x000002048FC9F100>
  File "D:\__lybix__\DEVTools\miniconda3\envs\fams\Lib\site-packages\starlette\_exception_handler.py", line 53, in wrapped_app
    raise exc
  File "D:\__lybix__\DEVTools\miniconda3\envs\fams\Lib\site-packages\starlette\_exception_handler.py", line 42, in wrapped_app
    await app(scope, receive, sender)
          │   │      │        └ <function wrap_app_handling_exceptions.<locals>.wrapped_app.<locals>.sender at 0x00000204920460C0>
          │   │      └ <function BaseHTTPMiddleware.__call__.<locals>.call_next.<locals>.receive_or_disconnect at 0x0000020492044CC0>
          │   └ {'type': 'http', 'asgi': {'version': '3.0', 'spec_version': '2.3'}, 'http_version': '1.1', 'server': ('127.0.0.1', 9900), 'cl...
          └ <fastapi.middleware.asyncexitstack.AsyncExitStackMiddleware object at 0x0000020491D6A010>
  File "D:\__lybix__\DEVTools\miniconda3\envs\fams\Lib\site-packages\fastapi\middleware\asyncexitstack.py", line 18, in __call__
    await self.app(scope, receive, send)
          │    │   │      │        └ <function wrap_app_handling_exceptions.<locals>.wrapped_app.<locals>.sender at 0x00000204920460C0>
          │    │   │      └ <function BaseHTTPMiddleware.__call__.<locals>.call_next.<locals>.receive_or_disconnect at 0x0000020492044CC0>
          │    │   └ {'type': 'http', 'asgi': {'version': '3.0', 'spec_version': '2.3'}, 'http_version': '1.1', 'server': ('127.0.0.1', 9900), 'cl...
          │    └ <fastapi.routing.APIRouter object at 0x0000020491CE2390>
          └ <fastapi.middleware.asyncexitstack.AsyncExitStackMiddleware object at 0x0000020491D6A010>
  File "D:\__lybix__\DEVTools\miniconda3\envs\fams\Lib\site-packages\starlette\routing.py", line 660, in __call__
    await self.middleware_stack(scope, receive, send)
          │    │                │      │        └ <function wrap_app_handling_exceptions.<locals>.wrapped_app.<locals>.sender at 0x00000204920460C0>
          │    │                │      └ <function BaseHTTPMiddleware.__call__.<locals>.call_next.<locals>.receive_or_disconnect at 0x0000020492044CC0>
          │    │                └ {'type': 'http', 'asgi': {'version': '3.0', 'spec_version': '2.3'}, 'http_version': '1.1', 'server': ('127.0.0.1', 9900), 'cl...
          │    └ <bound method APIRouter.app of <fastapi.routing.APIRouter object at 0x0000020491CE2390>>
          └ <fastapi.routing.APIRouter object at 0x0000020491CE2390>
  File "D:\__lybix__\DEVTools\miniconda3\envs\fams\Lib\site-packages\fastapi\routing.py", line 2683, in app
    await route.handle(scope, receive, send)
          │     │      │      │        └ <function wrap_app_handling_exceptions.<locals>.wrapped_app.<locals>.sender at 0x00000204920460C0>
          │     │      │      └ <function BaseHTTPMiddleware.__call__.<locals>.call_next.<locals>.receive_or_disconnect at 0x0000020492044CC0>
          │     │      └ {'type': 'http', 'asgi': {'version': '3.0', 'spec_version': '2.3'}, 'http_version': '1.1', 'server': ('127.0.0.1', 9900), 'cl...
          │     └ <function _IncludedRouter.handle at 0x000002048FCE1BC0>
          └ _IncludedRouter(original_router=<fastapi.routing.APIRouter object at 0x000002048FEC7E50>, include_context=_RouterIncludeConte...
  File "D:\__lybix__\DEVTools\miniconda3\envs\fams\Lib\site-packages\fastapi\routing.py", line 1753, in handle
    await self.original_router.handle(scope, receive, send)
          │    │               │      │      │        └ <function wrap_app_handling_exceptions.<locals>.wrapped_app.<locals>.sender at 0x00000204920460C0>
          │    │               │      │      └ <function BaseHTTPMiddleware.__call__.<locals>.call_next.<locals>.receive_or_disconnect at 0x0000020492044CC0>
          │    │               │      └ {'type': 'http', 'asgi': {'version': '3.0', 'spec_version': '2.3'}, 'http_version': '1.1', 'server': ('127.0.0.1', 9900), 'cl...
          │    │               └ <function APIRouter.handle at 0x000002048FCE3BA0>
          │    └ <fastapi.routing.APIRouter object at 0x000002048FEC7E50>
          └ _IncludedRouter(original_router=<fastapi.routing.APIRouter object at 0x000002048FEC7E50>, include_context=_RouterIncludeConte...
  File "D:\__lybix__\DEVTools\miniconda3\envs\fams\Lib\site-packages\fastapi\routing.py", line 2738, in handle
    await included_router._handle_selected(scope, receive, send)
          │               │                │      │        └ <function wrap_app_handling_exceptions.<locals>.wrapped_app.<locals>.sender at 0x00000204920460C0>
          │               │                │      └ <function BaseHTTPMiddleware.__call__.<locals>.call_next.<locals>.receive_or_disconnect at 0x0000020492044CC0>
          │               │                └ {'type': 'http', 'asgi': {'version': '3.0', 'spec_version': '2.3'}, 'http_version': '1.1', 'server': ('127.0.0.1', 9900), 'cl...
          │               └ <function _IncludedRouter._handle_selected at 0x000002048FCE1C60>
          └ _IncludedRouter(original_router=<fastapi.routing.APIRouter object at 0x000002048FEC7E50>, include_context=_RouterIncludeConte...
  File "D:\__lybix__\DEVTools\miniconda3\envs\fams\Lib\site-packages\fastapi\routing.py", line 1773, in _handle_selected
    await original_route.handle(scope, receive, send)
          │              │      │      │        └ <function wrap_app_handling_exceptions.<locals>.wrapped_app.<locals>.sender at 0x00000204920460C0>
          │              │      │      └ <function BaseHTTPMiddleware.__call__.<locals>.call_next.<locals>.receive_or_disconnect at 0x0000020492044CC0>
          │              │      └ {'type': 'http', 'asgi': {'version': '3.0', 'spec_version': '2.3'}, 'http_version': '1.1', 'server': ('127.0.0.1', 9900), 'cl...
          │              └ <function APIRoute.handle at 0x000002048FCCBCE0>
          └ APIRoute(path='/api/check/task/list', name='check_task_list', methods=['GET'])
  File "D:\__lybix__\DEVTools\miniconda3\envs\fams\Lib\site-packages\fastapi\routing.py", line 1264, in handle
    await app(scope, receive, send)
          │   │      │        └ <function wrap_app_handling_exceptions.<locals>.wrapped_app.<locals>.sender at 0x00000204920460C0>
          │   │      └ <function BaseHTTPMiddleware.__call__.<locals>.call_next.<locals>.receive_or_disconnect at 0x0000020492044CC0>
          │   └ {'type': 'http', 'asgi': {'version': '3.0', 'spec_version': '2.3'}, 'http_version': '1.1', 'server': ('127.0.0.1', 9900), 'cl...
          └ <function request_response.<locals>.app at 0x0000020492045620>
  File "D:\__lybix__\DEVTools\miniconda3\envs\fams\Lib\site-packages\fastapi\routing.py", line 150, in app
    await wrap_app_handling_exceptions(app, request)(scope, receive, send)
          │                            │    │        │      │        └ <function wrap_app_handling_exceptions.<locals>.wrapped_app.<locals>.sender at 0x00000204920460C0>
          │                            │    │        │      └ <function BaseHTTPMiddleware.__call__.<locals>.call_next.<locals>.receive_or_disconnect at 0x0000020492044CC0>
          │                            │    │        └ {'type': 'http', 'asgi': {'version': '3.0', 'spec_version': '2.3'}, 'http_version': '1.1', 'server': ('127.0.0.1', 9900), 'cl...
          │                            │    └ <starlette.requests.Request object at 0x00000204920488D0>
          │                            └ <function request_response.<locals>.app.<locals>.app at 0x0000020492046020>
          └ <function wrap_app_handling_exceptions at 0x000002048FC9F100>
  File "D:\__lybix__\DEVTools\miniconda3\envs\fams\Lib\site-packages\starlette\_exception_handler.py", line 53, in wrapped_app
    raise exc
  File "D:\__lybix__\DEVTools\miniconda3\envs\fams\Lib\site-packages\starlette\_exception_handler.py", line 42, in wrapped_app
    await app(scope, receive, sender)
          │   │      │        └ <function wrap_app_handling_exceptions.<locals>.wrapped_app.<locals>.sender at 0x0000020492045B20>
          │   │      └ <function BaseHTTPMiddleware.__call__.<locals>.call_next.<locals>.receive_or_disconnect at 0x0000020492044CC0>
          │   └ {'type': 'http', 'asgi': {'version': '3.0', 'spec_version': '2.3'}, 'http_version': '1.1', 'server': ('127.0.0.1', 9900), 'cl...
          └ <function request_response.<locals>.app.<locals>.app at 0x0000020492046020>
  File "D:\__lybix__\DEVTools\miniconda3\envs\fams\Lib\site-packages\fastapi\routing.py", line 136, in app
    response = await f(request)
                     │ └ <starlette.requests.Request object at 0x00000204920488D0>
                     └ <function get_request_handler.<locals>.app at 0x0000020492045800>
  File "D:\__lybix__\DEVTools\miniconda3\envs\fams\Lib\site-packages\fastapi\routing.py", line 690, in app
    raw_response = await run_endpoint_function(
                         └ <function run_endpoint_function at 0x000002048FCCAF20>
  File "D:\__lybix__\DEVTools\miniconda3\envs\fams\Lib\site-packages\fastapi\routing.py", line 344, in run_endpoint_function
    return await dependant.call(**values)
                 │         │      └ {'_auth': {'user_id': 2, 'username': 'cs_admin', 'dept_id': 2, 'role_keys': ['college_admin'], 'exp': 1783773741, 'iat': 1783...
                 │         └ <function check_task_list at 0x0000020491C46C00>
                 └ Dependant(path_params=[], query_params=[ModelField(field_info=Query(), name='status', mode='validation', config=None), ModelF...

  File "D:\__lybix__\_Codes\FAMS-NEPU\platform\server\services\svr_gateway\routes.py", line 916, in check_task_list
    items, total = logic.list_tasks(
                   │     └ <function CheckLogic.list_tasks at 0x0000020491A1EFC0>
                   └ <data.logic.check_logic.CheckLogic object at 0x0000020492084B50>

  File "D:\__lybix__\_Codes\FAMS-NEPU\platform\server\data\logic\check_logic.py", line 36, in list_tasks
    return self.task_dao.list_tasks(status, manager_id, dept_id, page_num, page_size, current_user)
           │    │        │          │       │           │        │         │          └ {'user_id': 2, 'username': 'cs_admin', 'dept_id': 2, 'role_keys': ['college_admin'], 'exp': 1783773741, 'iat': 1783687341}
           │    │        │          │       │           │        │         └ 100
           │    │        │          │       │           │        └ 1
           │    │        │          │       │           └ 2
           │    │        │          │       └ 0
           │    │        │          └ ''
           │    │        └ <function CheckTaskDAO.list_tasks at 0x0000020491A1E8E0>
           │    └ <data.basic.check_dao.CheckTaskDAO object at 0x0000020491ACA890>
           └ <data.logic.check_logic.CheckLogic object at 0x0000020492084B50>

  File "D:\__lybix__\_Codes\FAMS-NEPU\platform\server\data\basic\check_dao.py", line 115, in list_tasks
    user_roles = current_user.roles or []
                 └ {'user_id': 2, 'username': 'cs_admin', 'dept_id': 2, 'role_keys': ['college_admin'], 'exp': 1783773741, 'iat': 1783687341}

AttributeError: 'dict' object has no attribute 'roles'
2026-07-10 20:43:05.717 | INFO     | __main__:<module>:63 - Gateway starting on port 9900, PID=26892
2026-07-10 20:43:07.706 | INFO     | __main__:log_requests:44 - GET /api/user/list -> 200 (0.136s)
2026-07-10 20:43:07.706 | INFO     | __main__:log_requests:44 - GET /api/dept/tree -> 200 (0.199s)
2026-07-10 20:43:07.720 | ERROR    | __main__:global_exception_handler:50 - Unhandled exception on GET /api/check/task/list
Traceback (most recent call last):

  File "D:\__lybix__\_Codes\FAMS-NEPU\platform\server\services\svr_gateway\main.py", line 64, in <module>
    uvicorn.run(app, host="0.0.0.0", port=gateway_config.HTTP_PORT)
    │       │   │                         │              └ 9900
    │       │   │                         └ <services.svr_gateway.config.GatewayConfig object at 0x000002C2E6B58D50>
    │       │   └ <fastapi.applications.FastAPI object at 0x000002C2E8A8E110>
    │       └ <function run at 0x000002C2E58CFD80>
    └ <module 'uvicorn' from 'D:\\__lybix__\\DEVTools\\miniconda3\\envs\\fams\\Lib\\site-packages\\uvicorn\\__init__.py'>

  File "D:\__lybix__\DEVTools\miniconda3\envs\fams\Lib\site-packages\uvicorn\main.py", line 621, in run
    server.run()
    │      └ <function Server.run at 0x000002C2E5A60860>
    └ <uvicorn.server.Server object at 0x000002C2E58CACD0>
  File "D:\__lybix__\DEVTools\miniconda3\envs\fams\Lib\site-packages\uvicorn\server.py", line 74, in run
    return asyncio_run(self.serve(sockets=sockets), loop_factory=self.config.get_loop_factory())
           │           │    │             │                      │    │      └ <function Config.get_loop_factory at 0x000002C2E58CD1C0>
           │           │    │             │                      │    └ <uvicorn.config.Config object at 0x000002C2E852FDD0>
           │           │    │             │                      └ <uvicorn.server.Server object at 0x000002C2E58CACD0>
           │           │    │             └ None
           │           │    └ <function Server.serve at 0x000002C2E5A60900>
           │           └ <uvicorn.server.Server object at 0x000002C2E58CACD0>
           └ <function asyncio_run at 0x000002C2E5857740>
  File "D:\__lybix__\DEVTools\miniconda3\envs\fams\Lib\site-packages\uvicorn\_compat.py", line 30, in asyncio_run
    return runner.run(main)
           │      │   └ <coroutine object Server.serve at 0x000002C2E8AC0040>
           │      └ <function Runner.run at 0x000002C2E52AF560>
           └ <asyncio.runners.Runner object at 0x000002C2E8A08450>
  File "D:\__lybix__\DEVTools\miniconda3\envs\fams\Lib\asyncio\runners.py", line 118, in run
    return self._loop.run_until_complete(task)
           │    │     │                  └ <Task pending name='Task-1' coro=<Server.serve() running at D:\__lybix__\DEVTools\miniconda3\envs\fams\Lib\site-packages\uvic...
           │    │     └ <function BaseEventLoop.run_until_complete at 0x000002C2E52AD120>
           │    └ <ProactorEventLoop running=True closed=False debug=False>
           └ <asyncio.runners.Runner object at 0x000002C2E8A08450>
  File "D:\__lybix__\DEVTools\miniconda3\envs\fams\Lib\asyncio\base_events.py", line 637, in run_until_complete
    self.run_forever()
    │    └ <function ProactorEventLoop.run_forever at 0x000002C2E5384860>
    └ <ProactorEventLoop running=True closed=False debug=False>
  File "D:\__lybix__\DEVTools\miniconda3\envs\fams\Lib\asyncio\windows_events.py", line 321, in run_forever
    super().run_forever()
  File "D:\__lybix__\DEVTools\miniconda3\envs\fams\Lib\asyncio\base_events.py", line 604, in run_forever
    self._run_once()
    │    └ <function BaseEventLoop._run_once at 0x000002C2E52AEE80>
    └ <ProactorEventLoop running=True closed=False debug=False>
  File "D:\__lybix__\DEVTools\miniconda3\envs\fams\Lib\asyncio\base_events.py", line 1909, in _run_once
    handle._run()
    │      └ <function Handle._run at 0x000002C2E51E93A0>
    └ <Handle Task.task_wakeup(<Future finished result=None>)>
  File "D:\__lybix__\DEVTools\miniconda3\envs\fams\Lib\asyncio\events.py", line 80, in _run
    self._context.run(self._callback, *self._args)
    │    │            │    │           │    └ <member '_args' of 'Handle' objects>
    │    │            │    │           └ <Handle Task.task_wakeup(<Future finished result=None>)>
    │    │            │    └ <member '_callback' of 'Handle' objects>
    │    │            └ <Handle Task.task_wakeup(<Future finished result=None>)>
    │    └ <member '_context' of 'Handle' objects>
    └ <Handle Task.task_wakeup(<Future finished result=None>)>
  File "D:\__lybix__\DEVTools\miniconda3\envs\fams\Lib\site-packages\uvicorn\protocols\http\httptools_impl.py", line 422, in run_asgi
    result = await app(  # type: ignore[func-returns-value]
                   └ <uvicorn.middleware.proxy_headers.ProxyHeadersMiddleware object at 0x000002C2E8A94190>
  File "D:\__lybix__\DEVTools\miniconda3\envs\fams\Lib\site-packages\uvicorn\middleware\proxy_headers.py", line 63, in __call__
    return await self.app(scope, receive, send)
                 │    │   │      │        └ <bound method RequestResponseCycle.send of <uvicorn.protocols.http.httptools_impl.RequestResponseCycle object at 0x000002C2E8...
                 │    │   │      └ <bound method RequestResponseCycle.receive of <uvicorn.protocols.http.httptools_impl.RequestResponseCycle object at 0x000002C...
                 │    │   └ {'type': 'http', 'asgi': {'version': '3.0', 'spec_version': '2.3'}, 'http_version': '1.1', 'server': ('127.0.0.1', 9900), 'cl...
                 │    └ <fastapi.applications.FastAPI object at 0x000002C2E8A8E110>
                 └ <uvicorn.middleware.proxy_headers.ProxyHeadersMiddleware object at 0x000002C2E8A94190>
  File "D:\__lybix__\DEVTools\miniconda3\envs\fams\Lib\site-packages\fastapi\applications.py", line 1163, in __call__
    await super().__call__(scope, receive, send)
                           │      │        └ <bound method RequestResponseCycle.send of <uvicorn.protocols.http.httptools_impl.RequestResponseCycle object at 0x000002C2E8...
                           │      └ <bound method RequestResponseCycle.receive of <uvicorn.protocols.http.httptools_impl.RequestResponseCycle object at 0x000002C...
                           └ {'type': 'http', 'asgi': {'version': '3.0', 'spec_version': '2.3'}, 'http_version': '1.1', 'server': ('127.0.0.1', 9900), 'cl...
  File "D:\__lybix__\DEVTools\miniconda3\envs\fams\Lib\site-packages\starlette\applications.py", line 90, in __call__
    await self.middleware_stack(scope, receive, send)
          │    │                │      │        └ <bound method RequestResponseCycle.send of <uvicorn.protocols.http.httptools_impl.RequestResponseCycle object at 0x000002C2E8...
          │    │                │      └ <bound method RequestResponseCycle.receive of <uvicorn.protocols.http.httptools_impl.RequestResponseCycle object at 0x000002C...
          │    │                └ {'type': 'http', 'asgi': {'version': '3.0', 'spec_version': '2.3'}, 'http_version': '1.1', 'server': ('127.0.0.1', 9900), 'cl...
          │    └ <starlette.middleware.errors.ServerErrorMiddleware object at 0x000002C2E8A97CD0>
          └ <fastapi.applications.FastAPI object at 0x000002C2E8A8E110>
> File "D:\__lybix__\DEVTools\miniconda3\envs\fams\Lib\site-packages\starlette\middleware\errors.py", line 164, in __call__
    await self.app(scope, receive, _send)
          │    │   │      │        └ <function ServerErrorMiddleware.__call__.<locals>._send at 0x000002C2E8B27100>
          │    │   │      └ <bound method RequestResponseCycle.receive of <uvicorn.protocols.http.httptools_impl.RequestResponseCycle object at 0x000002C...
          │    │   └ {'type': 'http', 'asgi': {'version': '3.0', 'spec_version': '2.3'}, 'http_version': '1.1', 'server': ('127.0.0.1', 9900), 'cl...
          │    └ <starlette.middleware.base.BaseHTTPMiddleware object at 0x000002C2E853F550>
          └ <starlette.middleware.errors.ServerErrorMiddleware object at 0x000002C2E8A97CD0>
  File "D:\__lybix__\DEVTools\miniconda3\envs\fams\Lib\contextlib.py", line 222, in __aexit__
    await self.gen.athrow(typ, value, traceback)
          │    │   │      │    │      └ <traceback object at 0x000002C2E8E13180>
          │    │   │      │    └ KeyError('roles')
          │    │   │      └ <class 'KeyError'>
          │    │   └ <method 'athrow' of 'async_generator' objects>
          │    └ <async_generator object create_collapsing_task_group at 0x000002C2E8C53B40>
          └ <contextlib._AsyncGeneratorContextManager object at 0x000002C2E8B15FD0>
  File "D:\__lybix__\DEVTools\miniconda3\envs\fams\Lib\site-packages\starlette\_utils.py", line 93, in create_collapsing_task_group
    raise exc from exc.__cause__ or context
          │        │   │            └ None
          │        │   └ <attribute '__cause__' of 'BaseException' objects>
          │        └ KeyError('roles')
          └ KeyError('roles')
  File "D:\__lybix__\DEVTools\miniconda3\envs\fams\Lib\site-packages\starlette\_utils.py", line 86, in create_collapsing_task_group
    yield tg
          └ <anyio._backends._asyncio.TaskGroup object at 0x000002C2E8B16010>
  File "D:\__lybix__\DEVTools\miniconda3\envs\fams\Lib\site-packages\starlette\middleware\base.py", line 193, in __call__
    response = await self.dispatch_func(request, call_next)
                     │    │             │        └ <function BaseHTTPMiddleware.__call__.<locals>.call_next at 0x000002C2E8B271A0>
                     │    │             └ <starlette.middleware.base._CachedRequest object at 0x000002C2E89D5C90>
                     │    └ <function log_requests at 0x000002C2E8A796C0>
                     └ <starlette.middleware.base.BaseHTTPMiddleware object at 0x000002C2E853F550>

  File "D:\__lybix__\_Codes\FAMS-NEPU\platform\server\services\svr_gateway\main.py", line 42, in log_requests
    response = await call_next(request)
                     │         └ <starlette.middleware.base._CachedRequest object at 0x000002C2E89D5C90>
                     └ <function BaseHTTPMiddleware.__call__.<locals>.call_next at 0x000002C2E8B271A0>

  File "D:\__lybix__\DEVTools\miniconda3\envs\fams\Lib\site-packages\starlette\middleware\base.py", line 168, in call_next
    raise app_exc from app_exc.__cause__ or app_exc.__context__
          │            │       │            │       └ <attribute '__context__' of 'BaseException' objects>
          │            │       │            └ KeyError('roles')
          │            │       └ <attribute '__cause__' of 'BaseException' objects>
          │            └ KeyError('roles')
          └ KeyError('roles')
  File "D:\__lybix__\DEVTools\miniconda3\envs\fams\Lib\site-packages\starlette\middleware\base.py", line 144, in coro
    await self.app(scope, receive_or_disconnect, send_no_error)
          │    │   │      │                      └ <function BaseHTTPMiddleware.__call__.<locals>.call_next.<locals>.send_no_error at 0x000002C2E8B26E80>
          │    │   │      └ <function BaseHTTPMiddleware.__call__.<locals>.call_next.<locals>.receive_or_disconnect at 0x000002C2E8B27420>
          │    │   └ {'type': 'http', 'asgi': {'version': '3.0', 'spec_version': '2.3'}, 'http_version': '1.1', 'server': ('127.0.0.1', 9900), 'cl...
          │    └ <starlette.middleware.cors.CORSMiddleware object at 0x000002C2E8B15590>
          └ <starlette.middleware.base.BaseHTTPMiddleware object at 0x000002C2E853F550>
  File "D:\__lybix__\DEVTools\miniconda3\envs\fams\Lib\site-packages\starlette\middleware\cors.py", line 88, in __call__
    await self.app(scope, receive, send)
          │    │   │      │        └ <function BaseHTTPMiddleware.__call__.<locals>.call_next.<locals>.send_no_error at 0x000002C2E8B26E80>
          │    │   │      └ <function BaseHTTPMiddleware.__call__.<locals>.call_next.<locals>.receive_or_disconnect at 0x000002C2E8B27420>
          │    │   └ {'type': 'http', 'asgi': {'version': '3.0', 'spec_version': '2.3'}, 'http_version': '1.1', 'server': ('127.0.0.1', 9900), 'cl...
          │    └ <starlette.middleware.exceptions.ExceptionMiddleware object at 0x000002C2E8525C90>
          └ <starlette.middleware.cors.CORSMiddleware object at 0x000002C2E8B15590>
  File "D:\__lybix__\DEVTools\miniconda3\envs\fams\Lib\site-packages\starlette\middleware\exceptions.py", line 63, in __call__
    await wrap_app_handling_exceptions(self.app, conn)(scope, receive, send)
          │                            │    │    │     │      │        └ <function BaseHTTPMiddleware.__call__.<locals>.call_next.<locals>.send_no_error at 0x000002C2E8B26E80>
          │                            │    │    │     │      └ <function BaseHTTPMiddleware.__call__.<locals>.call_next.<locals>.receive_or_disconnect at 0x000002C2E8B27420>
          │                            │    │    │     └ {'type': 'http', 'asgi': {'version': '3.0', 'spec_version': '2.3'}, 'http_version': '1.1', 'server': ('127.0.0.1', 9900), 'cl...
          │                            │    │    └ <starlette.requests.Request object at 0x000002C2E8B17710>
          │                            │    └ <fastapi.middleware.asyncexitstack.AsyncExitStackMiddleware object at 0x000002C2E8527410>
          │                            └ <starlette.middleware.exceptions.ExceptionMiddleware object at 0x000002C2E8525C90>
          └ <function wrap_app_handling_exceptions at 0x000002C2E6A4F100>
  File "D:\__lybix__\DEVTools\miniconda3\envs\fams\Lib\site-packages\starlette\_exception_handler.py", line 53, in wrapped_app
    raise exc
  File "D:\__lybix__\DEVTools\miniconda3\envs\fams\Lib\site-packages\starlette\_exception_handler.py", line 42, in wrapped_app
    await app(scope, receive, sender)
          │   │      │        └ <function wrap_app_handling_exceptions.<locals>.wrapped_app.<locals>.sender at 0x000002C2E8BAB7E0>
          │   │      └ <function BaseHTTPMiddleware.__call__.<locals>.call_next.<locals>.receive_or_disconnect at 0x000002C2E8B27420>
          │   └ {'type': 'http', 'asgi': {'version': '3.0', 'spec_version': '2.3'}, 'http_version': '1.1', 'server': ('127.0.0.1', 9900), 'cl...
          └ <fastapi.middleware.asyncexitstack.AsyncExitStackMiddleware object at 0x000002C2E8527410>
  File "D:\__lybix__\DEVTools\miniconda3\envs\fams\Lib\site-packages\fastapi\middleware\asyncexitstack.py", line 18, in __call__
    await self.app(scope, receive, send)
          │    │   │      │        └ <function wrap_app_handling_exceptions.<locals>.wrapped_app.<locals>.sender at 0x000002C2E8BAB7E0>
          │    │   │      └ <function BaseHTTPMiddleware.__call__.<locals>.call_next.<locals>.receive_or_disconnect at 0x000002C2E8B27420>
          │    │   └ {'type': 'http', 'asgi': {'version': '3.0', 'spec_version': '2.3'}, 'http_version': '1.1', 'server': ('127.0.0.1', 9900), 'cl...
          │    └ <fastapi.routing.APIRouter object at 0x000002C2E8A8E2D0>
          └ <fastapi.middleware.asyncexitstack.AsyncExitStackMiddleware object at 0x000002C2E8527410>
  File "D:\__lybix__\DEVTools\miniconda3\envs\fams\Lib\site-packages\starlette\routing.py", line 660, in __call__
    await self.middleware_stack(scope, receive, send)
          │    │                │      │        └ <function wrap_app_handling_exceptions.<locals>.wrapped_app.<locals>.sender at 0x000002C2E8BAB7E0>
          │    │                │      └ <function BaseHTTPMiddleware.__call__.<locals>.call_next.<locals>.receive_or_disconnect at 0x000002C2E8B27420>
          │    │                └ {'type': 'http', 'asgi': {'version': '3.0', 'spec_version': '2.3'}, 'http_version': '1.1', 'server': ('127.0.0.1', 9900), 'cl...
          │    └ <bound method APIRouter.app of <fastapi.routing.APIRouter object at 0x000002C2E8A8E2D0>>
          └ <fastapi.routing.APIRouter object at 0x000002C2E8A8E2D0>
  File "D:\__lybix__\DEVTools\miniconda3\envs\fams\Lib\site-packages\fastapi\routing.py", line 2683, in app
    await route.handle(scope, receive, send)
          │     │      │      │        └ <function wrap_app_handling_exceptions.<locals>.wrapped_app.<locals>.sender at 0x000002C2E8BAB7E0>
          │     │      │      └ <function BaseHTTPMiddleware.__call__.<locals>.call_next.<locals>.receive_or_disconnect at 0x000002C2E8B27420>
          │     │      └ {'type': 'http', 'asgi': {'version': '3.0', 'spec_version': '2.3'}, 'http_version': '1.1', 'server': ('127.0.0.1', 9900), 'cl...
          │     └ <function _IncludedRouter.handle at 0x000002C2E6A91BC0>
          └ _IncludedRouter(original_router=<fastapi.routing.APIRouter object at 0x000002C2E3224490>, include_context=_RouterIncludeConte...
  File "D:\__lybix__\DEVTools\miniconda3\envs\fams\Lib\site-packages\fastapi\routing.py", line 1753, in handle
    await self.original_router.handle(scope, receive, send)
          │    │               │      │      │        └ <function wrap_app_handling_exceptions.<locals>.wrapped_app.<locals>.sender at 0x000002C2E8BAB7E0>
          │    │               │      │      └ <function BaseHTTPMiddleware.__call__.<locals>.call_next.<locals>.receive_or_disconnect at 0x000002C2E8B27420>
          │    │               │      └ {'type': 'http', 'asgi': {'version': '3.0', 'spec_version': '2.3'}, 'http_version': '1.1', 'server': ('127.0.0.1', 9900), 'cl...
          │    │               └ <function APIRouter.handle at 0x000002C2E6A93BA0>
          │    └ <fastapi.routing.APIRouter object at 0x000002C2E3224490>
          └ _IncludedRouter(original_router=<fastapi.routing.APIRouter object at 0x000002C2E3224490>, include_context=_RouterIncludeConte...
  File "D:\__lybix__\DEVTools\miniconda3\envs\fams\Lib\site-packages\fastapi\routing.py", line 2738, in handle
    await included_router._handle_selected(scope, receive, send)
          │               │                │      │        └ <function wrap_app_handling_exceptions.<locals>.wrapped_app.<locals>.sender at 0x000002C2E8BAB7E0>
          │               │                │      └ <function BaseHTTPMiddleware.__call__.<locals>.call_next.<locals>.receive_or_disconnect at 0x000002C2E8B27420>
          │               │                └ {'type': 'http', 'asgi': {'version': '3.0', 'spec_version': '2.3'}, 'http_version': '1.1', 'server': ('127.0.0.1', 9900), 'cl...
          │               └ <function _IncludedRouter._handle_selected at 0x000002C2E6A91C60>
          └ _IncludedRouter(original_router=<fastapi.routing.APIRouter object at 0x000002C2E3224490>, include_context=_RouterIncludeConte...
  File "D:\__lybix__\DEVTools\miniconda3\envs\fams\Lib\site-packages\fastapi\routing.py", line 1773, in _handle_selected
    await original_route.handle(scope, receive, send)
          │              │      │      │        └ <function wrap_app_handling_exceptions.<locals>.wrapped_app.<locals>.sender at 0x000002C2E8BAB7E0>
          │              │      │      └ <function BaseHTTPMiddleware.__call__.<locals>.call_next.<locals>.receive_or_disconnect at 0x000002C2E8B27420>
          │              │      └ {'type': 'http', 'asgi': {'version': '3.0', 'spec_version': '2.3'}, 'http_version': '1.1', 'server': ('127.0.0.1', 9900), 'cl...
          │              └ <function APIRoute.handle at 0x000002C2E6A7BCE0>
          └ APIRoute(path='/api/check/task/list', name='check_task_list', methods=['GET'])
  File "D:\__lybix__\DEVTools\miniconda3\envs\fams\Lib\site-packages\fastapi\routing.py", line 1264, in handle
    await app(scope, receive, send)
          │   │      │        └ <function wrap_app_handling_exceptions.<locals>.wrapped_app.<locals>.sender at 0x000002C2E8BAB7E0>
          │   │      └ <function BaseHTTPMiddleware.__call__.<locals>.call_next.<locals>.receive_or_disconnect at 0x000002C2E8B27420>
          │   └ {'type': 'http', 'asgi': {'version': '3.0', 'spec_version': '2.3'}, 'http_version': '1.1', 'server': ('127.0.0.1', 9900), 'cl...
          └ <function request_response.<locals>.app at 0x000002C2E8BA9760>
  File "D:\__lybix__\DEVTools\miniconda3\envs\fams\Lib\site-packages\fastapi\routing.py", line 150, in app
    await wrap_app_handling_exceptions(app, request)(scope, receive, send)
          │                            │    │        │      │        └ <function wrap_app_handling_exceptions.<locals>.wrapped_app.<locals>.sender at 0x000002C2E8BAB7E0>
          │                            │    │        │      └ <function BaseHTTPMiddleware.__call__.<locals>.call_next.<locals>.receive_or_disconnect at 0x000002C2E8B27420>
          │                            │    │        └ {'type': 'http', 'asgi': {'version': '3.0', 'spec_version': '2.3'}, 'http_version': '1.1', 'server': ('127.0.0.1', 9900), 'cl...
          │                            │    └ <starlette.requests.Request object at 0x000002C2E8B15ED0>
          │                            └ <function request_response.<locals>.app.<locals>.app at 0x000002C2E8BA98A0>
          └ <function wrap_app_handling_exceptions at 0x000002C2E6A4F100>
  File "D:\__lybix__\DEVTools\miniconda3\envs\fams\Lib\site-packages\starlette\_exception_handler.py", line 53, in wrapped_app
    raise exc
  File "D:\__lybix__\DEVTools\miniconda3\envs\fams\Lib\site-packages\starlette\_exception_handler.py", line 42, in wrapped_app
    await app(scope, receive, sender)
          │   │      │        └ <function wrap_app_handling_exceptions.<locals>.wrapped_app.<locals>.sender at 0x000002C2E8BA9A80>
          │   │      └ <function BaseHTTPMiddleware.__call__.<locals>.call_next.<locals>.receive_or_disconnect at 0x000002C2E8B27420>
          │   └ {'type': 'http', 'asgi': {'version': '3.0', 'spec_version': '2.3'}, 'http_version': '1.1', 'server': ('127.0.0.1', 9900), 'cl...
          └ <function request_response.<locals>.app.<locals>.app at 0x000002C2E8BA98A0>
  File "D:\__lybix__\DEVTools\miniconda3\envs\fams\Lib\site-packages\fastapi\routing.py", line 136, in app
    response = await f(request)
                     │ └ <starlette.requests.Request object at 0x000002C2E8B15ED0>
                     └ <function get_request_handler.<locals>.app at 0x000002C2E8BA96C0>
  File "D:\__lybix__\DEVTools\miniconda3\envs\fams\Lib\site-packages\fastapi\routing.py", line 690, in app
    raw_response = await run_endpoint_function(
                         └ <function run_endpoint_function at 0x000002C2E6A7AF20>
  File "D:\__lybix__\DEVTools\miniconda3\envs\fams\Lib\site-packages\fastapi\routing.py", line 344, in run_endpoint_function
    return await dependant.call(**values)
                 │         │      └ {'_auth': {'user_id': 2, 'username': 'cs_admin', 'dept_id': 2, 'role_keys': ['college_admin'], 'exp': 1783773741, 'iat': 1783...
                 │         └ <function check_task_list at 0x000002C2E89EE840>
                 └ Dependant(path_params=[], query_params=[ModelField(field_info=Query(), name='status', mode='validation', config=None), ModelF...

  File "D:\__lybix__\_Codes\FAMS-NEPU\platform\server\services\svr_gateway\routes.py", line 916, in check_task_list
    items, total = logic.list_tasks(
                   │     └ <function CheckLogic.list_tasks at 0x000002C2E87CAC00>
                   └ <data.logic.check_logic.CheckLogic object at 0x000002C2E8BD8990>

  File "D:\__lybix__\_Codes\FAMS-NEPU\platform\server\data\logic\check_logic.py", line 36, in list_tasks
    return self.task_dao.list_tasks(status, manager_id, dept_id, page_num, page_size, current_user)
           │    │        │          │       │           │        │         │          └ {'user_id': 2, 'username': 'cs_admin', 'dept_id': 2, 'role_keys': ['college_admin'], 'exp': 1783773741, 'iat': 1783687341}
           │    │        │          │       │           │        │         └ 100
           │    │        │          │       │           │        └ 1
           │    │        │          │       │           └ 2
           │    │        │          │       └ 0
           │    │        │          └ ''
           │    │        └ <function CheckTaskDAO.list_tasks at 0x000002C2E87CA520>
           │    └ <data.basic.check_dao.CheckTaskDAO object at 0x000002C2E8BD9350>
           └ <data.logic.check_logic.CheckLogic object at 0x000002C2E8BD8990>

  File "D:\__lybix__\_Codes\FAMS-NEPU\platform\server\data\basic\check_dao.py", line 115, in list_tasks
    user_roles = current_user["roles"] or []
                 └ {'user_id': 2, 'username': 'cs_admin', 'dept_id': 2, 'role_keys': ['college_admin'], 'exp': 1783773741, 'iat': 1783687341}

KeyError: 'roles'
2026-07-10 20:44:32.735 | INFO     | __main__:<module>:63 - Gateway starting on port 9900, PID=19440
2026-07-10 20:44:34.677 | INFO     | __main__:log_requests:44 - GET /api/user/list -> 200 (0.124s)
2026-07-10 20:44:34.678 | INFO     | __main__:log_requests:44 - GET /api/dept/tree -> 200 (0.206s)
2026-07-10 20:44:34.731 | INFO     | __main__:log_requests:44 - GET /api/check/task/list -> 200 (0.044s)
2026-07-10 20:44:40.890 | INFO     | __main__:log_requests:44 - GET /api/dept/tree -> 200 (0.022s)
2026-07-10 20:44:40.890 | INFO     | __main__:log_requests:44 - GET /api/user/list -> 200 (0.022s)
2026-07-10 20:44:40.905 | INFO     | __main__:log_requests:44 - GET /api/check/task/list -> 200 (0.007s)
2026-07-10 20:44:45.404 | INFO     | __main__:log_requests:44 - GET /api/user/profile -> 200 (0.010s)
2026-07-10 20:44:46.928 | INFO     | __main__:log_requests:44 - GET /api/dept/tree -> 200 (0.004s)
2026-07-10 20:44:46.943 | INFO     | __main__:log_requests:44 - GET /api/user/list -> 200 (0.015s)
2026-07-10 20:44:46.955 | INFO     | __main__:log_requests:44 - GET /api/check/task/list -> 200 (0.006s)
2026-07-10 20:44:50.527 | INFO     | __main__:log_requests:44 - GET /api/repair/list -> 200 (0.025s)
2026-07-10 20:44:52.511 | INFO     | __main__:log_requests:44 - GET /api/repair/list -> 200 (0.006s)
2026-07-10 20:44:53.458 | INFO     | __main__:log_requests:44 - GET /api/repair/list -> 200 (0.007s)
2026-07-10 20:44:54.203 | INFO     | __main__:log_requests:44 - GET /api/repair/6 -> 200 (0.026s)
2026-07-10 20:44:57.057 | INFO     | __main__:log_requests:44 - GET /api/repair/list -> 200 (0.007s)
2026-07-10 20:44:59.375 | INFO     | __main__:log_requests:44 - GET /api/repair/6 -> 200 (0.007s)
2026-07-10 20:45:05.212 | INFO     | __main__:log_requests:44 - GET /api/repair/list -> 200 (0.007s)
2026-07-10 20:45:05.987 | INFO     | __main__:log_requests:44 - GET /api/repair/6 -> 200 (0.008s)
2026-07-10 20:45:09.482 | INFO     | __main__:log_requests:44 - GET /api/repair/list -> 200 (0.006s)
2026-07-10 20:45:09.894 | INFO     | __main__:log_requests:44 - GET /api/repair/list -> 200 (0.007s)
2026-07-10 20:45:10.744 | INFO     | __main__:log_requests:44 - GET /api/dept/tree -> 200 (0.004s)
2026-07-10 20:45:10.763 | INFO     | __main__:log_requests:44 - GET /api/repair/list -> 200 (0.007s)
2026-07-10 20:45:12.340 | INFO     | __main__:log_requests:44 - GET /api/repair/list -> 200 (0.005s)
2026-07-10 20:45:12.704 | INFO     | __main__:log_requests:44 - GET /api/repair/list -> 200 (0.005s)
2026-07-10 20:45:12.984 | INFO     | __main__:log_requests:44 - GET /api/repair/list -> 200 (0.006s)
2026-07-10 20:45:14.873 | INFO     | __main__:log_requests:44 - GET /api/repair/list -> 200 (0.006s)
2026-07-10 20:45:15.585 | INFO     | __main__:log_requests:44 - GET /api/repair/1 -> 200 (0.006s)
2026-07-10 20:45:21.961 | INFO     | __main__:log_requests:44 - GET /api/apply/my -> 200 (0.039s)
2026-07-10 20:45:23.259 | INFO     | __main__:log_requests:44 - GET /api/apply/pending -> 200 (0.010s)
2026-07-10 20:45:24.199 | INFO     | __main__:log_requests:44 - GET /api/apply/approved -> 200 (0.009s)
2026-07-10 20:45:25.093 | INFO     | __main__:log_requests:44 - GET /api/apply/approved -> 200 (0.006s)
2026-07-10 20:45:25.460 | INFO     | __main__:log_requests:44 - GET /api/apply/approved -> 200 (0.005s)
2026-07-10 20:45:26.543 | INFO     | __main__:log_requests:44 - GET /api/asset/category/list -> 200 (0.030s)
2026-07-10 20:45:26.572 | INFO     | __main__:log_requests:44 - GET /api/asset/status/list -> 200 (0.021s)
2026-07-10 20:45:26.601 | INFO     | __main__:log_requests:44 - GET /api/asset/list -> 200 (0.016s)
2026-07-10 20:45:27.860 | INFO     | __main__:log_requests:44 - GET /api/asset/status/list -> 200 (0.003s)
2026-07-10 20:45:28.043 | INFO     | __main__:log_requests:44 - GET /api/report/asset -> 200 (0.164s)
2026-07-10 20:45:28.045 | INFO     | __main__:log_requests:44 - GET /api/report/dashboard -> 200 (0.163s)
2026-07-10 20:45:28.057 | INFO     | __main__:log_requests:44 - GET /api/apply/pending -> 200 (0.012s)
2026-07-10 20:45:28.057 | INFO     | __main__:log_requests:44 - GET /api/repair/list -> 200 (0.012s)
2026-07-10 20:45:52.206 | INFO     | __main__:log_requests:44 - POST /api/auth/login -> 200 (0.252s)
2026-07-10 20:45:52.219 | INFO     | __main__:log_requests:44 - GET /api/user/profile -> 200 (0.007s)
2026-07-10 20:45:52.268 | INFO     | __main__:log_requests:44 - GET /api/asset/status/list -> 200 (0.004s)
2026-07-10 20:45:52.317 | INFO     | __main__:log_requests:44 - GET /api/report/dashboard -> 403 (0.033s)
2026-07-10 20:45:52.318 | INFO     | __main__:log_requests:44 - GET /api/repair/list -> 200 (0.009s)
2026-07-10 20:45:52.318 | INFO     | __main__:log_requests:44 - GET /api/report/asset -> 403 (0.033s)
2026-07-10 20:45:52.318 | INFO     | __main__:log_requests:44 - GET /api/apply/pending -> 403 (0.010s)
2026-07-10 20:45:55.380 | INFO     | __main__:log_requests:44 - GET /api/apply/my -> 200 (0.006s)
2026-07-10 20:45:58.754 | INFO     | __main__:log_requests:44 - GET /api/apply/9 -> 200 (0.028s)
2026-07-10 20:46:01.444 | INFO     | __main__:log_requests:44 - GET /api/apply/my -> 200 (0.007s)
2026-07-10 20:46:02.442 | INFO     | __main__:log_requests:44 - GET /api/apply/10 -> 200 (0.006s)
2026-07-10 20:46:04.172 | INFO     | __main__:log_requests:44 - GET /api/apply/my -> 200 (0.006s)
2026-07-10 20:46:05.252 | INFO     | __main__:log_requests:44 - GET /api/apply/11 -> 200 (0.005s)
2026-07-10 20:46:11.136 | INFO     | __main__:log_requests:44 - GET /api/apply/my -> 200 (0.010s)
2026-07-10 20:46:23.149 | INFO     | __main__:log_requests:44 - POST /api/auth/login -> 200 (0.241s)
2026-07-10 20:46:23.160 | INFO     | __main__:log_requests:44 - GET /api/user/profile -> 200 (0.006s)
2026-07-10 20:46:23.196 | INFO     | __main__:log_requests:44 - GET /api/asset/status/list -> 200 (0.004s)
2026-07-10 20:46:23.229 | INFO     | __main__:log_requests:44 - GET /api/repair/list -> 200 (0.008s)
2026-07-10 20:46:23.229 | INFO     | __main__:log_requests:44 - GET /api/report/dashboard -> 403 (0.010s)
2026-07-10 20:46:23.230 | INFO     | __main__:log_requests:44 - GET /api/apply/pending -> 403 (0.008s)
2026-07-10 20:46:23.230 | INFO     | __main__:log_requests:44 - GET /api/report/asset -> 403 (0.011s)
2026-07-10 20:46:25.259 | INFO     | __main__:log_requests:44 - GET /api/apply/my -> 200 (0.005s)
2026-07-10 20:46:27.141 | INFO     | __main__:log_requests:44 - GET /api/repair/list -> 200 (0.007s)
2026-07-10 20:46:27.655 | INFO     | __main__:log_requests:44 - GET /api/repair/list -> 200 (0.005s)
2026-07-10 20:46:30.260 | INFO     | __main__:log_requests:44 - GET /api/repair/1 -> 200 (0.006s)
2026-07-10 20:46:39.032 | INFO     | __main__:log_requests:44 - POST /api/auth/login -> 200 (0.251s)
2026-07-10 20:46:39.045 | INFO     | __main__:log_requests:44 - GET /api/user/profile -> 200 (0.007s)
2026-07-10 20:46:39.087 | INFO     | __main__:log_requests:44 - GET /api/asset/status/list -> 200 (0.004s)
2026-07-10 20:46:39.172 | INFO     | __main__:log_requests:44 - GET /api/report/asset -> 200 (0.056s)
2026-07-10 20:46:39.172 | INFO     | __main__:log_requests:44 - GET /api/report/dashboard -> 200 (0.058s)
2026-07-10 20:46:39.173 | INFO     | __main__:log_requests:44 - GET /api/apply/pending -> 200 (0.052s)
2026-07-10 20:46:39.173 | INFO     | __main__:log_requests:44 - GET /api/repair/list -> 200 (0.053s)
2026-07-10 20:46:40.050 | INFO     | __main__:log_requests:44 - GET /api/user/list -> 200 (0.015s)
2026-07-10 20:46:40.050 | INFO     | __main__:log_requests:44 - GET /api/dept/tree -> 200 (0.016s)
2026-07-10 20:46:40.061 | INFO     | __main__:log_requests:44 - GET /api/check/task/list -> 200 (0.005s)
2026-07-10 20:46:46.093 | INFO     | __main__:log_requests:44 - POST /api/auth/login -> 200 (0.265s)
2026-07-10 20:46:46.103 | INFO     | __main__:log_requests:44 - GET /api/user/profile -> 200 (0.006s)
2026-07-10 20:46:46.141 | INFO     | __main__:log_requests:44 - GET /api/asset/status/list -> 200 (0.005s)
2026-07-10 20:46:46.243 | INFO     | __main__:log_requests:44 - GET /api/apply/pending -> 200 (0.086s)
2026-07-10 20:46:46.243 | INFO     | __main__:log_requests:44 - GET /api/repair/list -> 200 (0.087s)
2026-07-10 20:46:46.244 | INFO     | __main__:log_requests:44 - GET /api/report/dashboard -> 200 (0.093s)
2026-07-10 20:46:46.258 | INFO     | __main__:log_requests:44 - GET /api/report/asset -> 200 (0.103s)
2026-07-10 20:46:46.655 | INFO     | __main__:log_requests:44 - GET /api/user/list -> 200 (0.026s)
2026-07-10 20:46:46.656 | INFO     | __main__:log_requests:44 - GET /api/dept/tree -> 200 (0.027s)
2026-07-10 20:46:46.678 | INFO     | __main__:log_requests:44 - GET /api/check/task/list -> 200 (0.008s)
2026-07-10 20:46:47.728 | INFO     | __main__:log_requests:44 - GET /api/check/sheet/3 -> 200 (0.029s)
2026-07-10 20:51:22.167 | INFO     | __main__:log_requests:44 - GET /api/check/sheet/3 -> 200 (0.239s)
2026-07-10 20:51:25.132 | INFO     | __main__:log_requests:44 - GET /api/user/profile -> 200 (0.030s)
2026-07-10 20:51:26.610 | INFO     | __main__:log_requests:44 - GET /api/dept/tree -> 200 (0.044s)
2026-07-10 20:51:26.612 | INFO     | __main__:log_requests:44 - GET /api/user/list -> 200 (0.040s)
2026-07-10 20:51:26.637 | INFO     | __main__:log_requests:44 - GET /api/check/task/list -> 200 (0.017s)
2026-07-10 20:51:28.562 | INFO     | __main__:log_requests:44 - GET /api/check/sheet/3 -> 200 (0.007s)
2026-07-10 20:52:08.149 | INFO     | __main__:log_requests:44 - GET /api/check/sheet/3 -> 200 (0.011s)
2026-07-10 20:52:17.436 | INFO     | __main__:log_requests:44 - POST /api/check/diff/analyze -> 200 (0.015s)
2026-07-10 20:52:21.460 | INFO     | __main__:log_requests:44 - POST /api/check/diff/analyze -> 200 (0.007s)
2026-07-10 20:53:29.369 | INFO     | __main__:log_requests:44 - GET /api/asset/status/list -> 200 (0.017s)
2026-07-10 20:53:29.470 | INFO     | __main__:log_requests:44 - GET /api/report/dashboard -> 200 (0.090s)
2026-07-10 20:53:29.472 | INFO     | __main__:log_requests:44 - GET /api/repair/list -> 200 (0.085s)
2026-07-10 20:53:29.473 | INFO     | __main__:log_requests:44 - GET /api/apply/pending -> 200 (0.085s)
2026-07-10 20:53:29.516 | INFO     | __main__:log_requests:44 - GET /api/report/asset -> 200 (0.131s)
2026-07-10 20:53:30.580 | INFO     | __main__:log_requests:44 - GET /api/dept/tree -> 200 (0.007s)
2026-07-10 20:53:30.623 | INFO     | __main__:log_requests:44 - GET /api/user/list -> 200 (0.043s)
2026-07-10 20:53:30.647 | INFO     | __main__:log_requests:44 - GET /api/check/task/list -> 200 (0.009s)
2026-07-10 20:53:31.689 | INFO     | __main__:log_requests:44 - GET /api/check/sheet/3 -> 200 (0.006s)
2026-07-10 20:54:48.655 | INFO     | __main__:log_requests:44 - GET /api/check/sheet/3 -> 200 (0.015s)
2026-07-10 20:55:24.684 | INFO     | __main__:log_requests:44 - GET /api/check/sheet/3 -> 200 (0.010s)
2026-07-10 20:57:30.042 | INFO     | __main__:log_requests:44 - GET /api/check/sheet/3 -> 200 (0.006s)
2026-07-10 20:57:54.560 | INFO     | __main__:log_requests:44 - GET /api/check/sheet/3 -> 200 (0.008s)
2026-07-10 20:58:08.233 | INFO     | __main__:log_requests:44 - GET /api/check/sheet/3 -> 200 (0.009s)
2026-07-10 20:58:09.415 | INFO     | __main__:log_requests:44 - GET /api/dept/tree -> 200 (0.041s)
2026-07-10 20:58:09.415 | INFO     | __main__:log_requests:44 - GET /api/user/list -> 200 (0.041s)
2026-07-10 20:58:09.433 | INFO     | __main__:log_requests:44 - GET /api/check/task/list -> 200 (0.010s)
2026-07-10 20:58:10.981 | INFO     | __main__:log_requests:44 - GET /api/check/sheet/3 -> 200 (0.008s)
2026-07-10 21:01:35.458 | INFO     | __main__:log_requests:44 - GET /api/check/sheet/3 -> 200 (0.110s)
2026-07-10 21:01:37.976 | INFO     | __main__:log_requests:44 - GET /api/dept/tree -> 200 (0.045s)
2026-07-10 21:01:37.976 | INFO     | __main__:log_requests:44 - GET /api/user/list -> 200 (0.045s)
2026-07-10 21:01:37.998 | INFO     | __main__:log_requests:44 - GET /api/check/task/list -> 200 (0.012s)
2026-07-10 21:01:39.103 | INFO     | __main__:log_requests:44 - GET /api/check/sheet/3 -> 200 (0.007s)
2026-07-10 21:01:53.816 | INFO     | __main__:log_requests:44 - GET /api/dept/tree -> 200 (0.026s)
2026-07-10 21:01:53.816 | INFO     | __main__:log_requests:44 - GET /api/user/list -> 200 (0.025s)
2026-07-10 21:01:53.836 | INFO     | __main__:log_requests:44 - GET /api/check/task/list -> 200 (0.008s)
2026-07-10 21:05:49.674 | INFO     | __main__:log_requests:44 - GET /api/dept/tree -> 200 (0.094s)
2026-07-10 21:05:49.679 | INFO     | __main__:log_requests:44 - GET /api/user/list -> 200 (0.086s)
2026-07-10 21:05:49.705 | INFO     | __main__:log_requests:44 - GET /api/check/task/list -> 200 (0.017s)
2026-07-10 21:09:40.763 | INFO     | __main__:log_requests:44 - GET /api/dept/tree -> 200 (0.089s)
2026-07-10 21:09:40.767 | INFO     | __main__:log_requests:44 - GET /api/user/list -> 200 (0.084s)
2026-07-10 21:09:40.794 | INFO     | __main__:log_requests:44 - GET /api/check/task/list -> 200 (0.020s)
2026-07-10 21:09:47.370 | INFO     | __main__:log_requests:44 - GET /api/check/diff/3 -> 200 (0.012s)
2026-07-10 21:09:48.379 | INFO     | __main__:log_requests:44 - GET /api/dept/tree -> 200 (0.006s)
2026-07-10 21:09:48.402 | INFO     | __main__:log_requests:44 - GET /api/user/list -> 200 (0.022s)
2026-07-10 21:09:48.416 | INFO     | __main__:log_requests:44 - GET /api/check/task/list -> 200 (0.008s)
2026-07-10 21:13:21.559 | INFO     | __main__:log_requests:44 - GET /api/dept/tree -> 200 (0.130s)
2026-07-10 21:13:21.564 | INFO     | __main__:log_requests:44 - GET /api/user/list -> 200 (0.118s)
2026-07-10 21:13:21.601 | INFO     | __main__:log_requests:44 - GET /api/check/task/list -> 200 (0.027s)
2026-07-10 21:14:15.588 | INFO     | __main__:log_requests:44 - GET /api/dept/tree -> 200 (0.053s)
2026-07-10 21:14:15.589 | INFO     | __main__:log_requests:44 - GET /api/user/list -> 200 (0.053s)
2026-07-10 21:14:15.616 | INFO     | __main__:log_requests:44 - GET /api/check/task/list -> 200 (0.014s)
2026-07-10 21:15:48.606 | INFO     | __main__:log_requests:44 - GET /api/dept/tree -> 200 (0.145s)
2026-07-10 21:15:48.616 | INFO     | __main__:log_requests:44 - GET /api/user/list -> 200 (0.132s)
2026-07-10 21:15:48.662 | INFO     | __main__:log_requests:44 - GET /api/check/task/list -> 200 (0.033s)
2026-07-10 21:17:00.918 | INFO     | __main__:log_requests:44 - GET /api/dept/tree -> 200 (0.263s)
2026-07-10 21:17:00.933 | INFO     | __main__:log_requests:44 - GET /api/user/list -> 200 (0.239s)
2026-07-10 21:17:00.988 | INFO     | __main__:log_requests:44 - GET /api/check/task/list -> 200 (0.042s)
2026-07-10 21:18:31.828 | INFO     | __main__:log_requests:44 - GET /api/dept/tree -> 200 (0.074s)
2026-07-10 21:18:31.833 | INFO     | __main__:log_requests:44 - GET /api/user/list -> 200 (0.067s)
2026-07-10 21:18:31.859 | INFO     | __main__:log_requests:44 - GET /api/check/task/list -> 200 (0.016s)
2026-07-10 21:18:33.249 | INFO     | __main__:log_requests:44 - GET /api/check/sheet/3 -> 200 (0.020s)
2026-07-10 21:20:40.416 | INFO     | __main__:log_requests:44 - GET /api/user/list -> 200 (0.031s)
2026-07-10 21:20:40.417 | INFO     | __main__:log_requests:44 - GET /api/dept/tree -> 200 (0.031s)
2026-07-10 21:20:40.433 | INFO     | __main__:log_requests:44 - GET /api/check/task/list -> 200 (0.008s)
2026-07-10 21:20:41.377 | INFO     | __main__:log_requests:44 - GET /api/check/sheet/2 -> 200 (0.010s)
2026-07-10 21:21:08.538 | INFO     | __main__:log_requests:44 - GET /api/check/sheet/2 -> 200 (0.015s)
2026-07-10 21:21:09.828 | INFO     | __main__:log_requests:44 - GET /api/dept/tree -> 200 (0.048s)
2026-07-10 21:21:09.828 | INFO     | __main__:log_requests:44 - GET /api/user/list -> 200 (0.048s)
2026-07-10 21:21:09.848 | INFO     | __main__:log_requests:44 - GET /api/check/task/list -> 200 (0.012s)
2026-07-10 21:21:11.685 | INFO     | __main__:log_requests:44 - GET /api/check/sheet/3 -> 200 (0.008s)
2026-07-10 21:22:20.028 | INFO     | __main__:log_requests:44 - GET /api/check/sheet/3 -> 200 (0.021s)
2026-07-10 21:23:02.080 | INFO     | __main__:log_requests:44 - GET /api/check/sheet/3 -> 200 (0.018s)
2026-07-10 21:23:18.930 | INFO     | __main__:log_requests:44 - GET /api/check/sheet/3 -> 200 (0.008s)
2026-07-10 21:23:21.720 | INFO     | __main__:log_requests:44 - GET /api/check/sheet/3 -> 200 (0.008s)
2026-07-10 21:24:22.697 | INFO     | __main__:log_requests:44 - GET /api/check/sheet/3 -> 200 (0.008s)
2026-07-10 21:24:41.744 | INFO     | __main__:log_requests:44 - GET /api/check/sheet/3 -> 200 (0.016s)
2026-07-10 21:25:40.463 | INFO     | __main__:log_requests:44 - GET /api/check/sheet/3 -> 200 (0.024s)
2026-07-10 21:26:19.683 | INFO     | __main__:log_requests:44 - GET /api/check/sheet/3 -> 200 (0.049s)
2026-07-10 21:26:51.581 | INFO     | __main__:log_requests:44 - GET /api/check/sheet/3 -> 200 (0.015s)
2026-07-10 21:27:03.039 | INFO     | __main__:log_requests:44 - POST /api/auth/login -> 200 (0.372s)
2026-07-10 21:27:03.054 | INFO     | __main__:log_requests:44 - GET /api/user/profile -> 200 (0.010s)
2026-07-10 21:27:03.335 | INFO     | __main__:log_requests:44 - GET /api/asset/status/list -> 200 (0.019s)
2026-07-10 21:27:03.443 | INFO     | __main__:log_requests:44 - GET /api/report/dashboard -> 200 (0.101s)
2026-07-10 21:27:03.443 | INFO     | __main__:log_requests:44 - GET /api/repair/list -> 200 (0.095s)
2026-07-10 21:27:03.474 | INFO     | __main__:log_requests:44 - GET /api/apply/pending -> 200 (0.124s)
2026-07-10 21:27:03.474 | INFO     | __main__:log_requests:44 - GET /api/report/asset -> 200 (0.129s)
2026-07-10 21:27:04.188 | INFO     | __main__:log_requests:44 - GET /api/dept/tree -> 200 (0.007s)
2026-07-10 21:27:04.222 | INFO     | __main__:log_requests:44 - GET /api/user/list -> 200 (0.035s)
2026-07-10 21:27:04.242 | INFO     | __main__:log_requests:44 - GET /api/check/task/list -> 200 (0.011s)
2026-07-10 21:27:05.037 | INFO     | __main__:log_requests:44 - GET /api/check/sheet/3 -> 200 (0.007s)
2026-07-10 21:28:05.656 | INFO     | __main__:log_requests:44 - GET /api/check/sheet/3 -> 200 (0.008s)
2026-07-10 21:29:04.577 | INFO     | __main__:log_requests:44 - GET /api/check/sheet/3 -> 200 (0.095s)
2026-07-10 21:30:40.163 | INFO     | __main__:log_requests:44 - GET /api/check/sheet/3 -> 200 (0.120s)
2026-07-10 21:30:45.860 | INFO     | __main__:log_requests:44 - GET /api/check/sheet/3 -> 200 (0.017s)
2026-07-10 21:31:29.907 | INFO     | __main__:log_requests:44 - GET /api/check/sheet/3 -> 200 (0.147s)
2026-07-10 21:35:51.456 | INFO     | __main__:log_requests:44 - GET /api/check/sheet/3 -> 200 (0.097s)
2026-07-10 21:36:03.219 | INFO     | __main__:log_requests:44 - GET /api/check/sheet/3 -> 200 (0.009s)
2026-07-10 21:36:13.532 | INFO     | __main__:log_requests:44 - GET /api/check/sheet/3 -> 200 (0.012s)
2026-07-10 21:36:22.422 | INFO     | __main__:log_requests:44 - GET /api/check/sheet/3 -> 200 (0.011s)
2026-07-10 21:37:53.464 | INFO     | __main__:log_requests:44 - GET /api/check/sheet/3 -> 200 (0.097s)
2026-07-10 21:39:44.317 | INFO     | __main__:log_requests:44 - GET /api/check/sheet/3 -> 200 (0.115s)
2026-07-10 21:43:10.243 | INFO     | __main__:log_requests:44 - GET /api/check/sheet/3 -> 200 (0.126s)
