2026-07-12 12:02:22.892 | INFO     | __main__:<module>:63 - Gateway starting on port 9900, PID=15664
2026-07-12 12:03:16.953 | INFO     | __main__:log_requests:44 - GET /api/asset/status/list -> 401 (0.090s)
2026-07-12 12:03:16.972 | INFO     | __main__:log_requests:44 - GET /api/report/dashboard -> 401 (0.006s)
2026-07-12 12:03:16.973 | INFO     | __main__:log_requests:44 - GET /api/report/asset -> 401 (0.006s)
2026-07-12 12:03:16.974 | INFO     | __main__:log_requests:44 - GET /api/repair/list -> 401 (0.007s)
2026-07-12 12:03:16.975 | INFO     | __main__:log_requests:44 - GET /api/apply/pending -> 401 (0.004s)
2026-07-12 12:03:25.271 | INFO     | __main__:log_requests:44 - GET /api/user/profile -> 401 (0.002s)
2026-07-12 12:03:28.591 | INFO     | __main__:log_requests:44 - POST /api/auth/login -> 200 (0.582s)
2026-07-12 12:03:28.602 | INFO     | __main__:log_requests:44 - GET /api/user/profile -> 200 (0.006s)
2026-07-12 12:03:28.650 | INFO     | __main__:log_requests:44 - GET /api/asset/status/list -> 200 (0.019s)
2026-07-12 12:03:28.826 | INFO     | __main__:log_requests:44 - GET /api/report/dashboard -> 200 (0.166s)
2026-07-12 12:03:28.826 | INFO     | __main__:log_requests:44 - GET /api/repair/list -> 200 (0.165s)
2026-07-12 12:03:28.826 | INFO     | __main__:log_requests:44 - GET /api/apply/pending -> 200 (0.166s)
2026-07-12 12:03:28.861 | INFO     | __main__:log_requests:44 - GET /api/report/asset -> 200 (0.202s)
2026-07-12 12:04:32.361 | INFO     | __main__:log_requests:44 - GET /api/asset/category/list -> 200 (0.027s)
2026-07-12 12:04:32.373 | INFO     | __main__:log_requests:44 - GET /api/asset/status/list -> 200 (0.004s)
2026-07-12 12:04:32.388 | INFO     | __main__:log_requests:44 - GET /api/asset/list -> 200 (0.010s)
2026-07-12 12:04:54.699 | INFO     | __main__:log_requests:44 - GET /api/repair/list -> 200 (0.006s)
2026-07-12 12:04:56.074 | INFO     | __main__:log_requests:44 - GET /api/repair/list -> 200 (0.005s)
2026-07-12 12:05:07.358 | INFO     | __main__:log_requests:44 - GET /api/repair/1 -> 200 (0.035s)
2026-07-12 12:05:27.219 | INFO     | __main__:log_requests:44 - GET /api/repair/list -> 200 (0.006s)
2026-07-12 12:05:28.802 | INFO     | __main__:log_requests:44 - GET /api/repair/6 -> 200 (0.007s)
2026-07-12 12:05:47.614 | INFO     | __main__:log_requests:44 - GET /api/repair/list -> 200 (0.005s)
2026-07-12 12:05:48.808 | INFO     | __main__:log_requests:44 - GET /api/repair/2 -> 200 (0.005s)
2026-07-12 12:05:55.565 | INFO     | __main__:log_requests:44 - GET /api/repair/list -> 200 (0.005s)
2026-07-12 12:06:03.905 | INFO     | __main__:log_requests:44 - GET /api/repair/6 -> 200 (0.006s)
2026-07-12 12:06:08.706 | INFO     | __main__:log_requests:44 - GET /api/dept/tree -> 200 (0.005s)
2026-07-12 12:06:08.718 | INFO     | __main__:log_requests:44 - GET /api/repair/list -> 200 (0.006s)
2026-07-12 12:06:09.280 | INFO     | __main__:log_requests:44 - GET /api/repair/list -> 200 (0.005s)
2026-07-12 12:06:09.676 | INFO     | __main__:log_requests:44 - GET /api/repair/list -> 200 (0.005s)
2026-07-12 12:06:10.149 | INFO     | __main__:log_requests:44 - GET /api/repair/list -> 200 (0.005s)
2026-07-12 12:06:14.537 | INFO     | __main__:log_requests:44 - GET /api/user/list -> 200 (0.014s)
2026-07-12 12:06:14.537 | INFO     | __main__:log_requests:44 - GET /api/dept/tree -> 200 (0.014s)
2026-07-12 12:06:14.613 | INFO     | __main__:log_requests:44 - GET /api/check/task/list -> 200 (0.075s)
2026-07-12 12:06:19.286 | INFO     | __main__:log_requests:44 - GET /api/asset/category/list -> 200 (0.003s)
2026-07-12 12:06:19.296 | INFO     | __main__:log_requests:44 - GET /api/asset/status/list -> 200 (0.003s)
2026-07-12 12:06:19.307 | INFO     | __main__:log_requests:44 - GET /api/asset/list -> 200 (0.005s)
2026-07-12 12:06:26.343 | INFO     | __main__:log_requests:44 - GET /api/asset/list -> 200 (0.005s)
2026-07-12 12:06:28.491 | INFO     | __main__:log_requests:44 - GET /api/asset/status/list -> 200 (0.003s)
2026-07-12 12:06:28.509 | INFO     | __main__:log_requests:44 - GET /api/report/dashboard -> 200 (0.019s)
2026-07-12 12:06:28.509 | INFO     | __main__:log_requests:44 - GET /api/repair/list -> 200 (0.018s)
2026-07-12 12:06:28.522 | INFO     | __main__:log_requests:44 - GET /api/report/asset -> 200 (0.032s)
2026-07-12 12:06:28.522 | INFO     | __main__:log_requests:44 - GET /api/apply/pending -> 200 (0.019s)
2026-07-12 12:06:33.960 | INFO     | __main__:log_requests:44 - POST /api/auth/login -> 200 (0.237s)
2026-07-12 12:06:33.974 | INFO     | __main__:log_requests:44 - GET /api/user/profile -> 200 (0.007s)
2026-07-12 12:06:34.008 | INFO     | __main__:log_requests:44 - GET /api/asset/status/list -> 200 (0.003s)
2026-07-12 12:06:34.029 | INFO     | __main__:log_requests:44 - GET /api/repair/list -> 200 (0.011s)
2026-07-12 12:06:34.029 | INFO     | __main__:log_requests:44 - GET /api/apply/pending -> 403 (0.004s)
2026-07-12 12:06:34.029 | INFO     | __main__:log_requests:44 - GET /api/report/asset -> 403 (0.011s)
2026-07-12 12:06:34.029 | INFO     | __main__:log_requests:44 - GET /api/report/dashboard -> 403 (0.012s)
2026-07-12 12:06:37.538 | INFO     | __main__:log_requests:44 - GET /api/apply/my -> 200 (0.006s)
2026-07-12 12:06:43.114 | INFO     | __main__:log_requests:44 - GET /api/repair/list -> 200 (0.005s)
2026-07-12 12:06:43.495 | INFO     | __main__:log_requests:44 - GET /api/repair/list -> 200 (0.005s)
2026-07-12 12:06:44.085 | INFO     | __main__:log_requests:44 - GET /api/repair/list -> 200 (0.005s)
2026-07-12 12:06:47.670 | INFO     | __main__:log_requests:44 - GET /api/repair/6 -> 200 (0.007s)
2026-07-12 12:06:50.641 | INFO     | __main__:log_requests:44 - GET /api/repair/list -> 200 (0.005s)
2026-07-12 12:07:10.244 | INFO     | __main__:log_requests:44 - POST /api/auth/login -> 200 (0.240s)
2026-07-12 12:07:10.251 | INFO     | __main__:log_requests:44 - GET /api/user/profile -> 200 (0.005s)
2026-07-12 12:07:10.288 | INFO     | __main__:log_requests:44 - GET /api/asset/status/list -> 200 (0.003s)
2026-07-12 12:07:10.315 | INFO     | __main__:log_requests:44 - GET /api/repair/list -> 200 (0.021s)
2026-07-12 12:07:10.315 | INFO     | __main__:log_requests:44 - GET /api/report/dashboard -> 200 (0.022s)
2026-07-12 12:07:10.327 | INFO     | __main__:log_requests:44 - GET /api/apply/pending -> 200 (0.032s)
2026-07-12 12:07:10.327 | INFO     | __main__:log_requests:44 - GET /api/report/asset -> 200 (0.033s)
2026-07-12 12:07:16.417 | INFO     | __main__:log_requests:44 - GET /api/apply/7 -> 200 (0.037s)
2026-07-12 12:07:20.200 | INFO     | __main__:log_requests:44 - GET /api/asset/status/list -> 200 (0.004s)
2026-07-12 12:07:20.220 | INFO     | __main__:log_requests:44 - GET /api/report/dashboard -> 200 (0.020s)
2026-07-12 12:07:20.220 | INFO     | __main__:log_requests:44 - GET /api/repair/list -> 200 (0.019s)
2026-07-12 12:07:20.236 | INFO     | __main__:log_requests:44 - GET /api/apply/pending -> 200 (0.028s)
2026-07-12 12:07:20.236 | INFO     | __main__:log_requests:44 - GET /api/report/asset -> 200 (0.030s)
2026-07-12 12:07:21.299 | INFO     | __main__:log_requests:44 - GET /api/user/list -> 200 (0.022s)
2026-07-12 12:07:21.299 | INFO     | __main__:log_requests:44 - GET /api/dept/tree -> 200 (0.023s)
2026-07-12 12:07:21.313 | INFO     | __main__:log_requests:44 - GET /api/check/task/list -> 200 (0.006s)
2026-07-12 12:07:24.209 | INFO     | __main__:log_requests:44 - GET /api/repair/list -> 200 (0.005s)
2026-07-12 12:07:25.829 | INFO     | __main__:log_requests:44 - GET /api/repair/list -> 200 (0.005s)
2026-07-12 12:07:27.498 | INFO     | __main__:log_requests:44 - GET /api/dept/tree -> 200 (0.005s)
2026-07-12 12:07:27.508 | INFO     | __main__:log_requests:44 - GET /api/repair/list -> 200 (0.006s)
2026-07-12 12:07:29.772 | INFO     | __main__:log_requests:44 - GET /api/repair/list -> 200 (0.005s)
2026-07-12 12:07:30.362 | INFO     | __main__:log_requests:44 - GET /api/repair/list -> 200 (0.005s)
2026-07-12 12:07:31.809 | INFO     | __main__:log_requests:44 - GET /api/repair/4 -> 200 (0.006s)
2026-07-12 12:07:47.565 | INFO     | __main__:log_requests:44 - GET /api/dept/tree -> 200 (0.004s)
2026-07-12 12:07:47.578 | INFO     | __main__:log_requests:44 - GET /api/repair/list -> 200 (0.006s)
2026-07-12 12:07:50.027 | INFO     | __main__:log_requests:44 - PUT /api/repair/college-approve -> 403 (0.003s)
2026-07-12 12:07:52.049 | INFO     | __main__:log_requests:44 - GET /api/repair/list -> 200 (0.005s)
2026-07-12 12:07:52.459 | INFO     | __main__:log_requests:44 - GET /api/repair/list -> 200 (0.005s)
2026-07-12 12:07:53.050 | INFO     | __main__:log_requests:44 - GET /api/repair/list -> 200 (0.005s)
2026-07-12 12:07:55.629 | INFO     | __main__:log_requests:44 - GET /api/apply/my -> 200 (0.005s)
2026-07-12 12:07:57.035 | INFO     | __main__:log_requests:44 - GET /api/apply/pending -> 200 (0.007s)
2026-07-12 12:07:57.562 | INFO     | __main__:log_requests:44 - GET /api/apply/approved -> 200 (0.008s)
2026-07-12 12:08:00.021 | INFO     | __main__:log_requests:44 - GET /api/apply/pending -> 200 (0.006s)
2026-07-12 12:08:07.813 | INFO     | __main__:log_requests:44 - GET /api/apply/7 -> 200 (0.008s)
2026-07-12 12:08:13.568 | INFO     | __main__:log_requests:44 - GET /api/apply/pending -> 200 (0.059s)
2026-07-12 12:08:19.214 | INFO     | __main__:log_requests:44 - PUT /api/apply/approve -> 200 (0.122s)
2026-07-12 12:08:19.230 | INFO     | __main__:log_requests:44 - GET /api/apply/pending -> 200 (0.005s)
2026-07-12 12:08:20.732 | INFO     | __main__:log_requests:44 - GET /api/apply/approved -> 200 (0.006s)
2026-07-12 12:08:23.735 | INFO     | __main__:log_requests:44 - GET /api/apply/7 -> 200 (0.005s)
2026-07-12 12:08:36.316 | INFO     | __main__:log_requests:44 - GET /api/apply/my -> 200 (0.005s)
2026-07-12 12:08:37.331 | INFO     | __main__:log_requests:44 - GET /api/apply/pending -> 200 (0.005s)
2026-07-12 12:08:37.859 | INFO     | __main__:log_requests:44 - GET /api/apply/approved -> 200 (0.005s)
2026-07-12 12:08:39.311 | INFO     | __main__:log_requests:44 - GET /api/apply/approved -> 200 (0.005s)
2026-07-12 12:08:39.687 | INFO     | __main__:log_requests:44 - GET /api/apply/approved -> 200 (0.004s)
2026-07-12 12:08:41.116 | INFO     | __main__:log_requests:44 - GET /api/asset/category/list -> 200 (0.003s)
2026-07-12 12:08:41.124 | INFO     | __main__:log_requests:44 - GET /api/asset/status/list -> 200 (0.004s)
2026-07-12 12:08:41.138 | INFO     | __main__:log_requests:44 - GET /api/asset/list -> 200 (0.006s)
2026-07-12 12:08:42.686 | INFO     | __main__:log_requests:44 - GET /api/apply/approved -> 200 (0.005s)
2026-07-12 12:08:43.722 | INFO     | __main__:log_requests:44 - GET /api/apply/approved -> 200 (0.004s)
2026-07-12 12:08:44.151 | INFO     | __main__:log_requests:44 - GET /api/apply/approved -> 200 (0.004s)
2026-07-12 12:08:45.549 | INFO     | __main__:log_requests:44 - GET /api/apply/approved -> 200 (0.005s)
2026-07-12 12:08:45.930 | INFO     | __main__:log_requests:44 - GET /api/apply/approved -> 200 (0.005s)
2026-07-12 12:08:47.640 | INFO     | __main__:log_requests:44 - GET /api/asset/category/list -> 200 (0.004s)
2026-07-12 12:08:47.651 | INFO     | __main__:log_requests:44 - GET /api/asset/status/list -> 200 (0.004s)
2026-07-12 12:08:47.672 | INFO     | __main__:log_requests:44 - GET /api/asset/list -> 200 (0.006s)
2026-07-12 12:08:49.713 | INFO     | __main__:log_requests:44 - GET /api/role/list -> 200 (0.024s)
2026-07-12 12:08:49.713 | INFO     | __main__:log_requests:44 - GET /api/dept/tree -> 200 (0.023s)
2026-07-12 12:08:49.741 | INFO     | __main__:log_requests:44 - GET /api/user/list -> 200 (0.020s)
2026-07-12 12:08:59.384 | INFO     | __main__:log_requests:44 - GET /api/asset/status/list -> 200 (0.004s)
2026-07-12 12:08:59.402 | INFO     | __main__:log_requests:44 - GET /api/repair/list -> 200 (0.010s)
2026-07-12 12:08:59.423 | INFO     | __main__:log_requests:44 - GET /api/apply/pending -> 200 (0.030s)
2026-07-12 12:08:59.424 | INFO     | __main__:log_requests:44 - GET /api/report/asset -> 200 (0.032s)
2026-07-12 12:08:59.424 | INFO     | __main__:log_requests:44 - GET /api/report/dashboard -> 200 (0.033s)
2026-07-12 12:09:06.109 | INFO     | __main__:log_requests:44 - GET /api/repair/list -> 200 (0.006s)
2026-07-12 12:09:07.284 | INFO     | __main__:log_requests:44 - GET /api/repair/list -> 200 (0.005s)
2026-07-12 12:09:08.276 | INFO     | __main__:log_requests:44 - GET /api/repair/list -> 200 (0.005s)
2026-07-12 12:09:11.821 | INFO     | __main__:log_requests:44 - GET /api/dept/tree -> 200 (0.004s)
2026-07-12 12:09:11.835 | INFO     | __main__:log_requests:44 - GET /api/repair/list -> 200 (0.007s)
2026-07-12 12:09:12.831 | INFO     | __main__:log_requests:44 - GET /api/repair/list -> 200 (0.004s)
2026-07-12 12:09:13.402 | INFO     | __main__:log_requests:44 - GET /api/repair/list -> 200 (0.004s)
2026-07-12 12:09:13.764 | INFO     | __main__:log_requests:44 - GET /api/repair/list -> 200 (0.005s)
2026-07-12 12:09:14.241 | INFO     | __main__:log_requests:44 - GET /api/repair/list -> 200 (0.005s)
2026-07-12 12:09:17.775 | INFO     | __main__:log_requests:44 - GET /api/repair/list -> 200 (0.005s)
2026-07-12 12:09:35.233 | INFO     | __main__:log_requests:44 - GET /api/repair/6 -> 200 (0.007s)
2026-07-12 12:09:44.622 | INFO     | __main__:log_requests:44 - POST /api/auth/login -> 200 (0.232s)
2026-07-12 12:09:44.629 | INFO     | __main__:log_requests:44 - GET /api/user/profile -> 200 (0.006s)
2026-07-12 12:09:44.666 | INFO     | __main__:log_requests:44 - GET /api/asset/status/list -> 200 (0.003s)
2026-07-12 12:09:44.678 | INFO     | __main__:log_requests:44 - GET /api/repair/list -> 200 (0.007s)
2026-07-12 12:09:44.678 | INFO     | __main__:log_requests:44 - GET /api/report/dashboard -> 403 (0.009s)
2026-07-12 12:09:44.678 | INFO     | __main__:log_requests:44 - GET /api/apply/pending -> 403 (0.007s)
2026-07-12 12:09:44.678 | INFO     | __main__:log_requests:44 - GET /api/report/asset -> 403 (0.009s)
2026-07-12 12:09:47.550 | INFO     | __main__:log_requests:44 - GET /api/apply/my -> 200 (0.005s)
2026-07-12 12:09:49.149 | INFO     | __main__:log_requests:44 - GET /api/apply/my -> 200 (0.004s)
2026-07-12 12:09:50.844 | INFO     | __main__:log_requests:44 - GET /api/repair/list -> 200 (0.006s)
2026-07-12 12:09:54.792 | INFO     | __main__:log_requests:44 - GET /api/repair/6 -> 200 (0.008s)
2026-07-12 12:10:08.303 | INFO     | __main__:log_requests:44 - PUT /api/repair/update-repair -> 200 (0.067s)
2026-07-12 12:10:08.310 | INFO     | __main__:log_requests:44 - PUT /api/repair/finish -> 422 (0.004s)
2026-07-12 12:11:21.176 | INFO     | __main__:log_requests:44 - PUT /api/repair/update-repair -> 200 (0.050s)
2026-07-12 12:11:21.183 | INFO     | __main__:log_requests:44 - PUT /api/repair/finish -> 422 (0.002s)
2026-07-12 12:13:12.309 | INFO     | __main__:log_requests:44 - GET /api/repair/6 -> 200 (0.008s)
2026-07-12 12:13:19.180 | INFO     | __main__:log_requests:44 - GET /api/repair/6 -> 200 (0.013s)
2026-07-12 12:13:24.425 | INFO     | __main__:log_requests:44 - GET /api/repair/list -> 200 (0.007s)
2026-07-12 12:13:25.639 | INFO     | __main__:log_requests:44 - GET /api/repair/list -> 200 (0.006s)
2026-07-12 12:13:26.358 | INFO     | __main__:log_requests:44 - GET /api/repair/list -> 200 (0.005s)
2026-07-12 12:13:28.843 | INFO     | __main__:log_requests:44 - GET /api/repair/6 -> 200 (0.006s)
2026-07-12 12:13:32.055 | INFO     | __main__:log_requests:44 - GET /api/repair/list -> 200 (0.006s)
2026-07-12 12:13:32.786 | INFO     | __main__:log_requests:44 - GET /api/repair/2 -> 200 (0.007s)
2026-07-12 12:13:41.550 | INFO     | __main__:log_requests:44 - GET /api/repair/list -> 200 (0.006s)
2026-07-12 12:13:42.329 | INFO     | __main__:log_requests:44 - GET /api/repair/3 -> 200 (0.007s)
2026-07-12 12:13:52.977 | INFO     | __main__:log_requests:44 - PUT /api/repair/update-repair -> 200 (0.064s)
2026-07-12 12:13:53.046 | INFO     | __main__:log_requests:44 - PUT /api/repair/finish -> 200 (0.069s)
2026-07-12 12:13:53.065 | INFO     | __main__:log_requests:44 - GET /api/repair/3 -> 200 (0.006s)
2026-07-12 12:14:16.355 | INFO     | __main__:log_requests:44 - POST /api/auth/login -> 200 (0.235s)
2026-07-12 12:14:16.367 | INFO     | __main__:log_requests:44 - GET /api/user/profile -> 200 (0.007s)
2026-07-12 12:14:16.500 | INFO     | __main__:log_requests:44 - GET /api/asset/status/list -> 200 (0.004s)
2026-07-12 12:14:16.565 | INFO     | __main__:log_requests:44 - GET /api/report/dashboard -> 200 (0.033s)
2026-07-12 12:14:16.565 | INFO     | __main__:log_requests:44 - GET /api/repair/list -> 200 (0.028s)
2026-07-12 12:14:16.565 | INFO     | __main__:log_requests:44 - GET /api/apply/pending -> 200 (0.029s)
2026-07-12 12:14:16.588 | INFO     | __main__:log_requests:44 - GET /api/report/asset -> 200 (0.052s)
2026-07-12 12:14:22.285 | INFO     | __main__:log_requests:44 - GET /api/repair/list -> 200 (0.005s)
2026-07-12 12:14:23.469 | INFO     | __main__:log_requests:44 - GET /api/dept/tree -> 200 (0.003s)
2026-07-12 12:14:23.484 | INFO     | __main__:log_requests:44 - GET /api/repair/list -> 200 (0.006s)
2026-07-12 12:14:24.143 | INFO     | __main__:log_requests:44 - GET /api/repair/list -> 200 (0.006s)
2026-07-12 12:14:24.750 | INFO     | __main__:log_requests:44 - GET /api/repair/list -> 200 (0.005s)
2026-07-12 12:14:25.197 | INFO     | __main__:log_requests:44 - GET /api/repair/list -> 200 (0.005s)
2026-07-12 12:14:26.950 | INFO     | __main__:log_requests:44 - GET /api/repair/list -> 200 (0.005s)
2026-07-12 12:14:27.430 | INFO     | __main__:log_requests:44 - GET /api/repair/list -> 200 (0.006s)
2026-07-12 12:14:34.323 | INFO     | __main__:log_requests:44 - POST /api/auth/login -> 200 (0.241s)
2026-07-12 12:14:34.340 | INFO     | __main__:log_requests:44 - GET /api/user/profile -> 200 (0.008s)
2026-07-12 12:14:34.378 | INFO     | __main__:log_requests:44 - GET /api/asset/status/list -> 200 (0.003s)
2026-07-12 12:14:34.429 | INFO     | __main__:log_requests:44 - GET /api/report/asset -> 200 (0.038s)
2026-07-12 12:14:34.429 | INFO     | __main__:log_requests:44 - GET /api/report/dashboard -> 200 (0.040s)
2026-07-12 12:14:34.429 | INFO     | __main__:log_requests:44 - GET /api/repair/list -> 200 (0.035s)
2026-07-12 12:14:34.429 | INFO     | __main__:log_requests:44 - GET /api/apply/pending -> 200 (0.036s)
2026-07-12 12:14:35.959 | INFO     | __main__:log_requests:44 - GET /api/dept/tree -> 200 (0.003s)
2026-07-12 12:14:35.969 | INFO     | __main__:log_requests:44 - GET /api/repair/list -> 200 (0.007s)
2026-07-12 12:14:38.494 | INFO     | __main__:log_requests:44 - GET /api/repair/list -> 200 (0.005s)
2026-07-12 12:14:41.478 | INFO     | __main__:log_requests:44 - GET /api/repair/list -> 200 (0.006s)
2026-07-12 12:14:44.013 | INFO     | __main__:log_requests:44 - GET /api/repair/list -> 200 (0.006s)
2026-07-12 12:14:49.570 | INFO     | __main__:log_requests:44 - GET /api/repair/2 -> 200 (0.007s)
2026-07-12 12:14:53.774 | INFO     | __main__:log_requests:44 - GET /api/repair/list -> 200 (0.005s)
2026-07-12 12:14:54.618 | INFO     | __main__:log_requests:44 - GET /api/repair/6 -> 200 (0.007s)
2026-07-12 12:14:57.374 | INFO     | __main__:log_requests:44 - GET /api/repair/list -> 200 (0.006s)
2026-07-12 12:14:57.933 | INFO     | __main__:log_requests:44 - GET /api/repair/list -> 200 (0.005s)
2026-07-12 12:15:11.080 | INFO     | __main__:log_requests:44 - GET /api/dept/tree -> 200 (0.003s)
2026-07-12 12:15:11.097 | INFO     | __main__:log_requests:44 - GET /api/repair/list -> 200 (0.008s)
2026-07-12 12:15:12.189 | INFO     | __main__:log_requests:44 - GET /api/repair/list -> 200 (0.005s)
2026-07-12 12:15:12.572 | INFO     | __main__:log_requests:44 - GET /api/repair/list -> 200 (0.005s)
2026-07-12 12:15:12.933 | INFO     | __main__:log_requests:44 - GET /api/repair/list -> 200 (0.005s)
2026-07-12 12:15:14.509 | INFO     | __main__:log_requests:44 - GET /api/repair/list -> 200 (0.005s)
2026-07-12 12:15:18.605 | INFO     | __main__:log_requests:44 - GET /api/repair/list -> 200 (0.005s)
2026-07-12 12:15:20.270 | INFO     | __main__:log_requests:44 - GET /api/repair/list -> 200 (0.006s)
2026-07-12 12:15:20.822 | INFO     | __main__:log_requests:44 - GET /api/repair/list -> 200 (0.005s)
2026-07-12 12:15:31.022 | INFO     | __main__:log_requests:44 - GET /api/repair/list -> 200 (0.005s)
2026-07-12 12:15:31.437 | INFO     | __main__:log_requests:44 - GET /api/repair/list -> 200 (0.006s)
2026-07-12 12:24:10.984 | INFO     | __main__:<module>:63 - Gateway starting on port 9900, PID=18844
2026-07-12 12:24:55.270 | INFO     | __main__:log_requests:44 - GET /api/dept/tree -> 200 (0.142s)
2026-07-12 12:24:55.324 | INFO     | __main__:log_requests:44 - GET /api/repair/list -> 200 (0.038s)
2026-07-12 12:24:58.591 | INFO     | __main__:log_requests:44 - GET /api/asset/status/list -> 200 (0.016s)
2026-07-12 12:24:58.729 | INFO     | __main__:log_requests:44 - GET /api/repair/list -> 200 (0.122s)
2026-07-12 12:24:58.730 | INFO     | __main__:log_requests:44 - GET /api/report/dashboard -> 200 (0.125s)
2026-07-12 12:24:58.753 | INFO     | __main__:log_requests:44 - GET /api/apply/pending -> 200 (0.144s)
2026-07-12 12:24:58.755 | INFO     | __main__:log_requests:44 - GET /api/report/asset -> 200 (0.148s)
2026-07-12 12:25:01.168 | INFO     | __main__:log_requests:44 - GET /api/user/profile -> 200 (0.016s)
2026-07-12 12:25:03.125 | INFO     | __main__:log_requests:44 - GET /api/dept/tree -> 200 (0.005s)
2026-07-12 12:25:03.162 | INFO     | __main__:log_requests:44 - GET /api/user/list -> 200 (0.035s)
2026-07-12 12:25:03.202 | INFO     | __main__:log_requests:44 - GET /api/check/task/list -> 200 (0.028s)
2026-07-12 12:25:05.745 | INFO     | __main__:log_requests:44 - GET /api/dept/tree -> 200 (0.005s)
2026-07-12 12:25:05.780 | INFO     | __main__:log_requests:44 - GET /api/role/list -> 200 (0.041s)
2026-07-12 12:25:05.816 | INFO     | __main__:log_requests:44 - GET /api/user/list -> 200 (0.027s)
2026-07-12 12:25:07.985 | INFO     | __main__:log_requests:44 - GET /api/asset/status/list -> 200 (0.003s)
2026-07-12 12:25:08.017 | INFO     | __main__:log_requests:44 - GET /api/report/dashboard -> 200 (0.023s)
2026-07-12 12:25:08.031 | INFO     | __main__:log_requests:44 - GET /api/repair/list -> 200 (0.039s)
2026-07-12 12:25:08.036 | INFO     | __main__:log_requests:44 - GET /api/report/asset -> 200 (0.041s)
2026-07-12 12:25:08.036 | INFO     | __main__:log_requests:44 - GET /api/apply/pending -> 200 (0.040s)
2026-07-12 12:51:09.749 | INFO     | __main__:<module>:63 - Gateway starting on port 9900, PID=17540
2026-07-12 12:51:14.777 | INFO     | __main__:log_requests:44 - GET /api/asset/status/list -> 200 (0.112s)
2026-07-12 12:51:14.907 | INFO     | __main__:log_requests:44 - GET /api/repair/list -> 200 (0.120s)
2026-07-12 12:51:14.907 | INFO     | __main__:log_requests:44 - GET /api/apply/pending -> 200 (0.120s)
2026-07-12 12:51:14.932 | INFO     | __main__:log_requests:44 - GET /api/report/dashboard -> 200 (0.147s)
2026-07-12 12:51:14.933 | INFO     | __main__:log_requests:44 - GET /api/report/asset -> 200 (0.146s)
2026-07-12 12:51:17.741 | INFO     | __main__:log_requests:44 - GET /api/role/list -> 200 (0.043s)
2026-07-12 12:51:17.741 | INFO     | __main__:log_requests:44 - GET /api/dept/tree -> 200 (0.044s)
2026-07-12 12:51:17.790 | INFO     | __main__:log_requests:44 - GET /api/user/list -> 200 (0.035s)
2026-07-12 12:51:19.567 | INFO     | __main__:log_requests:44 - GET /api/role/list -> 200 (0.009s)
2026-07-12 12:51:19.567 | INFO     | __main__:log_requests:44 - GET /api/dept/tree -> 200 (0.010s)
2026-07-12 12:51:19.596 | INFO     | __main__:log_requests:44 - GET /api/user/list -> 200 (0.021s)
2026-07-12 12:51:39.587 | INFO     | __main__:log_requests:44 - GET /api/asset/category/list -> 200 (0.022s)
2026-07-12 12:51:39.601 | INFO     | __main__:log_requests:44 - GET /api/asset/status/list -> 200 (0.004s)
2026-07-12 12:51:39.625 | INFO     | __main__:log_requests:44 - GET /api/asset/list -> 200 (0.009s)
2026-07-12 12:51:42.490 | INFO     | __main__:log_requests:44 - GET /api/apply/my -> 200 (0.010s)
2026-07-12 12:51:48.935 | INFO     | __main__:log_requests:44 - GET /api/apply/pending -> 200 (0.006s)
2026-07-12 12:51:54.150 | INFO     | __main__:log_requests:44 - GET /api/user/profile -> 200 (0.009s)
2026-07-12 12:51:56.377 | INFO     | __main__:log_requests:44 - GET /api/apply/pending -> 200 (0.005s)
2026-07-12 12:51:59.309 | INFO     | __main__:log_requests:44 - PUT /api/apply/approve -> 200 (0.124s)
2026-07-12 12:51:59.326 | INFO     | __main__:log_requests:44 - GET /api/apply/pending -> 200 (0.005s)
2026-07-12 12:52:02.817 | INFO     | __main__:log_requests:44 - PUT /api/apply/approve -> 200 (0.079s)
2026-07-12 12:52:02.834 | INFO     | __main__:log_requests:44 - GET /api/apply/pending -> 200 (0.006s)
2026-07-12 12:52:05.652 | INFO     | __main__:log_requests:44 - GET /api/apply/approved -> 200 (0.007s)
2026-07-12 12:52:14.513 | INFO     | __main__:log_requests:44 - GET /api/apply/approved -> 200 (0.007s)
2026-07-12 12:52:15.670 | INFO     | __main__:log_requests:44 - GET /api/apply/approved -> 200 (0.005s)
2026-07-12 12:52:16.243 | INFO     | __main__:log_requests:44 - GET /api/apply/approved -> 200 (0.005s)
2026-07-12 12:52:16.839 | INFO     | __main__:log_requests:44 - GET /api/apply/approved -> 200 (0.005s)
2026-07-12 12:52:19.121 | INFO     | __main__:log_requests:44 - GET /api/repair/list -> 200 (0.006s)
2026-07-12 12:52:19.525 | INFO     | __main__:log_requests:44 - GET /api/repair/list -> 200 (0.005s)
2026-07-12 12:52:20.987 | INFO     | __main__:log_requests:44 - GET /api/dept/tree -> 200 (0.003s)
2026-07-12 12:52:20.996 | INFO     | __main__:log_requests:44 - GET /api/repair/list -> 200 (0.006s)
2026-07-12 12:52:24.102 | INFO     | __main__:log_requests:44 - PUT /api/repair/college-approve -> 403 (0.003s)
2026-07-12 12:52:26.218 | INFO     | __main__:log_requests:44 - GET /api/repair/list -> 200 (0.006s)
2026-07-12 12:52:26.642 | INFO     | __main__:log_requests:44 - GET /api/repair/list -> 200 (0.005s)
2026-07-12 12:52:27.178 | INFO     | __main__:log_requests:44 - GET /api/repair/list -> 200 (0.006s)
2026-07-12 12:52:28.025 | INFO     | __main__:log_requests:44 - GET /api/repair/list -> 200 (0.006s)
2026-07-12 13:01:39.007 | INFO     | __main__:<module>:63 - Gateway starting on port 9900, PID=29556
2026-07-12 13:01:45.636 | INFO     | __main__:log_requests:44 - POST /api/auth/login -> 200 (0.389s)
2026-07-12 13:01:45.649 | INFO     | __main__:log_requests:44 - GET /api/user/profile -> 200 (0.008s)
2026-07-12 13:01:45.788 | INFO     | __main__:log_requests:44 - GET /api/asset/status/list -> 200 (0.021s)
2026-07-12 13:01:45.934 | INFO     | __main__:log_requests:44 - GET /api/report/dashboard -> 200 (0.135s)
2026-07-12 13:01:45.934 | INFO     | __main__:log_requests:44 - GET /api/repair/list -> 200 (0.133s)
2026-07-12 13:01:45.958 | INFO     | __main__:log_requests:44 - GET /api/apply/pending -> 200 (0.153s)
2026-07-12 13:01:45.959 | INFO     | __main__:log_requests:44 - GET /api/report/asset -> 200 (0.157s)
2026-07-12 13:01:49.066 | INFO     | __main__:log_requests:44 - GET /api/dept/tree -> 200 (0.005s)
2026-07-12 13:01:49.087 | INFO     | __main__:log_requests:44 - GET /api/role/list -> 200 (0.030s)
2026-07-12 13:01:49.115 | INFO     | __main__:log_requests:44 - GET /api/user/list -> 200 (0.020s)
2026-07-12 13:01:50.274 | INFO     | __main__:log_requests:44 - GET /api/asset/category/list -> 200 (0.018s)
2026-07-12 13:01:50.288 | INFO     | __main__:log_requests:44 - GET /api/asset/status/list -> 200 (0.004s)
2026-07-12 13:01:50.305 | INFO     | __main__:log_requests:44 - GET /api/asset/list -> 200 (0.008s)
2026-07-12 13:01:58.045 | INFO     | __main__:log_requests:44 - GET /api/asset/list -> 200 (0.005s)
2026-07-12 13:02:00.233 | INFO     | __main__:log_requests:44 - GET /api/asset/list -> 200 (0.005s)
2026-07-12 13:02:01.975 | INFO     | __main__:log_requests:44 - GET /api/asset/list -> 200 (0.007s)
2026-07-12 13:02:08.687 | INFO     | __main__:log_requests:44 - GET /api/apply/my -> 200 (0.006s)
2026-07-12 13:02:11.228 | INFO     | __main__:log_requests:44 - GET /api/apply/pending -> 200 (0.005s)
2026-07-12 13:02:12.187 | INFO     | __main__:log_requests:44 - GET /api/apply/approved -> 200 (0.007s)
2026-07-12 13:02:14.717 | INFO     | __main__:log_requests:44 - GET /api/apply/approved -> 200 (0.005s)
2026-07-12 13:02:15.294 | INFO     | __main__:log_requests:44 - GET /api/apply/approved -> 200 (0.004s)
2026-07-12 13:02:18.113 | INFO     | __main__:log_requests:44 - GET /api/repair/list -> 200 (0.005s)
2026-07-12 13:02:18.726 | INFO     | __main__:log_requests:44 - GET /api/repair/list -> 200 (0.005s)
2026-07-12 13:02:20.118 | INFO     | __main__:log_requests:44 - GET /api/dept/tree -> 200 (0.003s)
2026-07-12 13:02:20.127 | INFO     | __main__:log_requests:44 - GET /api/repair/list -> 200 (0.006s)
2026-07-12 13:02:20.990 | INFO     | __main__:log_requests:44 - GET /api/repair/list -> 200 (0.004s)
2026-07-12 13:02:21.530 | INFO     | __main__:log_requests:44 - GET /api/repair/list -> 200 (0.005s)
2026-07-12 13:02:22.142 | INFO     | __main__:log_requests:44 - GET /api/repair/list -> 200 (0.005s)
2026-07-12 13:02:22.726 | INFO     | __main__:log_requests:44 - GET /api/repair/list -> 200 (0.005s)
2026-07-12 13:02:24.613 | INFO     | __main__:log_requests:44 - PUT /api/repair/college-approve -> 403 (0.002s)
2026-07-12 13:02:26.870 | INFO     | __main__:log_requests:44 - GET /api/dept/tree -> 200 (0.021s)
2026-07-12 13:02:26.870 | INFO     | __main__:log_requests:44 - GET /api/user/list -> 200 (0.021s)
2026-07-12 13:02:26.892 | INFO     | __main__:log_requests:44 - GET /api/check/task/list -> 200 (0.019s)
2026-07-12 13:09:55.922 | INFO     | __main__:log_requests:44 - POST /api/auth/login -> 200 (0.241s)
2026-07-12 13:09:55.937 | INFO     | __main__:log_requests:44 - GET /api/user/profile -> 200 (0.006s)
2026-07-12 13:09:55.978 | INFO     | __main__:log_requests:44 - GET /api/asset/status/list -> 200 (0.004s)
2026-07-12 13:09:55.999 | INFO     | __main__:log_requests:44 - GET /api/report/dashboard -> 200 (0.018s)
2026-07-12 13:09:56.016 | INFO     | __main__:log_requests:44 - GET /api/repair/list -> 200 (0.011s)
2026-07-12 13:09:56.016 | INFO     | __main__:log_requests:44 - GET /api/apply/pending -> 200 (0.011s)
2026-07-12 13:09:56.029 | INFO     | __main__:log_requests:44 - GET /api/report/asset -> 200 (0.026s)
2026-07-12 13:10:05.818 | INFO     | __main__:log_requests:44 - GET /api/role/list -> 200 (0.008s)
2026-07-12 13:10:05.818 | INFO     | __main__:log_requests:44 - GET /api/dept/tree -> 200 (0.009s)
2026-07-12 13:10:05.850 | INFO     | __main__:log_requests:44 - GET /api/user/list -> 200 (0.020s)
2026-07-12 13:10:14.651 | INFO     | __main__:log_requests:44 - GET /api/asset/category/list -> 200 (0.004s)
2026-07-12 13:10:14.664 | INFO     | __main__:log_requests:44 - GET /api/asset/status/list -> 200 (0.004s)
2026-07-12 13:10:14.689 | INFO     | __main__:log_requests:44 - GET /api/asset/list -> 200 (0.011s)
2026-07-12 13:10:21.453 | INFO     | __main__:log_requests:44 - GET /api/asset/status/list -> 200 (0.003s)
2026-07-12 13:10:21.489 | INFO     | __main__:log_requests:44 - GET /api/report/dashboard -> 200 (0.029s)
2026-07-12 13:10:21.490 | INFO     | __main__:log_requests:44 - GET /api/repair/list -> 200 (0.028s)
2026-07-12 13:10:21.491 | INFO     | __main__:log_requests:44 - GET /api/apply/pending -> 200 (0.028s)
2026-07-12 13:10:21.498 | INFO     | __main__:log_requests:44 - GET /api/report/asset -> 200 (0.039s)
2026-07-12 13:10:31.078 | INFO     | __main__:log_requests:44 - GET /api/asset/category/list -> 200 (0.003s)
2026-07-12 13:10:31.087 | INFO     | __main__:log_requests:44 - GET /api/asset/status/list -> 200 (0.004s)
2026-07-12 13:10:31.109 | INFO     | __main__:log_requests:44 - GET /api/asset/list -> 200 (0.007s)
2026-07-12 13:10:53.038 | INFO     | __main__:log_requests:44 - GET /api/asset/1 -> 200 (0.022s)
2026-07-12 13:10:56.285 | INFO     | __main__:log_requests:44 - GET /api/asset/category/list -> 200 (0.004s)
2026-07-12 13:10:56.295 | INFO     | __main__:log_requests:44 - GET /api/asset/status/list -> 200 (0.004s)
2026-07-12 13:10:56.311 | INFO     | __main__:log_requests:44 - GET /api/asset/list -> 200 (0.008s)
2026-07-12 13:10:57.606 | INFO     | __main__:log_requests:44 - GET /api/asset/2 -> 200 (0.007s)
2026-07-12 13:10:59.609 | INFO     | __main__:log_requests:44 - GET /api/asset/category/list -> 200 (0.003s)
2026-07-12 13:10:59.623 | INFO     | __main__:log_requests:44 - GET /api/asset/status/list -> 200 (0.004s)
2026-07-12 13:10:59.637 | INFO     | __main__:log_requests:44 - GET /api/asset/list -> 200 (0.007s)
2026-07-12 13:11:01.040 | INFO     | __main__:log_requests:44 - GET /api/asset/4 -> 200 (0.006s)
2026-07-12 13:11:02.057 | INFO     | __main__:log_requests:44 - GET /api/asset/category/list -> 200 (0.003s)
2026-07-12 13:11:02.066 | INFO     | __main__:log_requests:44 - GET /api/asset/status/list -> 200 (0.004s)
2026-07-12 13:11:02.081 | INFO     | __main__:log_requests:44 - GET /api/asset/list -> 200 (0.006s)
2026-07-12 13:11:07.371 | INFO     | __main__:log_requests:44 - GET /api/apply/my -> 200 (0.005s)
2026-07-12 13:11:09.149 | INFO     | __main__:log_requests:44 - GET /api/apply/8 -> 200 (0.025s)
2026-07-12 13:11:11.850 | INFO     | __main__:log_requests:44 - GET /api/apply/my -> 200 (0.005s)
2026-07-12 13:11:17.693 | INFO     | __main__:log_requests:44 - GET /api/apply/7 -> 200 (0.006s)
2026-07-12 13:11:19.037 | INFO     | __main__:log_requests:44 - GET /api/apply/my -> 200 (0.005s)
2026-07-12 13:11:20.593 | INFO     | __main__:log_requests:44 - GET /api/apply/pending -> 200 (0.005s)
2026-07-12 13:11:21.649 | INFO     | __main__:log_requests:44 - GET /api/apply/approved -> 200 (0.006s)
2026-07-12 13:11:23.560 | INFO     | __main__:log_requests:44 - GET /api/apply/pending -> 200 (0.006s)
2026-07-12 13:11:24.128 | INFO     | __main__:log_requests:44 - GET /api/apply/approved -> 200 (0.006s)
2026-07-12 13:11:25.081 | INFO     | __main__:log_requests:44 - GET /api/apply/approved -> 200 (0.005s)
2026-07-12 13:11:26.875 | INFO     | __main__:log_requests:44 - GET /api/apply/11 -> 200 (0.006s)
2026-07-12 13:11:28.785 | INFO     | __main__:log_requests:44 - GET /api/apply/approved -> 200 (0.005s)
2026-07-12 13:11:30.236 | INFO     | __main__:log_requests:44 - GET /api/apply/2 -> 200 (0.006s)
2026-07-12 13:12:02.245 | INFO     | __main__:log_requests:44 - GET /api/apply/2 -> 200 (0.007s)
2026-07-12 13:12:05.524 | INFO     | __main__:log_requests:44 - GET /api/apply/approved -> 200 (0.007s)
2026-07-12 13:12:07.245 | INFO     | __main__:log_requests:44 - GET /api/apply/7 -> 200 (0.006s)
2026-07-12 13:12:08.413 | INFO     | __main__:log_requests:44 - GET /api/apply/approved -> 200 (0.006s)
2026-07-12 13:12:09.349 | INFO     | __main__:log_requests:44 - GET /api/apply/4 -> 200 (0.005s)
2026-07-12 13:12:12.137 | INFO     | __main__:log_requests:44 - GET /api/apply/approved -> 200 (0.005s)
2026-07-12 13:12:14.629 | INFO     | __main__:log_requests:44 - GET /api/apply/11 -> 200 (0.006s)
2026-07-12 13:12:17.091 | INFO     | __main__:log_requests:44 - GET /api/apply/approved -> 200 (0.006s)
2026-07-12 13:12:18.003 | INFO     | __main__:log_requests:44 - GET /api/apply/7 -> 200 (0.006s)
2026-07-12 13:12:19.587 | INFO     | __main__:log_requests:44 - GET /api/apply/approved -> 200 (0.006s)
2026-07-12 13:12:21.100 | INFO     | __main__:log_requests:44 - GET /api/apply/1 -> 200 (0.006s)
2026-07-12 13:12:22.387 | INFO     | __main__:log_requests:44 - GET /api/apply/approved -> 200 (0.006s)
2026-07-12 13:12:23.795 | INFO     | __main__:log_requests:44 - GET /api/apply/2 -> 200 (0.006s)
2026-07-12 13:12:25.395 | INFO     | __main__:log_requests:44 - GET /api/apply/approved -> 200 (0.006s)
2026-07-12 13:12:26.755 | INFO     | __main__:log_requests:44 - GET /api/apply/3 -> 200 (0.005s)
2026-07-12 13:12:28.297 | INFO     | __main__:log_requests:44 - GET /api/apply/approved -> 200 (0.005s)
2026-07-12 13:12:29.459 | INFO     | __main__:log_requests:44 - GET /api/apply/4 -> 200 (0.005s)
2026-07-12 13:12:33.447 | INFO     | __main__:log_requests:44 - GET /api/repair/list -> 200 (0.006s)
2026-07-12 13:12:36.050 | INFO     | __main__:log_requests:44 - PUT /api/repair/accept -> 403 (0.002s)
2026-07-12 13:12:39.211 | INFO     | __main__:log_requests:44 - GET /api/repair/list -> 200 (0.006s)
2026-07-12 13:12:41.849 | INFO     | __main__:log_requests:44 - GET /api/repair/list -> 200 (0.006s)
2026-07-12 13:12:45.467 | INFO     | __main__:log_requests:44 - GET /api/repair/list -> 200 (0.006s)
2026-07-12 13:12:52.994 | INFO     | __main__:log_requests:44 - GET /api/repair/6 -> 200 (0.027s)
2026-07-12 13:12:56.347 | INFO     | __main__:log_requests:44 - GET /api/repair/list -> 200 (0.007s)
2026-07-12 13:12:57.938 | INFO     | __main__:log_requests:44 - GET /api/repair/list -> 200 (0.005s)
2026-07-12 13:12:59.573 | INFO     | __main__:log_requests:44 - GET /api/repair/6 -> 200 (0.007s)
2026-07-12 13:13:01.133 | INFO     | __main__:log_requests:44 - GET /api/repair/list -> 200 (0.007s)
2026-07-12 13:13:01.716 | INFO     | __main__:log_requests:44 - GET /api/repair/list -> 200 (0.004s)
2026-07-12 13:13:03.619 | INFO     | __main__:log_requests:44 - GET /api/repair/1 -> 200 (0.006s)
2026-07-12 13:13:08.030 | INFO     | __main__:log_requests:44 - GET /api/repair/list -> 200 (0.007s)
2026-07-12 13:13:09.076 | INFO     | __main__:log_requests:44 - GET /api/dept/tree -> 200 (0.004s)
2026-07-12 13:13:09.086 | INFO     | __main__:log_requests:44 - GET /api/repair/list -> 200 (0.004s)
2026-07-12 13:13:10.000 | INFO     | __main__:log_requests:44 - GET /api/repair/list -> 200 (0.005s)
2026-07-12 13:13:10.925 | INFO     | __main__:log_requests:44 - GET /api/repair/list -> 200 (0.004s)
2026-07-12 13:13:11.279 | INFO     | __main__:log_requests:44 - GET /api/repair/list -> 200 (0.005s)
2026-07-12 13:13:13.008 | INFO     | __main__:log_requests:44 - PUT /api/repair/college-approve -> 403 (0.001s)
2026-07-12 13:13:14.884 | INFO     | __main__:log_requests:44 - GET /api/repair/list -> 200 (0.006s)
2026-07-12 13:13:15.257 | INFO     | __main__:log_requests:44 - GET /api/repair/list -> 200 (0.005s)
2026-07-12 13:13:15.654 | INFO     | __main__:log_requests:44 - GET /api/repair/list -> 200 (0.005s)
2026-07-12 13:13:16.528 | INFO     | __main__:log_requests:44 - GET /api/dept/tree -> 200 (0.078s)
2026-07-12 13:13:16.528 | INFO     | __main__:log_requests:44 - GET /api/user/list -> 200 (0.078s)
2026-07-12 13:13:16.542 | INFO     | __main__:log_requests:44 - GET /api/check/task/list -> 200 (0.007s)
2026-07-12 13:13:18.305 | INFO     | __main__:log_requests:44 - GET /api/check/diff/3 -> 200 (0.036s)
2026-07-12 13:13:19.327 | INFO     | __main__:log_requests:44 - GET /api/dept/tree -> 200 (0.021s)
2026-07-12 13:13:19.327 | INFO     | __main__:log_requests:44 - GET /api/user/list -> 200 (0.021s)
2026-07-12 13:13:19.333 | INFO     | __main__:log_requests:44 - GET /api/check/task/list -> 200 (0.006s)
2026-07-12 13:13:20.424 | INFO     | __main__:log_requests:44 - GET /api/check/sheet/3 -> 200 (0.014s)
2026-07-12 13:13:22.683 | INFO     | __main__:log_requests:44 - GET /api/user/list -> 200 (0.019s)
2026-07-12 13:13:22.683 | INFO     | __main__:log_requests:44 - GET /api/dept/tree -> 200 (0.020s)
2026-07-12 13:13:22.694 | INFO     | __main__:log_requests:44 - GET /api/check/task/list -> 200 (0.006s)
2026-07-12 13:13:23.948 | INFO     | __main__:log_requests:44 - GET /api/check/sheet/2 -> 200 (0.007s)
2026-07-12 13:13:29.583 | INFO     | __main__:log_requests:44 - GET /api/user/list -> 200 (0.023s)
2026-07-12 13:13:29.583 | INFO     | __main__:log_requests:44 - GET /api/dept/tree -> 200 (0.024s)
2026-07-12 13:13:29.590 | INFO     | __main__:log_requests:44 - GET /api/check/task/list -> 200 (0.006s)
2026-07-12 13:13:36.052 | INFO     | __main__:log_requests:44 - GET /api/asset/status/list -> 200 (0.004s)
2026-07-12 13:13:36.073 | INFO     | __main__:log_requests:44 - GET /api/repair/list -> 200 (0.010s)
2026-07-12 13:13:36.106 | INFO     | __main__:log_requests:44 - GET /api/report/asset -> 200 (0.044s)
2026-07-12 13:13:36.106 | INFO     | __main__:log_requests:44 - GET /api/apply/pending -> 200 (0.041s)
2026-07-12 13:13:36.106 | INFO     | __main__:log_requests:44 - GET /api/report/dashboard -> 200 (0.046s)
2026-07-12 13:28:49.185 | INFO     | __main__:<module>:63 - Gateway starting on port 9900, PID=18844
2026-07-12 13:28:58.046 | INFO     | __main__:log_requests:44 - GET /api/asset/status/list -> 200 (0.125s)
2026-07-12 13:28:58.192 | INFO     | __main__:log_requests:44 - GET /api/repair/list -> 200 (0.139s)
2026-07-12 13:28:58.192 | INFO     | __main__:log_requests:44 - GET /api/apply/pending -> 200 (0.140s)
2026-07-12 13:28:58.224 | INFO     | __main__:log_requests:44 - GET /api/report/dashboard -> 200 (0.170s)
2026-07-12 13:28:58.225 | INFO     | __main__:log_requests:44 - GET /api/report/asset -> 200 (0.169s)
2026-07-12 13:29:09.039 | INFO     | __main__:log_requests:44 - GET /api/role/list -> 200 (0.046s)
2026-07-12 13:29:09.039 | INFO     | __main__:log_requests:44 - GET /api/dept/tree -> 200 (0.046s)
2026-07-12 13:29:09.081 | INFO     | __main__:log_requests:44 - GET /api/user/list -> 200 (0.036s)
2026-07-12 13:29:25.841 | INFO     | __main__:log_requests:44 - GET /api/asset/category/list -> 200 (0.018s)
2026-07-12 13:29:25.851 | INFO     | __main__:log_requests:44 - GET /api/asset/status/list -> 200 (0.004s)
2026-07-12 13:29:25.873 | INFO     | __main__:log_requests:44 - GET /api/asset/list -> 200 (0.009s)
2026-07-12 13:29:35.729 | INFO     | __main__:log_requests:44 - GET /api/apply/my -> 200 (0.007s)
2026-07-12 13:29:39.658 | INFO     | __main__:log_requests:44 - GET /api/apply/8 -> 200 (0.018s)
2026-07-12 13:29:41.573 | INFO     | __main__:log_requests:44 - GET /api/apply/my -> 200 (0.006s)
2026-07-12 13:29:43.268 | INFO     | __main__:log_requests:44 - GET /api/apply/7 -> 200 (0.005s)
2026-07-12 13:29:44.756 | INFO     | __main__:log_requests:44 - GET /api/apply/my -> 200 (0.006s)
2026-07-12 13:29:48.610 | INFO     | __main__:log_requests:44 - GET /api/apply/6 -> 200 (0.005s)
2026-07-12 13:29:50.195 | INFO     | __main__:log_requests:44 - GET /api/apply/my -> 200 (0.005s)
2026-07-12 13:29:51.904 | INFO     | __main__:log_requests:44 - GET /api/apply/pending -> 200 (0.006s)
2026-07-12 13:29:53.144 | INFO     | __main__:log_requests:44 - GET /api/apply/approved -> 200 (0.007s)
2026-07-12 13:29:55.496 | INFO     | __main__:log_requests:44 - GET /api/apply/approved -> 200 (0.005s)
2026-07-12 13:29:55.947 | INFO     | __main__:log_requests:44 - GET /api/apply/approved -> 200 (0.004s)
2026-07-12 13:29:57.635 | INFO     | __main__:log_requests:44 - GET /api/repair/list -> 200 (0.006s)
2026-07-12 13:29:59.885 | INFO     | __main__:log_requests:44 - PUT /api/repair/accept -> 403 (0.003s)
2026-07-12 13:30:00.954 | INFO     | __main__:log_requests:44 - GET /api/repair/5 -> 200 (0.023s)
2026-07-12 13:30:08.675 | INFO     | __main__:log_requests:44 - GET /api/repair/list -> 200 (0.005s)
2026-07-12 13:30:14.009 | INFO     | __main__:log_requests:44 - GET /api/repair/list -> 200 (0.005s)
2026-07-12 13:30:18.934 | INFO     | __main__:log_requests:44 - GET /api/repair/6 -> 200 (0.007s)
2026-07-12 13:30:22.197 | INFO     | __main__:log_requests:44 - GET /api/repair/list -> 200 (0.005s)
2026-07-12 13:30:23.117 | INFO     | __main__:log_requests:44 - GET /api/repair/5 -> 200 (0.007s)
2026-07-12 13:30:24.299 | INFO     | __main__:log_requests:44 - GET /api/repair/list -> 200 (0.006s)
2026-07-12 13:30:25.545 | INFO     | __main__:log_requests:44 - GET /api/repair/list -> 200 (0.006s)
2026-07-12 13:30:27.081 | INFO     | __main__:log_requests:44 - GET /api/repair/2 -> 200 (0.006s)
2026-07-12 13:30:32.036 | INFO     | __main__:log_requests:44 - GET /api/repair/list -> 200 (0.006s)
2026-07-12 13:30:33.136 | INFO     | __main__:log_requests:44 - GET /api/repair/list -> 200 (0.006s)
2026-07-12 13:30:34.356 | INFO     | __main__:log_requests:44 - GET /api/repair/1 -> 200 (0.006s)
2026-07-12 13:30:39.099 | INFO     | __main__:log_requests:44 - GET /api/repair/list -> 200 (0.006s)
2026-07-12 13:30:40.390 | INFO     | __main__:log_requests:44 - GET /api/dept/tree -> 200 (0.003s)
2026-07-12 13:30:40.403 | INFO     | __main__:log_requests:44 - GET /api/repair/list -> 200 (0.005s)
2026-07-12 13:30:42.086 | INFO     | __main__:log_requests:44 - GET /api/repair/list -> 200 (0.005s)
2026-07-12 13:30:42.794 | INFO     | __main__:log_requests:44 - GET /api/repair/list -> 200 (0.004s)
2026-07-12 13:30:44.515 | INFO     | __main__:log_requests:44 - PUT /api/repair/college-approve -> 403 (0.002s)
2026-07-12 13:30:46.725 | INFO     | __main__:log_requests:44 - GET /api/repair/list -> 200 (0.004s)
2026-07-12 13:30:47.079 | INFO     | __main__:log_requests:44 - GET /api/repair/list -> 200 (0.005s)
2026-07-12 13:30:47.656 | INFO     | __main__:log_requests:44 - GET /api/repair/list -> 200 (0.005s)
2026-07-12 13:30:50.307 | INFO     | __main__:log_requests:44 - GET /api/dept/tree -> 200 (0.021s)
2026-07-12 13:30:50.307 | INFO     | __main__:log_requests:44 - GET /api/user/list -> 200 (0.020s)
2026-07-12 13:30:50.336 | INFO     | __main__:log_requests:44 - GET /api/check/task/list -> 200 (0.022s)
2026-07-12 13:30:52.523 | INFO     | __main__:log_requests:44 - GET /api/check/sheet/3 -> 200 (0.021s)
2026-07-12 13:30:54.489 | INFO     | __main__:log_requests:44 - GET /api/dept/tree -> 200 (0.021s)
2026-07-12 13:30:54.489 | INFO     | __main__:log_requests:44 - GET /api/user/list -> 200 (0.021s)
2026-07-12 13:30:54.503 | INFO     | __main__:log_requests:44 - GET /api/check/task/list -> 200 (0.006s)
2026-07-12 13:31:26.813 | INFO     | __main__:log_requests:44 - POST /api/auth/login -> 200 (0.241s)
2026-07-12 13:31:26.822 | INFO     | __main__:log_requests:44 - GET /api/user/profile -> 200 (0.007s)
2026-07-12 13:31:26.859 | INFO     | __main__:log_requests:44 - GET /api/asset/status/list -> 200 (0.004s)
2026-07-12 13:31:26.878 | INFO     | __main__:log_requests:44 - GET /api/repair/list -> 200 (0.008s)
2026-07-12 13:31:26.878 | INFO     | __main__:log_requests:44 - GET /api/report/dashboard -> 403 (0.011s)
2026-07-12 13:31:26.878 | INFO     | __main__:log_requests:44 - GET /api/apply/pending -> 403 (0.008s)
2026-07-12 13:31:26.878 | INFO     | __main__:log_requests:44 - GET /api/report/asset -> 403 (0.010s)
2026-07-12 13:31:30.404 | INFO     | __main__:log_requests:44 - GET /api/asset/list -> 200 (0.006s)
2026-07-12 13:31:57.612 | INFO     | __main__:log_requests:44 - POST /api/repair/submit -> 200 (0.023s)
2026-07-12 13:32:05.763 | INFO     | __main__:log_requests:44 - GET /api/apply/my -> 200 (0.006s)
2026-07-12 13:35:10.704 | INFO     | __main__:log_requests:44 - POST /api/auth/login -> 200 (0.239s)
2026-07-12 13:35:10.718 | INFO     | __main__:log_requests:44 - GET /api/user/profile -> 200 (0.007s)
2026-07-12 13:35:10.760 | INFO     | __main__:log_requests:44 - GET /api/asset/status/list -> 200 (0.004s)
2026-07-12 13:35:10.785 | INFO     | __main__:log_requests:44 - GET /api/repair/list -> 200 (0.010s)
2026-07-12 13:35:10.786 | INFO     | __main__:log_requests:44 - GET /api/apply/pending -> 403 (0.010s)
2026-07-12 13:35:10.786 | INFO     | __main__:log_requests:44 - GET /api/report/dashboard -> 403 (0.014s)
2026-07-12 13:35:10.786 | INFO     | __main__:log_requests:44 - GET /api/report/asset -> 403 (0.014s)
2026-07-12 13:35:13.307 | INFO     | __main__:log_requests:44 - GET /api/apply/my -> 200 (0.005s)
2026-07-12 13:35:14.379 | INFO     | __main__:log_requests:44 - GET /api/repair/list -> 200 (0.006s)
2026-07-12 13:35:15.217 | INFO     | __main__:log_requests:44 - GET /api/repair/list -> 200 (0.005s)
2026-07-12 13:35:15.697 | INFO     | __main__:log_requests:44 - GET /api/repair/list -> 200 (0.005s)
2026-07-12 13:35:23.107 | INFO     | __main__:log_requests:44 - GET /api/asset/list -> 200 (0.005s)
2026-07-12 13:35:56.502 | INFO     | __main__:log_requests:44 - POST /api/apply/borrow -> 200 (0.007s)
2026-07-12 13:36:00.404 | INFO     | __main__:log_requests:44 - POST /api/apply/borrow -> 200 (0.007s)
2026-07-12 13:36:28.183 | INFO     | __main__:log_requests:44 - POST /api/apply/borrow -> 200 (0.006s)
2026-07-12 13:39:40.129 | INFO     | __main__:<module>:63 - Gateway starting on port 9900, PID=13504
2026-07-12 13:39:43.884 | INFO     | __main__:log_requests:44 - POST /api/apply/borrow -> 200 (0.149s)
2026-07-12 13:41:47.906 | INFO     | __main__:<module>:63 - Gateway starting on port 9900, PID=26368
2026-07-12 13:41:51.403 | ERROR    | __main__:global_exception_handler:50 - Unhandled exception on POST /api/apply/borrow
Traceback (most recent call last):

  File "D:\__lybix__\_Codes\FAMS-NEPU\platform\server\services\svr_gateway\main.py", line 64, in <module>
    uvicorn.run(app, host="0.0.0.0", port=gateway_config.HTTP_PORT)
    │       │   │                         │              └ 9900
    │       │   │                         └ <services.svr_gateway.config.GatewayConfig object at 0x0000016918012E50>
    │       │   └ <fastapi.applications.FastAPI object at 0x0000016919F39FD0>
    │       └ <function run at 0x0000016916DCFD80>
    └ <module 'uvicorn' from 'D:\\__lybix__\\DEVTools\\miniconda3\\envs\\fams\\Lib\\site-packages\\uvicorn\\__init__.py'>

  File "D:\__lybix__\DEVTools\miniconda3\envs\fams\Lib\site-packages\uvicorn\main.py", line 621, in run
    server.run()
    │      └ <function Server.run at 0x0000016916F40860>
    └ <uvicorn.server.Server object at 0x0000016919D1C910>
  File "D:\__lybix__\DEVTools\miniconda3\envs\fams\Lib\site-packages\uvicorn\server.py", line 74, in run
    return asyncio_run(self.serve(sockets=sockets), loop_factory=self.config.get_loop_factory())
           │           │    │             │                      │    │      └ <function Config.get_loop_factory at 0x0000016916DCD1C0>
           │           │    │             │                      │    └ <uvicorn.config.Config object at 0x00000169199F3150>
           │           │    │             │                      └ <uvicorn.server.Server object at 0x0000016919D1C910>
           │           │    │             └ None
           │           │    └ <function Server.serve at 0x0000016916F40900>
           │           └ <uvicorn.server.Server object at 0x0000016919D1C910>
           └ <function asyncio_run at 0x0000016916D57740>
  File "D:\__lybix__\DEVTools\miniconda3\envs\fams\Lib\site-packages\uvicorn\_compat.py", line 30, in asyncio_run
    return runner.run(main)
           │      │   └ <coroutine object Server.serve at 0x0000016919F68220>
           │      └ <function Runner.run at 0x00000169167B3560>
           └ <asyncio.runners.Runner object at 0x0000016919E67490>
  File "D:\__lybix__\DEVTools\miniconda3\envs\fams\Lib\asyncio\runners.py", line 118, in run
    return self._loop.run_until_complete(task)
           │    │     │                  └ <Task pending name='Task-1' coro=<Server.serve() running at D:\__lybix__\DEVTools\miniconda3\envs\fams\Lib\site-packages\uvic...
           │    │     └ <function BaseEventLoop.run_until_complete at 0x00000169167B1120>
           │    └ <ProactorEventLoop running=True closed=False debug=False>
           └ <asyncio.runners.Runner object at 0x0000016919E67490>
  File "D:\__lybix__\DEVTools\miniconda3\envs\fams\Lib\asyncio\base_events.py", line 637, in run_until_complete
    self.run_forever()
    │    └ <function ProactorEventLoop.run_forever at 0x0000016916888860>
    └ <ProactorEventLoop running=True closed=False debug=False>
  File "D:\__lybix__\DEVTools\miniconda3\envs\fams\Lib\asyncio\windows_events.py", line 321, in run_forever
    super().run_forever()
  File "D:\__lybix__\DEVTools\miniconda3\envs\fams\Lib\asyncio\base_events.py", line 604, in run_forever
    self._run_once()
    │    └ <function BaseEventLoop._run_once at 0x00000169167B2E80>
    └ <ProactorEventLoop running=True closed=False debug=False>
  File "D:\__lybix__\DEVTools\miniconda3\envs\fams\Lib\asyncio\base_events.py", line 1909, in _run_once
    handle._run()
    │      └ <function Handle._run at 0x00000169166F53A0>
    └ <Handle Task.task_wakeup(<Future finished result=None>)>
  File "D:\__lybix__\DEVTools\miniconda3\envs\fams\Lib\asyncio\events.py", line 80, in _run
    self._context.run(self._callback, *self._args)
    │    │            │    │           │    └ <member '_args' of 'Handle' objects>
    │    │            │    │           └ <Handle Task.task_wakeup(<Future finished result=None>)>
    │    │            │    └ <member '_callback' of 'Handle' objects>
    │    │            └ <Handle Task.task_wakeup(<Future finished result=None>)>
    │    └ <member '_context' of 'Handle' objects>
    └ <Handle Task.task_wakeup(<Future finished result=None>)>
  File "D:\__lybix__\DEVTools\miniconda3\envs\fams\Lib\site-packages\uvicorn\protocols\http\httptools_impl.py", line 422, in run_asgi
    result = await app(  # type: ignore[func-returns-value]
                   └ <uvicorn.middleware.proxy_headers.ProxyHeadersMiddleware object at 0x0000016919F3C0D0>
  File "D:\__lybix__\DEVTools\miniconda3\envs\fams\Lib\site-packages\uvicorn\middleware\proxy_headers.py", line 63, in __call__
    return await self.app(scope, receive, send)
                 │    │   │      │        └ <bound method RequestResponseCycle.send of <uvicorn.protocols.http.httptools_impl.RequestResponseCycle object at 0x0000016919...
                 │    │   │      └ <bound method RequestResponseCycle.receive of <uvicorn.protocols.http.httptools_impl.RequestResponseCycle object at 0x0000016...
                 │    │   └ {'type': 'http', 'asgi': {'version': '3.0', 'spec_version': '2.3'}, 'http_version': '1.1', 'server': ('127.0.0.1', 9900), 'cl...
                 │    └ <fastapi.applications.FastAPI object at 0x0000016919F39FD0>
                 └ <uvicorn.middleware.proxy_headers.ProxyHeadersMiddleware object at 0x0000016919F3C0D0>
  File "D:\__lybix__\DEVTools\miniconda3\envs\fams\Lib\site-packages\fastapi\applications.py", line 1163, in __call__
    await super().__call__(scope, receive, send)
                           │      │        └ <bound method RequestResponseCycle.send of <uvicorn.protocols.http.httptools_impl.RequestResponseCycle object at 0x0000016919...
                           │      └ <bound method RequestResponseCycle.receive of <uvicorn.protocols.http.httptools_impl.RequestResponseCycle object at 0x0000016...
                           └ {'type': 'http', 'asgi': {'version': '3.0', 'spec_version': '2.3'}, 'http_version': '1.1', 'server': ('127.0.0.1', 9900), 'cl...
  File "D:\__lybix__\DEVTools\miniconda3\envs\fams\Lib\site-packages\starlette\applications.py", line 90, in __call__
    await self.middleware_stack(scope, receive, send)
          │    │                │      │        └ <bound method RequestResponseCycle.send of <uvicorn.protocols.http.httptools_impl.RequestResponseCycle object at 0x0000016919...
          │    │                │      └ <bound method RequestResponseCycle.receive of <uvicorn.protocols.http.httptools_impl.RequestResponseCycle object at 0x0000016...
          │    │                └ {'type': 'http', 'asgi': {'version': '3.0', 'spec_version': '2.3'}, 'http_version': '1.1', 'server': ('127.0.0.1', 9900), 'cl...
          │    └ <starlette.middleware.errors.ServerErrorMiddleware object at 0x0000016919E27A90>
          └ <fastapi.applications.FastAPI object at 0x0000016919F39FD0>
> File "D:\__lybix__\DEVTools\miniconda3\envs\fams\Lib\site-packages\starlette\middleware\errors.py", line 164, in __call__
    await self.app(scope, receive, _send)
          │    │   │      │        └ <function ServerErrorMiddleware.__call__.<locals>._send at 0x0000016919FF04A0>
          │    │   │      └ <bound method RequestResponseCycle.receive of <uvicorn.protocols.http.httptools_impl.RequestResponseCycle object at 0x0000016...
          │    │   └ {'type': 'http', 'asgi': {'version': '3.0', 'spec_version': '2.3'}, 'http_version': '1.1', 'server': ('127.0.0.1', 9900), 'cl...
          │    └ <starlette.middleware.base.BaseHTTPMiddleware object at 0x0000016919FE9ED0>
          └ <starlette.middleware.errors.ServerErrorMiddleware object at 0x0000016919E27A90>
  File "D:\__lybix__\DEVTools\miniconda3\envs\fams\Lib\contextlib.py", line 222, in __aexit__
    await self.gen.athrow(typ, value, traceback)
          │    │   │      │    │      └ <traceback object at 0x000001691A2C9F00>
          │    │   │      │    └ KeyError('status')
          │    │   │      └ <class 'KeyError'>
          │    │   └ <method 'athrow' of 'async_generator' objects>
          │    └ <async_generator object create_collapsing_task_group at 0x0000016919F82840>
          └ <contextlib._AsyncGeneratorContextManager object at 0x000001691A016990>
  File "D:\__lybix__\DEVTools\miniconda3\envs\fams\Lib\site-packages\starlette\_utils.py", line 93, in create_collapsing_task_group
    raise exc from exc.__cause__ or context
          │        │   │            └ None
          │        │   └ <attribute '__cause__' of 'BaseException' objects>
          │        └ KeyError('status')
          └ KeyError('status')
  File "D:\__lybix__\DEVTools\miniconda3\envs\fams\Lib\site-packages\starlette\_utils.py", line 86, in create_collapsing_task_group
    yield tg
          └ <anyio._backends._asyncio.TaskGroup object at 0x000001691A016A90>
  File "D:\__lybix__\DEVTools\miniconda3\envs\fams\Lib\site-packages\starlette\middleware\base.py", line 193, in __call__
    response = await self.dispatch_func(request, call_next)
                     │    │             │        └ <function BaseHTTPMiddleware.__call__.<locals>.call_next at 0x0000016919FF0540>
                     │    │             └ <starlette.middleware.base._CachedRequest object at 0x0000016919FEAD50>
                     │    └ <function log_requests at 0x0000016919F62A20>
                     └ <starlette.middleware.base.BaseHTTPMiddleware object at 0x0000016919FE9ED0>

  File "D:\__lybix__\_Codes\FAMS-NEPU\platform\server\services\svr_gateway\main.py", line 42, in log_requests
    response = await call_next(request)
                     │         └ <starlette.middleware.base._CachedRequest object at 0x0000016919FEAD50>
                     └ <function BaseHTTPMiddleware.__call__.<locals>.call_next at 0x0000016919FF0540>

  File "D:\__lybix__\DEVTools\miniconda3\envs\fams\Lib\site-packages\starlette\middleware\base.py", line 168, in call_next
    raise app_exc from app_exc.__cause__ or app_exc.__context__
          │            │       │            │       └ <attribute '__context__' of 'BaseException' objects>
          │            │       │            └ KeyError('status')
          │            │       └ <attribute '__cause__' of 'BaseException' objects>
          │            └ KeyError('status')
          └ KeyError('status')
  File "D:\__lybix__\DEVTools\miniconda3\envs\fams\Lib\site-packages\starlette\middleware\base.py", line 144, in coro
    await self.app(scope, receive_or_disconnect, send_no_error)
          │    │   │      │                      └ <function BaseHTTPMiddleware.__call__.<locals>.call_next.<locals>.send_no_error at 0x0000016919FF1620>
          │    │   │      └ <function BaseHTTPMiddleware.__call__.<locals>.call_next.<locals>.receive_or_disconnect at 0x0000016919FF1440>
          │    │   └ {'type': 'http', 'asgi': {'version': '3.0', 'spec_version': '2.3'}, 'http_version': '1.1', 'server': ('127.0.0.1', 9900), 'cl...
          │    └ <starlette.middleware.cors.CORSMiddleware object at 0x0000016919FE9E10>
          └ <starlette.middleware.base.BaseHTTPMiddleware object at 0x0000016919FE9ED0>
  File "D:\__lybix__\DEVTools\miniconda3\envs\fams\Lib\site-packages\starlette\middleware\cors.py", line 96, in __call__
    await self.simple_response(scope, receive, send, request_headers=headers)
          │    │               │      │        │                     └ Headers({'host': '127.0.0.1:9900', 'connection': 'close', 'content-length': '141', 'sec-ch-ua-platform': '"Windows"', 'author...
          │    │               │      │        └ <function BaseHTTPMiddleware.__call__.<locals>.call_next.<locals>.send_no_error at 0x0000016919FF1620>
          │    │               │      └ <function BaseHTTPMiddleware.__call__.<locals>.call_next.<locals>.receive_or_disconnect at 0x0000016919FF1440>
          │    │               └ {'type': 'http', 'asgi': {'version': '3.0', 'spec_version': '2.3'}, 'http_version': '1.1', 'server': ('127.0.0.1', 9900), 'cl...
          │    └ <function CORSMiddleware.simple_response at 0x0000016917FFD080>
          └ <starlette.middleware.cors.CORSMiddleware object at 0x0000016919FE9E10>
  File "D:\__lybix__\DEVTools\miniconda3\envs\fams\Lib\site-packages\starlette\middleware\cors.py", line 154, in simple_response
    await self.app(scope, receive, send)
          │    │   │      │        └ functools.partial(<bound method CORSMiddleware.send of <starlette.middleware.cors.CORSMiddleware object at 0x0000016919FE9E10...
          │    │   │      └ <function BaseHTTPMiddleware.__call__.<locals>.call_next.<locals>.receive_or_disconnect at 0x0000016919FF1440>
          │    │   └ {'type': 'http', 'asgi': {'version': '3.0', 'spec_version': '2.3'}, 'http_version': '1.1', 'server': ('127.0.0.1', 9900), 'cl...
          │    └ <starlette.middleware.exceptions.ExceptionMiddleware object at 0x0000016919FE9D90>
          └ <starlette.middleware.cors.CORSMiddleware object at 0x0000016919FE9E10>
  File "D:\__lybix__\DEVTools\miniconda3\envs\fams\Lib\site-packages\starlette\middleware\exceptions.py", line 63, in __call__
    await wrap_app_handling_exceptions(self.app, conn)(scope, receive, send)
          │                            │    │    │     │      │        └ functools.partial(<bound method CORSMiddleware.send of <starlette.middleware.cors.CORSMiddleware object at 0x0000016919FE9E10...
          │                            │    │    │     │      └ <function BaseHTTPMiddleware.__call__.<locals>.call_next.<locals>.receive_or_disconnect at 0x0000016919FF1440>
          │                            │    │    │     └ {'type': 'http', 'asgi': {'version': '3.0', 'spec_version': '2.3'}, 'http_version': '1.1', 'server': ('127.0.0.1', 9900), 'cl...
          │                            │    │    └ <starlette.requests.Request object at 0x0000016919FEAED0>
          │                            │    └ <fastapi.middleware.asyncexitstack.AsyncExitStackMiddleware object at 0x0000016919FE9D10>
          │                            └ <starlette.middleware.exceptions.ExceptionMiddleware object at 0x0000016919FE9D90>
          └ <function wrap_app_handling_exceptions at 0x0000016917EFF100>
  File "D:\__lybix__\DEVTools\miniconda3\envs\fams\Lib\site-packages\starlette\_exception_handler.py", line 53, in wrapped_app
    raise exc
  File "D:\__lybix__\DEVTools\miniconda3\envs\fams\Lib\site-packages\starlette\_exception_handler.py", line 42, in wrapped_app
    await app(scope, receive, sender)
          │   │      │        └ <function wrap_app_handling_exceptions.<locals>.wrapped_app.<locals>.sender at 0x000001691A06A840>
          │   │      └ <function BaseHTTPMiddleware.__call__.<locals>.call_next.<locals>.receive_or_disconnect at 0x0000016919FF1440>
          │   └ {'type': 'http', 'asgi': {'version': '3.0', 'spec_version': '2.3'}, 'http_version': '1.1', 'server': ('127.0.0.1', 9900), 'cl...
          └ <fastapi.middleware.asyncexitstack.AsyncExitStackMiddleware object at 0x0000016919FE9D10>
  File "D:\__lybix__\DEVTools\miniconda3\envs\fams\Lib\site-packages\fastapi\middleware\asyncexitstack.py", line 18, in __call__
    await self.app(scope, receive, send)
          │    │   │      │        └ <function wrap_app_handling_exceptions.<locals>.wrapped_app.<locals>.sender at 0x000001691A06A840>
          │    │   │      └ <function BaseHTTPMiddleware.__call__.<locals>.call_next.<locals>.receive_or_disconnect at 0x0000016919FF1440>
          │    │   └ {'type': 'http', 'asgi': {'version': '3.0', 'spec_version': '2.3'}, 'http_version': '1.1', 'server': ('127.0.0.1', 9900), 'cl...
          │    └ <fastapi.routing.APIRouter object at 0x0000016919F3A350>
          └ <fastapi.middleware.asyncexitstack.AsyncExitStackMiddleware object at 0x0000016919FE9D10>
  File "D:\__lybix__\DEVTools\miniconda3\envs\fams\Lib\site-packages\starlette\routing.py", line 660, in __call__
    await self.middleware_stack(scope, receive, send)
          │    │                │      │        └ <function wrap_app_handling_exceptions.<locals>.wrapped_app.<locals>.sender at 0x000001691A06A840>
          │    │                │      └ <function BaseHTTPMiddleware.__call__.<locals>.call_next.<locals>.receive_or_disconnect at 0x0000016919FF1440>
          │    │                └ {'type': 'http', 'asgi': {'version': '3.0', 'spec_version': '2.3'}, 'http_version': '1.1', 'server': ('127.0.0.1', 9900), 'cl...
          │    └ <bound method APIRouter.app of <fastapi.routing.APIRouter object at 0x0000016919F3A350>>
          └ <fastapi.routing.APIRouter object at 0x0000016919F3A350>
  File "D:\__lybix__\DEVTools\miniconda3\envs\fams\Lib\site-packages\fastapi\routing.py", line 2683, in app
    await route.handle(scope, receive, send)
          │     │      │      │        └ <function wrap_app_handling_exceptions.<locals>.wrapped_app.<locals>.sender at 0x000001691A06A840>
          │     │      │      └ <function BaseHTTPMiddleware.__call__.<locals>.call_next.<locals>.receive_or_disconnect at 0x0000016919FF1440>
          │     │      └ {'type': 'http', 'asgi': {'version': '3.0', 'spec_version': '2.3'}, 'http_version': '1.1', 'server': ('127.0.0.1', 9900), 'cl...
          │     └ <function _IncludedRouter.handle at 0x0000016917F41BC0>
          └ _IncludedRouter(original_router=<fastapi.routing.APIRouter object at 0x00000169199EB410>, include_context=_RouterIncludeConte...
  File "D:\__lybix__\DEVTools\miniconda3\envs\fams\Lib\site-packages\fastapi\routing.py", line 1753, in handle
    await self.original_router.handle(scope, receive, send)
          │    │               │      │      │        └ <function wrap_app_handling_exceptions.<locals>.wrapped_app.<locals>.sender at 0x000001691A06A840>
          │    │               │      │      └ <function BaseHTTPMiddleware.__call__.<locals>.call_next.<locals>.receive_or_disconnect at 0x0000016919FF1440>
          │    │               │      └ {'type': 'http', 'asgi': {'version': '3.0', 'spec_version': '2.3'}, 'http_version': '1.1', 'server': ('127.0.0.1', 9900), 'cl...
          │    │               └ <function APIRouter.handle at 0x0000016917F43BA0>
          │    └ <fastapi.routing.APIRouter object at 0x00000169199EB410>
          └ _IncludedRouter(original_router=<fastapi.routing.APIRouter object at 0x00000169199EB410>, include_context=_RouterIncludeConte...
  File "D:\__lybix__\DEVTools\miniconda3\envs\fams\Lib\site-packages\fastapi\routing.py", line 2738, in handle
    await included_router._handle_selected(scope, receive, send)
          │               │                │      │        └ <function wrap_app_handling_exceptions.<locals>.wrapped_app.<locals>.sender at 0x000001691A06A840>
          │               │                │      └ <function BaseHTTPMiddleware.__call__.<locals>.call_next.<locals>.receive_or_disconnect at 0x0000016919FF1440>
          │               │                └ {'type': 'http', 'asgi': {'version': '3.0', 'spec_version': '2.3'}, 'http_version': '1.1', 'server': ('127.0.0.1', 9900), 'cl...
          │               └ <function _IncludedRouter._handle_selected at 0x0000016917F41C60>
          └ _IncludedRouter(original_router=<fastapi.routing.APIRouter object at 0x00000169199EB410>, include_context=_RouterIncludeConte...
  File "D:\__lybix__\DEVTools\miniconda3\envs\fams\Lib\site-packages\fastapi\routing.py", line 1773, in _handle_selected
    await original_route.handle(scope, receive, send)
          │              │      │      │        └ <function wrap_app_handling_exceptions.<locals>.wrapped_app.<locals>.sender at 0x000001691A06A840>
          │              │      │      └ <function BaseHTTPMiddleware.__call__.<locals>.call_next.<locals>.receive_or_disconnect at 0x0000016919FF1440>
          │              │      └ {'type': 'http', 'asgi': {'version': '3.0', 'spec_version': '2.3'}, 'http_version': '1.1', 'server': ('127.0.0.1', 9900), 'cl...
          │              └ <function APIRoute.handle at 0x0000016917F2FCE0>
          └ APIRoute(path='/api/apply/borrow', name='apply_borrow', methods=['POST'])
  File "D:\__lybix__\DEVTools\miniconda3\envs\fams\Lib\site-packages\fastapi\routing.py", line 1264, in handle
    await app(scope, receive, send)
          │   │      │        └ <function wrap_app_handling_exceptions.<locals>.wrapped_app.<locals>.sender at 0x000001691A06A840>
          │   │      └ <function BaseHTTPMiddleware.__call__.<locals>.call_next.<locals>.receive_or_disconnect at 0x0000016919FF1440>
          │   └ {'type': 'http', 'asgi': {'version': '3.0', 'spec_version': '2.3'}, 'http_version': '1.1', 'server': ('127.0.0.1', 9900), 'cl...
          └ <function request_response.<locals>.app at 0x000001691A06A980>
  File "D:\__lybix__\DEVTools\miniconda3\envs\fams\Lib\site-packages\fastapi\routing.py", line 150, in app
    await wrap_app_handling_exceptions(app, request)(scope, receive, send)
          │                            │    │        │      │        └ <function wrap_app_handling_exceptions.<locals>.wrapped_app.<locals>.sender at 0x000001691A06A840>
          │                            │    │        │      └ <function BaseHTTPMiddleware.__call__.<locals>.call_next.<locals>.receive_or_disconnect at 0x0000016919FF1440>
          │                            │    │        └ {'type': 'http', 'asgi': {'version': '3.0', 'spec_version': '2.3'}, 'http_version': '1.1', 'server': ('127.0.0.1', 9900), 'cl...
          │                            │    └ <starlette.requests.Request object at 0x000001691A128290>
          │                            └ <function request_response.<locals>.app.<locals>.app at 0x000001691A06AB60>
          └ <function wrap_app_handling_exceptions at 0x0000016917EFF100>
  File "D:\__lybix__\DEVTools\miniconda3\envs\fams\Lib\site-packages\starlette\_exception_handler.py", line 53, in wrapped_app
    raise exc
  File "D:\__lybix__\DEVTools\miniconda3\envs\fams\Lib\site-packages\starlette\_exception_handler.py", line 42, in wrapped_app
    await app(scope, receive, sender)
          │   │      │        └ <function wrap_app_handling_exceptions.<locals>.wrapped_app.<locals>.sender at 0x000001691A06ACA0>
          │   │      └ <function BaseHTTPMiddleware.__call__.<locals>.call_next.<locals>.receive_or_disconnect at 0x0000016919FF1440>
          │   └ {'type': 'http', 'asgi': {'version': '3.0', 'spec_version': '2.3'}, 'http_version': '1.1', 'server': ('127.0.0.1', 9900), 'cl...
          └ <function request_response.<locals>.app.<locals>.app at 0x000001691A06AB60>
  File "D:\__lybix__\DEVTools\miniconda3\envs\fams\Lib\site-packages\fastapi\routing.py", line 136, in app
    response = await f(request)
                     │ └ <starlette.requests.Request object at 0x000001691A128290>
                     └ <function get_request_handler.<locals>.app at 0x000001691A06AAC0>
  File "D:\__lybix__\DEVTools\miniconda3\envs\fams\Lib\site-packages\fastapi\routing.py", line 690, in app
    raw_response = await run_endpoint_function(
                         └ <function run_endpoint_function at 0x0000016917F2EF20>
  File "D:\__lybix__\DEVTools\miniconda3\envs\fams\Lib\site-packages\fastapi\routing.py", line 344, in run_endpoint_function
    return await dependant.call(**values)
                 │         │      └ {'current_user': {'user_id': 11, 'username': 'csstu002', 'dept_id': 2, 'role_keys': ['user'], 'exp': 1783920910, 'iat': 17838...
                 │         └ <function apply_borrow at 0x0000016919E55580>
                 └ Dependant(path_params=[], query_params=[], header_params=[], cookie_params=[], body_params=[ModelField(field_info=Body(Pydant...

  File "D:\__lybix__\_Codes\FAMS-NEPU\platform\server\services\svr_gateway\routes.py", line 467, in apply_borrow
    return await _submit_apply_internal("BORROW", request, data, current_user)
                 │                                │        │     └ {'user_id': 11, 'username': 'csstu002', 'dept_id': 2, 'role_keys': ['user'], 'exp': 1783920910, 'iat': 1783834510}
                 │                                │        └ {'apply_type': 'BORROW', 'asset_id': 8, 'reason': '招生活动举办，需要借用办公桌椅', 'expect_return_time': '2026-07-13 05:35:51', 'applicant_...
                 │                                └ <starlette.requests.Request object at 0x000001691A128290>
                 └ <function _submit_apply_internal at 0x0000016919D25120>

  File "D:\__lybix__\_Codes\FAMS-NEPU\platform\server\services\svr_gateway\routes.py", line 455, in _submit_apply_internal
    result = logic.submit_apply(data)
             │     │            └ {'apply_type': 'BORROW', 'asset_id': 8, 'reason': '招生活动举办，需要借用办公桌椅', 'expect_return_time': '2026-07-13 05:35:51', 'applicant_...
             │     └ <function ApplyLogic.submit_apply at 0x0000016919C7C7C0>
             └ <data.logic.apply_logic.ApplyLogic object at 0x00000169199E8B10>

  File "D:\__lybix__\_Codes\FAMS-NEPU\platform\server\data\logic\apply_logic.py", line 154, in submit_apply
    self._sync_asset_status(
    │    └ <function ApplyLogic._sync_asset_status at 0x0000016919C7C720>
    └ <data.logic.apply_logic.ApplyLogic object at 0x00000169199E8B10>

  File "D:\__lybix__\_Codes\FAMS-NEPU\platform\server\data\logic\apply_logic.py", line 128, in _sync_asset_status
    if asset["status"] != target_status or asset.get("user_id", 0) != target_user:
       │                  │                │     │                    └ 0
       │                  │                │     └ <method 'get' of 'dict' objects>
       │                  │                └ {'asset_id': 8, 'asset_code': 'NEPU-2024-008', 'asset_name': '办公桌椅套装', 'spec': 'BGY-001', 'category_id': 6, 'category_name': ...
       │                  └ 5
       └ {'asset_id': 8, 'asset_code': 'NEPU-2024-008', 'asset_name': '办公桌椅套装', 'spec': 'BGY-001', 'category_id': 6, 'category_name': ...

KeyError: 'status'
2026-07-12 13:43:40.521 | INFO     | __main__:<module>:63 - Gateway starting on port 9900, PID=9744
2026-07-12 13:43:43.236 | INFO     | __main__:log_requests:44 - POST /api/apply/borrow -> 200 (0.256s)
2026-07-12 13:44:27.537 | INFO     | __main__:log_requests:44 - GET /api/apply/my -> 200 (0.007s)
2026-07-12 13:44:31.652 | INFO     | __main__:log_requests:44 - GET /api/apply/13 -> 200 (0.007s)
2026-07-12 13:44:34.561 | INFO     | __main__:log_requests:44 - GET /api/apply/my -> 200 (0.007s)
2026-07-12 13:44:36.509 | INFO     | __main__:log_requests:44 - GET /api/repair/list -> 200 (0.023s)
2026-07-12 13:44:39.181 | INFO     | __main__:log_requests:44 - GET /api/asset/status/list -> 200 (0.004s)
2026-07-12 13:44:39.197 | INFO     | __main__:log_requests:44 - GET /api/repair/list -> 200 (0.009s)
2026-07-12 13:44:39.203 | INFO     | __main__:log_requests:44 - GET /api/report/dashboard -> 403 (0.014s)
2026-07-12 13:44:39.204 | INFO     | __main__:log_requests:44 - GET /api/apply/pending -> 403 (0.009s)
2026-07-12 13:44:39.205 | INFO     | __main__:log_requests:44 - GET /api/report/asset -> 403 (0.012s)
2026-07-12 13:44:46.282 | INFO     | __main__:log_requests:44 - POST /api/auth/login -> 200 (0.280s)
2026-07-12 13:44:46.287 | INFO     | __main__:log_requests:44 - GET /api/user/profile -> 200 (0.006s)
2026-07-12 13:44:46.326 | INFO     | __main__:log_requests:44 - GET /api/asset/status/list -> 200 (0.004s)
2026-07-12 13:44:46.426 | INFO     | __main__:log_requests:44 - GET /api/report/dashboard -> 200 (0.092s)
2026-07-12 13:44:46.426 | INFO     | __main__:log_requests:44 - GET /api/repair/list -> 200 (0.088s)
2026-07-12 13:44:46.461 | INFO     | __main__:log_requests:44 - GET /api/report/asset -> 200 (0.122s)
2026-07-12 13:44:46.462 | INFO     | __main__:log_requests:44 - GET /api/apply/pending -> 200 (0.038s)
2026-07-12 13:44:55.661 | INFO     | __main__:log_requests:44 - GET /api/apply/13 -> 200 (0.006s)
2026-07-12 13:44:57.122 | INFO     | __main__:log_requests:44 - GET /api/asset/status/list -> 200 (0.004s)
2026-07-12 13:44:57.149 | INFO     | __main__:log_requests:44 - GET /api/report/dashboard -> 200 (0.022s)
2026-07-12 13:44:57.149 | INFO     | __main__:log_requests:44 - GET /api/repair/list -> 200 (0.021s)
2026-07-12 13:44:57.163 | INFO     | __main__:log_requests:44 - GET /api/report/asset -> 200 (0.035s)
2026-07-12 13:44:57.163 | INFO     | __main__:log_requests:44 - GET /api/apply/pending -> 200 (0.020s)
2026-07-12 13:44:59.953 | INFO     | __main__:log_requests:44 - GET /api/asset/category/list -> 200 (0.022s)
2026-07-12 13:44:59.960 | INFO     | __main__:log_requests:44 - GET /api/asset/status/list -> 200 (0.003s)
2026-07-12 13:44:59.976 | INFO     | __main__:log_requests:44 - GET /api/asset/list -> 200 (0.007s)
2026-07-12 13:45:05.322 | INFO     | __main__:log_requests:44 - GET /api/apply/my -> 200 (0.005s)
2026-07-12 13:45:06.296 | INFO     | __main__:log_requests:44 - GET /api/apply/pending -> 200 (0.008s)
2026-07-12 13:45:07.396 | INFO     | __main__:log_requests:44 - GET /api/apply/approved -> 200 (0.007s)
2026-07-12 13:45:08.911 | INFO     | __main__:log_requests:44 - GET /api/repair/list -> 200 (0.006s)
2026-07-12 13:45:09.337 | INFO     | __main__:log_requests:44 - GET /api/dept/tree -> 200 (0.004s)
2026-07-12 13:45:09.343 | INFO     | __main__:log_requests:44 - GET /api/repair/list -> 200 (0.004s)
2026-07-12 13:45:10.821 | INFO     | __main__:log_requests:44 - GET /api/repair/list -> 200 (0.005s)
2026-07-12 13:45:11.134 | INFO     | __main__:log_requests:44 - GET /api/repair/list -> 200 (0.005s)
2026-07-12 13:45:11.405 | INFO     | __main__:log_requests:44 - GET /api/repair/list -> 200 (0.005s)
2026-07-12 13:45:13.638 | INFO     | __main__:log_requests:44 - GET /api/apply/pending -> 200 (0.006s)
2026-07-12 13:45:39.251 | INFO     | __main__:log_requests:44 - PUT /api/apply/approve -> 200 (0.058s)
2026-07-12 13:45:39.267 | INFO     | __main__:log_requests:44 - GET /api/apply/pending -> 200 (0.005s)
2026-07-12 13:45:42.174 | INFO     | __main__:log_requests:44 - GET /api/apply/pending -> 200 (0.006s)
2026-07-12 13:45:46.557 | INFO     | __main__:log_requests:44 - PUT /api/apply/approve -> 200 (0.085s)
2026-07-12 13:45:46.576 | INFO     | __main__:log_requests:44 - GET /api/apply/pending -> 200 (0.005s)
2026-07-12 13:45:51.418 | INFO     | __main__:log_requests:44 - GET /api/apply/pending -> 200 (0.007s)
2026-07-12 13:45:52.230 | INFO     | __main__:log_requests:44 - GET /api/apply/approved -> 200 (0.006s)
2026-07-12 13:45:54.116 | INFO     | __main__:log_requests:44 - GET /api/apply/approved -> 200 (0.007s)
2026-07-12 13:45:55.890 | INFO     | __main__:log_requests:44 - GET /api/apply/approved -> 200 (0.006s)
2026-07-12 13:45:57.832 | INFO     | __main__:log_requests:44 - GET /api/apply/approved -> 200 (0.005s)
2026-07-12 13:45:58.248 | INFO     | __main__:log_requests:44 - GET /api/apply/approved -> 200 (0.005s)
2026-07-12 13:46:01.382 | INFO     | __main__:log_requests:44 - GET /api/apply/approved -> 200 (0.005s)
2026-07-12 13:46:02.412 | INFO     | __main__:log_requests:44 - GET /api/apply/13 -> 200 (0.006s)
2026-07-12 13:50:07.476 | INFO     | __main__:log_requests:44 - GET /api/asset/status/list -> 200 (0.004s)
2026-07-12 13:50:07.508 | INFO     | __main__:log_requests:44 - GET /api/repair/list -> 200 (0.024s)
2026-07-12 13:50:07.517 | INFO     | __main__:log_requests:44 - GET /api/apply/pending -> 200 (0.034s)
2026-07-12 13:50:07.517 | INFO     | __main__:log_requests:44 - GET /api/report/dashboard -> 200 (0.037s)
2026-07-12 13:50:07.517 | INFO     | __main__:log_requests:44 - GET /api/report/asset -> 200 (0.036s)
2026-07-12 13:50:13.209 | INFO     | __main__:log_requests:44 - POST /api/auth/login -> 200 (0.233s)
2026-07-12 13:50:13.216 | INFO     | __main__:log_requests:44 - GET /api/user/profile -> 200 (0.006s)
2026-07-12 13:50:13.267 | INFO     | __main__:log_requests:44 - GET /api/asset/status/list -> 200 (0.004s)
2026-07-12 13:50:13.281 | INFO     | __main__:log_requests:44 - GET /api/report/dashboard -> 403 (0.005s)
2026-07-12 13:50:13.287 | INFO     | __main__:log_requests:44 - GET /api/repair/list -> 200 (0.009s)
2026-07-12 13:50:13.287 | INFO     | __main__:log_requests:44 - GET /api/apply/pending -> 403 (0.009s)
2026-07-12 13:50:13.287 | INFO     | __main__:log_requests:44 - GET /api/report/asset -> 403 (0.012s)
2026-07-12 13:50:15.960 | INFO     | __main__:log_requests:44 - GET /api/apply/my -> 200 (0.005s)
2026-07-12 13:50:17.640 | INFO     | __main__:log_requests:44 - GET /api/apply/13 -> 200 (0.005s)
2026-07-12 13:50:19.226 | INFO     | __main__:log_requests:44 - GET /api/apply/my -> 200 (0.005s)
2026-07-12 13:50:22.566 | INFO     | __main__:log_requests:44 - GET /api/asset/list -> 200 (0.006s)
2026-07-12 13:50:29.439 | INFO     | __main__:log_requests:44 - GET /api/asset/list -> 200 (0.006s)
2026-07-12 13:50:37.660 | INFO     | __main__:log_requests:44 - POST /api/apply/return -> 200 (0.057s)
2026-07-12 13:50:39.280 | INFO     | __main__:log_requests:44 - GET /api/apply/my -> 200 (0.006s)
2026-07-12 13:50:48.077 | INFO     | __main__:log_requests:44 - POST /api/auth/login -> 200 (0.229s)
2026-07-12 13:50:48.087 | INFO     | __main__:log_requests:44 - GET /api/user/profile -> 200 (0.006s)
2026-07-12 13:50:48.124 | INFO     | __main__:log_requests:44 - GET /api/asset/status/list -> 200 (0.004s)
2026-07-12 13:50:48.153 | INFO     | __main__:log_requests:44 - GET /api/repair/list -> 200 (0.024s)
2026-07-12 13:50:48.159 | INFO     | __main__:log_requests:44 - GET /api/report/dashboard -> 200 (0.026s)
2026-07-12 13:50:48.167 | INFO     | __main__:log_requests:44 - GET /api/apply/pending -> 200 (0.033s)
2026-07-12 13:50:48.167 | INFO     | __main__:log_requests:44 - GET /api/report/asset -> 200 (0.037s)
2026-07-12 13:50:52.681 | INFO     | __main__:log_requests:44 - GET /api/apply/my -> 200 (0.005s)
2026-07-12 13:50:53.354 | INFO     | __main__:log_requests:44 - GET /api/apply/pending -> 200 (0.006s)
2026-07-12 13:51:04.976 | INFO     | __main__:log_requests:44 - PUT /api/apply/approve -> 200 (0.071s)
2026-07-12 13:51:04.993 | INFO     | __main__:log_requests:44 - GET /api/apply/pending -> 200 (0.006s)
2026-07-12 13:51:07.865 | INFO     | __main__:log_requests:44 - GET /api/apply/14 -> 200 (0.005s)
2026-07-12 13:51:09.080 | INFO     | __main__:log_requests:44 - GET /api/apply/pending -> 200 (0.005s)
2026-07-12 13:51:10.799 | INFO     | __main__:log_requests:44 - PUT /api/apply/approve -> 200 (0.066s)
2026-07-12 13:51:10.867 | INFO     | __main__:log_requests:44 - GET /api/apply/pending -> 200 (0.058s)
2026-07-12 13:51:13.175 | INFO     | __main__:log_requests:44 - GET /api/apply/pending -> 200 (0.006s)
2026-07-12 13:51:15.380 | INFO     | __main__:log_requests:44 - GET /api/apply/approved -> 200 (0.006s)
2026-07-12 13:51:18.587 | INFO     | __main__:log_requests:44 - GET /api/asset/status/list -> 200 (0.003s)
2026-07-12 13:51:18.618 | INFO     | __main__:log_requests:44 - GET /api/report/dashboard -> 200 (0.022s)
2026-07-12 13:51:18.618 | INFO     | __main__:log_requests:44 - GET /api/repair/list -> 200 (0.020s)
2026-07-12 13:51:18.619 | INFO     | __main__:log_requests:44 - GET /api/apply/pending -> 200 (0.021s)
2026-07-12 13:51:18.631 | INFO     | __main__:log_requests:44 - GET /api/report/asset -> 200 (0.033s)
2026-07-12 13:51:22.506 | INFO     | __main__:log_requests:44 - GET /api/apply/approved -> 200 (0.005s)
2026-07-12 13:51:23.597 | INFO     | __main__:log_requests:44 - GET /api/apply/approved -> 200 (0.005s)
2026-07-12 13:51:24.089 | INFO     | __main__:log_requests:44 - GET /api/apply/approved -> 200 (0.004s)
2026-07-12 13:51:24.548 | INFO     | __main__:log_requests:44 - GET /api/apply/approved -> 200 (0.005s)
2026-07-12 13:51:28.369 | INFO     | __main__:log_requests:44 - GET /api/apply/14 -> 200 (0.007s)
2026-07-12 13:51:37.895 | INFO     | __main__:log_requests:44 - GET /api/repair/list -> 200 (0.005s)
2026-07-12 13:51:59.096 | INFO     | __main__:log_requests:44 - POST /api/auth/login -> 200 (0.234s)
2026-07-12 13:51:59.110 | INFO     | __main__:log_requests:44 - GET /api/user/profile -> 200 (0.007s)
2026-07-12 13:51:59.148 | INFO     | __main__:log_requests:44 - GET /api/asset/status/list -> 200 (0.003s)
2026-07-12 13:51:59.160 | INFO     | __main__:log_requests:44 - GET /api/report/dashboard -> 403 (0.005s)
2026-07-12 13:51:59.167 | INFO     | __main__:log_requests:44 - GET /api/repair/list -> 200 (0.007s)
2026-07-12 13:51:59.167 | INFO     | __main__:log_requests:44 - GET /api/report/asset -> 403 (0.010s)
2026-07-12 13:51:59.167 | INFO     | __main__:log_requests:44 - GET /api/apply/pending -> 403 (0.008s)
2026-07-12 13:52:20.528 | INFO     | __main__:<module>:63 - Gateway starting on port 9900, PID=30652
2026-07-12 13:52:23.234 | INFO     | __main__:log_requests:44 - GET /api/asset/status/list -> 200 (0.127s)
2026-07-12 13:52:23.269 | INFO     | __main__:log_requests:44 - GET /api/repair/list -> 200 (0.028s)
2026-07-12 13:52:23.269 | INFO     | __main__:log_requests:44 - GET /api/apply/pending -> 403 (0.026s)
2026-07-12 13:52:23.269 | INFO     | __main__:log_requests:44 - GET /api/report/dashboard -> 403 (0.032s)
2026-07-12 13:52:23.269 | INFO     | __main__:log_requests:44 - GET /api/report/asset -> 403 (0.030s)
2026-07-12 13:52:25.171 | INFO     | __main__:log_requests:44 - GET /api/user/profile -> 200 (0.040s)
2026-07-12 13:52:27.221 | INFO     | __main__:log_requests:44 - GET /api/repair/list -> 200 (0.006s)
2026-07-12 13:52:28.110 | INFO     | __main__:log_requests:44 - GET /api/repair/list -> 200 (0.006s)
2026-07-12 13:52:29.005 | INFO     | __main__:log_requests:44 - GET /api/repair/list -> 200 (0.006s)
2026-07-12 13:52:30.782 | INFO     | __main__:log_requests:44 - GET /api/apply/my -> 200 (0.025s)
2026-07-12 13:52:33.919 | INFO     | __main__:log_requests:44 - GET /api/asset/list -> 200 (0.007s)
2026-07-12 13:53:17.215 | INFO     | __main__:log_requests:44 - POST /api/apply/borrow -> 200 (0.119s)
2026-07-12 13:53:19.463 | INFO     | __main__:log_requests:44 - GET /api/asset/list -> 200 (0.005s)
2026-07-12 13:53:24.746 | INFO     | __main__:log_requests:44 - POST /api/apply/borrow -> 200 (0.006s)
2026-07-12 13:53:30.726 | INFO     | __main__:log_requests:44 - GET /api/asset/list -> 200 (0.006s)
2026-07-12 13:53:32.383 | INFO     | __main__:log_requests:44 - GET /api/apply/my -> 200 (0.005s)
2026-07-12 13:53:34.762 | INFO     | __main__:log_requests:44 - GET /api/apply/15 -> 200 (0.006s)
2026-07-12 13:53:41.959 | INFO     | __main__:log_requests:44 - POST /api/auth/login -> 200 (0.237s)
2026-07-12 13:53:41.970 | INFO     | __main__:log_requests:44 - GET /api/user/profile -> 200 (0.006s)
2026-07-12 13:53:42.006 | INFO     | __main__:log_requests:44 - GET /api/asset/status/list -> 200 (0.005s)
2026-07-12 13:53:42.024 | INFO     | __main__:log_requests:44 - GET /api/repair/list -> 200 (0.009s)
2026-07-12 13:53:42.024 | INFO     | __main__:log_requests:44 - GET /api/report/dashboard -> 403 (0.011s)
2026-07-12 13:53:42.024 | INFO     | __main__:log_requests:44 - GET /api/apply/pending -> 403 (0.008s)
2026-07-12 13:53:42.024 | INFO     | __main__:log_requests:44 - GET /api/report/asset -> 403 (0.011s)
2026-07-12 13:53:44.209 | INFO     | __main__:log_requests:44 - GET /api/apply/my -> 200 (0.005s)
2026-07-12 13:53:44.808 | INFO     | __main__:log_requests:44 - GET /api/repair/list -> 200 (0.005s)
2026-07-12 13:53:49.641 | INFO     | __main__:log_requests:44 - POST /api/auth/login -> 200 (0.238s)
2026-07-12 13:53:49.648 | INFO     | __main__:log_requests:44 - GET /api/user/profile -> 200 (0.006s)
2026-07-12 13:53:49.684 | INFO     | __main__:log_requests:44 - GET /api/asset/status/list -> 200 (0.005s)
2026-07-12 13:53:49.773 | INFO     | __main__:log_requests:44 - GET /api/report/dashboard -> 200 (0.085s)
2026-07-12 13:53:49.773 | INFO     | __main__:log_requests:44 - GET /api/repair/list -> 200 (0.084s)
2026-07-12 13:53:49.802 | INFO     | __main__:log_requests:44 - GET /api/apply/pending -> 200 (0.110s)
2026-07-12 13:53:49.802 | INFO     | __main__:log_requests:44 - GET /api/report/asset -> 200 (0.112s)
2026-07-12 13:53:54.100 | INFO     | __main__:log_requests:44 - GET /api/asset/category/list -> 200 (0.021s)
2026-07-12 13:53:54.106 | INFO     | __main__:log_requests:44 - GET /api/asset/status/list -> 200 (0.004s)
2026-07-12 13:53:54.136 | INFO     | __main__:log_requests:44 - GET /api/asset/list -> 200 (0.009s)
2026-07-12 13:53:59.651 | INFO     | __main__:log_requests:44 - GET /api/apply/pending -> 200 (0.006s)
2026-07-12 13:54:00.346 | INFO     | __main__:log_requests:44 - GET /api/apply/approved -> 200 (0.007s)
2026-07-12 13:54:01.333 | INFO     | __main__:log_requests:44 - GET /api/apply/pending -> 200 (0.005s)
2026-07-12 13:54:02.428 | INFO     | __main__:log_requests:44 - GET /api/apply/approved -> 200 (0.005s)
2026-07-12 13:54:03.221 | INFO     | __main__:log_requests:44 - GET /api/apply/pending -> 200 (0.005s)
2026-07-12 13:54:16.336 | INFO     | __main__:log_requests:44 - PUT /api/apply/approve -> 200 (0.063s)
2026-07-12 13:54:16.351 | INFO     | __main__:log_requests:44 - GET /api/apply/pending -> 200 (0.006s)
2026-07-12 13:56:35.153 | INFO     | __main__:log_requests:44 - PUT /api/apply/approve -> 200 (0.004s)
2026-07-12 13:56:39.463 | INFO     | __main__:log_requests:44 - GET /api/apply/approved -> 200 (0.005s)
2026-07-12 13:56:40.650 | INFO     | __main__:log_requests:44 - GET /api/asset/status/list -> 200 (0.003s)
2026-07-12 13:56:40.672 | INFO     | __main__:log_requests:44 - GET /api/report/dashboard -> 200 (0.020s)
2026-07-12 13:56:40.686 | INFO     | __main__:log_requests:44 - GET /api/repair/list -> 200 (0.032s)
2026-07-12 13:56:40.686 | INFO     | __main__:log_requests:44 - GET /api/report/asset -> 200 (0.034s)
2026-07-12 13:56:40.686 | INFO     | __main__:log_requests:44 - GET /api/apply/pending -> 200 (0.031s)
2026-07-12 13:56:44.169 | INFO     | __main__:log_requests:44 - GET /api/apply/15 -> 200 (0.006s)
2026-07-12 13:57:34.313 | INFO     | __main__:log_requests:44 - GET /api/apply/approved -> 200 (0.006s)
2026-07-12 13:57:36.004 | INFO     | __main__:log_requests:44 - GET /api/apply/approved -> 200 (0.005s)
2026-07-12 13:57:36.622 | INFO     | __main__:log_requests:44 - GET /api/apply/approved -> 200 (0.005s)
2026-07-12 13:57:37.157 | INFO     | __main__:log_requests:44 - GET /api/apply/approved -> 200 (0.005s)
2026-07-12 13:57:37.559 | INFO     | __main__:log_requests:44 - GET /api/apply/approved -> 200 (0.004s)
2026-07-12 13:57:41.622 | INFO     | __main__:log_requests:44 - GET /api/apply/pending -> 200 (0.006s)
2026-07-12 13:57:44.425 | INFO     | __main__:log_requests:44 - GET /api/asset/status/list -> 200 (0.003s)
2026-07-12 13:57:44.456 | INFO     | __main__:log_requests:44 - GET /api/repair/list -> 200 (0.022s)
2026-07-12 13:57:44.456 | INFO     | __main__:log_requests:44 - GET /api/report/dashboard -> 200 (0.024s)
2026-07-12 13:57:44.463 | INFO     | __main__:log_requests:44 - GET /api/apply/pending -> 200 (0.032s)
2026-07-12 13:57:44.463 | INFO     | __main__:log_requests:44 - GET /api/report/asset -> 200 (0.034s)
2026-07-12 13:57:46.306 | INFO     | __main__:log_requests:44 - GET /api/asset/category/list -> 200 (0.003s)
2026-07-12 13:57:46.316 | INFO     | __main__:log_requests:44 - GET /api/asset/status/list -> 200 (0.004s)
2026-07-12 13:57:46.331 | INFO     | __main__:log_requests:44 - GET /api/asset/list -> 200 (0.006s)
2026-07-12 13:57:52.049 | INFO     | __main__:log_requests:44 - GET /api/repair/list -> 200 (0.005s)
2026-07-12 13:57:52.623 | INFO     | __main__:log_requests:44 - GET /api/dept/tree -> 200 (0.004s)
2026-07-12 13:57:52.634 | INFO     | __main__:log_requests:44 - GET /api/repair/list -> 200 (0.004s)
2026-07-12 13:57:53.149 | INFO     | __main__:log_requests:44 - GET /api/dept/tree -> 200 (0.013s)
2026-07-12 13:57:53.149 | INFO     | __main__:log_requests:44 - GET /api/user/list -> 200 (0.014s)
2026-07-12 13:57:53.171 | INFO     | __main__:log_requests:44 - GET /api/check/task/list -> 200 (0.013s)
2026-07-12 13:57:59.823 | INFO     | __main__:log_requests:44 - POST /api/auth/login -> 200 (0.280s)
2026-07-12 13:57:59.829 | INFO     | __main__:log_requests:44 - GET /api/user/profile -> 200 (0.005s)
2026-07-12 13:57:59.868 | INFO     | __main__:log_requests:44 - GET /api/asset/status/list -> 200 (0.004s)
2026-07-12 13:57:59.894 | INFO     | __main__:log_requests:44 - GET /api/report/dashboard -> 200 (0.021s)
2026-07-12 13:57:59.894 | INFO     | __main__:log_requests:44 - GET /api/repair/list -> 200 (0.020s)
2026-07-12 13:57:59.897 | INFO     | __main__:log_requests:44 - GET /api/apply/pending -> 200 (0.020s)
2026-07-12 13:57:59.907 | INFO     | __main__:log_requests:44 - GET /api/report/asset -> 200 (0.032s)
2026-07-12 13:58:04.145 | INFO     | __main__:log_requests:44 - GET /api/apply/15 -> 200 (0.005s)
2026-07-12 13:58:06.437 | INFO     | __main__:log_requests:44 - GET /api/asset/status/list -> 200 (0.004s)
2026-07-12 13:58:06.458 | INFO     | __main__:log_requests:44 - GET /api/repair/list -> 200 (0.011s)
2026-07-12 13:58:06.484 | INFO     | __main__:log_requests:44 - GET /api/apply/pending -> 200 (0.040s)
2026-07-12 13:58:06.489 | INFO     | __main__:log_requests:44 - GET /api/report/asset -> 200 (0.041s)
2026-07-12 13:58:06.490 | INFO     | __main__:log_requests:44 - GET /api/report/dashboard -> 200 (0.043s)
2026-07-12 13:58:08.758 | INFO     | __main__:log_requests:44 - GET /api/apply/pending -> 200 (0.005s)
2026-07-12 13:58:43.321 | INFO     | __main__:log_requests:44 - PUT /api/apply/approve -> 200 (0.067s)
2026-07-12 13:58:43.336 | INFO     | __main__:log_requests:44 - GET /api/apply/pending -> 200 (0.006s)
2026-07-12 13:58:45.181 | INFO     | __main__:log_requests:44 - GET /api/apply/approved -> 200 (0.005s)
2026-07-12 13:58:46.286 | INFO     | __main__:log_requests:44 - GET /api/apply/approved -> 200 (0.006s)
2026-07-12 13:58:46.878 | INFO     | __main__:log_requests:44 - GET /api/apply/approved -> 200 (0.005s)
2026-07-12 13:58:47.670 | INFO     | __main__:log_requests:44 - GET /api/apply/approved -> 200 (0.006s)
2026-07-12 13:59:09.262 | INFO     | __main__:log_requests:44 - GET /api/apply/approved -> 200 (0.007s)
2026-07-12 13:59:30.025 | INFO     | __main__:log_requests:44 - GET /api/apply/approved -> 200 (0.005s)
2026-07-12 13:59:31.521 | INFO     | __main__:log_requests:44 - GET /api/apply/approved -> 200 (0.005s)
2026-07-12 13:59:32.726 | INFO     | __main__:log_requests:44 - GET /api/apply/approved -> 200 (0.005s)
2026-07-12 13:59:34.904 | INFO     | __main__:log_requests:44 - GET /api/apply/approved -> 200 (0.005s)
2026-07-12 14:00:52.697 | INFO     | __main__:log_requests:44 - GET /api/apply/approved -> 200 (0.005s)
2026-07-12 14:01:21.032 | INFO     | __main__:log_requests:44 - GET /api/apply/approved -> 200 (0.005s)
2026-07-12 14:01:21.615 | INFO     | __main__:log_requests:44 - GET /api/apply/approved -> 200 (0.005s)
2026-07-12 14:01:22.190 | INFO     | __main__:log_requests:44 - GET /api/apply/approved -> 200 (0.004s)
2026-07-12 14:01:22.630 | INFO     | __main__:log_requests:44 - GET /api/apply/approved -> 200 (0.006s)
2026-07-12 14:03:46.753 | INFO     | __main__:log_requests:44 - GET /api/apply/approved -> 200 (0.006s)
2026-07-12 14:05:05.668 | INFO     | __main__:<module>:63 - Gateway starting on port 9900, PID=18240
2026-07-12 14:05:09.771 | INFO     | __main__:log_requests:44 - GET /api/apply/approved -> 200 (0.149s)
2026-07-12 14:05:11.683 | INFO     | __main__:log_requests:44 - GET /api/apply/approved -> 200 (0.006s)
2026-07-12 14:05:12.191 | INFO     | __main__:log_requests:44 - GET /api/apply/approved -> 200 (0.005s)
2026-07-12 14:05:13.241 | INFO     | __main__:log_requests:44 - GET /api/apply/approved -> 200 (0.005s)
2026-07-12 14:05:14.161 | INFO     | __main__:log_requests:44 - GET /api/apply/approved -> 200 (0.006s)
2026-07-12 14:05:14.615 | INFO     | __main__:log_requests:44 - GET /api/apply/approved -> 200 (0.005s)
2026-07-12 14:05:15.989 | INFO     | __main__:log_requests:44 - GET /api/apply/pending -> 200 (0.008s)
2026-07-12 14:05:16.624 | INFO     | __main__:log_requests:44 - GET /api/apply/my -> 200 (0.007s)
2026-07-12 14:05:19.249 | INFO     | __main__:log_requests:44 - GET /api/asset/category/list -> 200 (0.020s)
2026-07-12 14:05:19.282 | INFO     | __main__:log_requests:44 - GET /api/asset/status/list -> 200 (0.024s)
2026-07-12 14:05:19.302 | INFO     | __main__:log_requests:44 - GET /api/asset/list -> 200 (0.008s)
2026-07-12 14:05:22.993 | INFO     | __main__:log_requests:44 - GET /api/dept/tree -> 200 (0.029s)
2026-07-12 14:05:22.994 | INFO     | __main__:log_requests:44 - GET /api/role/list -> 200 (0.029s)
2026-07-12 14:05:23.031 | INFO     | __main__:log_requests:44 - GET /api/user/list -> 200 (0.029s)
2026-07-12 14:05:24.506 | INFO     | __main__:log_requests:44 - GET /api/asset/status/list -> 200 (0.003s)
2026-07-12 14:05:24.610 | INFO     | __main__:log_requests:44 - GET /api/report/dashboard -> 200 (0.100s)
2026-07-12 14:05:24.610 | INFO     | __main__:log_requests:44 - GET /api/repair/list -> 200 (0.097s)
2026-07-12 14:05:24.610 | INFO     | __main__:log_requests:44 - GET /api/apply/pending -> 200 (0.096s)
2026-07-12 14:05:24.648 | INFO     | __main__:log_requests:44 - GET /api/report/asset -> 200 (0.132s)
2026-07-12 14:05:37.172 | INFO     | __main__:log_requests:44 - POST /api/auth/login -> 200 (0.227s)
2026-07-12 14:05:37.180 | INFO     | __main__:log_requests:44 - GET /api/user/profile -> 200 (0.007s)
2026-07-12 14:05:37.216 | INFO     | __main__:log_requests:44 - GET /api/asset/status/list -> 200 (0.004s)
2026-07-12 14:05:37.236 | INFO     | __main__:log_requests:44 - GET /api/repair/list -> 200 (0.010s)
2026-07-12 14:05:37.236 | INFO     | __main__:log_requests:44 - GET /api/report/dashboard -> 403 (0.014s)
2026-07-12 14:05:37.236 | INFO     | __main__:log_requests:44 - GET /api/apply/pending -> 403 (0.010s)
2026-07-12 14:05:37.236 | INFO     | __main__:log_requests:44 - GET /api/report/asset -> 403 (0.012s)
2026-07-12 14:05:39.999 | INFO     | __main__:log_requests:44 - GET /api/asset/list -> 200 (0.008s)
2026-07-12 14:06:03.645 | INFO     | __main__:log_requests:44 - POST /api/repair/submit -> 200 (0.165s)
2026-07-12 14:06:05.692 | INFO     | __main__:log_requests:44 - GET /api/apply/my -> 200 (0.005s)
2026-07-12 14:06:11.135 | INFO     | __main__:log_requests:44 - GET /api/apply/my -> 200 (0.005s)
2026-07-12 14:06:13.172 | INFO     | __main__:log_requests:44 - GET /api/apply/my -> 200 (0.005s)
2026-07-12 14:06:31.891 | INFO     | __main__:log_requests:44 - GET /api/apply/my -> 200 (0.007s)
2026-07-12 14:10:14.897 | INFO     | __main__:log_requests:44 - GET /api/repair/list -> 200 (0.007s)
2026-07-12 14:10:50.234 | INFO     | __main__:log_requests:44 - GET /api/repair/list -> 200 (0.007s)
2026-07-12 14:12:20.805 | INFO     | __main__:log_requests:44 - GET /api/apply/my -> 200 (0.006s)
2026-07-12 14:12:22.275 | INFO     | __main__:log_requests:44 - GET /api/apply/my -> 200 (0.006s)
2026-07-12 14:12:23.456 | INFO     | __main__:log_requests:44 - GET /api/apply/my -> 200 (0.006s)
2026-07-12 14:12:24.959 | INFO     | __main__:log_requests:44 - GET /api/repair/list -> 200 (0.006s)
2026-07-12 14:12:26.671 | INFO     | __main__:log_requests:44 - GET /api/repair/7 -> 200 (0.008s)
2026-07-12 14:12:28.860 | INFO     | __main__:log_requests:44 - GET /api/repair/list -> 200 (0.006s)
2026-07-12 14:12:31.301 | INFO     | __main__:log_requests:44 - GET /api/apply/my -> 200 (0.005s)
2026-07-12 14:12:33.043 | INFO     | __main__:log_requests:44 - GET /api/apply/15 -> 200 (0.010s)
2026-07-12 14:12:34.129 | INFO     | __main__:log_requests:44 - GET /api/repair/list -> 200 (0.006s)
2026-07-12 14:12:34.807 | INFO     | __main__:log_requests:44 - GET /api/apply/my -> 200 (0.005s)
2026-07-12 14:12:35.969 | INFO     | __main__:log_requests:44 - GET /api/apply/14 -> 200 (0.006s)
2026-07-12 14:12:36.917 | INFO     | __main__:log_requests:44 - GET /api/repair/list -> 200 (0.005s)
2026-07-12 14:12:42.946 | INFO     | __main__:log_requests:44 - GET /api/repair/7 -> 200 (0.006s)
2026-07-12 14:12:44.501 | INFO     | __main__:log_requests:44 - GET /api/repair/list -> 200 (0.005s)
2026-07-12 14:13:00.687 | INFO     | __main__:log_requests:44 - GET /api/asset/status/list -> 200 (0.003s)
2026-07-12 14:13:00.691 | INFO     | __main__:log_requests:44 - GET /api/repair/list -> 200 (0.007s)
2026-07-12 14:13:00.691 | INFO     | __main__:log_requests:44 - GET /api/report/dashboard -> 403 (0.009s)
2026-07-12 14:13:00.691 | INFO     | __main__:log_requests:44 - GET /api/apply/pending -> 403 (0.007s)
2026-07-12 14:13:00.705 | INFO     | __main__:log_requests:44 - GET /api/report/asset -> 403 (0.009s)
2026-07-12 14:13:07.988 | INFO     | __main__:log_requests:44 - GET /api/repair/list -> 200 (0.006s)
2026-07-12 14:13:08.989 | INFO     | __main__:log_requests:44 - GET /api/repair/list -> 200 (0.005s)
2026-07-12 14:13:09.669 | INFO     | __main__:log_requests:44 - GET /api/repair/list -> 200 (0.005s)
2026-07-12 14:13:10.501 | INFO     | __main__:log_requests:44 - GET /api/repair/list -> 200 (0.005s)
2026-07-12 14:13:15.926 | INFO     | __main__:log_requests:44 - GET /api/repair/list -> 200 (0.006s)
2026-07-12 14:13:18.744 | INFO     | __main__:log_requests:44 - GET /api/repair/list -> 200 (0.006s)
2026-07-12 14:13:21.382 | INFO     | __main__:log_requests:44 - GET /api/repair/list -> 200 (0.006s)
2026-07-12 14:14:02.033 | INFO     | __main__:log_requests:44 - GET /api/repair/list -> 200 (0.005s)
2026-07-12 14:14:02.510 | INFO     | __main__:log_requests:44 - GET /api/repair/list -> 200 (0.005s)
2026-07-12 14:14:02.918 | INFO     | __main__:log_requests:44 - GET /api/repair/list -> 200 (0.006s)
2026-07-12 14:14:09.363 | INFO     | __main__:log_requests:44 - GET /api/repair/list -> 200 (0.006s)
2026-07-12 14:14:17.993 | INFO     | __main__:log_requests:44 - POST /api/auth/login -> 200 (0.235s)
2026-07-12 14:14:18.000 | INFO     | __main__:log_requests:44 - GET /api/user/profile -> 200 (0.006s)
2026-07-12 14:14:18.103 | INFO     | __main__:log_requests:44 - GET /api/asset/status/list -> 200 (0.004s)
2026-07-12 14:14:18.126 | INFO     | __main__:log_requests:44 - GET /api/report/dashboard -> 200 (0.018s)
2026-07-12 14:14:18.195 | INFO     | __main__:log_requests:44 - GET /api/repair/list -> 200 (0.084s)
2026-07-12 14:14:18.201 | INFO     | __main__:log_requests:44 - GET /api/report/asset -> 200 (0.088s)
2026-07-12 14:14:18.202 | INFO     | __main__:log_requests:44 - GET /api/apply/pending -> 200 (0.073s)
2026-07-12 14:14:20.614 | INFO     | __main__:log_requests:44 - GET /api/repair/7 -> 200 (0.006s)
2026-07-12 14:14:22.287 | INFO     | __main__:log_requests:44 - GET /api/asset/status/list -> 200 (0.003s)
2026-07-12 14:14:22.305 | INFO     | __main__:log_requests:44 - GET /api/report/dashboard -> 200 (0.018s)
2026-07-12 14:14:22.319 | INFO     | __main__:log_requests:44 - GET /api/repair/list -> 200 (0.028s)
2026-07-12 14:14:22.319 | INFO     | __main__:log_requests:44 - GET /api/report/asset -> 200 (0.030s)
2026-07-12 14:14:22.319 | INFO     | __main__:log_requests:44 - GET /api/apply/pending -> 200 (0.029s)
2026-07-12 14:14:23.921 | INFO     | __main__:log_requests:44 - GET /api/repair/list -> 200 (0.006s)
2026-07-12 14:14:24.591 | INFO     | __main__:log_requests:44 - GET /api/dept/tree -> 200 (0.003s)
2026-07-12 14:14:24.602 | INFO     | __main__:log_requests:44 - GET /api/repair/list -> 200 (0.005s)
2026-07-12 14:14:27.157 | INFO     | __main__:log_requests:44 - GET /api/apply/pending -> 200 (0.005s)
2026-07-12 14:14:28.722 | INFO     | __main__:log_requests:44 - GET /api/dept/tree -> 200 (0.003s)
2026-07-12 14:14:28.735 | INFO     | __main__:log_requests:44 - GET /api/repair/list -> 200 (0.005s)
2026-07-12 14:14:41.993 | INFO     | __main__:log_requests:44 - PUT /api/repair/college-approve -> 200 (0.071s)
2026-07-12 14:14:42.008 | INFO     | __main__:log_requests:44 - GET /api/repair/list -> 200 (0.005s)
2026-07-12 14:14:43.487 | INFO     | __main__:log_requests:44 - GET /api/repair/list -> 200 (0.005s)
2026-07-12 14:14:46.146 | INFO     | __main__:log_requests:44 - PUT /api/repair/school-approve -> 403 (0.002s)
2026-07-12 14:14:48.054 | INFO     | __main__:log_requests:44 - GET /api/repair/list -> 200 (0.005s)
2026-07-12 14:14:48.514 | INFO     | __main__:log_requests:44 - GET /api/repair/list -> 200 (0.004s)
2026-07-12 14:14:49.667 | INFO     | __main__:log_requests:44 - GET /api/repair/list -> 200 (0.005s)
2026-07-12 14:14:50.597 | INFO     | __main__:log_requests:44 - GET /api/repair/list -> 200 (0.005s)
2026-07-12 14:14:52.985 | INFO     | __main__:log_requests:44 - GET /api/dept/tree -> 200 (0.013s)
2026-07-12 14:14:52.985 | INFO     | __main__:log_requests:44 - GET /api/user/list -> 200 (0.013s)
2026-07-12 14:14:52.999 | INFO     | __main__:log_requests:44 - GET /api/check/task/list -> 200 (0.012s)
2026-07-12 14:14:54.249 | INFO     | __main__:log_requests:44 - GET /api/repair/list -> 200 (0.005s)
2026-07-12 14:14:55.429 | INFO     | __main__:log_requests:44 - GET /api/repair/list -> 200 (0.005s)
2026-07-12 14:14:55.846 | INFO     | __main__:log_requests:44 - GET /api/repair/list -> 200 (0.005s)
2026-07-12 14:14:56.922 | INFO     | __main__:log_requests:44 - GET /api/dept/tree -> 200 (0.003s)
2026-07-12 14:14:56.933 | INFO     | __main__:log_requests:44 - GET /api/repair/list -> 200 (0.005s)
2026-07-12 14:15:01.422 | INFO     | __main__:log_requests:44 - GET /api/repair/list -> 200 (0.005s)
2026-07-12 14:15:09.359 | INFO     | __main__:log_requests:44 - POST /api/auth/login -> 200 (0.235s)
2026-07-12 14:15:09.373 | INFO     | __main__:log_requests:44 - GET /api/user/profile -> 200 (0.005s)
2026-07-12 14:15:09.405 | INFO     | __main__:log_requests:44 - GET /api/asset/status/list -> 200 (0.004s)
2026-07-12 14:15:09.431 | INFO     | __main__:log_requests:44 - GET /api/repair/list -> 200 (0.020s)
2026-07-12 14:15:09.431 | INFO     | __main__:log_requests:44 - GET /api/report/dashboard -> 200 (0.023s)
2026-07-12 14:15:09.443 | INFO     | __main__:log_requests:44 - GET /api/apply/pending -> 200 (0.029s)
2026-07-12 14:15:09.443 | INFO     | __main__:log_requests:44 - GET /api/report/asset -> 200 (0.032s)
2026-07-12 14:15:11.983 | INFO     | __main__:log_requests:44 - GET /api/repair/list -> 200 (0.005s)
2026-07-12 14:15:12.690 | INFO     | __main__:log_requests:44 - GET /api/dept/tree -> 200 (0.003s)
2026-07-12 14:15:12.700 | INFO     | __main__:log_requests:44 - GET /api/repair/list -> 200 (0.005s)
2026-07-12 14:15:13.269 | INFO     | __main__:log_requests:44 - GET /api/repair/list -> 200 (0.005s)
2026-07-12 14:15:13.894 | INFO     | __main__:log_requests:44 - GET /api/repair/list -> 200 (0.004s)
2026-07-12 14:15:14.499 | INFO     | __main__:log_requests:44 - GET /api/repair/list -> 200 (0.005s)
2026-07-12 14:15:15.029 | INFO     | __main__:log_requests:44 - GET /api/dept/tree -> 200 (0.003s)
2026-07-12 14:15:15.043 | INFO     | __main__:log_requests:44 - GET /api/repair/list -> 200 (0.008s)
2026-07-12 14:15:15.555 | INFO     | __main__:log_requests:44 - GET /api/repair/list -> 200 (0.005s)
2026-07-12 14:15:18.700 | INFO     | __main__:log_requests:44 - PUT /api/repair/school-approve -> 200 (0.063s)
2026-07-12 14:15:18.718 | INFO     | __main__:log_requests:44 - GET /api/repair/list -> 200 (0.007s)
2026-07-12 14:15:19.874 | INFO     | __main__:log_requests:44 - GET /api/repair/list -> 200 (0.005s)
2026-07-12 14:15:22.505 | INFO     | __main__:log_requests:44 - GET /api/user/repairers -> 200 (0.005s)
2026-07-12 14:15:30.155 | INFO     | __main__:log_requests:44 - GET /api/repair/7 -> 200 (0.006s)
2026-07-12 14:15:33.260 | INFO     | __main__:log_requests:44 - GET /api/asset/category/list -> 200 (0.004s)
2026-07-12 14:15:33.269 | INFO     | __main__:log_requests:44 - GET /api/asset/status/list -> 200 (0.004s)
2026-07-12 14:15:33.283 | INFO     | __main__:log_requests:44 - GET /api/asset/list -> 200 (0.009s)
2026-07-12 14:15:37.892 | INFO     | __main__:log_requests:44 - GET /api/dept/tree -> 200 (0.003s)
2026-07-12 14:15:37.903 | INFO     | __main__:log_requests:44 - GET /api/repair/list -> 200 (0.005s)
2026-07-12 14:15:38.574 | INFO     | __main__:log_requests:44 - GET /api/repair/list -> 200 (0.005s)
2026-07-12 14:15:39.783 | INFO     | __main__:log_requests:44 - GET /api/user/repairers -> 200 (0.003s)
2026-07-12 14:15:53.199 | INFO     | __main__:log_requests:44 - PUT /api/repair/dispatch -> 200 (0.082s)
2026-07-12 14:15:53.214 | INFO     | __main__:log_requests:44 - GET /api/repair/list -> 200 (0.005s)
2026-07-12 14:16:26.045 | INFO     | __main__:log_requests:44 - GET /api/repair/list -> 200 (0.005s)
2026-07-12 14:16:26.692 | INFO     | __main__:log_requests:44 - GET /api/repair/list -> 200 (0.005s)
2026-07-12 14:16:27.802 | INFO     | __main__:log_requests:44 - GET /api/repair/list -> 200 (0.007s)
2026-07-12 14:16:32.623 | INFO     | __main__:log_requests:44 - GET /api/repair/list -> 200 (0.005s)
2026-07-12 14:16:33.253 | INFO     | __main__:log_requests:44 - GET /api/repair/list -> 200 (0.005s)
2026-07-12 14:16:33.788 | INFO     | __main__:log_requests:44 - GET /api/repair/list -> 200 (0.005s)
2026-07-12 14:16:36.664 | INFO     | __main__:log_requests:44 - GET /api/asset/status/list -> 200 (0.004s)
2026-07-12 14:16:36.682 | INFO     | __main__:log_requests:44 - GET /api/report/dashboard -> 200 (0.014s)
2026-07-12 14:16:36.705 | INFO     | __main__:log_requests:44 - GET /api/repair/list -> 200 (0.033s)
2026-07-12 14:16:36.705 | INFO     | __main__:log_requests:44 - GET /api/apply/pending -> 200 (0.033s)
2026-07-12 14:16:36.705 | INFO     | __main__:log_requests:44 - GET /api/report/asset -> 200 (0.035s)
2026-07-12 14:16:40.003 | INFO     | __main__:log_requests:44 - GET /api/role/list -> 200 (0.009s)
2026-07-12 14:16:40.003 | INFO     | __main__:log_requests:44 - GET /api/dept/tree -> 200 (0.010s)
2026-07-12 14:16:40.031 | INFO     | __main__:log_requests:44 - GET /api/user/list -> 200 (0.019s)
2026-07-12 14:16:40.735 | INFO     | __main__:log_requests:44 - GET /api/asset/category/list -> 200 (0.003s)
2026-07-12 14:16:40.746 | INFO     | __main__:log_requests:44 - GET /api/asset/status/list -> 200 (0.003s)
2026-07-12 14:16:40.762 | INFO     | __main__:log_requests:44 - GET /api/asset/list -> 200 (0.008s)
2026-07-12 14:16:46.850 | INFO     | __main__:log_requests:44 - POST /api/auth/login -> 200 (0.228s)
2026-07-12 14:16:46.857 | INFO     | __main__:log_requests:44 - GET /api/user/profile -> 200 (0.006s)
2026-07-12 14:16:46.890 | INFO     | __main__:log_requests:44 - GET /api/asset/status/list -> 200 (0.003s)
2026-07-12 14:16:46.893 | INFO     | __main__:log_requests:44 - GET /api/repair/list -> 200 (0.006s)
2026-07-12 14:16:46.893 | INFO     | __main__:log_requests:44 - GET /api/apply/pending -> 403 (0.001s)
2026-07-12 14:16:46.893 | INFO     | __main__:log_requests:44 - GET /api/report/dashboard -> 403 (0.004s)
2026-07-12 14:16:46.893 | INFO     | __main__:log_requests:44 - GET /api/report/asset -> 403 (0.004s)
2026-07-12 14:16:49.483 | INFO     | __main__:log_requests:44 - GET /api/repair/list -> 200 (0.006s)
2026-07-12 14:16:53.562 | INFO     | __main__:log_requests:44 - GET /api/repair/list -> 200 (0.007s)
2026-07-12 14:16:55.542 | INFO     | __main__:log_requests:44 - GET /api/repair/list -> 200 (0.005s)
2026-07-12 14:16:56.045 | INFO     | __main__:log_requests:44 - GET /api/repair/list -> 200 (0.005s)
2026-07-12 14:16:56.427 | INFO     | __main__:log_requests:44 - GET /api/repair/list -> 200 (0.005s)
2026-07-12 14:16:58.691 | INFO     | __main__:log_requests:44 - PUT /api/repair/accept -> 200 (0.065s)
2026-07-12 14:16:58.706 | INFO     | __main__:log_requests:44 - GET /api/repair/list -> 200 (0.005s)
2026-07-12 14:16:59.837 | INFO     | __main__:log_requests:44 - GET /api/repair/list -> 200 (0.005s)
2026-07-12 14:17:01.311 | INFO     | __main__:log_requests:44 - GET /api/repair/7 -> 200 (0.006s)
2026-07-12 14:17:32.961 | INFO     | __main__:log_requests:44 - PUT /api/repair/update-repair -> 200 (0.066s)
2026-07-12 14:17:33.030 | INFO     | __main__:log_requests:44 - PUT /api/repair/finish -> 200 (0.065s)
2026-07-12 14:17:33.044 | INFO     | __main__:log_requests:44 - GET /api/repair/7 -> 200 (0.006s)
2026-07-12 14:17:35.714 | INFO     | __main__:log_requests:44 - GET /api/repair/list -> 200 (0.007s)
2026-07-12 14:17:36.628 | INFO     | __main__:log_requests:44 - GET /api/repair/list -> 200 (0.005s)
2026-07-12 14:17:37.078 | INFO     | __main__:log_requests:44 - GET /api/repair/list -> 200 (0.005s)
2026-07-12 14:17:39.013 | INFO     | __main__:log_requests:44 - GET /api/repair/list -> 200 (0.005s)
2026-07-12 14:17:42.831 | INFO     | __main__:log_requests:44 - GET /api/repair/7 -> 200 (0.006s)
2026-07-12 14:17:48.085 | INFO     | __main__:log_requests:44 - POST /api/auth/login -> 200 (0.230s)
2026-07-12 14:17:48.091 | INFO     | __main__:log_requests:44 - GET /api/user/profile -> 200 (0.006s)
2026-07-12 14:17:48.129 | INFO     | __main__:log_requests:44 - GET /api/asset/status/list -> 200 (0.005s)
2026-07-12 14:17:48.156 | INFO     | __main__:log_requests:44 - GET /api/repair/list -> 200 (0.022s)
2026-07-12 14:17:48.156 | INFO     | __main__:log_requests:44 - GET /api/report/dashboard -> 200 (0.025s)
2026-07-12 14:17:48.175 | INFO     | __main__:log_requests:44 - GET /api/apply/pending -> 200 (0.033s)
2026-07-12 14:17:48.175 | INFO     | __main__:log_requests:44 - GET /api/report/asset -> 200 (0.035s)
2026-07-12 14:17:49.015 | INFO     | __main__:log_requests:44 - GET /api/user/list -> 200 (0.020s)
2026-07-12 14:17:49.022 | INFO     | __main__:log_requests:44 - GET /api/dept/tree -> 200 (0.021s)
2026-07-12 14:17:49.029 | INFO     | __main__:log_requests:44 - GET /api/check/task/list -> 200 (0.006s)
2026-07-12 14:17:50.375 | INFO     | __main__:log_requests:44 - GET /api/repair/list -> 200 (0.005s)
2026-07-12 14:17:50.888 | INFO     | __main__:log_requests:44 - GET /api/dept/tree -> 200 (0.003s)
2026-07-12 14:17:50.901 | INFO     | __main__:log_requests:44 - GET /api/repair/list -> 200 (0.006s)
2026-07-12 14:17:51.821 | INFO     | __main__:log_requests:44 - GET /api/repair/list -> 200 (0.005s)
2026-07-12 14:17:52.224 | INFO     | __main__:log_requests:44 - GET /api/repair/list -> 200 (0.004s)
2026-07-12 14:17:52.727 | INFO     | __main__:log_requests:44 - GET /api/repair/list -> 200 (0.005s)
2026-07-12 14:17:53.217 | INFO     | __main__:log_requests:44 - GET /api/repair/list -> 200 (0.005s)
2026-07-12 14:17:53.537 | INFO     | __main__:log_requests:44 - GET /api/repair/list -> 200 (0.005s)
2026-07-12 14:17:54.320 | INFO     | __main__:log_requests:44 - GET /api/dept/tree -> 200 (0.003s)
2026-07-12 14:17:54.331 | INFO     | __main__:log_requests:44 - GET /api/repair/list -> 200 (0.005s)
2026-07-12 14:17:54.915 | INFO     | __main__:log_requests:44 - GET /api/repair/list -> 200 (0.004s)
2026-07-12 14:17:55.252 | INFO     | __main__:log_requests:44 - GET /api/repair/list -> 200 (0.005s)
2026-07-12 14:17:55.537 | INFO     | __main__:log_requests:44 - GET /api/repair/list -> 200 (0.005s)
2026-07-12 14:17:58.059 | INFO     | __main__:log_requests:44 - GET /api/apply/pending -> 200 (0.005s)
2026-07-12 14:17:58.447 | INFO     | __main__:log_requests:44 - GET /api/apply/approved -> 200 (0.005s)
2026-07-12 14:17:59.933 | INFO     | __main__:log_requests:44 - GET /api/apply/approved -> 200 (0.005s)
2026-07-12 14:18:00.341 | INFO     | __main__:log_requests:44 - GET /api/apply/approved -> 200 (0.005s)
2026-07-12 14:18:00.836 | INFO     | __main__:log_requests:44 - GET /api/apply/approved -> 200 (0.005s)
2026-07-12 14:18:02.341 | INFO     | __main__:log_requests:44 - GET /api/apply/approved -> 200 (0.005s)
2026-07-12 14:18:02.952 | INFO     | __main__:log_requests:44 - GET /api/apply/approved -> 200 (0.005s)
2026-07-12 14:18:04.137 | INFO     | __main__:log_requests:44 - GET /api/apply/pending -> 200 (0.005s)
2026-07-12 14:18:04.697 | INFO     | __main__:log_requests:44 - GET /api/repair/list -> 200 (0.005s)
2026-07-12 14:18:08.415 | INFO     | __main__:log_requests:44 - GET /api/repair/list -> 200 (0.005s)
2026-07-12 14:18:09.169 | INFO     | __main__:log_requests:44 - GET /api/dept/tree -> 200 (0.003s)
2026-07-12 14:18:09.182 | INFO     | __main__:log_requests:44 - GET /api/repair/list -> 200 (0.007s)
2026-07-12 14:19:34.869 | INFO     | __main__:log_requests:44 - GET /api/dept/tree -> 200 (0.005s)
2026-07-12 14:19:34.884 | INFO     | __main__:log_requests:44 - GET /api/repair/list -> 200 (0.006s)
2026-07-12 14:21:11.118 | INFO     | __main__:log_requests:44 - GET /api/dept/tree -> 200 (0.004s)
2026-07-12 14:21:11.144 | INFO     | __main__:log_requests:44 - GET /api/repair/list -> 200 (0.006s)
2026-07-12 14:21:12.011 | INFO     | __main__:log_requests:44 - GET /api/repair/list -> 200 (0.005s)
2026-07-12 14:21:14.323 | INFO     | __main__:log_requests:44 - PUT /api/repair/acceptance -> 200 (0.079s)
2026-07-12 14:21:14.340 | INFO     | __main__:log_requests:44 - GET /api/repair/list -> 200 (0.006s)
2026-07-12 14:21:15.309 | INFO     | __main__:log_requests:44 - GET /api/repair/list -> 200 (0.005s)
2026-07-12 14:21:17.270 | INFO     | __main__:log_requests:44 - GET /api/dept/tree -> 200 (0.004s)
2026-07-12 14:21:17.291 | INFO     | __main__:log_requests:44 - GET /api/repair/list -> 200 (0.007s)
2026-07-12 14:21:17.845 | INFO     | __main__:log_requests:44 - GET /api/repair/list -> 200 (0.005s)
2026-07-12 14:21:18.330 | INFO     | __main__:log_requests:44 - GET /api/repair/list -> 200 (0.005s)
2026-07-12 14:21:19.500 | INFO     | __main__:log_requests:44 - GET /api/repair/list -> 200 (0.005s)
2026-07-12 14:21:20.220 | INFO     | __main__:log_requests:44 - GET /api/repair/list -> 200 (0.005s)
2026-07-12 14:21:21.928 | INFO     | __main__:log_requests:44 - GET /api/repair/7 -> 200 (0.006s)
2026-07-12 14:22:00.549 | INFO     | __main__:log_requests:44 - GET /api/repair/list -> 200 (0.005s)
2026-07-12 14:22:02.626 | INFO     | __main__:log_requests:44 - GET /api/asset/status/list -> 200 (0.003s)
2026-07-12 14:22:02.655 | INFO     | __main__:log_requests:44 - GET /api/repair/list -> 200 (0.020s)
2026-07-12 14:22:02.655 | INFO     | __main__:log_requests:44 - GET /api/report/dashboard -> 200 (0.022s)
2026-07-12 14:22:02.663 | INFO     | __main__:log_requests:44 - GET /api/apply/pending -> 200 (0.030s)
2026-07-12 14:22:02.663 | INFO     | __main__:log_requests:44 - GET /api/report/asset -> 200 (0.032s)
2026-07-12 14:22:10.877 | INFO     | __main__:log_requests:44 - GET /api/user/profile -> 200 (0.006s)
2026-07-12 14:45:19.261 | INFO     | __main__:<module>:63 - Gateway starting on port 9900, PID=31552
2026-07-12 14:45:37.217 | INFO     | __main__:log_requests:44 - POST /api/auth/login -> 200 (0.417s)
2026-07-12 14:45:37.238 | INFO     | __main__:log_requests:44 - GET /api/user/profile -> 200 (0.008s)
2026-07-12 14:45:55.628 | INFO     | __main__:log_requests:44 - POST /api/auth/login -> 200 (0.251s)
2026-07-12 14:45:55.645 | INFO     | __main__:log_requests:44 - GET /api/user/profile -> 200 (0.008s)
2026-07-12 14:45:56.097 | INFO     | __main__:log_requests:44 - GET /api/asset/status/list -> 200 (0.025s)
2026-07-12 14:45:56.229 | INFO     | __main__:log_requests:44 - GET /api/apply/pending -> 200 (0.117s)
2026-07-12 14:45:56.262 | INFO     | __main__:log_requests:44 - GET /api/report/dashboard -> 200 (0.152s)
2026-07-12 14:45:56.263 | INFO     | __main__:log_requests:44 - GET /api/report/asset -> 200 (0.152s)
2026-07-12 14:46:27.025 | INFO     | __main__:log_requests:44 - GET /api/asset/status/list -> 200 (0.016s)
2026-07-12 14:46:27.025 | INFO     | __main__:log_requests:44 - GET /api/user/profile -> 200 (0.016s)
2026-07-12 14:46:27.042 | INFO     | __main__:log_requests:44 - GET /api/apply/pending -> 200 (0.009s)
2026-07-12 14:46:27.083 | INFO     | __main__:log_requests:44 - GET /api/report/asset -> 200 (0.049s)
2026-07-12 14:46:27.083 | INFO     | __main__:log_requests:44 - GET /api/report/dashboard -> 200 (0.051s)
2026-07-12 14:46:28.618 | INFO     | __main__:log_requests:44 - GET /api/dept/tree -> 200 (0.030s)
2026-07-12 14:46:28.618 | INFO     | __main__:log_requests:44 - GET /api/role/list -> 200 (0.032s)
2026-07-12 14:46:28.662 | INFO     | __main__:log_requests:44 - GET /api/user/list -> 200 (0.026s)
2026-07-12 14:46:42.820 | INFO     | __main__:log_requests:44 - GET /api/user/list -> 200 (0.021s)
2026-07-12 14:46:44.153 | INFO     | __main__:log_requests:44 - GET /api/user/list -> 200 (0.005s)
2026-07-12 14:46:45.234 | INFO     | __main__:log_requests:44 - GET /api/user/list -> 200 (0.022s)
2026-07-12 14:46:46.271 | INFO     | __main__:log_requests:44 - GET /api/user/list -> 200 (0.019s)
2026-07-12 14:46:47.243 | INFO     | __main__:log_requests:44 - GET /api/user/list -> 200 (0.021s)
2026-07-12 14:46:48.334 | INFO     | __main__:log_requests:44 - GET /api/user/list -> 200 (0.021s)
2026-07-12 14:46:49.737 | INFO     | __main__:log_requests:44 - GET /api/user/list -> 200 (0.019s)
2026-07-12 14:46:51.597 | INFO     | __main__:log_requests:44 - GET /api/user/list -> 200 (0.019s)
2026-07-12 14:46:51.621 | INFO     | __main__:log_requests:44 - GET /api/user/list -> 200 (0.021s)
2026-07-12 14:46:52.953 | INFO     | __main__:log_requests:44 - GET /api/user/list -> 200 (0.020s)
2026-07-12 14:46:52.980 | INFO     | __main__:log_requests:44 - GET /api/user/list -> 200 (0.023s)
2026-07-12 14:46:59.695 | INFO     | __main__:log_requests:44 - GET /api/user/list -> 200 (0.007s)
2026-07-12 14:47:00.958 | INFO     | __main__:log_requests:44 - GET /api/user/list -> 200 (0.010s)
2026-07-12 14:47:02.237 | INFO     | __main__:log_requests:44 - GET /api/user/list -> 200 (0.020s)
2026-07-12 14:47:02.262 | INFO     | __main__:log_requests:44 - GET /api/user/list -> 200 (0.022s)
2026-07-12 14:47:07.652 | INFO     | __main__:log_requests:44 - GET /api/asset/category/list -> 200 (0.042s)
2026-07-12 14:47:07.652 | INFO     | __main__:log_requests:44 - GET /api/asset/status/list -> 200 (0.041s)
2026-07-12 14:47:07.652 | INFO     | __main__:log_requests:44 - GET /api/dept/tree -> 200 (0.041s)
2026-07-12 14:47:07.652 | INFO     | __main__:log_requests:44 - GET /api/user/profile -> 200 (0.041s)
2026-07-12 14:47:07.702 | INFO     | __main__:log_requests:44 - GET /api/asset/list -> 200 (0.014s)
2026-07-12 14:47:09.198 | INFO     | __main__:log_requests:44 - GET /api/role/list -> 200 (0.009s)
2026-07-12 14:47:09.199 | INFO     | __main__:log_requests:44 - GET /api/dept/tree -> 200 (0.009s)
2026-07-12 14:47:09.246 | INFO     | __main__:log_requests:44 - GET /api/user/list -> 200 (0.029s)
2026-07-12 14:47:09.879 | INFO     | __main__:log_requests:44 - GET /api/dept/tree -> 200 (0.010s)
2026-07-12 14:47:09.880 | INFO     | __main__:log_requests:44 - GET /api/asset/status/list -> 200 (0.010s)
2026-07-12 14:47:09.880 | INFO     | __main__:log_requests:44 - GET /api/asset/category/list -> 200 (0.011s)
2026-07-12 14:47:09.912 | INFO     | __main__:log_requests:44 - GET /api/asset/list -> 200 (0.011s)
2026-07-12 14:47:27.287 | INFO     | __main__:log_requests:44 - GET /api/dept/tree -> 200 (0.010s)
2026-07-12 14:47:27.288 | INFO     | __main__:log_requests:44 - GET /api/user/profile -> 200 (0.010s)
2026-07-12 14:47:27.315 | INFO     | __main__:log_requests:44 - GET /api/apply/pending -> 200 (0.007s)
2026-07-12 14:47:29.180 | INFO     | __main__:log_requests:44 - GET /api/apply/approved -> 200 (0.006s)
2026-07-12 14:47:32.419 | INFO     | __main__:log_requests:44 - GET /api/apply/15 -> 200 (0.041s)
2026-07-12 14:47:32.421 | INFO     | __main__:log_requests:44 - GET /api/user/profile -> 200 (0.039s)
2026-07-12 14:47:42.660 | INFO     | __main__:log_requests:44 - GET /api/dept/tree -> 200 (0.004s)
2026-07-12 14:47:42.690 | INFO     | __main__:log_requests:44 - GET /api/apply/pending -> 200 (0.007s)
2026-07-12 14:47:44.215 | INFO     | __main__:log_requests:44 - GET /api/apply/approved -> 200 (0.005s)
2026-07-12 14:47:45.992 | INFO     | __main__:log_requests:44 - GET /api/apply/14 -> 200 (0.005s)
2026-07-12 14:47:49.647 | INFO     | __main__:log_requests:44 - GET /api/dept/tree -> 200 (0.003s)
2026-07-12 14:47:49.667 | INFO     | __main__:log_requests:44 - GET /api/apply/pending -> 200 (0.006s)
2026-07-12 14:47:51.208 | INFO     | __main__:log_requests:44 - GET /api/apply/approved -> 200 (0.006s)
2026-07-12 14:47:52.674 | INFO     | __main__:log_requests:44 - GET /api/apply/13 -> 200 (0.005s)
2026-07-12 14:47:56.325 | INFO     | __main__:log_requests:44 - GET /api/dept/tree -> 200 (0.003s)
2026-07-12 14:47:56.347 | INFO     | __main__:log_requests:44 - GET /api/apply/pending -> 200 (0.006s)
2026-07-12 14:47:57.487 | INFO     | __main__:log_requests:44 - GET /api/apply/pending -> 200 (0.005s)
2026-07-12 14:47:58.047 | INFO     | __main__:log_requests:44 - GET /api/repair/list -> 200 (0.022s)
2026-07-12 14:47:58.590 | INFO     | __main__:log_requests:44 - GET /api/apply/pending -> 200 (0.005s)
2026-07-12 14:47:58.998 | INFO     | __main__:log_requests:44 - GET /api/apply/approved -> 200 (0.005s)
2026-07-12 14:47:59.978 | INFO     | __main__:log_requests:44 - GET /api/repair/list -> 200 (0.005s)
2026-07-12 14:48:00.512 | INFO     | __main__:log_requests:44 - GET /api/apply/approved -> 200 (0.006s)
2026-07-12 14:48:01.027 | INFO     | __main__:log_requests:44 - GET /api/apply/approved -> 200 (0.005s)
2026-07-12 14:48:01.518 | INFO     | __main__:log_requests:44 - GET /api/apply/approved -> 200 (0.005s)
2026-07-12 14:48:03.075 | INFO     | __main__:log_requests:44 - GET /api/apply/approved -> 200 (0.005s)
2026-07-12 14:48:04.116 | INFO     | __main__:log_requests:44 - GET /api/apply/approved -> 200 (0.006s)
2026-07-12 14:48:04.923 | INFO     | __main__:log_requests:44 - GET /api/repair/list -> 200 (0.005s)
2026-07-12 14:48:06.082 | INFO     | __main__:log_requests:44 - GET /api/apply/approved -> 200 (0.006s)
2026-07-12 14:48:07.670 | INFO     | __main__:log_requests:44 - GET /api/apply/approved -> 200 (0.006s)
2026-07-12 14:48:08.852 | INFO     | __main__:log_requests:44 - GET /api/apply/approved -> 200 (0.005s)
2026-07-12 14:48:10.498 | INFO     | __main__:log_requests:44 - GET /api/asset/list -> 200 (0.017s)
2026-07-12 14:48:10.498 | INFO     | __main__:log_requests:44 - GET /api/apply/my -> 200 (0.017s)
2026-07-12 14:48:10.498 | INFO     | __main__:log_requests:44 - GET /api/repair/list -> 200 (0.016s)
2026-07-12 14:48:22.824 | INFO     | __main__:log_requests:44 - GET /api/asset/list -> 200 (0.010s)
2026-07-12 14:48:22.853 | INFO     | __main__:log_requests:44 - GET /api/apply/my -> 200 (0.030s)
2026-07-12 14:48:22.855 | INFO     | __main__:log_requests:44 - GET /api/repair/list -> 200 (0.031s)
2026-07-12 14:48:22.855 | INFO     | __main__:log_requests:44 - GET /api/user/profile -> 200 (0.029s)
2026-07-12 14:48:26.201 | INFO     | __main__:log_requests:44 - GET /api/dept/tree -> 200 (0.004s)
2026-07-12 14:48:26.225 | INFO     | __main__:log_requests:44 - GET /api/apply/pending -> 200 (0.005s)
2026-07-12 14:48:27.510 | INFO     | __main__:log_requests:44 - GET /api/asset/status/list -> 200 (0.009s)
2026-07-12 14:48:27.510 | INFO     | __main__:log_requests:44 - GET /api/asset/category/list -> 200 (0.010s)
2026-07-12 14:48:27.511 | INFO     | __main__:log_requests:44 - GET /api/dept/tree -> 200 (0.010s)
2026-07-12 14:48:27.538 | INFO     | __main__:log_requests:44 - GET /api/asset/list -> 200 (0.006s)
2026-07-12 14:48:28.857 | INFO     | __main__:log_requests:44 - GET /api/asset/status/list -> 200 (0.004s)
2026-07-12 14:48:28.949 | INFO     | __main__:log_requests:44 - GET /api/apply/pending -> 200 (0.085s)
2026-07-12 14:48:28.949 | INFO     | __main__:log_requests:44 - GET /api/report/dashboard -> 200 (0.087s)
2026-07-12 14:48:28.949 | INFO     | __main__:log_requests:44 - GET /api/report/asset -> 200 (0.087s)
2026-07-12 14:48:33.674 | INFO     | __main__:log_requests:44 - GET /api/user/profile -> 200 (0.009s)
2026-07-12 14:48:33.685 | INFO     | __main__:log_requests:44 - GET /api/user/profile -> 200 (0.009s)
2026-07-12 14:48:40.044 | INFO     | __main__:log_requests:44 - GET /api/user/profile -> 200 (0.006s)
2026-07-12 14:48:46.686 | INFO     | __main__:log_requests:44 - GET /api/asset/status/list -> 200 (0.004s)
2026-07-12 14:48:46.700 | INFO     | __main__:log_requests:44 - GET /api/apply/pending -> 200 (0.007s)
2026-07-12 14:48:46.720 | INFO     | __main__:log_requests:44 - GET /api/report/asset -> 200 (0.028s)
2026-07-12 14:48:46.720 | INFO     | __main__:log_requests:44 - GET /api/report/dashboard -> 200 (0.030s)
2026-07-12 14:48:50.174 | INFO     | __main__:log_requests:44 - GET /api/dept/tree -> 200 (0.003s)
2026-07-12 14:48:50.206 | INFO     | __main__:log_requests:44 - GET /api/apply/pending -> 200 (0.006s)
2026-07-12 14:48:51.485 | INFO     | __main__:log_requests:44 - GET /api/asset/status/list -> 200 (0.004s)
2026-07-12 14:48:51.497 | INFO     | __main__:log_requests:44 - GET /api/apply/pending -> 200 (0.005s)
2026-07-12 14:48:51.519 | INFO     | __main__:log_requests:44 - GET /api/report/dashboard -> 200 (0.030s)
2026-07-12 14:48:51.519 | INFO     | __main__:log_requests:44 - GET /api/report/asset -> 200 (0.030s)
2026-07-12 14:49:57.322 | INFO     | __main__:log_requests:44 - GET /api/asset/list -> 200 (0.021s)
2026-07-12 14:49:57.322 | INFO     | __main__:log_requests:44 - GET /api/apply/my -> 200 (0.021s)
2026-07-12 14:49:57.322 | INFO     | __main__:log_requests:44 - GET /api/repair/list -> 200 (0.021s)
2026-07-12 14:51:41.829 | INFO     | __main__:log_requests:44 - GET /api/asset/status/list -> 200 (0.004s)
2026-07-12 14:51:41.856 | INFO     | __main__:log_requests:44 - GET /api/report/dashboard -> 200 (0.022s)
2026-07-12 14:51:41.856 | INFO     | __main__:log_requests:44 - GET /api/apply/pending -> 200 (0.020s)
2026-07-12 14:51:41.872 | INFO     | __main__:log_requests:44 - GET /api/report/asset -> 200 (0.033s)
2026-07-12 14:51:46.160 | INFO     | __main__:log_requests:44 - GET /api/dept/tree -> 200 (0.011s)
2026-07-12 14:51:46.160 | INFO     | __main__:log_requests:44 - GET /api/role/list -> 200 (0.012s)
2026-07-12 14:51:46.202 | INFO     | __main__:log_requests:44 - GET /api/user/list -> 200 (0.031s)
2026-07-12 14:52:28.638 | INFO     | __main__:log_requests:44 - GET /api/dept/tree -> 200 (0.004s)
2026-07-12 14:52:28.665 | INFO     | __main__:log_requests:44 - GET /api/apply/pending -> 200 (0.008s)
2026-07-12 14:52:32.126 | INFO     | __main__:log_requests:44 - GET /api/apply/pending -> 200 (0.005s)
2026-07-12 14:52:32.575 | INFO     | __main__:log_requests:44 - GET /api/repair/list -> 200 (0.006s)
2026-07-12 14:52:33.415 | INFO     | __main__:log_requests:44 - GET /api/apply/pending -> 200 (0.006s)
2026-07-12 14:52:34.131 | INFO     | __main__:log_requests:44 - GET /api/apply/approved -> 200 (0.008s)
2026-07-12 14:52:35.555 | INFO     | __main__:log_requests:44 - GET /api/repair/list -> 200 (0.006s)
2026-07-12 14:52:36.061 | INFO     | __main__:log_requests:44 - GET /api/apply/approved -> 200 (0.005s)
2026-07-12 14:52:41.673 | INFO     | __main__:log_requests:44 - GET /api/apply/pending -> 200 (0.005s)
2026-07-12 14:53:56.906 | INFO     | __main__:log_requests:44 - GET /api/asset/list -> 200 (0.018s)
2026-07-12 14:53:56.906 | INFO     | __main__:log_requests:44 - GET /api/apply/my -> 200 (0.018s)
2026-07-12 14:53:56.906 | INFO     | __main__:log_requests:44 - GET /api/repair/list -> 200 (0.018s)
2026-07-12 14:54:16.669 | INFO     | __main__:log_requests:44 - POST /api/auth/login -> 200 (0.239s)
2026-07-12 14:54:16.682 | INFO     | __main__:log_requests:44 - GET /api/user/profile -> 200 (0.006s)
2026-07-12 14:54:16.722 | INFO     | __main__:log_requests:44 - GET /api/asset/status/list -> 200 (0.005s)
2026-07-12 14:54:16.733 | INFO     | __main__:log_requests:44 - GET /api/report/dashboard -> 403 (0.004s)
2026-07-12 14:54:16.733 | INFO     | __main__:log_requests:44 - GET /api/report/asset -> 403 (0.003s)
2026-07-12 14:54:20.902 | INFO     | __main__:log_requests:44 - GET /api/dept/tree -> 200 (0.003s)
2026-07-12 14:54:20.916 | INFO     | __main__:log_requests:44 - GET /api/apply/pending -> 403 (0.001s)
2026-07-12 14:54:25.458 | INFO     | __main__:log_requests:44 - GET /api/apply/approved -> 200 (0.007s)
2026-07-12 14:54:26.245 | INFO     | __main__:log_requests:44 - GET /api/apply/pending -> 403 (0.001s)
2026-07-12 14:54:30.305 | INFO     | __main__:log_requests:44 - GET /api/apply/pending -> 403 (0.001s)
2026-07-12 14:54:31.397 | INFO     | __main__:log_requests:44 - GET /api/repair/list -> 200 (0.005s)
2026-07-12 14:54:32.440 | INFO     | __main__:log_requests:44 - GET /api/apply/pending -> 403 (0.001s)
2026-07-12 14:54:35.460 | INFO     | __main__:log_requests:44 - GET /api/apply/approved -> 200 (0.005s)
2026-07-12 14:54:36.593 | INFO     | __main__:log_requests:44 - GET /api/apply/approved -> 200 (0.005s)
2026-07-12 14:54:37.460 | INFO     | __main__:log_requests:44 - GET /api/repair/list -> 200 (0.005s)
2026-07-12 14:54:38.280 | INFO     | __main__:log_requests:44 - GET /api/apply/approved -> 200 (0.007s)
2026-07-12 14:54:38.962 | INFO     | __main__:log_requests:44 - GET /api/apply/approved -> 200 (0.005s)
2026-07-12 14:54:39.426 | INFO     | __main__:log_requests:44 - GET /api/repair/list -> 200 (0.006s)
2026-07-12 14:54:41.148 | INFO     | __main__:log_requests:44 - GET /api/apply/approved -> 200 (0.006s)
2026-07-12 14:54:44.752 | INFO     | __main__:log_requests:44 - GET /api/apply/approved -> 200 (0.004s)
2026-07-12 14:54:50.551 | INFO     | __main__:log_requests:44 - GET /api/asset/list -> 200 (0.016s)
2026-07-12 14:54:50.551 | INFO     | __main__:log_requests:44 - GET /api/apply/my -> 200 (0.016s)
2026-07-12 14:54:50.557 | INFO     | __main__:log_requests:44 - GET /api/repair/list -> 200 (0.016s)
2026-07-12 14:55:06.460 | INFO     | __main__:log_requests:44 - GET /api/dept/tree -> 200 (0.003s)
2026-07-12 14:55:06.477 | INFO     | __main__:log_requests:44 - GET /api/apply/pending -> 403 (0.001s)
2026-07-12 14:55:12.351 | INFO     | __main__:log_requests:44 - GET /api/dept/tree -> 200 (0.012s)
2026-07-12 14:55:12.352 | INFO     | __main__:log_requests:44 - GET /api/user/profile -> 200 (0.012s)
2026-07-12 14:55:12.378 | INFO     | __main__:log_requests:44 - GET /api/apply/pending -> 403 (0.002s)
2026-07-12 14:55:58.828 | INFO     | __main__:log_requests:44 - GET /api/asset/list -> 200 (0.022s)
2026-07-12 14:55:58.828 | INFO     | __main__:log_requests:44 - GET /api/apply/my -> 200 (0.022s)
2026-07-12 14:55:58.829 | INFO     | __main__:log_requests:44 - GET /api/repair/list -> 200 (0.022s)
2026-07-12 14:56:01.052 | INFO     | __main__:log_requests:44 - GET /api/dept/tree -> 200 (0.003s)
2026-07-12 14:56:01.072 | INFO     | __main__:log_requests:44 - GET /api/apply/pending -> 403 (0.001s)
2026-07-12 14:56:04.434 | INFO     | __main__:log_requests:44 - GET /api/apply/pending -> 403 (0.001s)
2026-07-12 14:56:05.019 | INFO     | __main__:log_requests:44 - GET /api/repair/list -> 200 (0.007s)
2026-07-12 14:56:06.880 | INFO     | __main__:log_requests:44 - GET /api/apply/pending -> 403 (0.001s)
2026-07-12 14:56:08.929 | INFO     | __main__:log_requests:44 - GET /api/apply/approved -> 200 (0.008s)
2026-07-12 14:56:11.210 | INFO     | __main__:log_requests:44 - GET /api/asset/status/list -> 200 (0.004s)
2026-07-12 14:56:11.224 | INFO     | __main__:log_requests:44 - GET /api/report/dashboard -> 403 (0.003s)
2026-07-12 14:56:11.226 | INFO     | __main__:log_requests:44 - GET /api/report/asset -> 403 (0.002s)
2026-07-12 14:56:12.783 | INFO     | __main__:log_requests:44 - GET /api/asset/list -> 200 (0.008s)
2026-07-12 14:56:12.798 | INFO     | __main__:log_requests:44 - GET /api/apply/my -> 200 (0.022s)
2026-07-12 14:56:12.799 | INFO     | __main__:log_requests:44 - GET /api/repair/list -> 200 (0.017s)
2026-07-12 14:56:17.490 | INFO     | __main__:log_requests:44 - GET /api/dept/tree -> 200 (0.003s)
2026-07-12 14:56:17.510 | INFO     | __main__:log_requests:44 - GET /api/apply/pending -> 403 (0.001s)
2026-07-12 14:58:38.741 | INFO     | __main__:log_requests:44 - POST /api/auth/login -> 200 (0.257s)
2026-07-12 14:58:38.761 | INFO     | __main__:log_requests:44 - GET /api/report/dashboard -> 200 (0.017s)
2026-07-12 14:58:38.782 | INFO     | __main__:log_requests:44 - GET /api/report/asset -> 200 (0.020s)
2026-07-12 14:58:38.790 | INFO     | __main__:log_requests:44 - GET /api/asset/status/list -> 200 (0.006s)
2026-07-12 15:10:46.401 | INFO     | __main__:<module>:63 - Gateway starting on port 9900, PID=5628
2026-07-12 15:10:56.332 | INFO     | __main__:log_requests:44 - GET /api/user/profile -> 200 (0.094s)
2026-07-12 15:10:56.332 | INFO     | __main__:log_requests:44 - GET /api/dept/tree -> 200 (0.150s)
2026-07-12 15:10:56.354 | INFO     | __main__:log_requests:44 - GET /api/apply/pending -> 403 (0.002s)
2026-07-12 15:11:10.110 | INFO     | __main__:log_requests:44 - GET /api/apply/pending -> 403 (0.001s)
2026-07-12 15:11:19.106 | INFO     | __main__:log_requests:44 - GET /api/apply/pending -> 403 (0.001s)
2026-07-12 15:11:19.819 | INFO     | __main__:log_requests:44 - GET /api/apply/pending -> 403 (0.001s)
2026-07-12 15:11:20.413 | INFO     | __main__:log_requests:44 - GET /api/repair/list -> 200 (0.026s)
2026-07-12 15:11:20.873 | INFO     | __main__:log_requests:44 - GET /api/apply/pending -> 403 (0.001s)
2026-07-12 15:11:23.118 | INFO     | __main__:log_requests:44 - GET /api/apply/approved -> 200 (0.024s)
2026-07-12 15:11:24.030 | INFO     | __main__:log_requests:44 - GET /api/apply/approved -> 200 (0.006s)
2026-07-12 15:11:24.734 | INFO     | __main__:log_requests:44 - GET /api/apply/approved -> 200 (0.006s)
2026-07-12 15:11:25.335 | INFO     | __main__:log_requests:44 - GET /api/apply/approved -> 200 (0.006s)
2026-07-12 15:11:26.873 | INFO     | __main__:log_requests:44 - GET /api/apply/approved -> 200 (0.005s)
2026-07-12 15:11:28.022 | INFO     | __main__:log_requests:44 - GET /api/apply/approved -> 200 (0.005s)
2026-07-12 15:11:28.685 | INFO     | __main__:log_requests:44 - GET /api/repair/list -> 200 (0.006s)
2026-07-12 15:11:29.259 | INFO     | __main__:log_requests:44 - GET /api/apply/approved -> 200 (0.005s)
2026-07-12 15:11:30.325 | INFO     | __main__:log_requests:44 - GET /api/apply/approved -> 200 (0.007s)
2026-07-12 15:11:38.819 | INFO     | __main__:log_requests:44 - GET /api/apply/15 -> 200 (0.014s)
2026-07-12 15:11:42.909 | INFO     | __main__:log_requests:44 - GET /api/dept/tree -> 200 (0.003s)
2026-07-12 15:11:42.928 | INFO     | __main__:log_requests:44 - GET /api/apply/pending -> 403 (0.001s)
2026-07-12 15:11:47.208 | INFO     | __main__:log_requests:44 - GET /api/asset/list -> 200 (0.033s)
2026-07-12 15:11:47.218 | INFO     | __main__:log_requests:44 - GET /api/apply/my -> 200 (0.042s)
2026-07-12 15:11:47.220 | INFO     | __main__:log_requests:44 - GET /api/repair/list -> 200 (0.012s)
2026-07-12 15:12:19.854 | INFO     | __main__:log_requests:44 - GET /api/asset/status/list -> 200 (0.004s)
2026-07-12 15:12:19.867 | INFO     | __main__:log_requests:44 - GET /api/report/dashboard -> 403 (0.005s)
2026-07-12 15:12:19.867 | INFO     | __main__:log_requests:44 - GET /api/report/asset -> 403 (0.004s)
2026-07-12 15:12:25.427 | INFO     | __main__:log_requests:44 - POST /api/auth/login -> 200 (0.248s)
2026-07-12 15:12:25.443 | INFO     | __main__:log_requests:44 - GET /api/user/profile -> 200 (0.007s)
2026-07-12 15:12:25.479 | INFO     | __main__:log_requests:44 - GET /api/asset/status/list -> 200 (0.004s)
2026-07-12 15:12:25.601 | INFO     | __main__:log_requests:44 - GET /api/report/dashboard -> 200 (0.113s)
2026-07-12 15:12:25.601 | INFO     | __main__:log_requests:44 - GET /api/apply/pending -> 200 (0.111s)
2026-07-12 15:12:25.601 | INFO     | __main__:log_requests:44 - GET /api/report/asset -> 200 (0.112s)
2026-07-12 15:12:34.087 | INFO     | __main__:log_requests:44 - GET /api/dept/tree -> 200 (0.017s)
2026-07-12 15:12:34.088 | INFO     | __main__:log_requests:44 - GET /api/role/list -> 200 (0.019s)
2026-07-12 15:12:34.140 | INFO     | __main__:log_requests:44 - GET /api/user/list -> 200 (0.031s)
2026-07-12 15:12:43.093 | INFO     | __main__:log_requests:44 - GET /api/asset/category/list -> 200 (0.028s)
2026-07-12 15:12:43.094 | INFO     | __main__:log_requests:44 - GET /api/asset/status/list -> 200 (0.027s)
2026-07-12 15:12:43.094 | INFO     | __main__:log_requests:44 - GET /api/dept/tree -> 200 (0.028s)
2026-07-12 15:12:43.128 | INFO     | __main__:log_requests:44 - GET /api/asset/list -> 200 (0.012s)
2026-07-12 15:12:46.544 | INFO     | __main__:log_requests:44 - GET /api/asset/1 -> 200 (0.032s)
2026-07-12 15:12:55.993 | INFO     | __main__:log_requests:44 - GET /api/asset/category/list -> 200 (0.007s)
2026-07-12 15:12:56.000 | INFO     | __main__:log_requests:44 - GET /api/asset/status/list -> 200 (0.012s)
2026-07-12 15:12:56.001 | INFO     | __main__:log_requests:44 - GET /api/dept/tree -> 200 (0.008s)
2026-07-12 15:12:56.042 | INFO     | __main__:log_requests:44 - GET /api/asset/list -> 200 (0.009s)
2026-07-12 15:13:01.080 | INFO     | __main__:log_requests:44 - GET /api/dept/tree -> 200 (0.003s)
2026-07-12 15:13:01.103 | INFO     | __main__:log_requests:44 - GET /api/apply/pending -> 200 (0.006s)
2026-07-12 15:13:02.896 | INFO     | __main__:log_requests:44 - GET /api/apply/pending -> 200 (0.005s)
2026-07-12 15:13:05.896 | INFO     | __main__:log_requests:44 - GET /api/apply/approved -> 200 (0.005s)
2026-07-12 15:13:08.419 | INFO     | __main__:log_requests:44 - GET /api/apply/approved -> 200 (0.006s)
2026-07-12 15:13:08.870 | INFO     | __main__:log_requests:44 - GET /api/apply/approved -> 200 (0.005s)
2026-07-12 15:13:10.462 | INFO     | __main__:log_requests:44 - GET /api/apply/approved -> 200 (0.005s)
2026-07-12 15:13:11.398 | INFO     | __main__:log_requests:44 - GET /api/apply/approved -> 200 (0.005s)
2026-07-12 15:13:17.542 | INFO     | __main__:log_requests:44 - GET /api/apply/approved -> 200 (0.006s)
2026-07-12 15:13:19.281 | INFO     | __main__:log_requests:44 - GET /api/apply/approved -> 200 (0.005s)
2026-07-12 15:13:20.533 | INFO     | __main__:log_requests:44 - GET /api/apply/approved -> 200 (0.005s)
2026-07-12 15:13:21.538 | INFO     | __main__:log_requests:44 - GET /api/apply/approved -> 200 (0.005s)
2026-07-12 15:13:23.494 | INFO     | __main__:log_requests:44 - GET /api/apply/approved -> 200 (0.005s)
2026-07-12 15:13:24.484 | INFO     | __main__:log_requests:44 - GET /api/repair/list -> 200 (0.005s)
2026-07-12 15:13:26.116 | INFO     | __main__:log_requests:44 - GET /api/apply/approved -> 200 (0.006s)
2026-07-12 15:13:43.091 | INFO     | __main__:log_requests:44 - GET /api/asset/list -> 200 (0.008s)
2026-07-12 15:13:43.103 | INFO     | __main__:log_requests:44 - GET /api/apply/my -> 200 (0.016s)
2026-07-12 15:13:43.103 | INFO     | __main__:log_requests:44 - GET /api/repair/list -> 200 (0.017s)
2026-07-12 15:15:01.007 | INFO     | __main__:log_requests:44 - POST /api/auth/login -> 200 (0.241s)
2026-07-12 15:15:01.019 | INFO     | __main__:log_requests:44 - GET /api/user/profile -> 200 (0.006s)
2026-07-12 15:15:01.053 | INFO     | __main__:log_requests:44 - GET /api/asset/status/list -> 200 (0.004s)
2026-07-12 15:15:01.083 | INFO     | __main__:log_requests:44 - GET /api/report/dashboard -> 200 (0.021s)
2026-07-12 15:15:01.083 | INFO     | __main__:log_requests:44 - GET /api/apply/pending -> 200 (0.019s)
2026-07-12 15:15:01.099 | INFO     | __main__:log_requests:44 - GET /api/report/asset -> 200 (0.035s)
2026-07-12 15:15:02.204 | INFO     | __main__:log_requests:44 - GET /api/dept/tree -> 200 (0.003s)
2026-07-12 15:15:02.232 | INFO     | __main__:log_requests:44 - GET /api/apply/pending -> 200 (0.007s)
2026-07-12 15:15:02.946 | INFO     | __main__:log_requests:44 - GET /api/apply/approved -> 200 (0.006s)
2026-07-12 15:15:03.932 | INFO     | __main__:log_requests:44 - GET /api/apply/approved -> 200 (0.005s)
2026-07-12 15:15:10.554 | INFO     | __main__:log_requests:44 - GET /api/apply/approved -> 200 (0.006s)
2026-07-12 15:15:12.396 | INFO     | __main__:log_requests:44 - GET /api/apply/approved -> 200 (0.006s)
2026-07-12 15:15:14.354 | INFO     | __main__:log_requests:44 - GET /api/apply/approved -> 200 (0.006s)
2026-07-12 15:15:15.464 | INFO     | __main__:log_requests:44 - GET /api/repair/list -> 200 (0.005s)
2026-07-12 15:15:16.722 | INFO     | __main__:log_requests:44 - GET /api/apply/approved -> 200 (0.005s)
2026-07-12 15:15:20.342 | INFO     | __main__:log_requests:44 - GET /api/apply/approved -> 200 (0.006s)
2026-07-12 15:15:22.078 | INFO     | __main__:log_requests:44 - GET /api/apply/approved -> 200 (0.005s)
2026-07-12 15:15:26.852 | INFO     | __main__:log_requests:44 - GET /api/apply/approved -> 200 (0.006s)
2026-07-12 15:15:30.747 | INFO     | __main__:log_requests:44 - GET /api/repair/list -> 200 (0.005s)
2026-07-12 15:15:31.481 | INFO     | __main__:log_requests:44 - GET /api/apply/approved -> 200 (0.006s)
2026-07-12 15:15:35.790 | INFO     | __main__:log_requests:44 - GET /api/apply/approved -> 200 (0.004s)
2026-07-12 15:16:11.055 | INFO     | __main__:log_requests:44 - GET /api/apply/approved -> 200 (0.006s)
2026-07-12 15:16:23.939 | INFO     | __main__:log_requests:44 - GET /api/apply/approved -> 200 (0.005s)
2026-07-12 15:17:36.591 | INFO     | __main__:log_requests:44 - GET /api/apply/approved -> 200 (0.007s)
2026-07-12 15:17:38.087 | INFO     | __main__:log_requests:44 - GET /api/apply/approved -> 200 (0.006s)
2026-07-12 15:17:39.402 | INFO     | __main__:log_requests:44 - GET /api/apply/approved -> 200 (0.008s)
2026-07-12 15:17:39.888 | INFO     | __main__:log_requests:44 - GET /api/apply/approved -> 200 (0.009s)
2026-07-12 15:17:39.902 | INFO     | __main__:log_requests:44 - GET /api/apply/approved -> 200 (0.008s)
2026-07-12 15:17:43.875 | INFO     | __main__:log_requests:44 - GET /api/apply/pending -> 200 (0.006s)
2026-07-12 15:17:55.205 | INFO     | __main__:log_requests:44 - GET /api/asset/list -> 200 (0.011s)
2026-07-12 15:17:55.234 | INFO     | __main__:log_requests:44 - GET /api/apply/my -> 200 (0.022s)
2026-07-12 15:17:55.235 | INFO     | __main__:log_requests:44 - GET /api/repair/list -> 200 (0.022s)
2026-07-12 15:18:04.036 | INFO     | __main__:log_requests:44 - GET /api/asset/status/list -> 200 (0.004s)
2026-07-12 15:18:04.070 | INFO     | __main__:log_requests:44 - GET /api/report/dashboard -> 200 (0.023s)
2026-07-12 15:18:04.071 | INFO     | __main__:log_requests:44 - GET /api/apply/pending -> 200 (0.022s)
2026-07-12 15:18:04.085 | INFO     | __main__:log_requests:44 - GET /api/report/asset -> 200 (0.036s)
2026-07-12 15:18:26.293 | INFO     | __main__:log_requests:44 - POST /api/auth/login -> 200 (0.238s)
2026-07-12 15:18:26.303 | INFO     | __main__:log_requests:44 - GET /api/user/profile -> 200 (0.008s)
2026-07-12 15:18:26.348 | INFO     | __main__:log_requests:44 - GET /api/asset/status/list -> 200 (0.005s)
2026-07-12 15:18:26.419 | INFO     | __main__:log_requests:44 - GET /api/report/dashboard -> 403 (0.071s)
2026-07-12 15:18:26.419 | INFO     | __main__:log_requests:44 - GET /api/report/asset -> 403 (0.070s)
2026-07-12 15:18:31.995 | INFO     | __main__:log_requests:44 - GET /api/asset/list -> 200 (0.010s)
2026-07-12 15:18:32.025 | INFO     | __main__:log_requests:44 - GET /api/apply/my -> 200 (0.039s)
2026-07-12 15:18:32.025 | INFO     | __main__:log_requests:44 - GET /api/repair/list -> 200 (0.033s)
2026-07-12 15:18:33.046 | INFO     | __main__:log_requests:44 - GET /api/asset/status/list -> 200 (0.004s)
2026-07-12 15:18:33.057 | INFO     | __main__:log_requests:44 - GET /api/report/dashboard -> 403 (0.003s)
2026-07-12 15:18:33.058 | INFO     | __main__:log_requests:44 - GET /api/report/asset -> 403 (0.003s)
2026-07-12 15:18:37.245 | INFO     | __main__:log_requests:44 - GET /api/asset/status/list -> 200 (0.014s)
2026-07-12 15:18:37.245 | INFO     | __main__:log_requests:44 - GET /api/user/profile -> 200 (0.014s)
2026-07-12 15:18:37.257 | INFO     | __main__:log_requests:44 - GET /api/report/dashboard -> 403 (0.003s)
2026-07-12 15:18:37.258 | INFO     | __main__:log_requests:44 - GET /api/report/asset -> 403 (0.003s)
2026-07-12 15:18:39.763 | INFO     | __main__:log_requests:44 - GET /api/dept/tree -> 200 (0.003s)
2026-07-12 15:18:39.798 | INFO     | __main__:log_requests:44 - GET /api/apply/pending -> 403 (0.001s)
2026-07-12 15:18:41.382 | INFO     | __main__:log_requests:44 - GET /api/asset/status/list -> 200 (0.004s)
2026-07-12 15:18:41.393 | INFO     | __main__:log_requests:44 - GET /api/report/dashboard -> 403 (0.003s)
2026-07-12 15:18:41.393 | INFO     | __main__:log_requests:44 - GET /api/report/asset -> 403 (0.002s)
2026-07-12 15:18:43.957 | INFO     | __main__:log_requests:44 - GET /api/asset/status/list -> 200 (0.004s)
2026-07-12 15:18:43.970 | INFO     | __main__:log_requests:44 - GET /api/report/dashboard -> 403 (0.003s)
2026-07-12 15:18:43.971 | INFO     | __main__:log_requests:44 - GET /api/report/asset -> 403 (0.002s)
2026-07-12 15:18:47.945 | INFO     | __main__:log_requests:44 - GET /api/asset/status/list -> 200 (0.004s)
2026-07-12 15:18:47.955 | INFO     | __main__:log_requests:44 - GET /api/report/dashboard -> 403 (0.003s)
2026-07-12 15:18:47.955 | INFO     | __main__:log_requests:44 - GET /api/report/asset -> 403 (0.002s)
2026-07-12 15:18:53.742 | INFO     | __main__:log_requests:44 - GET /api/asset/list -> 200 (0.009s)
2026-07-12 15:18:53.767 | INFO     | __main__:log_requests:44 - GET /api/apply/my -> 200 (0.024s)
2026-07-12 15:18:53.768 | INFO     | __main__:log_requests:44 - GET /api/repair/list -> 200 (0.024s)
2026-07-12 15:18:57.512 | INFO     | __main__:log_requests:44 - GET /api/repair/7 -> 200 (0.039s)
2026-07-12 15:19:02.536 | INFO     | __main__:log_requests:44 - GET /api/dept/tree -> 200 (0.003s)
2026-07-12 15:19:02.556 | INFO     | __main__:log_requests:44 - GET /api/apply/pending -> 403 (0.001s)
2026-07-12 15:19:04.431 | INFO     | __main__:log_requests:44 - GET /api/asset/list -> 200 (0.015s)
2026-07-12 15:19:04.432 | INFO     | __main__:log_requests:44 - GET /api/apply/my -> 200 (0.015s)
2026-07-12 15:19:04.440 | INFO     | __main__:log_requests:44 - GET /api/repair/list -> 200 (0.018s)
2026-07-12 15:19:12.228 | INFO     | __main__:log_requests:44 - GET /api/apply/15 -> 200 (0.006s)
2026-07-12 15:19:14.644 | INFO     | __main__:log_requests:44 - GET /api/dept/tree -> 200 (0.003s)
2026-07-12 15:19:14.684 | INFO     | __main__:log_requests:44 - GET /api/apply/pending -> 403 (0.006s)
2026-07-12 15:19:16.633 | INFO     | __main__:log_requests:44 - GET /api/apply/approved -> 200 (0.005s)
2026-07-12 15:19:21.092 | INFO     | __main__:log_requests:44 - GET /api/apply/pending -> 403 (0.001s)
2026-07-12 15:19:23.081 | INFO     | __main__:log_requests:44 - GET /api/apply/approved -> 200 (0.005s)
2026-07-12 15:19:23.630 | INFO     | __main__:log_requests:44 - GET /api/apply/approved -> 200 (0.005s)
2026-07-12 15:19:24.149 | INFO     | __main__:log_requests:44 - GET /api/repair/list -> 200 (0.006s)
2026-07-12 15:19:24.939 | INFO     | __main__:log_requests:44 - GET /api/apply/approved -> 200 (0.006s)
2026-07-12 15:19:26.246 | INFO     | __main__:log_requests:44 - GET /api/apply/approved -> 200 (0.006s)
2026-07-12 15:19:28.291 | INFO     | __main__:log_requests:44 - GET /api/apply/approved -> 200 (0.006s)
2026-07-12 15:19:29.111 | INFO     | __main__:log_requests:44 - GET /api/apply/approved -> 200 (0.006s)
2026-07-12 15:19:29.716 | INFO     | __main__:log_requests:44 - GET /api/repair/list -> 200 (0.005s)
2026-07-12 15:19:30.842 | INFO     | __main__:log_requests:44 - GET /api/repair/list -> 200 (0.006s)
2026-07-12 15:19:34.735 | INFO     | __main__:log_requests:44 - GET /api/apply/pending -> 403 (0.001s)
2026-07-12 15:19:36.093 | INFO     | __main__:log_requests:44 - GET /api/apply/pending -> 403 (0.002s)
2026-07-12 15:19:36.937 | INFO     | __main__:log_requests:44 - GET /api/apply/pending -> 403 (0.001s)
2026-07-12 15:19:37.506 | INFO     | __main__:log_requests:44 - GET /api/repair/list -> 200 (0.006s)
2026-07-12 15:19:38.024 | INFO     | __main__:log_requests:44 - GET /api/apply/pending -> 403 (0.001s)
2026-07-12 15:24:17.810 | INFO     | __main__:log_requests:44 - GET /api/asset/list -> 200 (0.009s)
2026-07-12 15:24:17.820 | INFO     | __main__:log_requests:44 - GET /api/apply/my -> 200 (0.020s)
2026-07-12 15:24:17.820 | INFO     | __main__:log_requests:44 - GET /api/repair/list -> 200 (0.014s)
2026-07-12 15:32:38.342 | INFO     | __main__:log_requests:44 - GET /api/asset/list -> 200 (0.020s)
2026-07-12 15:32:38.342 | INFO     | __main__:log_requests:44 - GET /api/apply/my -> 200 (0.020s)
2026-07-12 15:32:38.342 | INFO     | __main__:log_requests:44 - GET /api/repair/list -> 200 (0.021s)
2026-07-12 15:32:38.349 | INFO     | __main__:log_requests:44 - GET /api/user/profile -> 200 (0.020s)
2026-07-12 15:34:47.300 | INFO     | __main__:log_requests:44 - GET /api/asset/list -> 200 (0.011s)
2026-07-12 15:34:47.322 | INFO     | __main__:log_requests:44 - GET /api/apply/my -> 200 (0.021s)
2026-07-12 15:34:47.323 | INFO     | __main__:log_requests:44 - GET /api/repair/list -> 200 (0.022s)
2026-07-12 15:34:47.324 | INFO     | __main__:log_requests:44 - GET /api/user/profile -> 200 (0.021s)
2026-07-12 15:35:35.047 | INFO     | __main__:log_requests:44 - GET /api/asset/list -> 200 (0.019s)
2026-07-12 15:35:35.047 | INFO     | __main__:log_requests:44 - GET /api/apply/my -> 200 (0.019s)
2026-07-12 15:35:35.048 | INFO     | __main__:log_requests:44 - GET /api/repair/list -> 200 (0.020s)
2026-07-12 15:35:44.154 | INFO     | __main__:log_requests:44 - GET /api/repair/list -> 200 (0.019s)
2026-07-12 15:35:44.156 | INFO     | __main__:log_requests:44 - GET /api/apply/my -> 200 (0.019s)
2026-07-12 15:35:44.156 | INFO     | __main__:log_requests:44 - GET /api/asset/list -> 200 (0.021s)
2026-07-12 15:36:01.670 | INFO     | __main__:log_requests:44 - GET /api/asset/list -> 200 (0.011s)
2026-07-12 15:36:01.688 | INFO     | __main__:log_requests:44 - GET /api/apply/my -> 200 (0.018s)
2026-07-12 15:36:01.688 | INFO     | __main__:log_requests:44 - GET /api/repair/list -> 200 (0.018s)
2026-07-12 15:36:02.587 | INFO     | __main__:log_requests:44 - GET /api/asset/list -> 200 (0.010s)
2026-07-12 15:36:02.602 | INFO     | __main__:log_requests:44 - GET /api/repair/list -> 200 (0.026s)
2026-07-12 15:36:02.607 | INFO     | __main__:log_requests:44 - GET /api/apply/my -> 200 (0.027s)
2026-07-12 15:36:02.608 | INFO     | __main__:log_requests:44 - GET /api/user/profile -> 200 (0.020s)
2026-07-12 15:36:02.651 | INFO     | __main__:log_requests:44 - GET /api/user/menus -> 200 (0.014s)
2026-07-12 15:36:22.320 | INFO     | __main__:log_requests:44 - GET /api/asset/list -> 200 (0.008s)
2026-07-12 15:36:22.343 | INFO     | __main__:log_requests:44 - GET /api/repair/list -> 200 (0.023s)
2026-07-12 15:36:22.343 | INFO     | __main__:log_requests:44 - GET /api/apply/my -> 200 (0.023s)
2026-07-12 15:36:22.344 | INFO     | __main__:log_requests:44 - GET /api/user/profile -> 200 (0.022s)
2026-07-12 15:36:22.372 | INFO     | __main__:log_requests:44 - GET /api/user/menus -> 200 (0.005s)
2026-07-12 15:38:28.177 | INFO     | __main__:<module>:63 - Gateway starting on port 9900, PID=19704
2026-07-12 15:38:36.867 | INFO     | __main__:log_requests:44 - GET /api/apply/my -> 200 (0.168s)
2026-07-12 15:38:36.868 | INFO     | __main__:log_requests:44 - GET /api/asset/list -> 200 (0.228s)
2026-07-12 15:38:36.868 | INFO     | __main__:log_requests:44 - GET /api/repair/list -> 200 (0.170s)
2026-07-12 15:38:36.868 | INFO     | __main__:log_requests:44 - GET /api/user/profile -> 200 (0.167s)
2026-07-12 15:38:36.903 | INFO     | __main__:log_requests:44 - GET /api/user/menus -> 200 (0.013s)
2026-07-12 15:38:47.301 | INFO     | __main__:log_requests:44 - GET /api/asset/status/list -> 200 (0.004s)
2026-07-12 15:38:47.314 | INFO     | __main__:log_requests:44 - GET /api/report/asset -> 403 (0.003s)
2026-07-12 15:38:47.314 | INFO     | __main__:log_requests:44 - GET /api/report/dashboard -> 403 (0.005s)
2026-07-12 15:38:56.701 | INFO     | __main__:log_requests:44 - GET /api/asset/status/list -> 200 (0.004s)
2026-07-12 15:38:56.713 | INFO     | __main__:log_requests:44 - GET /api/report/asset -> 403 (0.001s)
2026-07-12 15:38:56.713 | INFO     | __main__:log_requests:44 - GET /api/report/dashboard -> 403 (0.003s)
2026-07-12 15:39:01.077 | INFO     | __main__:log_requests:44 - GET /api/user/profile -> 200 (0.010s)
2026-07-12 15:39:01.077 | INFO     | __main__:log_requests:44 - GET /api/asset/status/list -> 200 (0.011s)
2026-07-12 15:39:01.096 | INFO     | __main__:log_requests:44 - GET /api/user/menus -> 200 (0.006s)
2026-07-12 15:39:01.098 | INFO     | __main__:log_requests:44 - GET /api/report/asset -> 403 (0.003s)
2026-07-12 15:39:01.098 | INFO     | __main__:log_requests:44 - GET /api/report/dashboard -> 403 (0.005s)
2026-07-12 15:39:10.439 | INFO     | __main__:log_requests:44 - GET /api/asset/status/list -> 200 (0.003s)
2026-07-12 15:39:10.444 | INFO     | __main__:log_requests:44 - GET /api/report/dashboard -> 403 (0.002s)
2026-07-12 15:39:10.450 | INFO     | __main__:log_requests:44 - GET /api/report/asset -> 403 (0.002s)
2026-07-12 15:42:57.486 | INFO     | __main__:<module>:63 - Gateway starting on port 9900, PID=30196
2026-07-12 15:43:02.521 | INFO     | __main__:log_requests:44 - GET /api/user/profile -> 200 (0.094s)
2026-07-12 15:43:02.528 | INFO     | __main__:log_requests:44 - GET /api/asset/status/list -> 200 (0.146s)
2026-07-12 15:43:02.556 | INFO     | __main__:log_requests:44 - GET /api/user/menus -> 200 (0.025s)
2026-07-12 15:43:02.556 | INFO     | __main__:log_requests:44 - GET /api/report/dashboard -> 403 (0.025s)
2026-07-12 15:43:02.556 | INFO     | __main__:log_requests:44 - GET /api/report/asset -> 403 (0.024s)
2026-07-12 15:43:07.831 | INFO     | __main__:log_requests:44 - GET /api/asset/list -> 200 (0.065s)
2026-07-12 15:43:07.831 | INFO     | __main__:log_requests:44 - GET /api/apply/my -> 200 (0.064s)
2026-07-12 15:43:07.831 | INFO     | __main__:log_requests:44 - GET /api/repair/list -> 200 (0.065s)
2026-07-12 15:43:21.480 | INFO     | __main__:log_requests:44 - GET /api/apply/pending -> 403 (0.003s)
2026-07-12 15:43:21.486 | INFO     | __main__:log_requests:44 - GET /api/user/profile -> 200 (0.010s)
2026-07-12 15:43:21.518 | INFO     | __main__:log_requests:44 - GET /api/user/menus -> 200 (0.006s)
2026-07-12 15:43:33.775 | INFO     | __main__:log_requests:44 - GET /api/asset/status/list -> 200 (0.004s)
2026-07-12 15:43:33.785 | INFO     | __main__:log_requests:44 - GET /api/report/dashboard -> 403 (0.002s)
2026-07-12 15:43:33.785 | INFO     | __main__:log_requests:44 - GET /api/report/asset -> 403 (0.002s)
2026-07-12 15:43:37.048 | INFO     | __main__:log_requests:44 - GET /api/apply/NaN -> 422 (0.004s)
2026-07-12 15:43:40.125 | INFO     | __main__:log_requests:44 - GET /api/repair/NaN -> 422 (0.002s)
2026-07-12 15:43:44.297 | INFO     | __main__:log_requests:44 - GET /api/asset/NaN -> 422 (0.002s)
2026-07-12 15:43:46.360 | INFO     | __main__:log_requests:44 - GET /api/asset/category/list -> 200 (0.025s)
2026-07-12 15:43:46.360 | INFO     | __main__:log_requests:44 - GET /api/asset/status/list -> 200 (0.027s)
2026-07-12 15:43:46.360 | INFO     | __main__:log_requests:44 - GET /api/dept/tree -> 200 (0.027s)
2026-07-12 15:43:46.394 | INFO     | __main__:log_requests:44 - GET /api/asset/list -> 200 (0.008s)
2026-07-12 15:43:47.368 | INFO     | __main__:log_requests:44 - GET /api/asset/status/list -> 200 (0.004s)
2026-07-12 15:43:47.374 | INFO     | __main__:log_requests:44 - GET /api/report/dashboard -> 403 (0.002s)
2026-07-12 15:43:47.374 | INFO     | __main__:log_requests:44 - GET /api/report/asset -> 403 (0.002s)
2026-07-12 15:43:50.763 | INFO     | __main__:log_requests:44 - GET /api/asset/status/list -> 200 (0.008s)
2026-07-12 15:43:50.763 | INFO     | __main__:log_requests:44 - GET /api/asset/category/list -> 200 (0.009s)
2026-07-12 15:43:50.764 | INFO     | __main__:log_requests:44 - GET /api/dept/tree -> 200 (0.008s)
2026-07-12 15:43:50.791 | INFO     | __main__:log_requests:44 - GET /api/asset/list -> 200 (0.008s)
2026-07-12 15:43:55.512 | INFO     | __main__:log_requests:44 - GET /api/asset/1 -> 200 (0.026s)
2026-07-12 15:44:03.474 | INFO     | __main__:log_requests:44 - GET /api/asset/category/list -> 200 (0.008s)
2026-07-12 15:44:03.474 | INFO     | __main__:log_requests:44 - GET /api/asset/status/list -> 200 (0.008s)
2026-07-12 15:44:03.475 | INFO     | __main__:log_requests:44 - GET /api/dept/tree -> 200 (0.008s)
2026-07-12 15:44:03.500 | INFO     | __main__:log_requests:44 - GET /api/asset/list -> 200 (0.007s)
2026-07-12 15:44:09.603 | INFO     | __main__:log_requests:44 - POST /api/auth/login -> 200 (0.239s)
2026-07-12 15:44:09.610 | INFO     | __main__:log_requests:44 - GET /api/user/profile -> 200 (0.006s)
2026-07-12 15:44:09.617 | INFO     | __main__:log_requests:44 - GET /api/user/menus -> 200 (0.004s)
2026-07-12 15:44:09.661 | INFO     | __main__:log_requests:44 - GET /api/asset/status/list -> 200 (0.005s)
2026-07-12 15:44:09.755 | INFO     | __main__:log_requests:44 - GET /api/report/dashboard -> 200 (0.088s)
2026-07-12 15:44:09.755 | INFO     | __main__:log_requests:44 - GET /api/apply/pending -> 200 (0.086s)
2026-07-12 15:44:09.783 | INFO     | __main__:log_requests:44 - GET /api/report/asset -> 200 (0.117s)
2026-07-12 15:44:12.116 | INFO     | __main__:log_requests:44 - GET /api/role/list -> 200 (0.024s)
2026-07-12 15:44:12.116 | INFO     | __main__:log_requests:44 - GET /api/dept/tree -> 200 (0.024s)
2026-07-12 15:44:12.151 | INFO     | __main__:log_requests:44 - GET /api/user/list -> 200 (0.021s)
2026-07-12 15:44:18.089 | INFO     | __main__:log_requests:44 - GET /api/asset/NaN -> 422 (0.001s)
2026-07-12 15:44:20.015 | INFO     | __main__:log_requests:44 - GET /api/asset/status/list -> 200 (0.008s)
2026-07-12 15:44:20.016 | INFO     | __main__:log_requests:44 - GET /api/asset/category/list -> 200 (0.009s)
2026-07-12 15:44:20.016 | INFO     | __main__:log_requests:44 - GET /api/dept/tree -> 200 (0.008s)
2026-07-12 15:44:20.044 | INFO     | __main__:log_requests:44 - GET /api/asset/list -> 200 (0.008s)
2026-07-12 15:44:29.627 | INFO     | __main__:log_requests:44 - GET /api/role/list -> 200 (0.007s)
2026-07-12 15:44:29.628 | INFO     | __main__:log_requests:44 - GET /api/dept/tree -> 200 (0.007s)
2026-07-12 15:44:29.665 | INFO     | __main__:log_requests:44 - GET /api/user/list -> 200 (0.026s)
2026-07-12 15:44:32.963 | INFO     | __main__:log_requests:44 - GET /api/asset/NaN -> 422 (0.001s)
2026-07-12 15:44:33.659 | INFO     | __main__:log_requests:44 - GET /api/asset/category/list -> 200 (0.008s)
2026-07-12 15:44:33.660 | INFO     | __main__:log_requests:44 - GET /api/asset/status/list -> 200 (0.008s)
2026-07-12 15:44:33.660 | INFO     | __main__:log_requests:44 - GET /api/dept/tree -> 200 (0.008s)
2026-07-12 15:44:33.681 | INFO     | __main__:log_requests:44 - GET /api/asset/list -> 200 (0.006s)
2026-07-12 15:44:35.381 | INFO     | __main__:log_requests:44 - GET /api/asset/1 -> 200 (0.006s)
2026-07-12 15:44:38.008 | INFO     | __main__:log_requests:44 - GET /api/asset/list -> 200 (0.005s)
2026-07-12 15:44:39.414 | INFO     | __main__:log_requests:44 - GET /api/asset/list -> 200 (0.005s)
2026-07-12 15:44:41.297 | INFO     | __main__:log_requests:44 - GET /api/asset/list -> 200 (0.005s)
2026-07-12 15:44:43.471 | INFO     | __main__:log_requests:44 - GET /api/dept/tree -> 200 (0.007s)
2026-07-12 15:44:43.472 | INFO     | __main__:log_requests:44 - GET /api/asset/status/list -> 200 (0.008s)
2026-07-12 15:44:43.472 | INFO     | __main__:log_requests:44 - GET /api/asset/category/list -> 200 (0.009s)
2026-07-12 15:44:43.495 | INFO     | __main__:log_requests:44 - GET /api/asset/list -> 200 (0.007s)
2026-07-12 15:44:47.359 | INFO     | __main__:log_requests:44 - GET /api/apply/pending -> 200 (0.005s)
2026-07-12 15:44:47.366 | INFO     | __main__:log_requests:44 - GET /api/repair/list -> 200 (0.005s)
2026-07-12 15:44:53.701 | INFO     | __main__:log_requests:44 - GET /api/asset/status/list -> 200 (0.003s)
2026-07-12 15:44:53.712 | INFO     | __main__:log_requests:44 - GET /api/apply/pending -> 200 (0.006s)
2026-07-12 15:44:53.726 | INFO     | __main__:log_requests:44 - GET /api/report/dashboard -> 200 (0.027s)
2026-07-12 15:44:53.726 | INFO     | __main__:log_requests:44 - GET /api/report/asset -> 200 (0.027s)
2026-07-12 15:44:56.740 | INFO     | __main__:log_requests:44 - GET /api/repair/list -> 200 (0.008s)
2026-07-12 15:44:56.740 | INFO     | __main__:log_requests:44 - GET /api/apply/my -> 200 (0.009s)
2026-07-12 15:44:56.761 | INFO     | __main__:log_requests:44 - GET /api/repair/list -> 200 (0.008s)
2026-07-12 15:44:56.761 | INFO     | __main__:log_requests:44 - GET /api/apply/approved -> 200 (0.010s)
2026-07-12 15:45:07.600 | INFO     | __main__:log_requests:44 - GET /api/asset/status/list -> 200 (0.003s)
2026-07-12 15:45:07.610 | INFO     | __main__:log_requests:44 - GET /api/apply/pending -> 200 (0.007s)
2026-07-12 15:45:07.621 | INFO     | __main__:log_requests:44 - GET /api/report/dashboard -> 200 (0.027s)
2026-07-12 15:45:07.621 | INFO     | __main__:log_requests:44 - GET /api/report/asset -> 200 (0.026s)
2026-07-12 15:45:10.351 | INFO     | __main__:log_requests:44 - GET /api/repair/list -> 200 (0.068s)
2026-07-12 15:45:10.351 | INFO     | __main__:log_requests:44 - GET /api/asset/list -> 200 (0.069s)
2026-07-12 15:45:10.351 | INFO     | __main__:log_requests:44 - GET /api/apply/my -> 200 (0.069s)
2026-07-12 15:45:13.152 | INFO     | __main__:log_requests:44 - GET /api/asset/status/list -> 200 (0.004s)
2026-07-12 15:45:13.161 | INFO     | __main__:log_requests:44 - GET /api/check/sheet/NaN -> 422 (0.003s)
2026-07-12 15:45:14.969 | INFO     | __main__:log_requests:44 - GET /api/dept/tree -> 200 (0.022s)
2026-07-12 15:45:14.969 | INFO     | __main__:log_requests:44 - GET /api/user/list -> 200 (0.023s)
2026-07-12 15:45:14.997 | INFO     | __main__:log_requests:44 - GET /api/check/task/list -> 200 (0.021s)
2026-07-12 15:45:17.962 | INFO     | __main__:log_requests:44 - GET /api/check/diff/NaN -> 422 (0.002s)
2026-07-12 15:45:19.199 | INFO     | __main__:log_requests:44 - GET /api/user/list -> 200 (0.027s)
2026-07-12 15:45:19.205 | INFO     | __main__:log_requests:44 - GET /api/dept/tree -> 200 (0.028s)
2026-07-12 15:45:19.219 | INFO     | __main__:log_requests:44 - GET /api/check/task/list -> 200 (0.006s)
2026-07-12 15:47:24.112 | INFO     | __main__:log_requests:44 - GET /api/user/profile -> 200 (0.009s)
2026-07-12 15:47:24.138 | INFO     | __main__:log_requests:44 - GET /api/user/menus -> 200 (0.006s)
2026-07-12 15:47:24.341 | INFO     | __main__:log_requests:44 - GET /api/dept/tree -> 200 (0.027s)
2026-07-12 15:47:24.341 | INFO     | __main__:log_requests:44 - GET /api/user/list -> 200 (0.027s)
2026-07-12 15:47:24.360 | INFO     | __main__:log_requests:44 - GET /api/check/task/list -> 200 (0.006s)
2026-07-12 15:47:41.084 | INFO     | __main__:log_requests:44 - GET /api/user/profile -> 200 (0.007s)
2026-07-12 15:50:05.122 | INFO     | __main__:log_requests:44 - GET /api/user/profile -> 200 (0.008s)
2026-07-12 15:50:05.133 | INFO     | __main__:log_requests:44 - GET /api/user/perms -> 405 (0.001s)
2026-07-12 15:50:05.372 | INFO     | __main__:log_requests:44 - GET /api/user/perms -> 405 (0.004s)
2026-07-12 15:50:05.399 | INFO     | __main__:log_requests:44 - GET /api/dept/tree -> 200 (0.029s)
2026-07-12 15:50:05.400 | INFO     | __main__:log_requests:44 - GET /api/user/list -> 200 (0.029s)
2026-07-12 15:50:05.414 | INFO     | __main__:log_requests:44 - GET /api/check/task/list -> 200 (0.005s)
2026-07-12 15:51:29.071 | INFO     | __main__:<module>:63 - Gateway starting on port 9900, PID=4440
2026-07-12 15:51:35.078 | INFO     | __main__:log_requests:44 - POST /api/auth/login -> 200 (0.370s)
2026-07-12 15:51:35.092 | INFO     | __main__:log_requests:44 - GET /api/user/profile -> 200 (0.008s)
2026-07-12 15:51:35.120 | INFO     | __main__:log_requests:44 - GET /api/user/perms -> 200 (0.020s)
2026-07-12 15:51:35.328 | INFO     | __main__:log_requests:44 - GET /api/asset/status/list -> 200 (0.023s)
2026-07-12 15:51:35.335 | INFO     | __main__:log_requests:44 - GET /api/dept/tree -> 200 (0.004s)
2026-07-12 15:51:35.384 | INFO     | __main__:log_requests:44 - GET /api/asset/list -> 200 (0.041s)
2026-07-12 15:51:35.384 | INFO     | __main__:log_requests:44 - GET /api/apply/my -> 200 (0.041s)
2026-07-12 15:51:37.737 | INFO     | __main__:log_requests:44 - GET /api/asset/status/list -> 200 (0.025s)
2026-07-12 15:51:37.737 | INFO     | __main__:log_requests:44 - GET /api/asset/category/list -> 200 (0.027s)
2026-07-12 15:51:37.737 | INFO     | __main__:log_requests:44 - GET /api/dept/tree -> 200 (0.026s)
2026-07-12 15:51:37.766 | INFO     | __main__:log_requests:44 - GET /api/asset/list -> 200 (0.007s)
2026-07-12 15:51:38.397 | INFO     | __main__:log_requests:44 - GET /api/asset/NaN -> 422 (0.002s)
2026-07-12 15:51:39.707 | INFO     | __main__:log_requests:44 - GET /api/dept/tree -> 200 (0.007s)
2026-07-12 15:51:39.707 | INFO     | __main__:log_requests:44 - GET /api/asset/category/list -> 200 (0.009s)
2026-07-12 15:51:39.707 | INFO     | __main__:log_requests:44 - GET /api/asset/status/list -> 200 (0.009s)
2026-07-12 15:51:39.732 | INFO     | __main__:log_requests:44 - GET /api/asset/list -> 200 (0.006s)
2026-07-12 15:51:43.362 | INFO     | __main__:log_requests:44 - GET /api/asset/1 -> 200 (0.018s)
2026-07-12 15:51:47.618 | INFO     | __main__:log_requests:44 - GET /api/dept/tree -> 200 (0.011s)
2026-07-12 15:51:47.619 | INFO     | __main__:log_requests:44 - GET /api/asset/status/list -> 200 (0.012s)
2026-07-12 15:51:47.620 | INFO     | __main__:log_requests:44 - GET /api/asset/category/list -> 200 (0.013s)
2026-07-12 15:51:47.655 | INFO     | __main__:log_requests:44 - GET /api/asset/list -> 200 (0.007s)
2026-07-12 15:51:49.112 | INFO     | __main__:log_requests:44 - GET /api/repair/list -> 200 (0.038s)
2026-07-12 15:51:49.112 | INFO     | __main__:log_requests:44 - GET /api/apply/my -> 200 (0.038s)
2026-07-12 15:51:49.112 | INFO     | __main__:log_requests:44 - GET /api/asset/list -> 200 (0.039s)
2026-07-12 15:52:06.313 | INFO     | __main__:log_requests:44 - GET /api/apply/pending -> 403 (0.002s)
2026-07-12 15:52:12.153 | INFO     | __main__:log_requests:44 - GET /api/apply/my -> 200 (0.010s)
2026-07-12 15:52:12.153 | INFO     | __main__:log_requests:44 - GET /api/repair/list -> 200 (0.010s)
2026-07-12 15:52:20.139 | INFO     | __main__:log_requests:44 - GET /api/apply/NaN -> 422 (0.002s)
2026-07-12 15:52:21.098 | INFO     | __main__:log_requests:44 - GET /api/repair/list -> 200 (0.009s)
2026-07-12 15:52:21.098 | INFO     | __main__:log_requests:44 - GET /api/apply/my -> 200 (0.010s)
2026-07-12 15:52:22.321 | INFO     | __main__:log_requests:44 - GET /api/apply/15 -> 200 (0.024s)
2026-07-12 15:52:28.226 | INFO     | __main__:log_requests:44 - GET /api/repair/NaN -> 422 (0.002s)
2026-07-12 15:53:42.148 | INFO     | __main__:log_requests:44 - GET /api/user/profile -> 200 (0.009s)
2026-07-12 15:53:42.159 | INFO     | __main__:log_requests:44 - GET /api/user/perms -> 200 (0.005s)
2026-07-12 16:00:39.066 | INFO     | __main__:log_requests:44 - GET /api/user/profile -> 200 (0.007s)
2026-07-12 16:00:39.075 | INFO     | __main__:log_requests:44 - GET /api/user/perms -> 200 (0.004s)
2026-07-12 16:00:41.121 | INFO     | __main__:log_requests:44 - GET /api/asset/status/list -> 200 (0.004s)
2026-07-12 16:00:41.133 | INFO     | __main__:log_requests:44 - GET /api/dept/tree -> 200 (0.004s)
2026-07-12 16:00:41.149 | INFO     | __main__:log_requests:44 - GET /api/asset/list -> 200 (0.013s)
2026-07-12 16:00:41.149 | INFO     | __main__:log_requests:44 - GET /api/apply/my -> 200 (0.012s)
2026-07-12 16:01:00.419 | INFO     | __main__:log_requests:44 - GET /api/user/profile -> 200 (0.006s)
2026-07-12 16:01:00.427 | INFO     | __main__:log_requests:44 - GET /api/user/perms -> 200 (0.004s)
2026-07-12 16:01:00.528 | INFO     | __main__:log_requests:44 - GET /api/asset/status/list -> 200 (0.003s)
2026-07-12 16:01:00.538 | INFO     | __main__:log_requests:44 - GET /api/dept/tree -> 200 (0.003s)
2026-07-12 16:01:00.554 | INFO     | __main__:log_requests:44 - GET /api/asset/list -> 200 (0.011s)
2026-07-12 16:01:00.554 | INFO     | __main__:log_requests:44 - GET /api/apply/my -> 200 (0.012s)
2026-07-12 16:01:03.404 | INFO     | __main__:log_requests:44 - GET /api/repair/list -> 200 (0.009s)
2026-07-12 16:01:03.404 | INFO     | __main__:log_requests:44 - GET /api/apply/my -> 200 (0.010s)
2026-07-12 16:01:04.933 | INFO     | __main__:log_requests:44 - GET /api/asset/status/list -> 200 (0.003s)
2026-07-12 16:01:04.939 | INFO     | __main__:log_requests:44 - GET /api/dept/tree -> 200 (0.005s)
2026-07-12 16:01:04.961 | INFO     | __main__:log_requests:44 - GET /api/apply/my -> 200 (0.011s)
2026-07-12 16:01:04.961 | INFO     | __main__:log_requests:44 - GET /api/asset/list -> 200 (0.012s)
2026-07-12 16:01:06.391 | INFO     | __main__:log_requests:44 - GET /api/asset/status/list -> 200 (0.008s)
2026-07-12 16:01:06.391 | INFO     | __main__:log_requests:44 - GET /api/asset/category/list -> 200 (0.009s)
2026-07-12 16:01:06.391 | INFO     | __main__:log_requests:44 - GET /api/dept/tree -> 200 (0.008s)
2026-07-12 16:01:06.420 | INFO     | __main__:log_requests:44 - GET /api/asset/list -> 200 (0.007s)
2026-07-12 16:01:12.853 | INFO     | __main__:log_requests:44 - GET /api/asset/1 -> 200 (0.007s)
2026-07-12 16:01:16.602 | INFO     | __main__:log_requests:44 - GET /api/asset/category/list -> 200 (0.010s)
2026-07-12 16:01:16.603 | INFO     | __main__:log_requests:44 - GET /api/asset/status/list -> 200 (0.010s)
2026-07-12 16:01:16.603 | INFO     | __main__:log_requests:44 - GET /api/dept/tree -> 200 (0.009s)
2026-07-12 16:01:16.634 | INFO     | __main__:log_requests:44 - GET /api/asset/list -> 200 (0.007s)
2026-07-12 16:01:20.335 | INFO     | __main__:log_requests:44 - GET /api/asset/list -> 200 (0.016s)
2026-07-12 16:01:20.335 | INFO     | __main__:log_requests:44 - GET /api/apply/my -> 200 (0.016s)
2026-07-12 16:01:20.335 | INFO     | __main__:log_requests:44 - GET /api/repair/list -> 200 (0.016s)
2026-07-12 16:01:34.257 | INFO     | __main__:log_requests:44 - GET /api/repair/7 -> 200 (0.031s)
2026-07-12 16:02:23.638 | INFO     | __main__:log_requests:44 - GET /api/asset/list -> 200 (0.017s)
2026-07-12 16:02:23.638 | INFO     | __main__:log_requests:44 - GET /api/apply/my -> 200 (0.017s)
2026-07-12 16:02:23.638 | INFO     | __main__:log_requests:44 - GET /api/repair/list -> 200 (0.017s)
2026-07-12 16:02:26.451 | INFO     | __main__:log_requests:44 - GET /api/apply/15 -> 200 (0.007s)
2026-07-12 16:02:37.940 | INFO     | __main__:log_requests:44 - GET /api/apply/pending -> 403 (0.001s)
2026-07-12 16:02:40.132 | INFO     | __main__:log_requests:44 - GET /api/asset/status/list -> 200 (0.005s)
2026-07-12 16:02:40.137 | INFO     | __main__:log_requests:44 - GET /api/dept/tree -> 200 (0.004s)
2026-07-12 16:02:40.161 | INFO     | __main__:log_requests:44 - GET /api/asset/list -> 200 (0.015s)
2026-07-12 16:02:40.161 | INFO     | __main__:log_requests:44 - GET /api/apply/my -> 200 (0.015s)
2026-07-12 16:02:42.263 | INFO     | __main__:log_requests:44 - GET /api/repair/list -> 200 (0.009s)
2026-07-12 16:02:42.263 | INFO     | __main__:log_requests:44 - GET /api/apply/my -> 200 (0.010s)
2026-07-12 16:03:20.887 | INFO     | __main__:log_requests:44 - GET /api/asset/list -> 200 (0.068s)
2026-07-12 16:03:20.894 | INFO     | __main__:log_requests:44 - GET /api/apply/my -> 200 (0.073s)
2026-07-12 16:03:20.894 | INFO     | __main__:log_requests:44 - GET /api/repair/list -> 200 (0.073s)
2026-07-12 16:03:27.779 | INFO     | __main__:log_requests:44 - GET /api/asset/status/list -> 200 (0.003s)
2026-07-12 16:03:27.783 | INFO     | __main__:log_requests:44 - GET /api/dept/tree -> 200 (0.003s)
2026-07-12 16:03:27.806 | INFO     | __main__:log_requests:44 - GET /api/apply/my -> 200 (0.011s)
2026-07-12 16:03:27.806 | INFO     | __main__:log_requests:44 - GET /api/asset/list -> 200 (0.012s)
2026-07-12 16:03:57.171 | INFO     | __main__:log_requests:44 - GET /api/user/profile -> 200 (0.006s)
2026-07-12 16:03:59.588 | INFO     | __main__:log_requests:44 - GET /api/asset/status/list -> 200 (0.004s)
2026-07-12 16:03:59.594 | INFO     | __main__:log_requests:44 - GET /api/dept/tree -> 200 (0.004s)
2026-07-12 16:03:59.614 | INFO     | __main__:log_requests:44 - GET /api/asset/list -> 200 (0.011s)
2026-07-12 16:03:59.615 | INFO     | __main__:log_requests:44 - GET /api/apply/my -> 200 (0.012s)
2026-07-12 16:04:32.177 | INFO     | __main__:log_requests:44 - POST /api/auth/login -> 200 (0.248s)
2026-07-12 16:04:32.191 | INFO     | __main__:log_requests:44 - GET /api/user/profile -> 200 (0.007s)
2026-07-12 16:04:32.198 | INFO     | __main__:log_requests:44 - GET /api/user/perms -> 200 (0.005s)
2026-07-12 16:04:32.241 | INFO     | __main__:log_requests:44 - GET /api/asset/status/list -> 200 (0.005s)
2026-07-12 16:04:32.253 | INFO     | __main__:log_requests:44 - GET /api/dept/tree -> 200 (0.004s)
2026-07-12 16:04:32.343 | INFO     | __main__:log_requests:44 - GET /api/apply/pending -> 200 (0.076s)
2026-07-12 16:04:32.365 | INFO     | __main__:log_requests:44 - GET /api/report/dashboard -> 200 (0.105s)
2026-07-12 16:04:32.371 | INFO     | __main__:log_requests:44 - GET /api/report/asset -> 200 (0.103s)
2026-07-12 16:04:43.245 | INFO     | __main__:log_requests:44 - GET /api/asset/category/list -> 200 (0.010s)
2026-07-12 16:04:43.245 | INFO     | __main__:log_requests:44 - GET /api/asset/status/list -> 200 (0.010s)
2026-07-12 16:04:43.246 | INFO     | __main__:log_requests:44 - GET /api/dept/tree -> 200 (0.010s)
2026-07-12 16:04:43.278 | INFO     | __main__:log_requests:44 - GET /api/asset/list -> 200 (0.010s)
2026-07-12 16:04:46.385 | INFO     | __main__:log_requests:44 - GET /api/asset/1 -> 200 (0.006s)
2026-07-12 16:04:48.623 | INFO     | __main__:log_requests:44 - GET /api/asset/category/list -> 200 (0.010s)
2026-07-12 16:04:48.624 | INFO     | __main__:log_requests:44 - GET /api/asset/status/list -> 200 (0.010s)
2026-07-12 16:04:48.624 | INFO     | __main__:log_requests:44 - GET /api/dept/tree -> 200 (0.010s)
2026-07-12 16:04:48.663 | INFO     | __main__:log_requests:44 - GET /api/asset/list -> 200 (0.008s)
2026-07-12 16:04:51.225 | INFO     | __main__:log_requests:44 - GET /api/repair/list -> 200 (0.020s)
2026-07-12 16:04:51.225 | INFO     | __main__:log_requests:44 - GET /api/apply/my -> 200 (0.021s)
2026-07-12 16:04:51.225 | INFO     | __main__:log_requests:44 - GET /api/asset/list -> 200 (0.022s)
2026-07-12 16:05:14.356 | INFO     | __main__:log_requests:44 - GET /api/role/list -> 200 (0.032s)
2026-07-12 16:05:14.356 | INFO     | __main__:log_requests:44 - GET /api/dept/tree -> 200 (0.031s)
2026-07-12 16:05:14.391 | INFO     | __main__:log_requests:44 - GET /api/user/list -> 200 (0.025s)
2026-07-12 16:05:22.141 | INFO     | __main__:log_requests:44 - GET /api/dept/tree -> 200 (0.032s)
2026-07-12 16:05:22.141 | INFO     | __main__:log_requests:44 - GET /api/user/list -> 200 (0.031s)
2026-07-12 16:05:22.183 | INFO     | __main__:log_requests:44 - GET /api/check/task/list -> 200 (0.028s)
2026-07-12 16:07:09.679 | INFO     | __main__:<module>:63 - Gateway starting on port 9900, PID=31260
2026-07-12 16:07:14.521 | INFO     | __main__:log_requests:44 - GET /api/user/profile -> 200 (0.185s)
2026-07-12 16:07:14.553 | INFO     | __main__:log_requests:44 - GET /api/user/perms -> 200 (0.027s)
2026-07-12 16:07:14.749 | INFO     | __main__:log_requests:44 - GET /api/dept/tree -> 200 (0.027s)
2026-07-12 16:07:14.749 | INFO     | __main__:log_requests:44 - GET /api/user/list -> 200 (0.026s)
2026-07-12 16:07:14.782 | INFO     | __main__:log_requests:44 - GET /api/check/task/list -> 200 (0.026s)
2026-07-12 16:07:19.745 | INFO     | __main__:log_requests:44 - GET /api/asset/status/list -> 200 (0.021s)
2026-07-12 16:07:19.755 | INFO     | __main__:log_requests:44 - GET /api/dept/tree -> 200 (0.003s)
2026-07-12 16:07:19.832 | INFO     | __main__:log_requests:44 - GET /api/report/dashboard -> 200 (0.071s)
2026-07-12 16:07:19.872 | INFO     | __main__:log_requests:44 - GET /api/apply/pending -> 200 (0.107s)
2026-07-12 16:07:19.873 | INFO     | __main__:log_requests:44 - GET /api/report/asset -> 200 (0.110s)
2026-07-12 16:07:24.418 | INFO     | __main__:log_requests:44 - GET /api/asset/category/list -> 200 (0.028s)
2026-07-12 16:07:24.419 | INFO     | __main__:log_requests:44 - GET /api/asset/status/list -> 200 (0.028s)
2026-07-12 16:07:24.419 | INFO     | __main__:log_requests:44 - GET /api/dept/tree -> 200 (0.028s)
2026-07-12 16:07:24.464 | INFO     | __main__:log_requests:44 - GET /api/asset/list -> 200 (0.008s)
2026-07-12 16:07:30.287 | INFO     | __main__:log_requests:44 - GET /api/asset/list -> 200 (0.006s)
2026-07-12 16:07:30.297 | INFO     | __main__:log_requests:44 - GET /api/asset/list -> 200 (0.006s)
2026-07-12 16:07:32.681 | INFO     | __main__:log_requests:44 - GET /api/asset/list -> 200 (0.006s)
2026-07-12 16:07:32.693 | INFO     | __main__:log_requests:44 - GET /api/asset/list -> 200 (0.006s)
2026-07-12 16:07:49.603 | INFO     | __main__:log_requests:44 - GET /api/asset/category/list -> 200 (0.004s)
2026-07-12 16:07:49.608 | INFO     | __main__:log_requests:44 - GET /api/asset/status/list -> 200 (0.008s)
2026-07-12 16:07:49.609 | INFO     | __main__:log_requests:44 - GET /api/dept/tree -> 200 (0.006s)
2026-07-12 16:07:49.631 | INFO     | __main__:log_requests:44 - GET /api/asset/list -> 200 (0.007s)
2026-07-12 16:07:54.199 | INFO     | __main__:log_requests:44 - GET /api/asset/list -> 200 (0.010s)
2026-07-12 16:07:54.229 | INFO     | __main__:log_requests:44 - GET /api/apply/my -> 200 (0.039s)
2026-07-12 16:07:54.229 | INFO     | __main__:log_requests:44 - GET /api/repair/list -> 200 (0.040s)
2026-07-12 16:10:27.155 | INFO     | __main__:log_requests:44 - GET /api/role/list -> 200 (0.031s)
2026-07-12 16:10:27.155 | INFO     | __main__:log_requests:44 - GET /api/dept/tree -> 200 (0.030s)
2026-07-12 16:10:27.197 | INFO     | __main__:log_requests:44 - GET /api/user/list -> 200 (0.024s)
2026-07-12 16:10:34.751 | INFO     | __main__:log_requests:44 - GET /api/user/list -> 200 (0.023s)
2026-07-12 16:10:34.757 | INFO     | __main__:log_requests:44 - GET /api/dept/tree -> 200 (0.024s)
2026-07-12 16:10:34.770 | INFO     | __main__:log_requests:44 - GET /api/check/task/list -> 200 (0.006s)
2026-07-12 16:10:52.033 | INFO     | __main__:log_requests:44 - GET /api/user/profile -> 200 (0.010s)
2026-07-12 16:10:52.045 | INFO     | __main__:log_requests:44 - GET /api/user/perms -> 200 (0.007s)
2026-07-12 16:10:52.264 | INFO     | __main__:log_requests:44 - GET /api/dept/tree -> 200 (0.039s)
2026-07-12 16:10:52.264 | INFO     | __main__:log_requests:44 - GET /api/user/list -> 200 (0.039s)
2026-07-12 16:10:52.282 | INFO     | __main__:log_requests:44 - GET /api/check/task/list -> 200 (0.010s)
2026-07-12 16:10:56.108 | INFO     | __main__:log_requests:44 - GET /api/user/profile -> 200 (0.007s)
2026-07-12 16:10:56.119 | INFO     | __main__:log_requests:44 - GET /api/user/perms -> 200 (0.005s)
2026-07-12 16:10:56.306 | INFO     | __main__:log_requests:44 - GET /api/user/list -> 200 (0.024s)
2026-07-12 16:10:56.306 | INFO     | __main__:log_requests:44 - GET /api/dept/tree -> 200 (0.024s)
2026-07-12 16:10:56.324 | INFO     | __main__:log_requests:44 - GET /api/check/task/list -> 200 (0.006s)
2026-07-12 16:15:35.188 | INFO     | __main__:log_requests:44 - GET /api/user/profile -> 200 (0.009s)
2026-07-12 16:15:35.200 | INFO     | __main__:log_requests:44 - GET /api/user/perms -> 200 (0.005s)
2026-07-12 16:15:35.412 | INFO     | __main__:log_requests:44 - GET /api/dept/tree -> 200 (0.028s)
2026-07-12 16:15:35.413 | INFO     | __main__:log_requests:44 - GET /api/user/list -> 200 (0.028s)
2026-07-12 16:15:35.427 | INFO     | __main__:log_requests:44 - GET /api/check/task/list -> 200 (0.007s)
2026-07-12 16:15:36.574 | INFO     | __main__:log_requests:44 - GET /api/dept/tree -> 200 (0.008s)
2026-07-12 16:15:36.574 | INFO     | __main__:log_requests:44 - GET /api/role/list -> 200 (0.009s)
2026-07-12 16:15:36.613 | INFO     | __main__:log_requests:44 - GET /api/user/list -> 200 (0.026s)
2026-07-12 16:15:42.292 | INFO     | __main__:log_requests:44 - GET /api/repair/list -> 200 (0.013s)
2026-07-12 16:15:42.292 | INFO     | __main__:log_requests:44 - GET /api/apply/approved -> 200 (0.016s)
2026-07-12 16:15:54.372 | INFO     | __main__:log_requests:44 - GET /api/asset/category/list -> 200 (0.009s)
2026-07-12 16:15:54.372 | INFO     | __main__:log_requests:44 - GET /api/asset/status/list -> 200 (0.009s)
2026-07-12 16:15:54.372 | INFO     | __main__:log_requests:44 - GET /api/dept/tree -> 200 (0.009s)
2026-07-12 16:15:54.444 | INFO     | __main__:log_requests:44 - GET /api/asset/list -> 200 (0.010s)
2026-07-12 16:15:54.611 | INFO     | __main__:log_requests:44 - GET /api/asset/list -> 200 (0.014s)
2026-07-12 16:15:54.612 | INFO     | __main__:log_requests:44 - GET /api/apply/my -> 200 (0.015s)
2026-07-12 16:15:54.618 | INFO     | __main__:log_requests:44 - GET /api/repair/list -> 200 (0.014s)
2026-07-12 16:15:59.002 | INFO     | __main__:log_requests:44 - GET /api/asset/status/list -> 200 (0.004s)
2026-07-12 16:15:59.006 | INFO     | __main__:log_requests:44 - GET /api/dept/tree -> 200 (0.003s)
2026-07-12 16:15:59.021 | INFO     | __main__:log_requests:44 - GET /api/apply/pending -> 200 (0.007s)
2026-07-12 16:15:59.049 | INFO     | __main__:log_requests:44 - GET /api/report/asset -> 200 (0.035s)
2026-07-12 16:15:59.049 | INFO     | __main__:log_requests:44 - GET /api/report/dashboard -> 200 (0.036s)
2026-07-12 16:19:22.015 | INFO     | __main__:log_requests:44 - GET /api/asset/status/list -> 200 (0.004s)
2026-07-12 16:19:22.031 | INFO     | __main__:log_requests:44 - GET /api/dept/tree -> 200 (0.004s)
2026-07-12 16:19:22.064 | INFO     | __main__:log_requests:44 - GET /api/report/dashboard -> 200 (0.027s)
2026-07-12 16:19:22.065 | INFO     | __main__:log_requests:44 - GET /api/apply/pending -> 200 (0.026s)
2026-07-12 16:19:22.078 | INFO     | __main__:log_requests:44 - GET /api/report/asset -> 200 (0.040s)
2026-07-12 16:22:21.398 | INFO     | __main__:log_requests:44 - GET /api/user/profile -> 200 (0.010s)
2026-07-12 16:22:21.410 | INFO     | __main__:log_requests:44 - GET /api/user/perms -> 200 (0.006s)
2026-07-12 16:22:21.964 | INFO     | __main__:log_requests:44 - GET /api/asset/status/list -> 200 (0.005s)
2026-07-12 16:22:21.981 | INFO     | __main__:log_requests:44 - GET /api/dept/tree -> 200 (0.004s)
2026-07-12 16:22:22.010 | INFO     | __main__:log_requests:44 - GET /api/report/dashboard -> 200 (0.021s)
2026-07-12 16:22:22.021 | INFO     | __main__:log_requests:44 - GET /api/apply/pending -> 200 (0.009s)
2026-07-12 16:22:22.038 | INFO     | __main__:log_requests:44 - GET /api/report/asset -> 200 (0.027s)
2026-07-12 16:23:12.136 | INFO     | __main__:log_requests:44 - GET /api/user/profile -> 200 (0.009s)
2026-07-12 16:23:12.154 | INFO     | __main__:log_requests:44 - GET /api/user/perms -> 200 (0.005s)
2026-07-12 16:23:12.323 | INFO     | __main__:log_requests:44 - GET /api/asset/status/list -> 200 (0.005s)
2026-07-12 16:23:12.346 | INFO     | __main__:log_requests:44 - GET /api/dept/tree -> 200 (0.004s)
2026-07-12 16:23:12.420 | INFO     | __main__:log_requests:44 - GET /api/report/dashboard -> 200 (0.072s)
2026-07-12 16:23:12.420 | INFO     | __main__:log_requests:44 - GET /api/apply/pending -> 200 (0.016s)
2026-07-12 16:23:12.436 | INFO     | __main__:log_requests:44 - GET /api/report/asset -> 200 (0.082s)
2026-07-12 16:23:19.128 | INFO     | __main__:log_requests:44 - GET /api/user/profile -> 200 (0.008s)
2026-07-12 16:23:19.142 | INFO     | __main__:log_requests:44 - GET /api/user/perms -> 200 (0.005s)
2026-07-12 16:23:19.317 | INFO     | __main__:log_requests:44 - GET /api/asset/status/list -> 200 (0.004s)
2026-07-12 16:23:19.326 | INFO     | __main__:log_requests:44 - GET /api/dept/tree -> 200 (0.004s)
2026-07-12 16:23:19.351 | INFO     | __main__:log_requests:44 - GET /api/report/dashboard -> 200 (0.021s)
2026-07-12 16:23:19.351 | INFO     | __main__:log_requests:44 - GET /api/apply/pending -> 200 (0.019s)
2026-07-12 16:23:19.367 | INFO     | __main__:log_requests:44 - GET /api/report/asset -> 200 (0.033s)
2026-07-12 16:23:31.149 | INFO     | __main__:log_requests:44 - GET /api/user/profile -> 200 (0.008s)
2026-07-12 16:23:31.160 | INFO     | __main__:log_requests:44 - GET /api/user/perms -> 200 (0.006s)
2026-07-12 16:23:31.357 | INFO     | __main__:log_requests:44 - GET /api/asset/status/list -> 200 (0.005s)
2026-07-12 16:23:31.369 | INFO     | __main__:log_requests:44 - GET /api/dept/tree -> 200 (0.004s)
2026-07-12 16:23:31.405 | INFO     | __main__:log_requests:44 - GET /api/apply/pending -> 200 (0.030s)
2026-07-12 16:23:31.405 | INFO     | __main__:log_requests:44 - GET /api/report/dashboard -> 200 (0.032s)
2026-07-12 16:23:31.405 | INFO     | __main__:log_requests:44 - GET /api/report/asset -> 200 (0.032s)
2026-07-12 21:12:59.575 | INFO     | __main__:log_requests:44 - GET /api/asset/status/list -> 200 (0.048s)
2026-07-12 21:12:59.618 | INFO     | __main__:log_requests:44 - GET /api/dept/tree -> 200 (0.022s)
2026-07-12 21:12:59.740 | INFO     | __main__:log_requests:44 - GET /api/report/dashboard -> 200 (0.116s)
2026-07-12 21:12:59.740 | INFO     | __main__:log_requests:44 - GET /api/apply/pending -> 200 (0.112s)
2026-07-12 21:12:59.769 | INFO     | __main__:log_requests:44 - GET /api/report/asset -> 200 (0.139s)
2026-07-12 21:13:01.270 | INFO     | __main__:log_requests:44 - GET /api/user/profile -> 200 (0.022s)
2026-07-12 21:13:01.284 | INFO     | __main__:log_requests:44 - GET /api/user/perms -> 200 (0.010s)
2026-07-12 21:13:01.451 | INFO     | __main__:log_requests:44 - GET /api/asset/status/list -> 200 (0.004s)
2026-07-12 21:13:01.531 | INFO     | __main__:log_requests:44 - GET /api/report/asset -> 200 (0.023s)
2026-07-12 21:13:01.531 | INFO     | __main__:log_requests:44 - GET /api/report/dashboard -> 200 (0.024s)
2026-07-12 21:13:12.428 | INFO     | __main__:log_requests:44 - GET /api/user/profile -> 200 (0.008s)
2026-07-12 21:13:12.437 | INFO     | __main__:log_requests:44 - GET /api/user/perms -> 200 (0.005s)
2026-07-12 21:13:12.470 | INFO     | __main__:log_requests:44 - GET /api/asset/status/list -> 200 (0.006s)
2026-07-12 21:13:12.503 | INFO     | __main__:log_requests:44 - GET /api/report/asset -> 200 (0.025s)
2026-07-12 21:13:12.504 | INFO     | __main__:log_requests:44 - GET /api/report/dashboard -> 200 (0.026s)
2026-07-12 21:13:18.711 | INFO     | __main__:log_requests:44 - GET /api/user/profile -> 200 (0.009s)
2026-07-12 21:13:18.723 | INFO     | __main__:log_requests:44 - GET /api/user/perms -> 200 (0.007s)
2026-07-12 21:13:18.810 | INFO     | __main__:log_requests:44 - GET /api/asset/status/list -> 200 (0.004s)
2026-07-12 21:13:18.898 | INFO     | __main__:log_requests:44 - GET /api/report/dashboard -> 200 (0.023s)
2026-07-12 21:13:18.898 | INFO     | __main__:log_requests:44 - GET /api/report/asset -> 200 (0.022s)
2026-07-12 21:13:30.364 | INFO     | __main__:log_requests:44 - GET /api/asset/category/list -> 200 (0.034s)
2026-07-12 21:13:30.364 | INFO     | __main__:log_requests:44 - GET /api/asset/status/list -> 200 (0.035s)
2026-07-12 21:13:30.365 | INFO     | __main__:log_requests:44 - GET /api/dept/tree -> 200 (0.035s)
2026-07-12 21:13:30.407 | INFO     | __main__:log_requests:44 - GET /api/asset/list -> 200 (0.012s)
2026-07-12 21:13:31.489 | INFO     | __main__:log_requests:44 - GET /api/apply/my -> 200 (0.034s)
2026-07-12 21:13:31.489 | INFO     | __main__:log_requests:44 - GET /api/asset/list -> 200 (0.035s)
2026-07-12 21:13:31.489 | INFO     | __main__:log_requests:44 - GET /api/repair/list -> 200 (0.035s)
2026-07-12 21:13:33.038 | INFO     | __main__:log_requests:44 - GET /api/dept/tree -> 200 (0.028s)
2026-07-12 21:13:33.038 | INFO     | __main__:log_requests:44 - GET /api/role/list -> 200 (0.029s)
2026-07-12 21:13:33.079 | INFO     | __main__:log_requests:44 - GET /api/user/list -> 200 (0.024s)
2026-07-12 21:13:34.614 | INFO     | __main__:log_requests:44 - GET /api/dept/tree -> 200 (0.023s)
2026-07-12 21:13:34.614 | INFO     | __main__:log_requests:44 - GET /api/user/list -> 200 (0.023s)
2026-07-12 21:13:34.648 | INFO     | __main__:log_requests:44 - GET /api/check/task/list -> 200 (0.025s)
2026-07-12 21:58:49.430 | INFO     | __main__:<module>:63 - Gateway starting on port 9900, PID=5812
2026-07-12 21:59:02.224 | INFO     | __main__:log_requests:44 - GET /api/user/perms -> 200 (0.218s)
2026-07-12 21:59:02.262 | INFO     | __main__:log_requests:44 - GET /api/user/profile -> 200 (0.040s)
2026-07-12 21:59:02.388 | INFO     | __main__:log_requests:44 - GET /api/user/perms -> 200 (0.005s)
2026-07-12 21:59:02.754 | INFO     | __main__:log_requests:44 - GET /api/asset/status/list -> 200 (0.014s)
2026-07-12 21:59:02.759 | INFO     | __main__:log_requests:44 - GET /api/dept/tree -> 200 (0.005s)
2026-07-12 21:59:02.902 | INFO     | __main__:log_requests:44 - GET /api/apply/pending -> 200 (0.129s)
2026-07-12 21:59:02.902 | INFO     | __main__:log_requests:44 - GET /api/report/asset -> 200 (0.131s)
2026-07-12 21:59:02.902 | INFO     | __main__:log_requests:44 - GET /api/report/dashboard -> 200 (0.133s)
2026-07-12 21:59:09.478 | INFO     | __main__:log_requests:44 - GET /api/user/profile -> 200 (0.007s)
2026-07-12 21:59:09.485 | INFO     | __main__:log_requests:44 - GET /api/user/perms -> 200 (0.003s)
2026-07-12 21:59:09.703 | INFO     | __main__:log_requests:44 - GET /api/user/list -> 200 (0.027s)
2026-07-12 21:59:09.703 | INFO     | __main__:log_requests:44 - GET /api/dept/tree -> 200 (0.028s)
2026-07-12 21:59:09.737 | INFO     | __main__:log_requests:44 - GET /api/check/task/list -> 200 (0.031s)
2026-07-12 21:59:12.749 | INFO     | __main__:log_requests:44 - GET /api/asset/status/list -> 200 (0.004s)
2026-07-12 21:59:12.751 | INFO     | __main__:log_requests:44 - GET /api/dept/tree -> 200 (0.004s)
2026-07-12 21:59:12.796 | INFO     | __main__:log_requests:44 - GET /api/report/dashboard -> 200 (0.018s)
2026-07-12 21:59:12.796 | INFO     | __main__:log_requests:44 - GET /api/apply/pending -> 200 (0.016s)
2026-07-12 21:59:12.796 | INFO     | __main__:log_requests:44 - GET /api/report/asset -> 200 (0.030s)
2026-07-12 21:59:15.566 | INFO     | __main__:log_requests:44 - GET /api/user/profile -> 200 (0.007s)
2026-07-12 21:59:15.575 | INFO     | __main__:log_requests:44 - GET /api/user/perms -> 200 (0.004s)
2026-07-12 21:59:15.657 | INFO     | __main__:log_requests:44 - GET /api/asset/status/list -> 200 (0.005s)
2026-07-12 21:59:15.668 | INFO     | __main__:log_requests:44 - GET /api/dept/tree -> 200 (0.004s)
2026-07-12 21:59:15.680 | INFO     | __main__:log_requests:44 - GET /api/apply/pending -> 200 (0.005s)
2026-07-12 21:59:15.697 | INFO     | __main__:log_requests:44 - GET /api/report/asset -> 200 (0.024s)
2026-07-12 21:59:15.697 | INFO     | __main__:log_requests:44 - GET /api/report/dashboard -> 200 (0.026s)
2026-07-12 21:59:33.889 | INFO     | __main__:log_requests:44 - GET /api/user/profile -> 200 (0.008s)
2026-07-12 21:59:33.899 | INFO     | __main__:log_requests:44 - GET /api/user/perms -> 200 (0.004s)
2026-07-12 21:59:34.028 | INFO     | __main__:log_requests:44 - GET /api/asset/status/list -> 200 (0.004s)
2026-07-12 21:59:34.105 | INFO     | __main__:log_requests:44 - GET /api/report/dashboard -> 200 (0.022s)
2026-07-12 21:59:34.105 | INFO     | __main__:log_requests:44 - GET /api/report/asset -> 200 (0.022s)
2026-07-12 21:59:48.515 | INFO     | __main__:log_requests:44 - GET /api/asset/category/list -> 200 (0.025s)
2026-07-12 21:59:48.516 | INFO     | __main__:log_requests:44 - GET /api/asset/status/list -> 200 (0.025s)
2026-07-12 21:59:48.516 | INFO     | __main__:log_requests:44 - GET /api/dept/tree -> 200 (0.025s)
2026-07-12 21:59:48.552 | INFO     | __main__:log_requests:44 - GET /api/asset/list -> 200 (0.010s)
2026-07-12 21:59:58.328 | INFO     | __main__:log_requests:44 - GET /api/asset/1 -> 200 (0.075s)
2026-07-12 22:00:53.875 | INFO     | __main__:log_requests:44 - GET /api/asset/category/list -> 200 (0.009s)
2026-07-12 22:00:53.875 | INFO     | __main__:log_requests:44 - GET /api/asset/status/list -> 200 (0.009s)
2026-07-12 22:00:53.875 | INFO     | __main__:log_requests:44 - GET /api/dept/tree -> 200 (0.009s)
2026-07-12 22:00:53.915 | INFO     | __main__:log_requests:44 - GET /api/asset/list -> 200 (0.008s)
2026-07-12 22:01:20.467 | INFO     | __main__:log_requests:44 - GET /api/asset/list -> 200 (0.010s)
2026-07-12 22:01:20.483 | INFO     | __main__:log_requests:44 - GET /api/apply/my -> 200 (0.025s)
2026-07-12 22:01:20.484 | INFO     | __main__:log_requests:44 - GET /api/repair/list -> 200 (0.026s)
2026-07-12 22:01:44.612 | INFO     | __main__:log_requests:44 - GET /api/asset/category/list -> 200 (0.010s)
2026-07-12 22:01:44.612 | INFO     | __main__:log_requests:44 - GET /api/asset/status/list -> 200 (0.010s)
2026-07-12 22:01:44.612 | INFO     | __main__:log_requests:44 - GET /api/dept/tree -> 200 (0.010s)
2026-07-12 22:01:44.646 | INFO     | __main__:log_requests:44 - GET /api/asset/list -> 200 (0.007s)
2026-07-12 22:01:50.272 | INFO     | __main__:log_requests:44 - GET /api/asset/list -> 200 (0.005s)
2026-07-12 22:01:50.344 | INFO     | __main__:log_requests:44 - GET /api/asset/list -> 200 (0.005s)
2026-07-12 22:01:58.404 | INFO     | __main__:log_requests:44 - GET /api/apply/pending -> 200 (0.006s)
2026-07-12 22:01:58.410 | INFO     | __main__:log_requests:44 - GET /api/repair/list -> 200 (0.005s)
2026-07-12 22:02:10.040 | INFO     | __main__:log_requests:44 - GET /api/asset/status/list -> 200 (0.003s)
2026-07-12 22:02:10.051 | INFO     | __main__:log_requests:44 - GET /api/dept/tree -> 200 (0.003s)
2026-07-12 22:02:10.074 | INFO     | __main__:log_requests:44 - GET /api/apply/pending -> 200 (0.015s)
2026-07-12 22:02:10.074 | INFO     | __main__:log_requests:44 - GET /api/report/dashboard -> 200 (0.018s)
2026-07-12 22:02:10.089 | INFO     | __main__:log_requests:44 - GET /api/report/asset -> 200 (0.027s)
2026-07-12 22:02:12.091 | INFO     | __main__:log_requests:44 - GET /api/apply/approved -> 200 (0.011s)
2026-07-12 22:02:12.091 | INFO     | __main__:log_requests:44 - GET /api/repair/list -> 200 (0.010s)
2026-07-12 22:02:35.088 | INFO     | __main__:log_requests:44 - GET /api/apply/15 -> 200 (0.025s)
2026-07-12 22:02:44.522 | INFO     | __main__:log_requests:44 - GET /api/apply/approved -> 200 (0.010s)
2026-07-12 22:02:44.522 | INFO     | __main__:log_requests:44 - GET /api/repair/list -> 200 (0.009s)
2026-07-12 22:02:46.834 | INFO     | __main__:log_requests:44 - GET /api/dept/tree -> 200 (0.027s)
2026-07-12 22:02:46.834 | INFO     | __main__:log_requests:44 - GET /api/role/list -> 200 (0.029s)
2026-07-12 22:02:46.869 | INFO     | __main__:log_requests:44 - GET /api/user/list -> 200 (0.020s)
2026-07-12 22:03:04.086 | INFO     | __main__:log_requests:44 - GET /api/user/list -> 200 (0.019s)
2026-07-12 22:03:12.033 | INFO     | __main__:log_requests:44 - GET /api/dept/tree -> 200 (0.022s)
2026-07-12 22:03:12.033 | INFO     | __main__:log_requests:44 - GET /api/user/list -> 200 (0.022s)
2026-07-12 22:03:12.038 | INFO     | __main__:log_requests:44 - GET /api/check/task/list -> 200 (0.005s)
2026-07-12 22:03:17.415 | INFO     | __main__:log_requests:44 - POST /api/auth/login -> 200 (0.235s)
2026-07-12 22:03:17.429 | INFO     | __main__:log_requests:44 - GET /api/user/profile -> 200 (0.007s)
2026-07-12 22:03:17.444 | INFO     | __main__:log_requests:44 - GET /api/user/perms -> 200 (0.004s)
2026-07-12 22:03:17.485 | INFO     | __main__:log_requests:44 - GET /api/asset/status/list -> 200 (0.004s)
2026-07-12 22:03:17.491 | INFO     | __main__:log_requests:44 - GET /api/dept/tree -> 200 (0.003s)
2026-07-12 22:03:17.562 | INFO     | __main__:log_requests:44 - GET /api/apply/my -> 200 (0.009s)
2026-07-12 22:03:17.562 | INFO     | __main__:log_requests:44 - GET /api/asset/list -> 200 (0.060s)
2026-07-12 22:03:22.597 | INFO     | __main__:log_requests:44 - GET /api/user/profile -> 200 (0.009s)
2026-07-12 22:03:22.607 | INFO     | __main__:log_requests:44 - GET /api/user/perms -> 200 (0.005s)
2026-07-12 22:03:22.699 | INFO     | __main__:log_requests:44 - GET /api/asset/status/list -> 200 (0.003s)
2026-07-12 22:03:22.770 | INFO     | __main__:log_requests:44 - GET /api/report/dashboard -> 403 (0.003s)
2026-07-12 22:03:22.770 | INFO     | __main__:log_requests:44 - GET /api/report/asset -> 403 (0.003s)
2026-07-12 22:03:38.848 | INFO     | __main__:log_requests:44 - GET /api/asset/category/list -> 200 (0.009s)
2026-07-12 22:03:38.852 | INFO     | __main__:log_requests:44 - GET /api/asset/status/list -> 200 (0.009s)
2026-07-12 22:03:38.852 | INFO     | __main__:log_requests:44 - GET /api/dept/tree -> 200 (0.010s)
2026-07-12 22:03:38.888 | INFO     | __main__:log_requests:44 - GET /api/asset/list -> 200 (0.006s)
2026-07-12 22:03:40.436 | INFO     | __main__:log_requests:44 - GET /api/asset/status/list -> 200 (0.004s)
2026-07-12 22:03:40.439 | INFO     | __main__:log_requests:44 - GET /api/dept/tree -> 200 (0.003s)
2026-07-12 22:03:40.463 | INFO     | __main__:log_requests:44 - GET /api/apply/my -> 200 (0.009s)
2026-07-12 22:03:40.463 | INFO     | __main__:log_requests:44 - GET /api/asset/list -> 200 (0.010s)
2026-07-12 22:03:42.783 | INFO     | __main__:log_requests:44 - GET /api/dept/tree -> 200 (0.010s)
2026-07-12 22:03:42.783 | INFO     | __main__:log_requests:44 - GET /api/asset/category/list -> 200 (0.012s)
2026-07-12 22:03:42.783 | INFO     | __main__:log_requests:44 - GET /api/asset/status/list -> 200 (0.012s)
2026-07-12 22:03:42.810 | INFO     | __main__:log_requests:44 - GET /api/asset/list -> 200 (0.007s)
2026-07-12 22:03:44.768 | INFO     | __main__:log_requests:44 - GET /api/asset/1 -> 200 (0.005s)
2026-07-12 22:03:47.242 | INFO     | __main__:log_requests:44 - GET /api/dept/tree -> 200 (0.009s)
2026-07-12 22:03:47.242 | INFO     | __main__:log_requests:44 - GET /api/asset/category/list -> 200 (0.010s)
2026-07-12 22:03:47.242 | INFO     | __main__:log_requests:44 - GET /api/asset/status/list -> 200 (0.010s)
2026-07-12 22:03:47.268 | INFO     | __main__:log_requests:44 - GET /api/asset/list -> 200 (0.009s)
2026-07-12 22:03:50.354 | INFO     | __main__:log_requests:44 - GET /api/repair/list -> 200 (0.014s)
2026-07-12 22:03:50.355 | INFO     | __main__:log_requests:44 - GET /api/apply/my -> 200 (0.014s)
2026-07-12 22:03:50.355 | INFO     | __main__:log_requests:44 - GET /api/asset/list -> 200 (0.015s)
2026-07-12 22:04:13.649 | INFO     | __main__:log_requests:44 - GET /api/apply/pending -> 403 (0.002s)
2026-07-12 22:04:25.647 | INFO     | __main__:log_requests:44 - GET /api/asset/category/list -> 200 (0.012s)
2026-07-12 22:04:25.648 | INFO     | __main__:log_requests:44 - GET /api/asset/status/list -> 200 (0.012s)
2026-07-12 22:04:25.648 | INFO     | __main__:log_requests:44 - GET /api/dept/tree -> 200 (0.012s)
2026-07-12 22:04:25.674 | INFO     | __main__:log_requests:44 - GET /api/asset/list -> 200 (0.006s)
2026-07-12 22:04:33.628 | INFO     | __main__:log_requests:44 - GET /api/asset/3 -> 200 (0.005s)
2026-07-12 22:04:34.968 | INFO     | __main__:log_requests:44 - GET /api/asset/list -> 200 (0.005s)
2026-07-12 22:05:01.260 | INFO     | __main__:log_requests:44 - GET /api/user/profile -> 200 (0.007s)
2026-07-12 22:05:01.270 | INFO     | __main__:log_requests:44 - GET /api/user/perms -> 200 (0.004s)
2026-07-12 22:05:01.399 | INFO     | __main__:log_requests:44 - GET /api/asset/3 -> 200 (0.005s)
2026-07-12 22:05:03.128 | INFO     | __main__:log_requests:44 - GET /api/asset/list -> 200 (0.005s)
2026-07-12 22:05:45.703 | INFO     | __main__:log_requests:44 - GET /api/asset/list -> 200 (0.006s)
2026-07-12 22:09:57.308 | INFO     | __main__:log_requests:44 - GET /api/asset/category/list -> 200 (0.010s)
2026-07-12 22:09:57.308 | INFO     | __main__:log_requests:44 - GET /api/asset/status/list -> 200 (0.009s)
2026-07-12 22:09:57.309 | INFO     | __main__:log_requests:44 - GET /api/dept/tree -> 200 (0.010s)
2026-07-12 22:09:57.355 | INFO     | __main__:log_requests:44 - GET /api/asset/list -> 200 (0.006s)
2026-07-12 22:12:56.021 | INFO     | __main__:log_requests:44 - GET /api/asset/1 -> 200 (0.006s)
2026-07-12 22:12:57.393 | INFO     | __main__:log_requests:44 - GET /api/asset/list -> 200 (0.006s)
2026-07-12 22:13:00.499 | INFO     | __main__:log_requests:44 - GET /api/asset/category/list -> 200 (0.005s)
2026-07-12 22:13:00.506 | INFO     | __main__:log_requests:44 - GET /api/asset/status/list -> 200 (0.011s)
2026-07-12 22:13:00.506 | INFO     | __main__:log_requests:44 - GET /api/dept/tree -> 200 (0.008s)
2026-07-12 22:13:00.546 | INFO     | __main__:log_requests:44 - GET /api/asset/list -> 200 (0.006s)
2026-07-12 22:13:03.846 | INFO     | __main__:log_requests:44 - GET /api/asset/3 -> 200 (0.006s)
2026-07-12 22:13:04.696 | INFO     | __main__:log_requests:44 - GET /api/asset/list -> 200 (0.005s)
2026-07-12 22:16:36.243 | INFO     | __main__:log_requests:44 - GET /api/asset/3 -> 200 (0.009s)
2026-07-12 22:16:37.532 | INFO     | __main__:log_requests:44 - GET /api/asset/list -> 200 (0.009s)
2026-07-12 22:16:57.717 | ERROR    | __main__:global_exception_handler:50 - Unhandled exception on POST /api/apply/borrow
Traceback (most recent call last):

  File "D:\__lybix__\DEVTools\miniconda3\envs\fams\Lib\site-packages\sqlalchemy\engine\base.py", line 1817, in _execute_context
    context = constructor(
              └ <bound method DefaultExecutionContext._init_compiled of <class 'sqlalchemy.dialects.mysql.mysqldb.MySQLExecutionContext_mysql...
  File "D:\__lybix__\DEVTools\miniconda3\envs\fams\Lib\site-packages\sqlalchemy\engine\default.py", line 1416, in _init_compiled
    self.compiled_parameters = [
    └ <sqlalchemy.dialects.mysql.mysqldb.MySQLExecutionContext_mysqldb object at 0x0000026FBF3E8110>
  File "D:\__lybix__\DEVTools\miniconda3\envs\fams\Lib\site-packages\sqlalchemy\engine\default.py", line 1417, in <listcomp>
    compiled.construct_params(
    │        └ <function SQLCompiler.construct_params at 0x0000026FBD45A7A0>
    └ <sqlalchemy.dialects.mysql.mysqldb.MySQLCompiler_mysqldb object at 0x0000026FBF3E9550>
  File "D:\__lybix__\DEVTools\miniconda3\envs\fams\Lib\site-packages\sqlalchemy\sql\compiler.py", line 1927, in construct_params
    raise exc.InvalidRequestError(
          │   └ <class 'sqlalchemy.exc.InvalidRequestError'>
          └ <module 'sqlalchemy.exc' from 'D:\\__lybix__\\DEVTools\\miniconda3\\envs\\fams\\Lib\\site-packages\\sqlalchemy\\exc.py'>

sqlalchemy.exc.InvalidRequestError: A value is required for bind parameter 'reason' (Background on this error at: https://sqlalche.me/e/20/cd3x)


The above exception was the direct cause of the following exception:


Traceback (most recent call last):

  File "D:\__lybix__\_Codes\FAMS-NEPU\platform\server\services\svr_gateway\main.py", line 64, in <module>
    uvicorn.run(app, host="0.0.0.0", port=gateway_config.HTTP_PORT)
    │       │   │                         │              └ 9900
    │       │   │                         └ <services.svr_gateway.config.GatewayConfig object at 0x0000026FBCC993D0>
    │       │   └ <fastapi.applications.FastAPI object at 0x0000026FBEBD2A10>
    │       └ <function run at 0x0000026FBBA3FD80>
    └ <module 'uvicorn' from 'D:\\__lybix__\\DEVTools\\miniconda3\\envs\\fams\\Lib\\site-packages\\uvicorn\\__init__.py'>

  File "D:\__lybix__\DEVTools\miniconda3\envs\fams\Lib\site-packages\uvicorn\main.py", line 621, in run
    server.run()
    │      └ <function Server.run at 0x0000026FBBBB0860>
    └ <uvicorn.server.Server object at 0x0000026FBE673410>
  File "D:\__lybix__\DEVTools\miniconda3\envs\fams\Lib\site-packages\uvicorn\server.py", line 74, in run
    return asyncio_run(self.serve(sockets=sockets), loop_factory=self.config.get_loop_factory())
           │           │    │             │                      │    │      └ <function Config.get_loop_factory at 0x0000026FBBA3D1C0>
           │           │    │             │                      │    └ <uvicorn.config.Config object at 0x0000026FBE9A8F10>
           │           │    │             │                      └ <uvicorn.server.Server object at 0x0000026FBE673410>
           │           │    │             └ None
           │           │    └ <function Server.serve at 0x0000026FBBBB0900>
           │           └ <uvicorn.server.Server object at 0x0000026FBE673410>
           └ <function asyncio_run at 0x0000026FBB9C7740>
  File "D:\__lybix__\DEVTools\miniconda3\envs\fams\Lib\site-packages\uvicorn\_compat.py", line 30, in asyncio_run
    return runner.run(main)
           │      │   └ <coroutine object Server.serve at 0x0000026FBEBFC310>
           │      └ <function Runner.run at 0x0000026FBB423560>
           └ <asyncio.runners.Runner object at 0x0000026FBBA3B190>
  File "D:\__lybix__\DEVTools\miniconda3\envs\fams\Lib\asyncio\runners.py", line 118, in run
    return self._loop.run_until_complete(task)
           │    │     │                  └ <Task pending name='Task-1' coro=<Server.serve() running at D:\__lybix__\DEVTools\miniconda3\envs\fams\Lib\site-packages\uvic...
           │    │     └ <function BaseEventLoop.run_until_complete at 0x0000026FBB421120>
           │    └ <ProactorEventLoop running=True closed=False debug=False>
           └ <asyncio.runners.Runner object at 0x0000026FBBA3B190>
  File "D:\__lybix__\DEVTools\miniconda3\envs\fams\Lib\asyncio\base_events.py", line 637, in run_until_complete
    self.run_forever()
    │    └ <function ProactorEventLoop.run_forever at 0x0000026FBB4F8860>
    └ <ProactorEventLoop running=True closed=False debug=False>
  File "D:\__lybix__\DEVTools\miniconda3\envs\fams\Lib\asyncio\windows_events.py", line 321, in run_forever
    super().run_forever()
  File "D:\__lybix__\DEVTools\miniconda3\envs\fams\Lib\asyncio\base_events.py", line 604, in run_forever
    self._run_once()
    │    └ <function BaseEventLoop._run_once at 0x0000026FBB422E80>
    └ <ProactorEventLoop running=True closed=False debug=False>
  File "D:\__lybix__\DEVTools\miniconda3\envs\fams\Lib\asyncio\base_events.py", line 1909, in _run_once
    handle._run()
    │      └ <function Handle._run at 0x0000026FBB3653A0>
    └ <Handle Task.task_wakeup(<Future finished result=None>)>
  File "D:\__lybix__\DEVTools\miniconda3\envs\fams\Lib\asyncio\events.py", line 80, in _run
    self._context.run(self._callback, *self._args)
    │    │            │    │           │    └ <member '_args' of 'Handle' objects>
    │    │            │    │           └ <Handle Task.task_wakeup(<Future finished result=None>)>
    │    │            │    └ <member '_callback' of 'Handle' objects>
    │    │            └ <Handle Task.task_wakeup(<Future finished result=None>)>
    │    └ <member '_context' of 'Handle' objects>
    └ <Handle Task.task_wakeup(<Future finished result=None>)>
  File "D:\__lybix__\DEVTools\miniconda3\envs\fams\Lib\site-packages\uvicorn\protocols\http\httptools_impl.py", line 422, in run_asgi
    result = await app(  # type: ignore[func-returns-value]
                   └ <uvicorn.middleware.proxy_headers.ProxyHeadersMiddleware object at 0x0000026FBEBD4CD0>
  File "D:\__lybix__\DEVTools\miniconda3\envs\fams\Lib\site-packages\uvicorn\middleware\proxy_headers.py", line 63, in __call__
    return await self.app(scope, receive, send)
                 │    │   │      │        └ <bound method RequestResponseCycle.send of <uvicorn.protocols.http.httptools_impl.RequestResponseCycle object at 0x0000026FBF...
                 │    │   │      └ <bound method RequestResponseCycle.receive of <uvicorn.protocols.http.httptools_impl.RequestResponseCycle object at 0x0000026...
                 │    │   └ {'type': 'http', 'asgi': {'version': '3.0', 'spec_version': '2.3'}, 'http_version': '1.1', 'server': ('127.0.0.1', 9900), 'cl...
                 │    └ <fastapi.applications.FastAPI object at 0x0000026FBEBD2A10>
                 └ <uvicorn.middleware.proxy_headers.ProxyHeadersMiddleware object at 0x0000026FBEBD4CD0>
  File "D:\__lybix__\DEVTools\miniconda3\envs\fams\Lib\site-packages\fastapi\applications.py", line 1163, in __call__
    await super().__call__(scope, receive, send)
                           │      │        └ <bound method RequestResponseCycle.send of <uvicorn.protocols.http.httptools_impl.RequestResponseCycle object at 0x0000026FBF...
                           │      └ <bound method RequestResponseCycle.receive of <uvicorn.protocols.http.httptools_impl.RequestResponseCycle object at 0x0000026...
                           └ {'type': 'http', 'asgi': {'version': '3.0', 'spec_version': '2.3'}, 'http_version': '1.1', 'server': ('127.0.0.1', 9900), 'cl...
  File "D:\__lybix__\DEVTools\miniconda3\envs\fams\Lib\site-packages\starlette\applications.py", line 90, in __call__
    await self.middleware_stack(scope, receive, send)
          │    │                │      │        └ <bound method RequestResponseCycle.send of <uvicorn.protocols.http.httptools_impl.RequestResponseCycle object at 0x0000026FBF...
          │    │                │      └ <bound method RequestResponseCycle.receive of <uvicorn.protocols.http.httptools_impl.RequestResponseCycle object at 0x0000026...
          │    │                └ {'type': 'http', 'asgi': {'version': '3.0', 'spec_version': '2.3'}, 'http_version': '1.1', 'server': ('127.0.0.1', 9900), 'cl...
          │    └ <starlette.middleware.errors.ServerErrorMiddleware object at 0x0000026FBEBDC310>
          └ <fastapi.applications.FastAPI object at 0x0000026FBEBD2A10>
> File "D:\__lybix__\DEVTools\miniconda3\envs\fams\Lib\site-packages\starlette\middleware\errors.py", line 164, in __call__
    await self.app(scope, receive, _send)
          │    │   │      │        └ <function ServerErrorMiddleware.__call__.<locals>._send at 0x0000026FBEFC32E0>
          │    │   │      └ <bound method RequestResponseCycle.receive of <uvicorn.protocols.http.httptools_impl.RequestResponseCycle object at 0x0000026...
          │    │   └ {'type': 'http', 'asgi': {'version': '3.0', 'spec_version': '2.3'}, 'http_version': '1.1', 'server': ('127.0.0.1', 9900), 'cl...
          │    └ <starlette.middleware.base.BaseHTTPMiddleware object at 0x0000026FBE690B90>
          └ <starlette.middleware.errors.ServerErrorMiddleware object at 0x0000026FBEBDC310>
  File "D:\__lybix__\DEVTools\miniconda3\envs\fams\Lib\contextlib.py", line 222, in __aexit__
    await self.gen.athrow(typ, value, traceback)
          │    │   │      │    │      └ <traceback object at 0x0000026FBF3EBE80>
          │    │   │      │    └ StatementError("(sqlalchemy.exc.InvalidRequestError) A value is required for bind parameter 'reason'")
          │    │   │      └ <class 'sqlalchemy.exc.StatementError'>
          │    │   └ <method 'athrow' of 'async_generator' objects>
          │    └ <async_generator object create_collapsing_task_group at 0x0000026FBEC17440>
          └ <contextlib._AsyncGeneratorContextManager object at 0x0000026FBF3CA410>
  File "D:\__lybix__\DEVTools\miniconda3\envs\fams\Lib\site-packages\starlette\_utils.py", line 93, in create_collapsing_task_group
    raise exc from exc.__cause__ or context
          │        │   │            └ None
          │        │   └ <attribute '__cause__' of 'BaseException' objects>
          │        └ StatementError("(sqlalchemy.exc.InvalidRequestError) A value is required for bind parameter 'reason'")
          └ StatementError("(sqlalchemy.exc.InvalidRequestError) A value is required for bind parameter 'reason'")
  File "D:\__lybix__\DEVTools\miniconda3\envs\fams\Lib\site-packages\starlette\_utils.py", line 86, in create_collapsing_task_group
    yield tg
          └ <anyio._backends._asyncio.TaskGroup object at 0x0000026FBF3CA610>
  File "D:\__lybix__\DEVTools\miniconda3\envs\fams\Lib\site-packages\starlette\middleware\base.py", line 193, in __call__
    response = await self.dispatch_func(request, call_next)
                     │    │             │        └ <function BaseHTTPMiddleware.__call__.<locals>.call_next at 0x0000026FBEFC2D40>
                     │    │             └ <starlette.middleware.base._CachedRequest object at 0x0000026FBF3CBA50>
                     │    └ <function log_requests at 0x0000026FBEBF27A0>
                     └ <starlette.middleware.base.BaseHTTPMiddleware object at 0x0000026FBE690B90>

  File "D:\__lybix__\_Codes\FAMS-NEPU\platform\server\services\svr_gateway\main.py", line 42, in log_requests
    response = await call_next(request)
                     │         └ <starlette.middleware.base._CachedRequest object at 0x0000026FBF3CBA50>
                     └ <function BaseHTTPMiddleware.__call__.<locals>.call_next at 0x0000026FBEFC2D40>

  File "D:\__lybix__\DEVTools\miniconda3\envs\fams\Lib\site-packages\starlette\middleware\base.py", line 168, in call_next
    raise app_exc from app_exc.__cause__ or app_exc.__context__
          │            │       │            │       └ <attribute '__context__' of 'BaseException' objects>
          │            │       │            └ StatementError("(sqlalchemy.exc.InvalidRequestError) A value is required for bind parameter 'reason'")
          │            │       └ <attribute '__cause__' of 'BaseException' objects>
          │            └ StatementError("(sqlalchemy.exc.InvalidRequestError) A value is required for bind parameter 'reason'")
          └ StatementError("(sqlalchemy.exc.InvalidRequestError) A value is required for bind parameter 'reason'")
  File "D:\__lybix__\DEVTools\miniconda3\envs\fams\Lib\site-packages\starlette\middleware\base.py", line 144, in coro
    await self.app(scope, receive_or_disconnect, send_no_error)
          │    │   │      │                      └ <function BaseHTTPMiddleware.__call__.<locals>.call_next.<locals>.send_no_error at 0x0000026FBF3A6200>
          │    │   │      └ <function BaseHTTPMiddleware.__call__.<locals>.call_next.<locals>.receive_or_disconnect at 0x0000026FBEFC3920>
          │    │   └ {'type': 'http', 'asgi': {'version': '3.0', 'spec_version': '2.3'}, 'http_version': '1.1', 'server': ('127.0.0.1', 9900), 'cl...
          │    └ <starlette.middleware.cors.CORSMiddleware object at 0x0000026FBE664F10>
          └ <starlette.middleware.base.BaseHTTPMiddleware object at 0x0000026FBE690B90>
  File "D:\__lybix__\DEVTools\miniconda3\envs\fams\Lib\site-packages\starlette\middleware\cors.py", line 96, in __call__
    await self.simple_response(scope, receive, send, request_headers=headers)
          │    │               │      │        │                     └ Headers({'host': '127.0.0.1:9900', 'connection': 'close', 'content-length': '59', 'sec-ch-ua-platform': '"Windows"', 'authori...
          │    │               │      │        └ <function BaseHTTPMiddleware.__call__.<locals>.call_next.<locals>.send_no_error at 0x0000026FBF3A6200>
          │    │               │      └ <function BaseHTTPMiddleware.__call__.<locals>.call_next.<locals>.receive_or_disconnect at 0x0000026FBEFC3920>
          │    │               └ {'type': 'http', 'asgi': {'version': '3.0', 'spec_version': '2.3'}, 'http_version': '1.1', 'server': ('127.0.0.1', 9900), 'cl...
          │    └ <function CORSMiddleware.simple_response at 0x0000026FBCC8D080>
          └ <starlette.middleware.cors.CORSMiddleware object at 0x0000026FBE664F10>
  File "D:\__lybix__\DEVTools\miniconda3\envs\fams\Lib\site-packages\starlette\middleware\cors.py", line 154, in simple_response
    await self.app(scope, receive, send)
          │    │   │      │        └ functools.partial(<bound method CORSMiddleware.send of <starlette.middleware.cors.CORSMiddleware object at 0x0000026FBE664F10...
          │    │   │      └ <function BaseHTTPMiddleware.__call__.<locals>.call_next.<locals>.receive_or_disconnect at 0x0000026FBEFC3920>
          │    │   └ {'type': 'http', 'asgi': {'version': '3.0', 'spec_version': '2.3'}, 'http_version': '1.1', 'server': ('127.0.0.1', 9900), 'cl...
          │    └ <starlette.middleware.exceptions.ExceptionMiddleware object at 0x0000026FBEBA1F50>
          └ <starlette.middleware.cors.CORSMiddleware object at 0x0000026FBE664F10>
  File "D:\__lybix__\DEVTools\miniconda3\envs\fams\Lib\site-packages\starlette\middleware\exceptions.py", line 63, in __call__
    await wrap_app_handling_exceptions(self.app, conn)(scope, receive, send)
          │                            │    │    │     │      │        └ functools.partial(<bound method CORSMiddleware.send of <starlette.middleware.cors.CORSMiddleware object at 0x0000026FBE664F10...
          │                            │    │    │     │      └ <function BaseHTTPMiddleware.__call__.<locals>.call_next.<locals>.receive_or_disconnect at 0x0000026FBEFC3920>
          │                            │    │    │     └ {'type': 'http', 'asgi': {'version': '3.0', 'spec_version': '2.3'}, 'http_version': '1.1', 'server': ('127.0.0.1', 9900), 'cl...
          │                            │    │    └ <starlette.requests.Request object at 0x0000026FBF3CA990>
          │                            │    └ <fastapi.middleware.asyncexitstack.AsyncExitStackMiddleware object at 0x0000026FBE68D550>
          │                            └ <starlette.middleware.exceptions.ExceptionMiddleware object at 0x0000026FBEBA1F50>
          └ <function wrap_app_handling_exceptions at 0x0000026FBCB8F100>
  File "D:\__lybix__\DEVTools\miniconda3\envs\fams\Lib\site-packages\starlette\_exception_handler.py", line 53, in wrapped_app
    raise exc
  File "D:\__lybix__\DEVTools\miniconda3\envs\fams\Lib\site-packages\starlette\_exception_handler.py", line 42, in wrapped_app
    await app(scope, receive, sender)
          │   │      │        └ <function wrap_app_handling_exceptions.<locals>.wrapped_app.<locals>.sender at 0x0000026FBF3A79C0>
          │   │      └ <function BaseHTTPMiddleware.__call__.<locals>.call_next.<locals>.receive_or_disconnect at 0x0000026FBEFC3920>
          │   └ {'type': 'http', 'asgi': {'version': '3.0', 'spec_version': '2.3'}, 'http_version': '1.1', 'server': ('127.0.0.1', 9900), 'cl...
          └ <fastapi.middleware.asyncexitstack.AsyncExitStackMiddleware object at 0x0000026FBE68D550>
  File "D:\__lybix__\DEVTools\miniconda3\envs\fams\Lib\site-packages\fastapi\middleware\asyncexitstack.py", line 18, in __call__
    await self.app(scope, receive, send)
          │    │   │      │        └ <function wrap_app_handling_exceptions.<locals>.wrapped_app.<locals>.sender at 0x0000026FBF3A79C0>
          │    │   │      └ <function BaseHTTPMiddleware.__call__.<locals>.call_next.<locals>.receive_or_disconnect at 0x0000026FBEFC3920>
          │    │   └ {'type': 'http', 'asgi': {'version': '3.0', 'spec_version': '2.3'}, 'http_version': '1.1', 'server': ('127.0.0.1', 9900), 'cl...
          │    └ <fastapi.routing.APIRouter object at 0x0000026FBEBD2C10>
          └ <fastapi.middleware.asyncexitstack.AsyncExitStackMiddleware object at 0x0000026FBE68D550>
  File "D:\__lybix__\DEVTools\miniconda3\envs\fams\Lib\site-packages\starlette\routing.py", line 660, in __call__
    await self.middleware_stack(scope, receive, send)
          │    │                │      │        └ <function wrap_app_handling_exceptions.<locals>.wrapped_app.<locals>.sender at 0x0000026FBF3A79C0>
          │    │                │      └ <function BaseHTTPMiddleware.__call__.<locals>.call_next.<locals>.receive_or_disconnect at 0x0000026FBEFC3920>
          │    │                └ {'type': 'http', 'asgi': {'version': '3.0', 'spec_version': '2.3'}, 'http_version': '1.1', 'server': ('127.0.0.1', 9900), 'cl...
          │    └ <bound method APIRouter.app of <fastapi.routing.APIRouter object at 0x0000026FBEBD2C10>>
          └ <fastapi.routing.APIRouter object at 0x0000026FBEBD2C10>
  File "D:\__lybix__\DEVTools\miniconda3\envs\fams\Lib\site-packages\fastapi\routing.py", line 2683, in app
    await route.handle(scope, receive, send)
          │     │      │      │        └ <function wrap_app_handling_exceptions.<locals>.wrapped_app.<locals>.sender at 0x0000026FBF3A79C0>
          │     │      │      └ <function BaseHTTPMiddleware.__call__.<locals>.call_next.<locals>.receive_or_disconnect at 0x0000026FBEFC3920>
          │     │      └ {'type': 'http', 'asgi': {'version': '3.0', 'spec_version': '2.3'}, 'http_version': '1.1', 'server': ('127.0.0.1', 9900), 'cl...
          │     └ <function _IncludedRouter.handle at 0x0000026FBCBD1BC0>
          └ _IncludedRouter(original_router=<fastapi.routing.APIRouter object at 0x0000026FBE68BA50>, include_context=_RouterIncludeConte...
  File "D:\__lybix__\DEVTools\miniconda3\envs\fams\Lib\site-packages\fastapi\routing.py", line 1753, in handle
    await self.original_router.handle(scope, receive, send)
          │    │               │      │      │        └ <function wrap_app_handling_exceptions.<locals>.wrapped_app.<locals>.sender at 0x0000026FBF3A79C0>
          │    │               │      │      └ <function BaseHTTPMiddleware.__call__.<locals>.call_next.<locals>.receive_or_disconnect at 0x0000026FBEFC3920>
          │    │               │      └ {'type': 'http', 'asgi': {'version': '3.0', 'spec_version': '2.3'}, 'http_version': '1.1', 'server': ('127.0.0.1', 9900), 'cl...
          │    │               └ <function APIRouter.handle at 0x0000026FBCBD3BA0>
          │    └ <fastapi.routing.APIRouter object at 0x0000026FBE68BA50>
          └ _IncludedRouter(original_router=<fastapi.routing.APIRouter object at 0x0000026FBE68BA50>, include_context=_RouterIncludeConte...
  File "D:\__lybix__\DEVTools\miniconda3\envs\fams\Lib\site-packages\fastapi\routing.py", line 2738, in handle
    await included_router._handle_selected(scope, receive, send)
          │               │                │      │        └ <function wrap_app_handling_exceptions.<locals>.wrapped_app.<locals>.sender at 0x0000026FBF3A79C0>
          │               │                │      └ <function BaseHTTPMiddleware.__call__.<locals>.call_next.<locals>.receive_or_disconnect at 0x0000026FBEFC3920>
          │               │                └ {'type': 'http', 'asgi': {'version': '3.0', 'spec_version': '2.3'}, 'http_version': '1.1', 'server': ('127.0.0.1', 9900), 'cl...
          │               └ <function _IncludedRouter._handle_selected at 0x0000026FBCBD1C60>
          └ _IncludedRouter(original_router=<fastapi.routing.APIRouter object at 0x0000026FBE68BA50>, include_context=_RouterIncludeConte...
  File "D:\__lybix__\DEVTools\miniconda3\envs\fams\Lib\site-packages\fastapi\routing.py", line 1773, in _handle_selected
    await original_route.handle(scope, receive, send)
          │              │      │      │        └ <function wrap_app_handling_exceptions.<locals>.wrapped_app.<locals>.sender at 0x0000026FBF3A79C0>
          │              │      │      └ <function BaseHTTPMiddleware.__call__.<locals>.call_next.<locals>.receive_or_disconnect at 0x0000026FBEFC3920>
          │              │      └ {'type': 'http', 'asgi': {'version': '3.0', 'spec_version': '2.3'}, 'http_version': '1.1', 'server': ('127.0.0.1', 9900), 'cl...
          │              └ <function APIRoute.handle at 0x0000026FBCBBFCE0>
          └ APIRoute(path='/api/apply/borrow', name='apply_borrow', methods=['POST'])
  File "D:\__lybix__\DEVTools\miniconda3\envs\fams\Lib\site-packages\fastapi\routing.py", line 1264, in handle
    await app(scope, receive, send)
          │   │      │        └ <function wrap_app_handling_exceptions.<locals>.wrapped_app.<locals>.sender at 0x0000026FBF3A79C0>
          │   │      └ <function BaseHTTPMiddleware.__call__.<locals>.call_next.<locals>.receive_or_disconnect at 0x0000026FBEFC3920>
          │   └ {'type': 'http', 'asgi': {'version': '3.0', 'spec_version': '2.3'}, 'http_version': '1.1', 'server': ('127.0.0.1', 9900), 'cl...
          └ <function request_response.<locals>.app at 0x0000026FBF3A7100>
  File "D:\__lybix__\DEVTools\miniconda3\envs\fams\Lib\site-packages\fastapi\routing.py", line 150, in app
    await wrap_app_handling_exceptions(app, request)(scope, receive, send)
          │                            │    │        │      │        └ <function wrap_app_handling_exceptions.<locals>.wrapped_app.<locals>.sender at 0x0000026FBF3A79C0>
          │                            │    │        │      └ <function BaseHTTPMiddleware.__call__.<locals>.call_next.<locals>.receive_or_disconnect at 0x0000026FBEFC3920>
          │                            │    │        └ {'type': 'http', 'asgi': {'version': '3.0', 'spec_version': '2.3'}, 'http_version': '1.1', 'server': ('127.0.0.1', 9900), 'cl...
          │                            │    └ <starlette.requests.Request object at 0x0000026FBF3C8610>
          │                            └ <function request_response.<locals>.app.<locals>.app at 0x0000026FBF3A63E0>
          └ <function wrap_app_handling_exceptions at 0x0000026FBCB8F100>
  File "D:\__lybix__\DEVTools\miniconda3\envs\fams\Lib\site-packages\starlette\_exception_handler.py", line 53, in wrapped_app
    raise exc
  File "D:\__lybix__\DEVTools\miniconda3\envs\fams\Lib\site-packages\starlette\_exception_handler.py", line 42, in wrapped_app
    await app(scope, receive, sender)
          │   │      │        └ <function wrap_app_handling_exceptions.<locals>.wrapped_app.<locals>.sender at 0x0000026FBF3A7380>
          │   │      └ <function BaseHTTPMiddleware.__call__.<locals>.call_next.<locals>.receive_or_disconnect at 0x0000026FBEFC3920>
          │   └ {'type': 'http', 'asgi': {'version': '3.0', 'spec_version': '2.3'}, 'http_version': '1.1', 'server': ('127.0.0.1', 9900), 'cl...
          └ <function request_response.<locals>.app.<locals>.app at 0x0000026FBF3A63E0>
  File "D:\__lybix__\DEVTools\miniconda3\envs\fams\Lib\site-packages\fastapi\routing.py", line 136, in app
    response = await f(request)
                     │ └ <starlette.requests.Request object at 0x0000026FBF3C8610>
                     └ <function get_request_handler.<locals>.app at 0x0000026FBF3A5440>
  File "D:\__lybix__\DEVTools\miniconda3\envs\fams\Lib\site-packages\fastapi\routing.py", line 690, in app
    raw_response = await run_endpoint_function(
                         └ <function run_endpoint_function at 0x0000026FBCBBEF20>
  File "D:\__lybix__\DEVTools\miniconda3\envs\fams\Lib\site-packages\fastapi\routing.py", line 344, in run_endpoint_function
    return await dependant.call(**values)
                 │         │      └ {'current_user': {'user_id': 11, 'username': 'csstu002', 'dept_id': 2, 'role_keys': ['user'], 'exp': 1783951397, 'iat': 17838...
                 │         └ <function apply_borrow at 0x0000026FBEAF13A0>
                 └ Dependant(path_params=[], query_params=[], header_params=[], cookie_params=[], body_params=[ModelField(field_info=Body(Pydant...

  File "D:\__lybix__\_Codes\FAMS-NEPU\platform\server\services\svr_gateway\routes.py", line 479, in apply_borrow
    return await _submit_apply_internal("BORROW", request, data, current_user)
                 │                                │        │     └ {'user_id': 11, 'username': 'csstu002', 'dept_id': 2, 'role_keys': ['user'], 'exp': 1783951397, 'iat': 1783864997}
                 │                                │        └ {'asset_id': 3, 'remark': '新生入学通知书打印工作', 'apply_type': 'BORROW', 'applicant_id': 11, 'dept_id': 2, 'status': 'PENDING_COLLEGE...
                 │                                └ <starlette.requests.Request object at 0x0000026FBF3C8610>
                 └ <function _submit_apply_internal at 0x0000026FBE9B4D60>

  File "D:\__lybix__\_Codes\FAMS-NEPU\platform\server\services\svr_gateway\routes.py", line 467, in _submit_apply_internal
    result = logic.submit_apply(data)
             │     │            └ {'asset_id': 3, 'remark': '新生入学通知书打印工作', 'apply_type': 'BORROW', 'applicant_id': 11, 'dept_id': 2, 'status': 'PENDING_COLLEGE...
             │     └ <function ApplyLogic.submit_apply at 0x0000026FBE90C4A0>
             └ <data.logic.apply_logic.ApplyLogic object at 0x0000026FBEF97250>

  File "D:\__lybix__\_Codes\FAMS-NEPU\platform\server\data\logic\apply_logic.py", line 148, in submit_apply
    apply_id = self.apply_dao.insert_apply(data)
               │    │         │            └ {'asset_id': 3, 'remark': '新生入学通知书打印工作', 'apply_type': 'BORROW', 'applicant_id': 11, 'dept_id': 2, 'status': 'PENDING_COLLEGE...
               │    │         └ <function ApplyDAO.insert_apply at 0x0000026FBE8F3A60>
               │    └ <data.basic.apply_dao.ApplyDAO object at 0x0000026FBEF95B10>
               └ <data.logic.apply_logic.ApplyLogic object at 0x0000026FBEF97250>

  File "D:\__lybix__\_Codes\FAMS-NEPU\platform\server\data\basic\apply_dao.py", line 17, in insert_apply
    return self._execute_insert(sql, data)
           │    │               │    └ {'asset_id': 3, 'remark': '新生入学通知书打印工作', 'apply_type': 'BORROW', 'applicant_id': 11, 'dept_id': 2, 'status': 'PENDING_COLLEGE...
           │    │               └ 'INSERT INTO asset_apply (apply_type, applicant_id, dept_id, asset_id,\n                                          reason, exp...
           │    └ <function BaseDAO._execute_insert at 0x0000026FBE4BAF20>
           └ <data.basic.apply_dao.ApplyDAO object at 0x0000026FBEF95B10>

  File "D:\__lybix__\_Codes\FAMS-NEPU\platform\server\data\basic\base_dao.py", line 65, in _execute_insert
    result = conn.execute(text(sql), params or {})
             │    │       │    │     └ {'asset_id': 3, 'remark': '新生入学通知书打印工作', 'apply_type': 'BORROW', 'applicant_id': 11, 'dept_id': 2, 'status': 'PENDING_COLLEGE...
             │    │       │    └ 'INSERT INTO asset_apply (apply_type, applicant_id, dept_id, asset_id,\n                                          reason, exp...
             │    │       └ <function text at 0x0000026FBD46FF60>
             │    └ <function Connection.execute at 0x0000026FBE4AACA0>
             └ <sqlalchemy.engine.base.Connection object at 0x0000026FBEFE67D0>

  File "D:\__lybix__\DEVTools\miniconda3\envs\fams\Lib\site-packages\sqlalchemy\engine\base.py", line 1421, in execute
    return meth(
           └ <bound method ClauseElement._execute_on_connection of <sqlalchemy.sql.elements.TextClause object at 0x0000026FBF3E88D0>>
  File "D:\__lybix__\DEVTools\miniconda3\envs\fams\Lib\site-packages\sqlalchemy\sql\elements.py", line 526, in _execute_on_connection
    return connection._execute_clauseelement(
           │          └ <function Connection._execute_clauseelement at 0x0000026FBE4AAFC0>
           └ <sqlalchemy.engine.base.Connection object at 0x0000026FBEFE67D0>
  File "D:\__lybix__\DEVTools\miniconda3\envs\fams\Lib\site-packages\sqlalchemy\engine\base.py", line 1643, in _execute_clauseelement
    ret = self._execute_context(
          │    └ <function Connection._execute_context at 0x0000026FBE4AB1A0>
          └ <sqlalchemy.engine.base.Connection object at 0x0000026FBEFE67D0>
  File "D:\__lybix__\DEVTools\miniconda3\envs\fams\Lib\site-packages\sqlalchemy\engine\base.py", line 1823, in _execute_context
    self._handle_dbapi_exception(
    │    └ <function Connection._handle_dbapi_exception at 0x0000026FBE4AB4C0>
    └ <sqlalchemy.engine.base.Connection object at 0x0000026FBEFE67D0>
  File "D:\__lybix__\DEVTools\miniconda3\envs\fams\Lib\site-packages\sqlalchemy\engine\base.py", line 2365, in _handle_dbapi_exception
    raise sqlalchemy_exception.with_traceback(exc_info[2]) from e
          │                    │              │                 └ InvalidRequestError("A value is required for bind parameter 'reason'")
          │                    │              └ (<class 'sqlalchemy.exc.InvalidRequestError'>, InvalidRequestError("A value is required for bind parameter 'reason'"), <trace...
          │                    └ <method 'with_traceback' of 'BaseException' objects>
          └ StatementError("(sqlalchemy.exc.InvalidRequestError) A value is required for bind parameter 'reason'")
  File "D:\__lybix__\DEVTools\miniconda3\envs\fams\Lib\site-packages\sqlalchemy\engine\base.py", line 1817, in _execute_context
    context = constructor(
              └ <bound method DefaultExecutionContext._init_compiled of <class 'sqlalchemy.dialects.mysql.mysqldb.MySQLExecutionContext_mysql...
  File "D:\__lybix__\DEVTools\miniconda3\envs\fams\Lib\site-packages\sqlalchemy\engine\default.py", line 1416, in _init_compiled
    self.compiled_parameters = [
    └ <sqlalchemy.dialects.mysql.mysqldb.MySQLExecutionContext_mysqldb object at 0x0000026FBF3E8110>
  File "D:\__lybix__\DEVTools\miniconda3\envs\fams\Lib\site-packages\sqlalchemy\engine\default.py", line 1417, in <listcomp>
    compiled.construct_params(
    │        └ <function SQLCompiler.construct_params at 0x0000026FBD45A7A0>
    └ <sqlalchemy.dialects.mysql.mysqldb.MySQLCompiler_mysqldb object at 0x0000026FBF3E9550>
  File "D:\__lybix__\DEVTools\miniconda3\envs\fams\Lib\site-packages\sqlalchemy\sql\compiler.py", line 1927, in construct_params
    raise exc.InvalidRequestError(
          │   └ <class 'sqlalchemy.exc.InvalidRequestError'>
          └ <module 'sqlalchemy.exc' from 'D:\\__lybix__\\DEVTools\\miniconda3\\envs\\fams\\Lib\\site-packages\\sqlalchemy\\exc.py'>

sqlalchemy.exc.StatementError: (sqlalchemy.exc.InvalidRequestError) A value is required for bind parameter 'reason'
[SQL: INSERT INTO asset_apply (apply_type, applicant_id, dept_id, asset_id,
                                          reason, expect_return_time, status, current_node)
                 VALUES (%(apply_type)s, %(applicant_id)s, %(dept_id)s, %(asset_id)s,
                         %(reason)s, %(expect_return_time)s, %(status)s, %(current_node)s)]
[parameters: [{'asset_id': 3, 'remark': '新生入学通知书打印工作', 'apply_type': 'BORROW', 'applicant_id': 11, 'dept_id': 2, 'status': 'PENDING_COLLEGE', 'current_node': 1, 'expect_return_time': None}]]
(Background on this error at: https://sqlalche.me/e/20/cd3x)
2026-07-12 22:20:29.792 | INFO     | __main__:log_requests:44 - GET /api/asset/3 -> 200 (0.008s)
2026-07-12 22:20:31.110 | INFO     | __main__:log_requests:44 - GET /api/asset/list -> 200 (0.007s)
2026-07-12 22:20:44.523 | INFO     | __main__:log_requests:44 - POST /api/apply/borrow -> 200 (0.098s)
2026-07-12 22:20:48.796 | INFO     | __main__:log_requests:44 - GET /api/asset/category/list -> 200 (0.005s)
2026-07-12 22:20:48.803 | INFO     | __main__:log_requests:44 - GET /api/asset/status/list -> 200 (0.011s)
2026-07-12 22:20:48.804 | INFO     | __main__:log_requests:44 - GET /api/dept/tree -> 200 (0.012s)
2026-07-12 22:20:48.846 | INFO     | __main__:log_requests:44 - GET /api/asset/list -> 200 (0.007s)
2026-07-12 22:20:50.026 | INFO     | __main__:log_requests:44 - GET /api/asset/list -> 200 (0.008s)
2026-07-12 22:20:50.038 | INFO     | __main__:log_requests:44 - GET /api/repair/list -> 200 (0.019s)
2026-07-12 22:20:50.039 | INFO     | __main__:log_requests:44 - GET /api/apply/my -> 200 (0.020s)
2026-07-12 22:20:50.567 | INFO     | __main__:log_requests:44 - GET /api/asset/category/list -> 200 (0.009s)
2026-07-12 22:20:50.567 | INFO     | __main__:log_requests:44 - GET /api/asset/status/list -> 200 (0.009s)
2026-07-12 22:20:50.571 | INFO     | __main__:log_requests:44 - GET /api/dept/tree -> 200 (0.008s)
2026-07-12 22:20:50.599 | INFO     | __main__:log_requests:44 - GET /api/asset/list -> 200 (0.007s)
2026-07-12 22:20:57.536 | INFO     | __main__:log_requests:44 - GET /api/asset/list -> 200 (0.016s)
2026-07-12 22:20:57.536 | INFO     | __main__:log_requests:44 - GET /api/apply/my -> 200 (0.015s)
2026-07-12 22:20:57.537 | INFO     | __main__:log_requests:44 - GET /api/repair/list -> 200 (0.016s)
2026-07-12 22:21:02.958 | INFO     | __main__:log_requests:44 - GET /api/apply/16 -> 200 (0.005s)
2026-07-12 22:21:08.541 | INFO     | __main__:log_requests:44 - GET /api/asset/list -> 200 (0.016s)
2026-07-12 22:21:08.541 | INFO     | __main__:log_requests:44 - GET /api/apply/my -> 200 (0.016s)
2026-07-12 22:21:08.541 | INFO     | __main__:log_requests:44 - GET /api/repair/list -> 200 (0.016s)
2026-07-12 22:21:15.284 | INFO     | __main__:log_requests:44 - GET /api/apply/my -> 200 (0.015s)
2026-07-12 22:21:15.284 | INFO     | __main__:log_requests:44 - GET /api/asset/list -> 200 (0.016s)
2026-07-12 22:21:15.284 | INFO     | __main__:log_requests:44 - GET /api/repair/list -> 200 (0.016s)
2026-07-12 22:21:36.820 | INFO     | __main__:log_requests:44 - POST /api/auth/login -> 200 (0.224s)
2026-07-12 22:21:36.834 | INFO     | __main__:log_requests:44 - GET /api/user/profile -> 200 (0.005s)
2026-07-12 22:21:36.842 | INFO     | __main__:log_requests:44 - GET /api/user/perms -> 200 (0.005s)
2026-07-12 22:21:36.962 | INFO     | __main__:log_requests:44 - GET /api/asset/status/list -> 200 (0.004s)
2026-07-12 22:21:36.975 | INFO     | __main__:log_requests:44 - GET /api/dept/tree -> 200 (0.005s)
2026-07-12 22:21:37.015 | INFO     | __main__:log_requests:44 - GET /api/apply/pending -> 200 (0.018s)
2026-07-12 22:21:37.015 | INFO     | __main__:log_requests:44 - GET /api/report/dashboard -> 200 (0.021s)
2026-07-12 22:21:37.025 | INFO     | __main__:log_requests:44 - GET /api/report/asset -> 200 (0.031s)
2026-07-12 22:22:52.183 | INFO     | __main__:log_requests:44 - GET /api/asset/category/list -> 200 (0.008s)
2026-07-12 22:22:52.183 | INFO     | __main__:log_requests:44 - GET /api/asset/status/list -> 200 (0.008s)
2026-07-12 22:22:52.187 | INFO     | __main__:log_requests:44 - GET /api/dept/tree -> 200 (0.011s)
2026-07-12 22:22:52.221 | INFO     | __main__:log_requests:44 - GET /api/asset/list -> 200 (0.006s)
2026-07-12 22:22:56.040 | INFO     | __main__:log_requests:44 - GET /api/asset/list -> 200 (0.015s)
2026-07-12 22:22:56.040 | INFO     | __main__:log_requests:44 - GET /api/apply/my -> 200 (0.015s)
2026-07-12 22:22:56.040 | INFO     | __main__:log_requests:44 - GET /api/repair/list -> 200 (0.015s)
2026-07-12 22:23:00.083 | INFO     | __main__:log_requests:44 - GET /api/apply/pending -> 200 (0.005s)
2026-07-12 22:23:00.097 | INFO     | __main__:log_requests:44 - GET /api/repair/list -> 200 (0.005s)
2026-07-12 22:23:07.148 | INFO     | __main__:log_requests:44 - POST /api/auth/login -> 200 (0.238s)
2026-07-12 22:23:07.163 | INFO     | __main__:log_requests:44 - GET /api/user/profile -> 200 (0.006s)
2026-07-12 22:23:07.176 | INFO     | __main__:log_requests:44 - GET /api/user/perms -> 200 (0.004s)
2026-07-12 22:23:07.205 | INFO     | __main__:log_requests:44 - GET /api/asset/status/list -> 200 (0.004s)
2026-07-12 22:23:07.218 | INFO     | __main__:log_requests:44 - GET /api/dept/tree -> 200 (0.004s)
2026-07-12 22:23:07.239 | INFO     | __main__:log_requests:44 - GET /api/report/dashboard -> 200 (0.019s)
2026-07-12 22:23:07.239 | INFO     | __main__:log_requests:44 - GET /api/apply/pending -> 200 (0.017s)
2026-07-12 22:23:07.256 | INFO     | __main__:log_requests:44 - GET /api/report/asset -> 200 (0.031s)
2026-07-12 22:23:11.538 | INFO     | __main__:log_requests:44 - GET /api/asset/status/list -> 200 (0.008s)
2026-07-12 22:23:11.538 | INFO     | __main__:log_requests:44 - GET /api/asset/category/list -> 200 (0.009s)
2026-07-12 22:23:11.539 | INFO     | __main__:log_requests:44 - GET /api/dept/tree -> 200 (0.009s)
2026-07-12 22:23:11.562 | INFO     | __main__:log_requests:44 - GET /api/asset/list -> 200 (0.006s)
2026-07-12 22:23:12.852 | INFO     | __main__:log_requests:44 - GET /api/repair/list -> 200 (0.026s)
2026-07-12 22:23:12.853 | INFO     | __main__:log_requests:44 - GET /api/apply/my -> 200 (0.027s)
2026-07-12 22:23:12.853 | INFO     | __main__:log_requests:44 - GET /api/asset/list -> 200 (0.028s)
2026-07-12 22:23:14.652 | INFO     | __main__:log_requests:44 - GET /api/apply/pending -> 200 (0.005s)
2026-07-12 22:23:14.662 | INFO     | __main__:log_requests:44 - GET /api/repair/list -> 200 (0.004s)
2026-07-12 22:23:20.395 | INFO     | __main__:log_requests:44 - POST /api/auth/login -> 200 (0.235s)
2026-07-12 22:23:20.403 | INFO     | __main__:log_requests:44 - GET /api/user/profile -> 200 (0.006s)
2026-07-12 22:23:20.411 | INFO     | __main__:log_requests:44 - GET /api/user/perms -> 200 (0.003s)
2026-07-12 22:23:20.453 | INFO     | __main__:log_requests:44 - GET /api/asset/status/list -> 200 (0.004s)
2026-07-12 22:23:20.458 | INFO     | __main__:log_requests:44 - GET /api/dept/tree -> 200 (0.004s)
2026-07-12 22:23:20.472 | INFO     | __main__:log_requests:44 - GET /api/apply/pending -> 200 (0.006s)
2026-07-12 22:23:20.496 | INFO     | __main__:log_requests:44 - GET /api/report/asset -> 200 (0.028s)
2026-07-12 22:23:20.496 | INFO     | __main__:log_requests:44 - GET /api/report/dashboard -> 200 (0.029s)
2026-07-12 22:23:23.513 | INFO     | __main__:log_requests:44 - GET /api/apply/pending -> 200 (0.005s)
2026-07-12 22:23:23.527 | INFO     | __main__:log_requests:44 - GET /api/repair/list -> 200 (0.005s)
2026-07-12 22:23:25.305 | INFO     | __main__:log_requests:44 - GET /api/apply/16 -> 200 (0.006s)
2026-07-12 22:23:37.666 | INFO     | __main__:log_requests:44 - PUT /api/apply/approve -> 200 (0.066s)
2026-07-12 22:23:39.475 | INFO     | __main__:log_requests:44 - GET /api/apply/pending -> 200 (0.005s)
2026-07-12 22:23:39.491 | INFO     | __main__:log_requests:44 - GET /api/repair/list -> 200 (0.007s)
2026-07-12 22:23:42.363 | INFO     | __main__:log_requests:44 - GET /api/apply/16 -> 200 (0.005s)
2026-07-12 22:23:46.396 | INFO     | __main__:log_requests:44 - GET /api/apply/approved -> 200 (0.011s)
2026-07-12 22:23:46.396 | INFO     | __main__:log_requests:44 - GET /api/repair/list -> 200 (0.011s)
2026-07-12 22:23:53.239 | INFO     | __main__:log_requests:44 - GET /api/apply/my -> 200 (0.016s)
2026-07-12 22:23:53.241 | INFO     | __main__:log_requests:44 - GET /api/asset/list -> 200 (0.017s)
2026-07-12 22:23:53.241 | INFO     | __main__:log_requests:44 - GET /api/repair/list -> 200 (0.016s)
2026-07-12 22:23:56.278 | INFO     | __main__:log_requests:44 - GET /api/apply/pending -> 200 (0.005s)
2026-07-12 22:23:56.284 | INFO     | __main__:log_requests:44 - GET /api/repair/list -> 200 (0.004s)
2026-07-12 22:23:58.860 | INFO     | __main__:log_requests:44 - GET /api/apply/approved -> 200 (0.013s)
2026-07-12 22:23:58.860 | INFO     | __main__:log_requests:44 - GET /api/repair/list -> 200 (0.013s)
2026-07-12 22:24:01.262 | INFO     | __main__:log_requests:44 - GET /api/repair/list -> 200 (0.015s)
2026-07-12 22:24:01.262 | INFO     | __main__:log_requests:44 - GET /api/asset/list -> 200 (0.017s)
2026-07-12 22:24:01.264 | INFO     | __main__:log_requests:44 - GET /api/apply/my -> 200 (0.017s)
2026-07-12 22:24:01.818 | INFO     | __main__:log_requests:44 - GET /api/dept/tree -> 200 (0.007s)
2026-07-12 22:24:01.819 | INFO     | __main__:log_requests:44 - GET /api/asset/category/list -> 200 (0.008s)
2026-07-12 22:24:01.819 | INFO     | __main__:log_requests:44 - GET /api/asset/status/list -> 200 (0.008s)
2026-07-12 22:24:01.846 | INFO     | __main__:log_requests:44 - GET /api/asset/list -> 200 (0.007s)
2026-07-12 22:24:18.903 | INFO     | __main__:log_requests:44 - GET /api/user/profile -> 200 (0.009s)
2026-07-12 22:24:18.914 | INFO     | __main__:log_requests:44 - GET /api/user/perms -> 200 (0.005s)
2026-07-12 22:24:19.146 | INFO     | __main__:log_requests:44 - GET /api/asset/category/list -> 200 (0.009s)
2026-07-12 22:24:19.147 | INFO     | __main__:log_requests:44 - GET /api/asset/status/list -> 200 (0.009s)
2026-07-12 22:24:19.147 | INFO     | __main__:log_requests:44 - GET /api/dept/tree -> 200 (0.009s)
2026-07-12 22:24:19.188 | INFO     | __main__:log_requests:44 - GET /api/asset/list -> 200 (0.007s)
2026-07-12 22:24:58.525 | INFO     | __main__:log_requests:44 - GET /api/asset/list -> 200 (0.006s)
2026-07-12 22:24:58.534 | INFO     | __main__:log_requests:44 - GET /api/asset/list -> 200 (0.005s)
2026-07-12 22:25:06.070 | INFO     | __main__:log_requests:44 - GET /api/asset/3 -> 200 (0.005s)
2026-07-12 22:25:15.490 | INFO     | __main__:log_requests:44 - GET /api/asset/list -> 200 (0.005s)
2026-07-12 22:25:26.005 | INFO     | __main__:log_requests:44 - GET /api/asset/list -> 200 (0.005s)
2026-07-12 22:25:32.682 | INFO     | __main__:log_requests:44 - GET /api/asset/category/list -> 200 (0.004s)
2026-07-12 22:25:32.688 | INFO     | __main__:log_requests:44 - GET /api/asset/status/list -> 200 (0.007s)
2026-07-12 22:25:32.689 | INFO     | __main__:log_requests:44 - GET /api/dept/tree -> 200 (0.006s)
2026-07-12 22:25:32.720 | INFO     | __main__:log_requests:44 - GET /api/asset/list -> 200 (0.006s)
2026-07-12 22:25:34.965 | INFO     | __main__:log_requests:44 - GET /api/asset/list -> 200 (0.006s)
2026-07-12 22:25:34.983 | INFO     | __main__:log_requests:44 - GET /api/asset/list -> 200 (0.005s)
2026-07-12 22:25:37.368 | INFO     | __main__:log_requests:44 - GET /api/asset/status/list -> 200 (0.003s)
2026-07-12 22:25:37.377 | INFO     | __main__:log_requests:44 - GET /api/dept/tree -> 200 (0.003s)
2026-07-12 22:25:37.403 | INFO     | __main__:log_requests:44 - GET /api/report/dashboard -> 200 (0.017s)
2026-07-12 22:25:37.403 | INFO     | __main__:log_requests:44 - GET /api/apply/pending -> 200 (0.016s)
2026-07-12 22:25:37.419 | INFO     | __main__:log_requests:44 - GET /api/report/asset -> 200 (0.027s)
2026-07-12 22:25:43.232 | INFO     | __main__:log_requests:44 - GET /api/apply/16 -> 200 (0.005s)
2026-07-12 22:25:49.141 | INFO     | __main__:log_requests:44 - POST /api/auth/login -> 200 (0.240s)
2026-07-12 22:25:49.156 | INFO     | __main__:log_requests:44 - GET /api/user/profile -> 200 (0.005s)
2026-07-12 22:25:49.171 | INFO     | __main__:log_requests:44 - GET /api/user/perms -> 200 (0.004s)
2026-07-12 22:25:49.209 | INFO     | __main__:log_requests:44 - GET /api/asset/status/list -> 200 (0.003s)
2026-07-12 22:25:49.226 | INFO     | __main__:log_requests:44 - GET /api/dept/tree -> 200 (0.003s)
2026-07-12 22:25:49.252 | INFO     | __main__:log_requests:44 - GET /api/report/dashboard -> 200 (0.018s)
2026-07-12 22:25:49.252 | INFO     | __main__:log_requests:44 - GET /api/apply/pending -> 200 (0.016s)
2026-07-12 22:25:49.264 | INFO     | __main__:log_requests:44 - GET /api/report/asset -> 200 (0.028s)
2026-07-12 22:25:50.967 | INFO     | __main__:log_requests:44 - GET /api/asset/status/list -> 200 (0.009s)
2026-07-12 22:25:50.968 | INFO     | __main__:log_requests:44 - GET /api/asset/category/list -> 200 (0.011s)
2026-07-12 22:25:50.968 | INFO     | __main__:log_requests:44 - GET /api/dept/tree -> 200 (0.010s)
2026-07-12 22:25:51.000 | INFO     | __main__:log_requests:44 - GET /api/asset/list -> 200 (0.007s)
2026-07-12 22:25:54.036 | INFO     | __main__:log_requests:44 - GET /api/repair/list -> 200 (0.014s)
2026-07-12 22:25:54.036 | INFO     | __main__:log_requests:44 - GET /api/asset/list -> 200 (0.015s)
2026-07-12 22:25:54.036 | INFO     | __main__:log_requests:44 - GET /api/apply/my -> 200 (0.015s)
2026-07-12 22:25:55.967 | INFO     | __main__:log_requests:44 - GET /api/asset/status/list -> 200 (0.003s)
2026-07-12 22:25:55.975 | INFO     | __main__:log_requests:44 - GET /api/dept/tree -> 200 (0.004s)
2026-07-12 22:25:56.001 | INFO     | __main__:log_requests:44 - GET /api/apply/pending -> 200 (0.016s)
2026-07-12 22:25:56.001 | INFO     | __main__:log_requests:44 - GET /api/report/dashboard -> 200 (0.019s)
2026-07-12 22:25:56.001 | INFO     | __main__:log_requests:44 - GET /api/report/asset -> 200 (0.028s)
2026-07-12 22:25:57.771 | INFO     | __main__:log_requests:44 - GET /api/apply/16 -> 200 (0.005s)
2026-07-12 22:26:03.761 | INFO     | __main__:log_requests:44 - PUT /api/apply/approve -> 200 (0.076s)
2026-07-12 22:26:05.305 | INFO     | __main__:log_requests:44 - GET /api/apply/pending -> 200 (0.005s)
2026-07-12 22:26:05.310 | INFO     | __main__:log_requests:44 - GET /api/repair/list -> 200 (0.005s)
2026-07-12 22:26:07.373 | INFO     | __main__:log_requests:44 - GET /api/apply/approved -> 200 (0.010s)
2026-07-12 22:26:07.373 | INFO     | __main__:log_requests:44 - GET /api/repair/list -> 200 (0.009s)
2026-07-12 22:26:12.804 | INFO     | __main__:log_requests:44 - GET /api/asset/category/list -> 200 (0.007s)
2026-07-12 22:26:12.804 | INFO     | __main__:log_requests:44 - GET /api/asset/status/list -> 200 (0.007s)
2026-07-12 22:26:12.804 | INFO     | __main__:log_requests:44 - GET /api/dept/tree -> 200 (0.008s)
2026-07-12 22:26:12.825 | INFO     | __main__:log_requests:44 - GET /api/asset/list -> 200 (0.007s)
2026-07-12 22:26:15.786 | INFO     | __main__:log_requests:44 - GET /api/asset/list -> 200 (0.006s)
2026-07-12 22:26:15.797 | INFO     | __main__:log_requests:44 - GET /api/asset/list -> 200 (0.005s)
2026-07-12 22:26:23.622 | INFO     | __main__:log_requests:44 - POST /api/auth/login -> 200 (0.231s)
2026-07-12 22:26:23.629 | INFO     | __main__:log_requests:44 - GET /api/user/profile -> 200 (0.006s)
2026-07-12 22:26:23.636 | INFO     | __main__:log_requests:44 - GET /api/user/perms -> 200 (0.004s)
2026-07-12 22:26:23.674 | INFO     | __main__:log_requests:44 - GET /api/asset/status/list -> 200 (0.005s)
2026-07-12 22:26:23.692 | INFO     | __main__:log_requests:44 - GET /api/dept/tree -> 200 (0.003s)
2026-07-12 22:26:23.714 | INFO     | __main__:log_requests:44 - GET /api/asset/list -> 200 (0.010s)
2026-07-12 22:26:23.719 | INFO     | __main__:log_requests:44 - GET /api/apply/my -> 200 (0.010s)
2026-07-12 22:26:26.366 | INFO     | __main__:log_requests:44 - GET /api/apply/16 -> 200 (0.005s)
2026-07-12 22:26:29.212 | INFO     | __main__:log_requests:44 - GET /api/asset/list -> 200 (0.015s)
2026-07-12 22:26:29.212 | INFO     | __main__:log_requests:44 - GET /api/apply/my -> 200 (0.015s)
2026-07-12 22:26:29.212 | INFO     | __main__:log_requests:44 - GET /api/repair/list -> 200 (0.016s)
2026-07-12 22:26:36.081 | INFO     | __main__:log_requests:44 - GET /api/apply/16 -> 200 (0.005s)
2026-07-12 22:26:38.948 | INFO     | __main__:log_requests:44 - GET /api/dept/tree -> 200 (0.008s)
2026-07-12 22:26:38.948 | INFO     | __main__:log_requests:44 - GET /api/asset/status/list -> 200 (0.009s)
2026-07-12 22:26:38.948 | INFO     | __main__:log_requests:44 - GET /api/asset/category/list -> 200 (0.010s)
2026-07-12 22:26:38.975 | INFO     | __main__:log_requests:44 - GET /api/asset/list -> 200 (0.008s)
2026-07-12 22:26:42.713 | INFO     | __main__:log_requests:44 - GET /api/asset/list -> 200 (0.004s)
2026-07-12 22:26:44.255 | INFO     | __main__:log_requests:44 - GET /api/asset/3 -> 200 (0.005s)
2026-07-12 22:26:47.169 | INFO     | __main__:log_requests:44 - GET /api/asset/list -> 200 (0.005s)
2026-07-12 22:26:54.167 | INFO     | __main__:log_requests:44 - POST /api/auth/login -> 200 (0.233s)
2026-07-12 22:26:54.179 | INFO     | __main__:log_requests:44 - GET /api/user/profile -> 200 (0.006s)
2026-07-12 22:26:54.181 | INFO     | __main__:log_requests:44 - GET /api/user/perms -> 200 (0.003s)
2026-07-12 22:26:54.222 | INFO     | __main__:log_requests:44 - GET /api/asset/status/list -> 200 (0.004s)
2026-07-12 22:26:54.222 | INFO     | __main__:log_requests:44 - GET /api/dept/tree -> 200 (0.004s)
2026-07-12 22:26:54.238 | INFO     | __main__:log_requests:44 - GET /api/apply/pending -> 200 (0.006s)
2026-07-12 22:26:54.270 | INFO     | __main__:log_requests:44 - GET /api/report/asset -> 200 (0.027s)
2026-07-12 22:26:54.270 | INFO     | __main__:log_requests:44 - GET /api/report/dashboard -> 200 (0.029s)
2026-07-12 22:26:57.042 | INFO     | __main__:log_requests:44 - GET /api/repair/list -> 200 (0.008s)
2026-07-12 22:26:57.042 | INFO     | __main__:log_requests:44 - GET /api/apply/approved -> 200 (0.010s)
2026-07-12 22:26:59.300 | INFO     | __main__:log_requests:44 - GET /api/apply/16 -> 200 (0.006s)
2026-07-12 22:27:02.998 | INFO     | __main__:log_requests:44 - GET /api/dept/tree -> 200 (0.008s)
2026-07-12 22:27:02.998 | INFO     | __main__:log_requests:44 - GET /api/asset/status/list -> 200 (0.008s)
2026-07-12 22:27:02.998 | INFO     | __main__:log_requests:44 - GET /api/asset/category/list -> 200 (0.009s)
2026-07-12 22:27:03.026 | INFO     | __main__:log_requests:44 - GET /api/asset/list -> 200 (0.007s)
2026-07-12 22:27:05.804 | INFO     | __main__:log_requests:44 - GET /api/asset/list -> 200 (0.006s)
2026-07-12 22:27:05.812 | INFO     | __main__:log_requests:44 - GET /api/asset/list -> 200 (0.005s)
2026-07-12 22:27:07.815 | INFO     | __main__:log_requests:44 - GET /api/asset/3 -> 200 (0.006s)
2026-07-12 22:27:08.861 | INFO     | __main__:log_requests:44 - GET /api/asset/list -> 200 (0.005s)
2026-07-12 22:27:13.040 | INFO     | __main__:log_requests:44 - POST /api/apply/return -> 200 (0.063s)
2026-07-12 22:28:32.903 | INFO     | __main__:log_requests:44 - GET /api/asset/category/list -> 200 (0.010s)
2026-07-12 22:28:32.903 | INFO     | __main__:log_requests:44 - GET /api/asset/status/list -> 200 (0.010s)
2026-07-12 22:28:32.904 | INFO     | __main__:log_requests:44 - GET /api/dept/tree -> 200 (0.010s)
2026-07-12 22:28:32.936 | INFO     | __main__:log_requests:44 - GET /api/asset/list -> 200 (0.006s)
2026-07-12 22:28:35.053 | INFO     | __main__:log_requests:44 - GET /api/asset/list -> 200 (0.006s)
2026-07-12 22:28:35.059 | INFO     | __main__:log_requests:44 - GET /api/asset/list -> 200 (0.005s)
2026-07-12 22:28:36.348 | INFO     | __main__:log_requests:44 - GET /api/user/profile -> 200 (0.008s)
2026-07-12 22:28:36.357 | INFO     | __main__:log_requests:44 - GET /api/user/perms -> 200 (0.004s)
2026-07-12 22:28:36.533 | INFO     | __main__:log_requests:44 - GET /api/dept/tree -> 200 (0.008s)
2026-07-12 22:28:36.533 | INFO     | __main__:log_requests:44 - GET /api/asset/category/list -> 200 (0.010s)
2026-07-12 22:28:36.533 | INFO     | __main__:log_requests:44 - GET /api/asset/status/list -> 200 (0.010s)
2026-07-12 22:28:36.566 | INFO     | __main__:log_requests:44 - GET /api/asset/list -> 200 (0.006s)
2026-07-12 22:28:38.805 | INFO     | __main__:log_requests:44 - GET /api/asset/list -> 200 (0.006s)
2026-07-12 22:28:38.827 | INFO     | __main__:log_requests:44 - GET /api/asset/list -> 200 (0.006s)
2026-07-12 22:33:55.224 | INFO     | __main__:<module>:63 - Gateway starting on port 9900, PID=14128
2026-07-12 22:34:02.448 | INFO     | __main__:log_requests:44 - GET /api/user/profile -> 200 (0.161s)
2026-07-12 22:34:02.479 | INFO     | __main__:log_requests:44 - GET /api/user/perms -> 200 (0.027s)
2026-07-12 22:34:02.734 | INFO     | __main__:log_requests:44 - GET /api/asset/category/list -> 200 (0.048s)
2026-07-12 22:34:02.737 | INFO     | __main__:log_requests:44 - GET /api/asset/status/list -> 200 (0.049s)
2026-07-12 22:34:02.738 | INFO     | __main__:log_requests:44 - GET /api/dept/tree -> 200 (0.049s)
2026-07-12 22:34:02.775 | INFO     | __main__:log_requests:44 - GET /api/asset/list -> 200 (0.011s)
2026-07-12 22:34:04.981 | INFO     | __main__:log_requests:44 - GET /api/asset/list -> 200 (0.006s)
2026-07-12 22:34:04.994 | INFO     | __main__:log_requests:44 - GET /api/asset/list -> 200 (0.007s)
2026-07-12 22:34:07.717 | INFO     | __main__:log_requests:44 - GET /api/user/profile -> 200 (0.008s)
2026-07-12 22:34:07.728 | INFO     | __main__:log_requests:44 - GET /api/user/perms -> 200 (0.006s)
2026-07-12 22:34:07.951 | INFO     | __main__:log_requests:44 - GET /api/asset/3 -> 200 (0.026s)
2026-07-12 22:34:16.745 | INFO     | __main__:log_requests:44 - GET /api/asset/list -> 200 (0.005s)
2026-07-12 22:34:24.328 | INFO     | __main__:log_requests:44 - POST /api/apply/return -> 200 (0.107s)
2026-07-12 22:34:30.622 | INFO     | __main__:log_requests:44 - GET /api/asset/category/list -> 200 (0.007s)
2026-07-12 22:34:30.625 | INFO     | __main__:log_requests:44 - GET /api/asset/status/list -> 200 (0.009s)
2026-07-12 22:34:30.626 | INFO     | __main__:log_requests:44 - GET /api/dept/tree -> 200 (0.009s)
2026-07-12 22:34:30.657 | INFO     | __main__:log_requests:44 - GET /api/asset/list -> 200 (0.006s)
2026-07-12 22:34:34.675 | INFO     | __main__:log_requests:44 - GET /api/asset/list -> 200 (0.005s)
2026-07-12 22:34:34.684 | INFO     | __main__:log_requests:44 - GET /api/asset/list -> 200 (0.006s)
2026-07-12 22:37:16.672 | INFO     | __main__:log_requests:44 - GET /api/user/profile -> 200 (0.008s)
2026-07-12 22:37:16.694 | INFO     | __main__:log_requests:44 - GET /api/user/perms -> 200 (0.004s)
2026-07-12 22:37:16.873 | INFO     | __main__:log_requests:44 - GET /api/asset/category/list -> 200 (0.009s)
2026-07-12 22:37:16.874 | INFO     | __main__:log_requests:44 - GET /api/asset/status/list -> 200 (0.009s)
2026-07-12 22:37:16.875 | INFO     | __main__:log_requests:44 - GET /api/dept/tree -> 200 (0.010s)
2026-07-12 22:37:16.910 | INFO     | __main__:log_requests:44 - GET /api/asset/list -> 200 (0.006s)
2026-07-12 22:37:18.355 | INFO     | __main__:log_requests:44 - GET /api/asset/list -> 200 (0.006s)
2026-07-12 22:37:18.363 | INFO     | __main__:log_requests:44 - GET /api/asset/list -> 200 (0.005s)
2026-07-12 22:37:21.903 | INFO     | __main__:log_requests:44 - GET /api/asset/list -> 200 (0.009s)
2026-07-12 22:37:21.931 | INFO     | __main__:log_requests:44 - GET /api/apply/my -> 200 (0.036s)
2026-07-12 22:37:21.931 | INFO     | __main__:log_requests:44 - GET /api/repair/list -> 200 (0.037s)
2026-07-12 22:37:27.199 | INFO     | __main__:log_requests:44 - GET /api/role/list -> 200 (0.029s)
2026-07-12 22:37:27.199 | INFO     | __main__:log_requests:44 - GET /api/dept/tree -> 200 (0.028s)
2026-07-12 22:37:27.224 | INFO     | __main__:log_requests:44 - GET /api/user/list -> 200 (0.014s)
2026-07-12 22:37:31.549 | INFO     | __main__:log_requests:44 - GET /api/asset/status/list -> 200 (0.008s)
2026-07-12 22:37:31.550 | INFO     | __main__:log_requests:44 - GET /api/asset/category/list -> 200 (0.009s)
2026-07-12 22:37:31.550 | INFO     | __main__:log_requests:44 - GET /api/dept/tree -> 200 (0.008s)
2026-07-12 22:37:31.578 | INFO     | __main__:log_requests:44 - GET /api/asset/list -> 200 (0.008s)
2026-07-12 22:37:47.628 | INFO     | __main__:log_requests:44 - POST /api/auth/login -> 200 (0.236s)
2026-07-12 22:37:47.643 | INFO     | __main__:log_requests:44 - GET /api/user/profile -> 200 (0.006s)
2026-07-12 22:37:47.648 | INFO     | __main__:log_requests:44 - GET /api/user/perms -> 200 (0.004s)
2026-07-12 22:37:47.860 | INFO     | __main__:log_requests:44 - GET /api/asset/status/list -> 200 (0.003s)
2026-07-12 22:37:47.873 | INFO     | __main__:log_requests:44 - GET /api/dept/tree -> 200 (0.003s)
2026-07-12 22:37:47.891 | INFO     | __main__:log_requests:44 - GET /api/asset/list -> 200 (0.011s)
2026-07-12 22:37:47.891 | INFO     | __main__:log_requests:44 - GET /api/apply/my -> 200 (0.011s)
2026-07-12 22:37:50.870 | INFO     | __main__:log_requests:44 - GET /api/apply/16 -> 200 (0.006s)
2026-07-12 22:37:54.753 | INFO     | __main__:log_requests:44 - GET /api/apply/my -> 200 (0.015s)
2026-07-12 22:37:54.753 | INFO     | __main__:log_requests:44 - GET /api/asset/list -> 200 (0.016s)
2026-07-12 22:37:54.753 | INFO     | __main__:log_requests:44 - GET /api/repair/list -> 200 (0.016s)
2026-07-12 22:37:59.277 | INFO     | __main__:log_requests:44 - GET /api/apply/16 -> 200 (0.005s)
2026-07-12 22:38:00.779 | INFO     | __main__:log_requests:44 - GET /api/asset/category/list -> 200 (0.008s)
2026-07-12 22:38:00.779 | INFO     | __main__:log_requests:44 - GET /api/asset/status/list -> 200 (0.008s)
2026-07-12 22:38:00.779 | INFO     | __main__:log_requests:44 - GET /api/dept/tree -> 200 (0.008s)
2026-07-12 22:38:00.810 | INFO     | __main__:log_requests:44 - GET /api/asset/list -> 200 (0.008s)
2026-07-12 22:38:02.909 | INFO     | __main__:log_requests:44 - GET /api/asset/list -> 200 (0.006s)
2026-07-12 22:38:02.917 | INFO     | __main__:log_requests:44 - GET /api/asset/list -> 200 (0.005s)
2026-07-12 22:38:05.035 | INFO     | __main__:log_requests:44 - GET /api/asset/list -> 200 (0.005s)
2026-07-12 22:38:08.106 | INFO     | __main__:log_requests:44 - GET /api/asset/3 -> 200 (0.005s)
2026-07-12 22:38:12.927 | INFO     | __main__:log_requests:44 - GET /api/asset/list -> 200 (0.005s)
2026-07-12 22:38:16.581 | INFO     | __main__:log_requests:44 - POST /api/repair/submit -> 200 (0.131s)
2026-07-12 22:38:27.782 | INFO     | __main__:log_requests:44 - GET /api/asset/list -> 200 (0.014s)
2026-07-12 22:38:27.789 | INFO     | __main__:log_requests:44 - GET /api/apply/my -> 200 (0.020s)
2026-07-12 22:38:27.795 | INFO     | __main__:log_requests:44 - GET /api/repair/list -> 200 (0.022s)
2026-07-12 22:38:30.143 | INFO     | __main__:log_requests:44 - GET /api/repair/8 -> 200 (0.006s)
2026-07-12 22:39:45.605 | INFO     | __main__:log_requests:44 - GET /api/asset/category/list -> 200 (0.011s)
2026-07-12 22:39:45.606 | INFO     | __main__:log_requests:44 - GET /api/asset/status/list -> 200 (0.011s)
2026-07-12 22:39:45.607 | INFO     | __main__:log_requests:44 - GET /api/dept/tree -> 200 (0.011s)
2026-07-12 22:39:45.640 | INFO     | __main__:log_requests:44 - GET /api/asset/list -> 200 (0.005s)
2026-07-12 22:39:47.488 | INFO     | __main__:log_requests:44 - GET /api/asset/list -> 200 (0.006s)
2026-07-12 22:39:47.502 | INFO     | __main__:log_requests:44 - GET /api/asset/list -> 200 (0.006s)
2026-07-12 22:40:16.608 | INFO     | __main__:log_requests:44 - GET /api/asset/1 -> 200 (0.006s)
2026-07-12 22:40:24.172 | INFO     | __main__:log_requests:44 - GET /api/asset/category/list -> 200 (0.010s)
2026-07-12 22:40:24.172 | INFO     | __main__:log_requests:44 - GET /api/asset/status/list -> 200 (0.009s)
2026-07-12 22:40:24.173 | INFO     | __main__:log_requests:44 - GET /api/dept/tree -> 200 (0.010s)
2026-07-12 22:40:24.201 | INFO     | __main__:log_requests:44 - GET /api/asset/list -> 200 (0.006s)
2026-07-12 22:44:50.555 | INFO     | __main__:<module>:63 - Gateway starting on port 9900, PID=3424
2026-07-12 22:44:55.622 | INFO     | __main__:log_requests:44 - GET /api/user/profile -> 200 (0.155s)
2026-07-12 22:44:55.653 | INFO     | __main__:log_requests:44 - GET /api/user/perms -> 200 (0.025s)
2026-07-12 22:44:55.928 | INFO     | __main__:log_requests:44 - GET /api/asset/category/list -> 200 (0.053s)
2026-07-12 22:44:55.928 | INFO     | __main__:log_requests:44 - GET /api/asset/status/list -> 200 (0.052s)
2026-07-12 22:44:55.928 | INFO     | __main__:log_requests:44 - GET /api/dept/tree -> 200 (0.053s)
2026-07-12 22:44:55.970 | INFO     | __main__:log_requests:44 - GET /api/asset/list -> 200 (0.012s)
2026-07-12 22:44:57.681 | INFO     | __main__:log_requests:44 - GET /api/asset/list -> 200 (0.007s)
2026-07-12 22:44:57.693 | INFO     | __main__:log_requests:44 - GET /api/asset/list -> 200 (0.006s)
2026-07-12 22:44:58.880 | INFO     | __main__:log_requests:44 - GET /api/asset/3 -> 200 (0.026s)
2026-07-12 22:45:06.423 | INFO     | __main__:log_requests:44 - POST /api/auth/login -> 200 (0.235s)
2026-07-12 22:45:06.436 | INFO     | __main__:log_requests:44 - GET /api/user/profile -> 200 (0.006s)
2026-07-12 22:45:06.445 | INFO     | __main__:log_requests:44 - GET /api/user/perms -> 200 (0.004s)
2026-07-12 22:45:06.552 | INFO     | __main__:log_requests:44 - GET /api/asset/status/list -> 200 (0.004s)
2026-07-12 22:45:06.573 | INFO     | __main__:log_requests:44 - GET /api/dept/tree -> 200 (0.004s)
2026-07-12 22:45:06.743 | INFO     | __main__:log_requests:44 - GET /api/report/dashboard -> 200 (0.165s)
2026-07-12 22:45:06.743 | INFO     | __main__:log_requests:44 - GET /api/apply/pending -> 200 (0.162s)
2026-07-12 22:45:06.749 | INFO     | __main__:log_requests:44 - GET /api/report/asset -> 200 (0.165s)
2026-07-12 22:45:10.607 | INFO     | __main__:log_requests:44 - GET /api/asset/category/list -> 200 (0.004s)
2026-07-12 22:45:10.618 | INFO     | __main__:log_requests:44 - GET /api/dept/tree -> 200 (0.007s)
2026-07-12 22:45:10.624 | INFO     | __main__:log_requests:44 - GET /api/asset/status/list -> 200 (0.009s)
2026-07-12 22:45:10.653 | INFO     | __main__:log_requests:44 - GET /api/asset/list -> 200 (0.007s)
2026-07-12 22:45:13.425 | INFO     | __main__:log_requests:44 - GET /api/asset/list -> 200 (0.007s)
2026-07-12 22:45:13.439 | INFO     | __main__:log_requests:44 - GET /api/asset/list -> 200 (0.007s)
2026-07-12 22:45:14.819 | INFO     | __main__:log_requests:44 - GET /api/asset/3 -> 200 (0.006s)
2026-07-12 22:45:23.654 | INFO     | __main__:log_requests:44 - GET /api/asset/category/list -> 200 (0.010s)
2026-07-12 22:45:23.654 | INFO     | __main__:log_requests:44 - GET /api/asset/status/list -> 200 (0.010s)
2026-07-12 22:45:23.655 | INFO     | __main__:log_requests:44 - GET /api/dept/tree -> 200 (0.010s)
2026-07-12 22:45:23.681 | INFO     | __main__:log_requests:44 - GET /api/asset/list -> 200 (0.007s)
2026-07-12 22:45:26.733 | INFO     | __main__:log_requests:44 - GET /api/dept/tree -> 200 (0.024s)
2026-07-12 22:45:26.733 | INFO     | __main__:log_requests:44 - GET /api/user/list -> 200 (0.024s)
2026-07-12 22:45:26.769 | INFO     | __main__:log_requests:44 - GET /api/check/task/list -> 200 (0.026s)
2026-07-12 22:45:27.907 | INFO     | __main__:log_requests:44 - GET /api/role/list -> 200 (0.024s)
2026-07-12 22:45:27.907 | INFO     | __main__:log_requests:44 - GET /api/dept/tree -> 200 (0.024s)
2026-07-12 22:45:27.947 | INFO     | __main__:log_requests:44 - GET /api/user/list -> 200 (0.022s)
2026-07-12 22:46:04.808 | ERROR    | __main__:global_exception_handler:50 - Unhandled exception on POST /api/user
Traceback (most recent call last):

  File "D:\__lybix__\DEVTools\miniconda3\envs\fams\Lib\site-packages\sqlalchemy\engine\base.py", line 1817, in _execute_context
    context = constructor(
              └ <bound method DefaultExecutionContext._init_compiled of <class 'sqlalchemy.dialects.mysql.mysqldb.MySQLExecutionContext_mysql...
  File "D:\__lybix__\DEVTools\miniconda3\envs\fams\Lib\site-packages\sqlalchemy\engine\default.py", line 1416, in _init_compiled
    self.compiled_parameters = [
    └ <sqlalchemy.dialects.mysql.mysqldb.MySQLExecutionContext_mysqldb object at 0x000002090EF1B690>
  File "D:\__lybix__\DEVTools\miniconda3\envs\fams\Lib\site-packages\sqlalchemy\engine\default.py", line 1417, in <listcomp>
    compiled.construct_params(
    │        └ <function SQLCompiler.construct_params at 0x000002090D3AAD40>
    └ <sqlalchemy.dialects.mysql.mysqldb.MySQLCompiler_mysqldb object at 0x000002090EF19D10>
  File "D:\__lybix__\DEVTools\miniconda3\envs\fams\Lib\site-packages\sqlalchemy\sql\compiler.py", line 1927, in construct_params
    raise exc.InvalidRequestError(
          │   └ <class 'sqlalchemy.exc.InvalidRequestError'>
          └ <module 'sqlalchemy.exc' from 'D:\\__lybix__\\DEVTools\\miniconda3\\envs\\fams\\Lib\\site-packages\\sqlalchemy\\exc.py'>

sqlalchemy.exc.InvalidRequestError: A value is required for bind parameter 'repair_specialty' (Background on this error at: https://sqlalche.me/e/20/cd3x)


The above exception was the direct cause of the following exception:


Traceback (most recent call last):

  File "D:\__lybix__\_Codes\FAMS-NEPU\platform\server\services\svr_gateway\main.py", line 64, in <module>
    uvicorn.run(app, host="0.0.0.0", port=gateway_config.HTTP_PORT)
    │       │   │                         │              └ 9900
    │       │   │                         └ <services.svr_gateway.config.GatewayConfig object at 0x000002090CBF29D0>
    │       │   └ <fastapi.applications.FastAPI object at 0x000002090EB22E10>
    │       └ <function run at 0x000002090B95FD80>
    └ <module 'uvicorn' from 'D:\\__lybix__\\DEVTools\\miniconda3\\envs\\fams\\Lib\\site-packages\\uvicorn\\__init__.py'>

  File "D:\__lybix__\DEVTools\miniconda3\envs\fams\Lib\site-packages\uvicorn\main.py", line 621, in run
    server.run()
    │      └ <function Server.run at 0x000002090BAF0860>
    └ <uvicorn.server.Server object at 0x000002090E5BAB50>
  File "D:\__lybix__\DEVTools\miniconda3\envs\fams\Lib\site-packages\uvicorn\server.py", line 74, in run
    return asyncio_run(self.serve(sockets=sockets), loop_factory=self.config.get_loop_factory())
           │           │    │             │                      │    │      └ <function Config.get_loop_factory at 0x000002090B95D1C0>
           │           │    │             │                      │    └ <uvicorn.config.Config object at 0x000002090EB20F10>
           │           │    │             │                      └ <uvicorn.server.Server object at 0x000002090E5BAB50>
           │           │    │             └ None
           │           │    └ <function Server.serve at 0x000002090BAF0900>
           │           └ <uvicorn.server.Server object at 0x000002090E5BAB50>
           └ <function asyncio_run at 0x000002090B8D7740>
  File "D:\__lybix__\DEVTools\miniconda3\envs\fams\Lib\site-packages\uvicorn\_compat.py", line 30, in asyncio_run
    return runner.run(main)
           │      │   └ <coroutine object Server.serve at 0x000002090EB44400>
           │      └ <function Runner.run at 0x000002090B303560>
           └ <asyncio.runners.Runner object at 0x000002090EAF7F50>
  File "D:\__lybix__\DEVTools\miniconda3\envs\fams\Lib\asyncio\runners.py", line 118, in run
    return self._loop.run_until_complete(task)
           │    │     │                  └ <Task pending name='Task-1' coro=<Server.serve() running at D:\__lybix__\DEVTools\miniconda3\envs\fams\Lib\site-packages\uvic...
           │    │     └ <function BaseEventLoop.run_until_complete at 0x000002090B301120>
           │    └ <ProactorEventLoop running=True closed=False debug=False>
           └ <asyncio.runners.Runner object at 0x000002090EAF7F50>
  File "D:\__lybix__\DEVTools\miniconda3\envs\fams\Lib\asyncio\base_events.py", line 637, in run_until_complete
    self.run_forever()
    │    └ <function ProactorEventLoop.run_forever at 0x000002090B3D8860>
    └ <ProactorEventLoop running=True closed=False debug=False>
  File "D:\__lybix__\DEVTools\miniconda3\envs\fams\Lib\asyncio\windows_events.py", line 321, in run_forever
    super().run_forever()
  File "D:\__lybix__\DEVTools\miniconda3\envs\fams\Lib\asyncio\base_events.py", line 604, in run_forever
    self._run_once()
    │    └ <function BaseEventLoop._run_once at 0x000002090B302E80>
    └ <ProactorEventLoop running=True closed=False debug=False>
  File "D:\__lybix__\DEVTools\miniconda3\envs\fams\Lib\asyncio\base_events.py", line 1909, in _run_once
    handle._run()
    │      └ <function Handle._run at 0x000002090B2453A0>
    └ <Handle Task.task_wakeup(<Future finished result=None>)>
  File "D:\__lybix__\DEVTools\miniconda3\envs\fams\Lib\asyncio\events.py", line 80, in _run
    self._context.run(self._callback, *self._args)
    │    │            │    │           │    └ <member '_args' of 'Handle' objects>
    │    │            │    │           └ <Handle Task.task_wakeup(<Future finished result=None>)>
    │    │            │    └ <member '_callback' of 'Handle' objects>
    │    │            └ <Handle Task.task_wakeup(<Future finished result=None>)>
    │    └ <member '_context' of 'Handle' objects>
    └ <Handle Task.task_wakeup(<Future finished result=None>)>
  File "D:\__lybix__\DEVTools\miniconda3\envs\fams\Lib\site-packages\uvicorn\protocols\http\httptools_impl.py", line 422, in run_asgi
    result = await app(  # type: ignore[func-returns-value]
                   └ <uvicorn.middleware.proxy_headers.ProxyHeadersMiddleware object at 0x000002090EA0CC90>
  File "D:\__lybix__\DEVTools\miniconda3\envs\fams\Lib\site-packages\uvicorn\middleware\proxy_headers.py", line 63, in __call__
    return await self.app(scope, receive, send)
                 │    │   │      │        └ <bound method RequestResponseCycle.send of <uvicorn.protocols.http.httptools_impl.RequestResponseCycle object at 0x000002090E...
                 │    │   │      └ <bound method RequestResponseCycle.receive of <uvicorn.protocols.http.httptools_impl.RequestResponseCycle object at 0x0000020...
                 │    │   └ {'type': 'http', 'asgi': {'version': '3.0', 'spec_version': '2.3'}, 'http_version': '1.1', 'server': ('127.0.0.1', 9900), 'cl...
                 │    └ <fastapi.applications.FastAPI object at 0x000002090EB22E10>
                 └ <uvicorn.middleware.proxy_headers.ProxyHeadersMiddleware object at 0x000002090EA0CC90>
  File "D:\__lybix__\DEVTools\miniconda3\envs\fams\Lib\site-packages\fastapi\applications.py", line 1163, in __call__
    await super().__call__(scope, receive, send)
                           │      │        └ <bound method RequestResponseCycle.send of <uvicorn.protocols.http.httptools_impl.RequestResponseCycle object at 0x000002090E...
                           │      └ <bound method RequestResponseCycle.receive of <uvicorn.protocols.http.httptools_impl.RequestResponseCycle object at 0x0000020...
                           └ {'type': 'http', 'asgi': {'version': '3.0', 'spec_version': '2.3'}, 'http_version': '1.1', 'server': ('127.0.0.1', 9900), 'cl...
  File "D:\__lybix__\DEVTools\miniconda3\envs\fams\Lib\site-packages\starlette\applications.py", line 90, in __call__
    await self.middleware_stack(scope, receive, send)
          │    │                │      │        └ <bound method RequestResponseCycle.send of <uvicorn.protocols.http.httptools_impl.RequestResponseCycle object at 0x000002090E...
          │    │                │      └ <bound method RequestResponseCycle.receive of <uvicorn.protocols.http.httptools_impl.RequestResponseCycle object at 0x0000020...
          │    │                └ {'type': 'http', 'asgi': {'version': '3.0', 'spec_version': '2.3'}, 'http_version': '1.1', 'server': ('127.0.0.1', 9900), 'cl...
          │    └ <starlette.middleware.errors.ServerErrorMiddleware object at 0x000002090EB2C310>
          └ <fastapi.applications.FastAPI object at 0x000002090EB22E10>
> File "D:\__lybix__\DEVTools\miniconda3\envs\fams\Lib\site-packages\starlette\middleware\errors.py", line 164, in __call__
    await self.app(scope, receive, _send)
          │    │   │      │        └ <function ServerErrorMiddleware.__call__.<locals>._send at 0x000002090ED25580>
          │    │   │      └ <bound method RequestResponseCycle.receive of <uvicorn.protocols.http.httptools_impl.RequestResponseCycle object at 0x0000020...
          │    │   └ {'type': 'http', 'asgi': {'version': '3.0', 'spec_version': '2.3'}, 'http_version': '1.1', 'server': ('127.0.0.1', 9900), 'cl...
          │    └ <starlette.middleware.base.BaseHTTPMiddleware object at 0x00000209092C3710>
          └ <starlette.middleware.errors.ServerErrorMiddleware object at 0x000002090EB2C310>
  File "D:\__lybix__\DEVTools\miniconda3\envs\fams\Lib\contextlib.py", line 222, in __aexit__
    await self.gen.athrow(typ, value, traceback)
          │    │   │      │    │      └ <traceback object at 0x000002090EF04080>
          │    │   │      │    └ StatementError("(sqlalchemy.exc.InvalidRequestError) A value is required for bind parameter 'repair_specialty'")
          │    │   │      └ <class 'sqlalchemy.exc.StatementError'>
          │    │   └ <method 'athrow' of 'async_generator' objects>
          │    └ <async_generator object create_collapsing_task_group at 0x000002090EB62C40>
          └ <contextlib._AsyncGeneratorContextManager object at 0x000002090EEF8DD0>
  File "D:\__lybix__\DEVTools\miniconda3\envs\fams\Lib\site-packages\starlette\_utils.py", line 93, in create_collapsing_task_group
    raise exc from exc.__cause__ or context
          │        │   │            └ None
          │        │   └ <attribute '__cause__' of 'BaseException' objects>
          │        └ StatementError("(sqlalchemy.exc.InvalidRequestError) A value is required for bind parameter 'repair_specialty'")
          └ StatementError("(sqlalchemy.exc.InvalidRequestError) A value is required for bind parameter 'repair_specialty'")
  File "D:\__lybix__\DEVTools\miniconda3\envs\fams\Lib\site-packages\starlette\_utils.py", line 86, in create_collapsing_task_group
    yield tg
          └ <anyio._backends._asyncio.TaskGroup object at 0x000002090EF18790>
  File "D:\__lybix__\DEVTools\miniconda3\envs\fams\Lib\site-packages\starlette\middleware\base.py", line 193, in __call__
    response = await self.dispatch_func(request, call_next)
                     │    │             │        └ <function BaseHTTPMiddleware.__call__.<locals>.call_next at 0x000002090ED25120>
                     │    │             └ <starlette.middleware.base._CachedRequest object at 0x000002090EEF8390>
                     │    └ <function log_requests at 0x000002090EB1EDE0>
                     └ <starlette.middleware.base.BaseHTTPMiddleware object at 0x00000209092C3710>

  File "D:\__lybix__\_Codes\FAMS-NEPU\platform\server\services\svr_gateway\main.py", line 42, in log_requests
    response = await call_next(request)
                     │         └ <starlette.middleware.base._CachedRequest object at 0x000002090EEF8390>
                     └ <function BaseHTTPMiddleware.__call__.<locals>.call_next at 0x000002090ED25120>

  File "D:\__lybix__\DEVTools\miniconda3\envs\fams\Lib\site-packages\starlette\middleware\base.py", line 168, in call_next
    raise app_exc from app_exc.__cause__ or app_exc.__context__
          │            │       │            │       └ <attribute '__context__' of 'BaseException' objects>
          │            │       │            └ StatementError("(sqlalchemy.exc.InvalidRequestError) A value is required for bind parameter 'repair_specialty'")
          │            │       └ <attribute '__cause__' of 'BaseException' objects>
          │            └ StatementError("(sqlalchemy.exc.InvalidRequestError) A value is required for bind parameter 'repair_specialty'")
          └ StatementError("(sqlalchemy.exc.InvalidRequestError) A value is required for bind parameter 'repair_specialty'")
  File "D:\__lybix__\DEVTools\miniconda3\envs\fams\Lib\site-packages\starlette\middleware\base.py", line 144, in coro
    await self.app(scope, receive_or_disconnect, send_no_error)
          │    │   │      │                      └ <function BaseHTTPMiddleware.__call__.<locals>.call_next.<locals>.send_no_error at 0x000002090EBD0B80>
          │    │   │      └ <function BaseHTTPMiddleware.__call__.<locals>.call_next.<locals>.receive_or_disconnect at 0x000002090EBD0680>
          │    │   └ {'type': 'http', 'asgi': {'version': '3.0', 'spec_version': '2.3'}, 'http_version': '1.1', 'server': ('127.0.0.1', 9900), 'cl...
          │    └ <starlette.middleware.cors.CORSMiddleware object at 0x000002090E5BB650>
          └ <starlette.middleware.base.BaseHTTPMiddleware object at 0x00000209092C3710>
  File "D:\__lybix__\DEVTools\miniconda3\envs\fams\Lib\site-packages\starlette\middleware\cors.py", line 96, in __call__
    await self.simple_response(scope, receive, send, request_headers=headers)
          │    │               │      │        │                     └ Headers({'host': '127.0.0.1:9900', 'connection': 'close', 'content-length': '155', 'sec-ch-ua-platform': '"Windows"', 'author...
          │    │               │      │        └ <function BaseHTTPMiddleware.__call__.<locals>.call_next.<locals>.send_no_error at 0x000002090EBD0B80>
          │    │               │      └ <function BaseHTTPMiddleware.__call__.<locals>.call_next.<locals>.receive_or_disconnect at 0x000002090EBD0680>
          │    │               └ {'type': 'http', 'asgi': {'version': '3.0', 'spec_version': '2.3'}, 'http_version': '1.1', 'server': ('127.0.0.1', 9900), 'cl...
          │    └ <function CORSMiddleware.simple_response at 0x000002090CBDD080>
          └ <starlette.middleware.cors.CORSMiddleware object at 0x000002090E5BB650>
  File "D:\__lybix__\DEVTools\miniconda3\envs\fams\Lib\site-packages\starlette\middleware\cors.py", line 154, in simple_response
    await self.app(scope, receive, send)
          │    │   │      │        └ functools.partial(<bound method CORSMiddleware.send of <starlette.middleware.cors.CORSMiddleware object at 0x000002090E5BB650...
          │    │   │      └ <function BaseHTTPMiddleware.__call__.<locals>.call_next.<locals>.receive_or_disconnect at 0x000002090EBD0680>
          │    │   └ {'type': 'http', 'asgi': {'version': '3.0', 'spec_version': '2.3'}, 'http_version': '1.1', 'server': ('127.0.0.1', 9900), 'cl...
          │    └ <starlette.middleware.exceptions.ExceptionMiddleware object at 0x000002090E5BA950>
          └ <starlette.middleware.cors.CORSMiddleware object at 0x000002090E5BB650>
  File "D:\__lybix__\DEVTools\miniconda3\envs\fams\Lib\site-packages\starlette\middleware\exceptions.py", line 63, in __call__
    await wrap_app_handling_exceptions(self.app, conn)(scope, receive, send)
          │                            │    │    │     │      │        └ functools.partial(<bound method CORSMiddleware.send of <starlette.middleware.cors.CORSMiddleware object at 0x000002090E5BB650...
          │                            │    │    │     │      └ <function BaseHTTPMiddleware.__call__.<locals>.call_next.<locals>.receive_or_disconnect at 0x000002090EBD0680>
          │                            │    │    │     └ {'type': 'http', 'asgi': {'version': '3.0', 'spec_version': '2.3'}, 'http_version': '1.1', 'server': ('127.0.0.1', 9900), 'cl...
          │                            │    │    └ <starlette.requests.Request object at 0x000002090EF1A7D0>
          │                            │    └ <fastapi.middleware.asyncexitstack.AsyncExitStackMiddleware object at 0x000002090E5BBF50>
          │                            └ <starlette.middleware.exceptions.ExceptionMiddleware object at 0x000002090E5BA950>
          └ <function wrap_app_handling_exceptions at 0x000002090CADF100>
  File "D:\__lybix__\DEVTools\miniconda3\envs\fams\Lib\site-packages\starlette\_exception_handler.py", line 53, in wrapped_app
    raise exc
  File "D:\__lybix__\DEVTools\miniconda3\envs\fams\Lib\site-packages\starlette\_exception_handler.py", line 42, in wrapped_app
    await app(scope, receive, sender)
          │   │      │        └ <function wrap_app_handling_exceptions.<locals>.wrapped_app.<locals>.sender at 0x000002090EE7BBA0>
          │   │      └ <function BaseHTTPMiddleware.__call__.<locals>.call_next.<locals>.receive_or_disconnect at 0x000002090EBD0680>
          │   └ {'type': 'http', 'asgi': {'version': '3.0', 'spec_version': '2.3'}, 'http_version': '1.1', 'server': ('127.0.0.1', 9900), 'cl...
          └ <fastapi.middleware.asyncexitstack.AsyncExitStackMiddleware object at 0x000002090E5BBF50>
  File "D:\__lybix__\DEVTools\miniconda3\envs\fams\Lib\site-packages\fastapi\middleware\asyncexitstack.py", line 18, in __call__
    await self.app(scope, receive, send)
          │    │   │      │        └ <function wrap_app_handling_exceptions.<locals>.wrapped_app.<locals>.sender at 0x000002090EE7BBA0>
          │    │   │      └ <function BaseHTTPMiddleware.__call__.<locals>.call_next.<locals>.receive_or_disconnect at 0x000002090EBD0680>
          │    │   └ {'type': 'http', 'asgi': {'version': '3.0', 'spec_version': '2.3'}, 'http_version': '1.1', 'server': ('127.0.0.1', 9900), 'cl...
          │    └ <fastapi.routing.APIRouter object at 0x000002090EB22E90>
          └ <fastapi.middleware.asyncexitstack.AsyncExitStackMiddleware object at 0x000002090E5BBF50>
  File "D:\__lybix__\DEVTools\miniconda3\envs\fams\Lib\site-packages\starlette\routing.py", line 660, in __call__
    await self.middleware_stack(scope, receive, send)
          │    │                │      │        └ <function wrap_app_handling_exceptions.<locals>.wrapped_app.<locals>.sender at 0x000002090EE7BBA0>
          │    │                │      └ <function BaseHTTPMiddleware.__call__.<locals>.call_next.<locals>.receive_or_disconnect at 0x000002090EBD0680>
          │    │                └ {'type': 'http', 'asgi': {'version': '3.0', 'spec_version': '2.3'}, 'http_version': '1.1', 'server': ('127.0.0.1', 9900), 'cl...
          │    └ <bound method APIRouter.app of <fastapi.routing.APIRouter object at 0x000002090EB22E90>>
          └ <fastapi.routing.APIRouter object at 0x000002090EB22E90>
  File "D:\__lybix__\DEVTools\miniconda3\envs\fams\Lib\site-packages\fastapi\routing.py", line 2683, in app
    await route.handle(scope, receive, send)
          │     │      │      │        └ <function wrap_app_handling_exceptions.<locals>.wrapped_app.<locals>.sender at 0x000002090EE7BBA0>
          │     │      │      └ <function BaseHTTPMiddleware.__call__.<locals>.call_next.<locals>.receive_or_disconnect at 0x000002090EBD0680>
          │     │      └ {'type': 'http', 'asgi': {'version': '3.0', 'spec_version': '2.3'}, 'http_version': '1.1', 'server': ('127.0.0.1', 9900), 'cl...
          │     └ <function _IncludedRouter.handle at 0x000002090CB21BC0>
          └ _IncludedRouter(original_router=<fastapi.routing.APIRouter object at 0x000002090CBDA710>, include_context=_RouterIncludeConte...
  File "D:\__lybix__\DEVTools\miniconda3\envs\fams\Lib\site-packages\fastapi\routing.py", line 1753, in handle
    await self.original_router.handle(scope, receive, send)
          │    │               │      │      │        └ <function wrap_app_handling_exceptions.<locals>.wrapped_app.<locals>.sender at 0x000002090EE7BBA0>
          │    │               │      │      └ <function BaseHTTPMiddleware.__call__.<locals>.call_next.<locals>.receive_or_disconnect at 0x000002090EBD0680>
          │    │               │      └ {'type': 'http', 'asgi': {'version': '3.0', 'spec_version': '2.3'}, 'http_version': '1.1', 'server': ('127.0.0.1', 9900), 'cl...
          │    │               └ <function APIRouter.handle at 0x000002090CB23BA0>
          │    └ <fastapi.routing.APIRouter object at 0x000002090CBDA710>
          └ _IncludedRouter(original_router=<fastapi.routing.APIRouter object at 0x000002090CBDA710>, include_context=_RouterIncludeConte...
  File "D:\__lybix__\DEVTools\miniconda3\envs\fams\Lib\site-packages\fastapi\routing.py", line 2738, in handle
    await included_router._handle_selected(scope, receive, send)
          │               │                │      │        └ <function wrap_app_handling_exceptions.<locals>.wrapped_app.<locals>.sender at 0x000002090EE7BBA0>
          │               │                │      └ <function BaseHTTPMiddleware.__call__.<locals>.call_next.<locals>.receive_or_disconnect at 0x000002090EBD0680>
          │               │                └ {'type': 'http', 'asgi': {'version': '3.0', 'spec_version': '2.3'}, 'http_version': '1.1', 'server': ('127.0.0.1', 9900), 'cl...
          │               └ <function _IncludedRouter._handle_selected at 0x000002090CB21C60>
          └ _IncludedRouter(original_router=<fastapi.routing.APIRouter object at 0x000002090CBDA710>, include_context=_RouterIncludeConte...
  File "D:\__lybix__\DEVTools\miniconda3\envs\fams\Lib\site-packages\fastapi\routing.py", line 1773, in _handle_selected
    await original_route.handle(scope, receive, send)
          │              │      │      │        └ <function wrap_app_handling_exceptions.<locals>.wrapped_app.<locals>.sender at 0x000002090EE7BBA0>
          │              │      │      └ <function BaseHTTPMiddleware.__call__.<locals>.call_next.<locals>.receive_or_disconnect at 0x000002090EBD0680>
          │              │      └ {'type': 'http', 'asgi': {'version': '3.0', 'spec_version': '2.3'}, 'http_version': '1.1', 'server': ('127.0.0.1', 9900), 'cl...
          │              └ <function APIRoute.handle at 0x000002090CB0FCE0>
          └ APIRoute(path='/api/user', name='create_user', methods=['POST'])
  File "D:\__lybix__\DEVTools\miniconda3\envs\fams\Lib\site-packages\fastapi\routing.py", line 1264, in handle
    await app(scope, receive, send)
          │   │      │        └ <function wrap_app_handling_exceptions.<locals>.wrapped_app.<locals>.sender at 0x000002090EE7BBA0>
          │   │      └ <function BaseHTTPMiddleware.__call__.<locals>.call_next.<locals>.receive_or_disconnect at 0x000002090EBD0680>
          │   └ {'type': 'http', 'asgi': {'version': '3.0', 'spec_version': '2.3'}, 'http_version': '1.1', 'server': ('127.0.0.1', 9900), 'cl...
          └ <function request_response.<locals>.app at 0x000002090EE78900>
  File "D:\__lybix__\DEVTools\miniconda3\envs\fams\Lib\site-packages\fastapi\routing.py", line 150, in app
    await wrap_app_handling_exceptions(app, request)(scope, receive, send)
          │                            │    │        │      │        └ <function wrap_app_handling_exceptions.<locals>.wrapped_app.<locals>.sender at 0x000002090EE7BBA0>
          │                            │    │        │      └ <function BaseHTTPMiddleware.__call__.<locals>.call_next.<locals>.receive_or_disconnect at 0x000002090EBD0680>
          │                            │    │        └ {'type': 'http', 'asgi': {'version': '3.0', 'spec_version': '2.3'}, 'http_version': '1.1', 'server': ('127.0.0.1', 9900), 'cl...
          │                            │    └ <starlette.requests.Request object at 0x000002090EF18090>
          │                            └ <function request_response.<locals>.app.<locals>.app at 0x000002090EEA7BA0>
          └ <function wrap_app_handling_exceptions at 0x000002090CADF100>
  File "D:\__lybix__\DEVTools\miniconda3\envs\fams\Lib\site-packages\starlette\_exception_handler.py", line 53, in wrapped_app
    raise exc
  File "D:\__lybix__\DEVTools\miniconda3\envs\fams\Lib\site-packages\starlette\_exception_handler.py", line 42, in wrapped_app
    await app(scope, receive, sender)
          │   │      │        └ <function wrap_app_handling_exceptions.<locals>.wrapped_app.<locals>.sender at 0x000002090EEA7C40>
          │   │      └ <function BaseHTTPMiddleware.__call__.<locals>.call_next.<locals>.receive_or_disconnect at 0x000002090EBD0680>
          │   └ {'type': 'http', 'asgi': {'version': '3.0', 'spec_version': '2.3'}, 'http_version': '1.1', 'server': ('127.0.0.1', 9900), 'cl...
          └ <function request_response.<locals>.app.<locals>.app at 0x000002090EEA7BA0>
  File "D:\__lybix__\DEVTools\miniconda3\envs\fams\Lib\site-packages\fastapi\routing.py", line 136, in app
    response = await f(request)
                     │ └ <starlette.requests.Request object at 0x000002090EF18090>
                     └ <function get_request_handler.<locals>.app at 0x000002090EE78F40>
  File "D:\__lybix__\DEVTools\miniconda3\envs\fams\Lib\site-packages\fastapi\routing.py", line 690, in app
    raw_response = await run_endpoint_function(
                         └ <function run_endpoint_function at 0x000002090CB0EF20>
  File "D:\__lybix__\DEVTools\miniconda3\envs\fams\Lib\site-packages\fastapi\routing.py", line 344, in run_endpoint_function
    return await dependant.call(**values)
                 │         │      └ {'current_user': {'user_id': 1, 'username': 'admin', 'dept_id': 1, 'role_keys': ['admin'], 'exp': 1783953906, 'iat': 17838675...
                 │         └ <function create_user at 0x000002090E9FEF20>
                 └ Dependant(path_params=[], query_params=[], header_params=[], cookie_params=[], body_params=[ModelField(field_info=Body(Pydant...

  File "D:\__lybix__\_Codes\FAMS-NEPU\platform\server\services\svr_gateway\routes.py", line 213, in create_user
    logic.create_user(data)
    │     │           └ {'user_id': 0, 'username': '测试新增用户', 'nickname': 'test_insert_user', 'password': '$2b$12$fZkOn0U12BKXjfQy8Ocsw.ko18S3CGOHHWnZ...
    │     └ <function UserLogic.create_user at 0x000002090D502E80>
    └ <data.logic.user_logic.UserLogic object at 0x000002090E5C7550>

  File "D:\__lybix__\_Codes\FAMS-NEPU\platform\server\data\logic\user_logic.py", line 95, in create_user
    user_id = self.user_dao.insert_user(data)
              │    │        │           └ {'user_id': 0, 'username': '测试新增用户', 'nickname': 'test_insert_user', 'password': '$2b$12$fZkOn0U12BKXjfQy8Ocsw.ko18S3CGOHHWnZ...
              │    │        └ <function UserDAO.insert_user at 0x000002090D501F80>
              │    └ <data.basic.user_dao.UserDAO object at 0x000002090EB20D90>
              └ <data.logic.user_logic.UserLogic object at 0x000002090E5C7550>

  File "D:\__lybix__\_Codes\FAMS-NEPU\platform\server\data\basic\user_dao.py", line 61, in insert_user
    return self._execute_insert(sql, user)
           │    │               │    └ {'user_id': 0, 'username': '测试新增用户', 'nickname': 'test_insert_user', 'password': '$2b$12$fZkOn0U12BKXjfQy8Ocsw.ko18S3CGOHHWnZ...
           │    │               └ 'INSERT INTO sys_user (username, password, nickname, dept_id, phone, email,\n                                       repair_sp...
           │    └ <function BaseDAO._execute_insert at 0x000002090D4B5120>
           └ <data.basic.user_dao.UserDAO object at 0x000002090EB20D90>

  File "D:\__lybix__\_Codes\FAMS-NEPU\platform\server\data\basic\base_dao.py", line 65, in _execute_insert
    result = conn.execute(text(sql), params or {})
             │    │       │    │     └ {'user_id': 0, 'username': '测试新增用户', 'nickname': 'test_insert_user', 'password': '$2b$12$fZkOn0U12BKXjfQy8Ocsw.ko18S3CGOHHWnZ...
             │    │       │    └ 'INSERT INTO sys_user (username, password, nickname, dept_id, phone, email,\n                                       repair_sp...
             │    │       └ <function text at 0x000002090D3C4540>
             │    └ <function Connection.execute at 0x000002090D427240>
             └ <sqlalchemy.engine.base.Connection object at 0x000002090EB22290>

  File "D:\__lybix__\DEVTools\miniconda3\envs\fams\Lib\site-packages\sqlalchemy\engine\base.py", line 1421, in execute
    return meth(
           └ <bound method ClauseElement._execute_on_connection of <sqlalchemy.sql.elements.TextClause object at 0x000002090EECF0D0>>
  File "D:\__lybix__\DEVTools\miniconda3\envs\fams\Lib\site-packages\sqlalchemy\sql\elements.py", line 526, in _execute_on_connection
    return connection._execute_clauseelement(
           │          └ <function Connection._execute_clauseelement at 0x000002090D427560>
           └ <sqlalchemy.engine.base.Connection object at 0x000002090EB22290>
  File "D:\__lybix__\DEVTools\miniconda3\envs\fams\Lib\site-packages\sqlalchemy\engine\base.py", line 1643, in _execute_clauseelement
    ret = self._execute_context(
          │    └ <function Connection._execute_context at 0x000002090D427740>
          └ <sqlalchemy.engine.base.Connection object at 0x000002090EB22290>
  File "D:\__lybix__\DEVTools\miniconda3\envs\fams\Lib\site-packages\sqlalchemy\engine\base.py", line 1823, in _execute_context
    self._handle_dbapi_exception(
    │    └ <function Connection._handle_dbapi_exception at 0x000002090D427A60>
    └ <sqlalchemy.engine.base.Connection object at 0x000002090EB22290>
  File "D:\__lybix__\DEVTools\miniconda3\envs\fams\Lib\site-packages\sqlalchemy\engine\base.py", line 2365, in _handle_dbapi_exception
    raise sqlalchemy_exception.with_traceback(exc_info[2]) from e
          │                    │              │                 └ InvalidRequestError("A value is required for bind parameter 'repair_specialty'")
          │                    │              └ (<class 'sqlalchemy.exc.InvalidRequestError'>, InvalidRequestError("A value is required for bind parameter 'repair_specialty'...
          │                    └ <method 'with_traceback' of 'BaseException' objects>
          └ StatementError("(sqlalchemy.exc.InvalidRequestError) A value is required for bind parameter 'repair_specialty'")
  File "D:\__lybix__\DEVTools\miniconda3\envs\fams\Lib\site-packages\sqlalchemy\engine\base.py", line 1817, in _execute_context
    context = constructor(
              └ <bound method DefaultExecutionContext._init_compiled of <class 'sqlalchemy.dialects.mysql.mysqldb.MySQLExecutionContext_mysql...
  File "D:\__lybix__\DEVTools\miniconda3\envs\fams\Lib\site-packages\sqlalchemy\engine\default.py", line 1416, in _init_compiled
    self.compiled_parameters = [
    └ <sqlalchemy.dialects.mysql.mysqldb.MySQLExecutionContext_mysqldb object at 0x000002090EF1B690>
  File "D:\__lybix__\DEVTools\miniconda3\envs\fams\Lib\site-packages\sqlalchemy\engine\default.py", line 1417, in <listcomp>
    compiled.construct_params(
    │        └ <function SQLCompiler.construct_params at 0x000002090D3AAD40>
    └ <sqlalchemy.dialects.mysql.mysqldb.MySQLCompiler_mysqldb object at 0x000002090EF19D10>
  File "D:\__lybix__\DEVTools\miniconda3\envs\fams\Lib\site-packages\sqlalchemy\sql\compiler.py", line 1927, in construct_params
    raise exc.InvalidRequestError(
          │   └ <class 'sqlalchemy.exc.InvalidRequestError'>
          └ <module 'sqlalchemy.exc' from 'D:\\__lybix__\\DEVTools\\miniconda3\\envs\\fams\\Lib\\site-packages\\sqlalchemy\\exc.py'>

sqlalchemy.exc.StatementError: (sqlalchemy.exc.InvalidRequestError) A value is required for bind parameter 'repair_specialty'
[SQL: INSERT INTO sys_user (username, password, nickname, dept_id, phone, email,
                                       repair_specialty, status)
                 VALUES (%(username)s, %(password)s, %(nickname)s, %(dept_id)s, %(phone)s, %(email)s,
                         %(repair_specialty)s, %(status)s)]
[parameters: [{'user_id': 0, 'username': '测试新增用户', 'nickname': 'test_insert_user', 'password': '$2b$12$fZkOn0U12BKXjfQy8Ocsw.ko18S3CGOHHWnZMNTZQzCVArMmbqTDC', 'dept_id': 2, 'role_ids': [3], 'phone': '', 'email': '', 'status': 1}]]
(Background on this error at: https://sqlalche.me/e/20/cd3x)
2026-07-12 22:51:27.504 | INFO     | __main__:<module>:63 - Gateway starting on port 9900, PID=11720
2026-07-12 22:51:30.798 | INFO     | __main__:log_requests:44 - GET /api/user/profile -> 200 (0.135s)
2026-07-12 22:51:30.827 | INFO     | __main__:log_requests:44 - GET /api/user/perms -> 200 (0.024s)
2026-07-12 22:51:30.971 | INFO     | __main__:log_requests:44 - GET /api/role/list -> 200 (0.025s)
2026-07-12 22:51:30.971 | INFO     | __main__:log_requests:44 - GET /api/dept/tree -> 200 (0.025s)
2026-07-12 22:51:31.019 | INFO     | __main__:log_requests:44 - GET /api/user/list -> 200 (0.028s)
2026-07-12 22:52:06.465 | INFO     | __main__:log_requests:44 - POST /api/user -> 200 (0.252s)
2026-07-12 22:52:06.507 | INFO     | __main__:log_requests:44 - GET /api/user/list -> 200 (0.022s)
2026-07-12 22:53:02.436 | ERROR    | __main__:global_exception_handler:50 - Unhandled exception on PUT /api/user
Traceback (most recent call last):

  File "D:\__lybix__\DEVTools\miniconda3\envs\fams\Lib\site-packages\sqlalchemy\engine\base.py", line 1817, in _execute_context
    context = constructor(
              └ <bound method DefaultExecutionContext._init_compiled of <class 'sqlalchemy.dialects.mysql.mysqldb.MySQLExecutionContext_mysql...
  File "D:\__lybix__\DEVTools\miniconda3\envs\fams\Lib\site-packages\sqlalchemy\engine\default.py", line 1416, in _init_compiled
    self.compiled_parameters = [
    └ <sqlalchemy.dialects.mysql.mysqldb.MySQLExecutionContext_mysqldb object at 0x00000249EC2A3BD0>
  File "D:\__lybix__\DEVTools\miniconda3\envs\fams\Lib\site-packages\sqlalchemy\engine\default.py", line 1417, in <listcomp>
    compiled.construct_params(
    │        └ <function SQLCompiler.construct_params at 0x00000249EA79A980>
    └ <sqlalchemy.dialects.mysql.mysqldb.MySQLCompiler_mysqldb object at 0x00000249EC2A3CD0>
  File "D:\__lybix__\DEVTools\miniconda3\envs\fams\Lib\site-packages\sqlalchemy\sql\compiler.py", line 1927, in construct_params
    raise exc.InvalidRequestError(
          │   └ <class 'sqlalchemy.exc.InvalidRequestError'>
          └ <module 'sqlalchemy.exc' from 'D:\\__lybix__\\DEVTools\\miniconda3\\envs\\fams\\Lib\\site-packages\\sqlalchemy\\exc.py'>

sqlalchemy.exc.InvalidRequestError: A value is required for bind parameter 'repair_specialty' (Background on this error at: https://sqlalche.me/e/20/cd3x)


The above exception was the direct cause of the following exception:


Traceback (most recent call last):

  File "D:\__lybix__\_Codes\FAMS-NEPU\platform\server\services\svr_gateway\main.py", line 64, in <module>
    uvicorn.run(app, host="0.0.0.0", port=gateway_config.HTTP_PORT)
    │       │   │                         │              └ 9900
    │       │   │                         └ <services.svr_gateway.config.GatewayConfig object at 0x00000249E9FD9190>
    │       │   └ <fastapi.applications.FastAPI object at 0x00000249EBF12F10>
    │       └ <function run at 0x00000249E8D6FD80>
    └ <module 'uvicorn' from 'D:\\__lybix__\\DEVTools\\miniconda3\\envs\\fams\\Lib\\site-packages\\uvicorn\\__init__.py'>

  File "D:\__lybix__\DEVTools\miniconda3\envs\fams\Lib\site-packages\uvicorn\main.py", line 621, in run
    server.run()
    │      └ <function Server.run at 0x00000249E8EE0860>
    └ <uvicorn.server.Server object at 0x00000249E8D6B190>
  File "D:\__lybix__\DEVTools\miniconda3\envs\fams\Lib\site-packages\uvicorn\server.py", line 74, in run
    return asyncio_run(self.serve(sockets=sockets), loop_factory=self.config.get_loop_factory())
           │           │    │             │                      │    │      └ <function Config.get_loop_factory at 0x00000249E8D6D1C0>
           │           │    │             │                      │    └ <uvicorn.config.Config object at 0x00000249EBD03710>
           │           │    │             │                      └ <uvicorn.server.Server object at 0x00000249E8D6B190>
           │           │    │             └ None
           │           │    └ <function Server.serve at 0x00000249E8EE0900>
           │           └ <uvicorn.server.Server object at 0x00000249E8D6B190>
           └ <function asyncio_run at 0x00000249E8CF7740>
  File "D:\__lybix__\DEVTools\miniconda3\envs\fams\Lib\site-packages\uvicorn\_compat.py", line 30, in asyncio_run
    return runner.run(main)
           │      │   └ <coroutine object Server.serve at 0x00000249EBF3C400>
           │      └ <function Runner.run at 0x00000249E8753560>
           └ <asyncio.runners.Runner object at 0x00000249EB9C8A90>
  File "D:\__lybix__\DEVTools\miniconda3\envs\fams\Lib\asyncio\runners.py", line 118, in run
    return self._loop.run_until_complete(task)
           │    │     │                  └ <Task pending name='Task-1' coro=<Server.serve() running at D:\__lybix__\DEVTools\miniconda3\envs\fams\Lib\site-packages\uvic...
           │    │     └ <function BaseEventLoop.run_until_complete at 0x00000249E8751120>
           │    └ <ProactorEventLoop running=True closed=False debug=False>
           └ <asyncio.runners.Runner object at 0x00000249EB9C8A90>
  File "D:\__lybix__\DEVTools\miniconda3\envs\fams\Lib\asyncio\base_events.py", line 637, in run_until_complete
    self.run_forever()
    │    └ <function ProactorEventLoop.run_forever at 0x00000249E8828860>
    └ <ProactorEventLoop running=True closed=False debug=False>
  File "D:\__lybix__\DEVTools\miniconda3\envs\fams\Lib\asyncio\windows_events.py", line 321, in run_forever
    super().run_forever()
  File "D:\__lybix__\DEVTools\miniconda3\envs\fams\Lib\asyncio\base_events.py", line 604, in run_forever
    self._run_once()
    │    └ <function BaseEventLoop._run_once at 0x00000249E8752E80>
    └ <ProactorEventLoop running=True closed=False debug=False>
  File "D:\__lybix__\DEVTools\miniconda3\envs\fams\Lib\asyncio\base_events.py", line 1909, in _run_once
    handle._run()
    │      └ <function Handle._run at 0x00000249E70653A0>
    └ <Handle Task.task_wakeup(<Future finished result=None>)>
  File "D:\__lybix__\DEVTools\miniconda3\envs\fams\Lib\asyncio\events.py", line 80, in _run
    self._context.run(self._callback, *self._args)
    │    │            │    │           │    └ <member '_args' of 'Handle' objects>
    │    │            │    │           └ <Handle Task.task_wakeup(<Future finished result=None>)>
    │    │            │    └ <member '_callback' of 'Handle' objects>
    │    │            └ <Handle Task.task_wakeup(<Future finished result=None>)>
    │    └ <member '_context' of 'Handle' objects>
    └ <Handle Task.task_wakeup(<Future finished result=None>)>
  File "D:\__lybix__\DEVTools\miniconda3\envs\fams\Lib\site-packages\uvicorn\protocols\http\httptools_impl.py", line 422, in run_asgi
    result = await app(  # type: ignore[func-returns-value]
                   └ <uvicorn.middleware.proxy_headers.ProxyHeadersMiddleware object at 0x00000249EBF151D0>
  File "D:\__lybix__\DEVTools\miniconda3\envs\fams\Lib\site-packages\uvicorn\middleware\proxy_headers.py", line 63, in __call__
    return await self.app(scope, receive, send)
                 │    │   │      │        └ <bound method RequestResponseCycle.send of <uvicorn.protocols.http.httptools_impl.RequestResponseCycle object at 0x00000249EC...
                 │    │   │      └ <bound method RequestResponseCycle.receive of <uvicorn.protocols.http.httptools_impl.RequestResponseCycle object at 0x0000024...
                 │    │   └ {'type': 'http', 'asgi': {'version': '3.0', 'spec_version': '2.3'}, 'http_version': '1.1', 'server': ('127.0.0.1', 9900), 'cl...
                 │    └ <fastapi.applications.FastAPI object at 0x00000249EBF12F10>
                 └ <uvicorn.middleware.proxy_headers.ProxyHeadersMiddleware object at 0x00000249EBF151D0>
  File "D:\__lybix__\DEVTools\miniconda3\envs\fams\Lib\site-packages\fastapi\applications.py", line 1163, in __call__
    await super().__call__(scope, receive, send)
                           │      │        └ <bound method RequestResponseCycle.send of <uvicorn.protocols.http.httptools_impl.RequestResponseCycle object at 0x00000249EC...
                           │      └ <bound method RequestResponseCycle.receive of <uvicorn.protocols.http.httptools_impl.RequestResponseCycle object at 0x0000024...
                           └ {'type': 'http', 'asgi': {'version': '3.0', 'spec_version': '2.3'}, 'http_version': '1.1', 'server': ('127.0.0.1', 9900), 'cl...
  File "D:\__lybix__\DEVTools\miniconda3\envs\fams\Lib\site-packages\starlette\applications.py", line 90, in __call__
    await self.middleware_stack(scope, receive, send)
          │    │                │      │        └ <bound method RequestResponseCycle.send of <uvicorn.protocols.http.httptools_impl.RequestResponseCycle object at 0x00000249EC...
          │    │                │      └ <bound method RequestResponseCycle.receive of <uvicorn.protocols.http.httptools_impl.RequestResponseCycle object at 0x0000024...
          │    │                └ {'type': 'http', 'asgi': {'version': '3.0', 'spec_version': '2.3'}, 'http_version': '1.1', 'server': ('127.0.0.1', 9900), 'cl...
          │    └ <starlette.middleware.errors.ServerErrorMiddleware object at 0x00000249EB9ACDD0>
          └ <fastapi.applications.FastAPI object at 0x00000249EBF12F10>
> File "D:\__lybix__\DEVTools\miniconda3\envs\fams\Lib\site-packages\starlette\middleware\errors.py", line 164, in __call__
    await self.app(scope, receive, _send)
          │    │   │      │        └ <function ServerErrorMiddleware.__call__.<locals>._send at 0x00000249EC036700>
          │    │   │      └ <bound method RequestResponseCycle.receive of <uvicorn.protocols.http.httptools_impl.RequestResponseCycle object at 0x0000024...
          │    │   └ {'type': 'http', 'asgi': {'version': '3.0', 'spec_version': '2.3'}, 'http_version': '1.1', 'server': ('127.0.0.1', 9900), 'cl...
          │    └ <starlette.middleware.base.BaseHTTPMiddleware object at 0x00000249EBF1C310>
          └ <starlette.middleware.errors.ServerErrorMiddleware object at 0x00000249EB9ACDD0>
  File "D:\__lybix__\DEVTools\miniconda3\envs\fams\Lib\contextlib.py", line 222, in __aexit__
    await self.gen.athrow(typ, value, traceback)
          │    │   │      │    │      └ <traceback object at 0x00000249EC2A0DC0>
          │    │   │      │    └ StatementError("(sqlalchemy.exc.InvalidRequestError) A value is required for bind parameter 'repair_specialty'")
          │    │   │      └ <class 'sqlalchemy.exc.StatementError'>
          │    │   └ <method 'athrow' of 'async_generator' objects>
          │    └ <async_generator object create_collapsing_task_group at 0x00000249EBF56C40>
          └ <contextlib._AsyncGeneratorContextManager object at 0x00000249EC2A9B10>
  File "D:\__lybix__\DEVTools\miniconda3\envs\fams\Lib\site-packages\starlette\_utils.py", line 93, in create_collapsing_task_group
    raise exc from exc.__cause__ or context
          │        │   │            └ None
          │        │   └ <attribute '__cause__' of 'BaseException' objects>
          │        └ StatementError("(sqlalchemy.exc.InvalidRequestError) A value is required for bind parameter 'repair_specialty'")
          └ StatementError("(sqlalchemy.exc.InvalidRequestError) A value is required for bind parameter 'repair_specialty'")
  File "D:\__lybix__\DEVTools\miniconda3\envs\fams\Lib\site-packages\starlette\_utils.py", line 86, in create_collapsing_task_group
    yield tg
          └ <anyio._backends._asyncio.TaskGroup object at 0x00000249EC2A97D0>
  File "D:\__lybix__\DEVTools\miniconda3\envs\fams\Lib\site-packages\starlette\middleware\base.py", line 193, in __call__
    response = await self.dispatch_func(request, call_next)
                     │    │             │        └ <function BaseHTTPMiddleware.__call__.<locals>.call_next at 0x00000249EC036660>
                     │    │             └ <starlette.middleware.base._CachedRequest object at 0x00000249EC2A8C90>
                     │    └ <function log_requests at 0x00000249EBF328E0>
                     └ <starlette.middleware.base.BaseHTTPMiddleware object at 0x00000249EBF1C310>

  File "D:\__lybix__\_Codes\FAMS-NEPU\platform\server\services\svr_gateway\main.py", line 42, in log_requests
    response = await call_next(request)
                     │         └ <starlette.middleware.base._CachedRequest object at 0x00000249EC2A8C90>
                     └ <function BaseHTTPMiddleware.__call__.<locals>.call_next at 0x00000249EC036660>

  File "D:\__lybix__\DEVTools\miniconda3\envs\fams\Lib\site-packages\starlette\middleware\base.py", line 168, in call_next
    raise app_exc from app_exc.__cause__ or app_exc.__context__
          │            │       │            │       └ <attribute '__context__' of 'BaseException' objects>
          │            │       │            └ StatementError("(sqlalchemy.exc.InvalidRequestError) A value is required for bind parameter 'repair_specialty'")
          │            │       └ <attribute '__cause__' of 'BaseException' objects>
          │            └ StatementError("(sqlalchemy.exc.InvalidRequestError) A value is required for bind parameter 'repair_specialty'")
          └ StatementError("(sqlalchemy.exc.InvalidRequestError) A value is required for bind parameter 'repair_specialty'")
  File "D:\__lybix__\DEVTools\miniconda3\envs\fams\Lib\site-packages\starlette\middleware\base.py", line 144, in coro
    await self.app(scope, receive_or_disconnect, send_no_error)
          │    │   │      │                      └ <function BaseHTTPMiddleware.__call__.<locals>.call_next.<locals>.send_no_error at 0x00000249EC26FD80>
          │    │   │      └ <function BaseHTTPMiddleware.__call__.<locals>.call_next.<locals>.receive_or_disconnect at 0x00000249EC26FE20>
          │    │   └ {'type': 'http', 'asgi': {'version': '3.0', 'spec_version': '2.3'}, 'http_version': '1.1', 'server': ('127.0.0.1', 9900), 'cl...
          │    └ <starlette.middleware.cors.CORSMiddleware object at 0x00000249EBCE58D0>
          └ <starlette.middleware.base.BaseHTTPMiddleware object at 0x00000249EBF1C310>
  File "D:\__lybix__\DEVTools\miniconda3\envs\fams\Lib\site-packages\starlette\middleware\cors.py", line 96, in __call__
    await self.simple_response(scope, receive, send, request_headers=headers)
          │    │               │      │        │                     └ Headers({'host': '127.0.0.1:9900', 'connection': 'close', 'content-length': '186', 'sec-ch-ua-platform': '"Windows"', 'author...
          │    │               │      │        └ <function BaseHTTPMiddleware.__call__.<locals>.call_next.<locals>.send_no_error at 0x00000249EC26FD80>
          │    │               │      └ <function BaseHTTPMiddleware.__call__.<locals>.call_next.<locals>.receive_or_disconnect at 0x00000249EC26FE20>
          │    │               └ {'type': 'http', 'asgi': {'version': '3.0', 'spec_version': '2.3'}, 'http_version': '1.1', 'server': ('127.0.0.1', 9900), 'cl...
          │    └ <function CORSMiddleware.simple_response at 0x00000249E9FCD080>
          └ <starlette.middleware.cors.CORSMiddleware object at 0x00000249EBCE58D0>
  File "D:\__lybix__\DEVTools\miniconda3\envs\fams\Lib\site-packages\starlette\middleware\cors.py", line 154, in simple_response
    await self.app(scope, receive, send)
          │    │   │      │        └ functools.partial(<bound method CORSMiddleware.send of <starlette.middleware.cors.CORSMiddleware object at 0x00000249EBCE58D0...
          │    │   │      └ <function BaseHTTPMiddleware.__call__.<locals>.call_next.<locals>.receive_or_disconnect at 0x00000249EC26FE20>
          │    │   └ {'type': 'http', 'asgi': {'version': '3.0', 'spec_version': '2.3'}, 'http_version': '1.1', 'server': ('127.0.0.1', 9900), 'cl...
          │    └ <starlette.middleware.exceptions.ExceptionMiddleware object at 0x00000249EB9A3810>
          └ <starlette.middleware.cors.CORSMiddleware object at 0x00000249EBCE58D0>
  File "D:\__lybix__\DEVTools\miniconda3\envs\fams\Lib\site-packages\starlette\middleware\exceptions.py", line 63, in __call__
    await wrap_app_handling_exceptions(self.app, conn)(scope, receive, send)
          │                            │    │    │     │      │        └ functools.partial(<bound method CORSMiddleware.send of <starlette.middleware.cors.CORSMiddleware object at 0x00000249EBCE58D0...
          │                            │    │    │     │      └ <function BaseHTTPMiddleware.__call__.<locals>.call_next.<locals>.receive_or_disconnect at 0x00000249EC26FE20>
          │                            │    │    │     └ {'type': 'http', 'asgi': {'version': '3.0', 'spec_version': '2.3'}, 'http_version': '1.1', 'server': ('127.0.0.1', 9900), 'cl...
          │                            │    │    └ <starlette.requests.Request object at 0x00000249EC2A96D0>
          │                            │    └ <fastapi.middleware.asyncexitstack.AsyncExitStackMiddleware object at 0x00000249EB9AD8D0>
          │                            └ <starlette.middleware.exceptions.ExceptionMiddleware object at 0x00000249EB9A3810>
          └ <function wrap_app_handling_exceptions at 0x00000249E9ECF100>
  File "D:\__lybix__\DEVTools\miniconda3\envs\fams\Lib\site-packages\starlette\_exception_handler.py", line 53, in wrapped_app
    raise exc
  File "D:\__lybix__\DEVTools\miniconda3\envs\fams\Lib\site-packages\starlette\_exception_handler.py", line 42, in wrapped_app
    await app(scope, receive, sender)
          │   │      │        └ <function wrap_app_handling_exceptions.<locals>.wrapped_app.<locals>.sender at 0x00000249EBFC1300>
          │   │      └ <function BaseHTTPMiddleware.__call__.<locals>.call_next.<locals>.receive_or_disconnect at 0x00000249EC26FE20>
          │   └ {'type': 'http', 'asgi': {'version': '3.0', 'spec_version': '2.3'}, 'http_version': '1.1', 'server': ('127.0.0.1', 9900), 'cl...
          └ <fastapi.middleware.asyncexitstack.AsyncExitStackMiddleware object at 0x00000249EB9AD8D0>
  File "D:\__lybix__\DEVTools\miniconda3\envs\fams\Lib\site-packages\fastapi\middleware\asyncexitstack.py", line 18, in __call__
    await self.app(scope, receive, send)
          │    │   │      │        └ <function wrap_app_handling_exceptions.<locals>.wrapped_app.<locals>.sender at 0x00000249EBFC1300>
          │    │   │      └ <function BaseHTTPMiddleware.__call__.<locals>.call_next.<locals>.receive_or_disconnect at 0x00000249EC26FE20>
          │    │   └ {'type': 'http', 'asgi': {'version': '3.0', 'spec_version': '2.3'}, 'http_version': '1.1', 'server': ('127.0.0.1', 9900), 'cl...
          │    └ <fastapi.routing.APIRouter object at 0x00000249EBF131D0>
          └ <fastapi.middleware.asyncexitstack.AsyncExitStackMiddleware object at 0x00000249EB9AD8D0>
  File "D:\__lybix__\DEVTools\miniconda3\envs\fams\Lib\site-packages\starlette\routing.py", line 660, in __call__
    await self.middleware_stack(scope, receive, send)
          │    │                │      │        └ <function wrap_app_handling_exceptions.<locals>.wrapped_app.<locals>.sender at 0x00000249EBFC1300>
          │    │                │      └ <function BaseHTTPMiddleware.__call__.<locals>.call_next.<locals>.receive_or_disconnect at 0x00000249EC26FE20>
          │    │                └ {'type': 'http', 'asgi': {'version': '3.0', 'spec_version': '2.3'}, 'http_version': '1.1', 'server': ('127.0.0.1', 9900), 'cl...
          │    └ <bound method APIRouter.app of <fastapi.routing.APIRouter object at 0x00000249EBF131D0>>
          └ <fastapi.routing.APIRouter object at 0x00000249EBF131D0>
  File "D:\__lybix__\DEVTools\miniconda3\envs\fams\Lib\site-packages\fastapi\routing.py", line 2683, in app
    await route.handle(scope, receive, send)
          │     │      │      │        └ <function wrap_app_handling_exceptions.<locals>.wrapped_app.<locals>.sender at 0x00000249EBFC1300>
          │     │      │      └ <function BaseHTTPMiddleware.__call__.<locals>.call_next.<locals>.receive_or_disconnect at 0x00000249EC26FE20>
          │     │      └ {'type': 'http', 'asgi': {'version': '3.0', 'spec_version': '2.3'}, 'http_version': '1.1', 'server': ('127.0.0.1', 9900), 'cl...
          │     └ <function _IncludedRouter.handle at 0x00000249E9F11BC0>
          └ _IncludedRouter(original_router=<fastapi.routing.APIRouter object at 0x00000249EB9A3990>, include_context=_RouterIncludeConte...
  File "D:\__lybix__\DEVTools\miniconda3\envs\fams\Lib\site-packages\fastapi\routing.py", line 1753, in handle
    await self.original_router.handle(scope, receive, send)
          │    │               │      │      │        └ <function wrap_app_handling_exceptions.<locals>.wrapped_app.<locals>.sender at 0x00000249EBFC1300>
          │    │               │      │      └ <function BaseHTTPMiddleware.__call__.<locals>.call_next.<locals>.receive_or_disconnect at 0x00000249EC26FE20>
          │    │               │      └ {'type': 'http', 'asgi': {'version': '3.0', 'spec_version': '2.3'}, 'http_version': '1.1', 'server': ('127.0.0.1', 9900), 'cl...
          │    │               └ <function APIRouter.handle at 0x00000249E9F13BA0>
          │    └ <fastapi.routing.APIRouter object at 0x00000249EB9A3990>
          └ _IncludedRouter(original_router=<fastapi.routing.APIRouter object at 0x00000249EB9A3990>, include_context=_RouterIncludeConte...
  File "D:\__lybix__\DEVTools\miniconda3\envs\fams\Lib\site-packages\fastapi\routing.py", line 2738, in handle
    await included_router._handle_selected(scope, receive, send)
          │               │                │      │        └ <function wrap_app_handling_exceptions.<locals>.wrapped_app.<locals>.sender at 0x00000249EBFC1300>
          │               │                │      └ <function BaseHTTPMiddleware.__call__.<locals>.call_next.<locals>.receive_or_disconnect at 0x00000249EC26FE20>
          │               │                └ {'type': 'http', 'asgi': {'version': '3.0', 'spec_version': '2.3'}, 'http_version': '1.1', 'server': ('127.0.0.1', 9900), 'cl...
          │               └ <function _IncludedRouter._handle_selected at 0x00000249E9F11C60>
          └ _IncludedRouter(original_router=<fastapi.routing.APIRouter object at 0x00000249EB9A3990>, include_context=_RouterIncludeConte...
  File "D:\__lybix__\DEVTools\miniconda3\envs\fams\Lib\site-packages\fastapi\routing.py", line 1773, in _handle_selected
    await original_route.handle(scope, receive, send)
          │              │      │      │        └ <function wrap_app_handling_exceptions.<locals>.wrapped_app.<locals>.sender at 0x00000249EBFC1300>
          │              │      │      └ <function BaseHTTPMiddleware.__call__.<locals>.call_next.<locals>.receive_or_disconnect at 0x00000249EC26FE20>
          │              │      └ {'type': 'http', 'asgi': {'version': '3.0', 'spec_version': '2.3'}, 'http_version': '1.1', 'server': ('127.0.0.1', 9900), 'cl...
          │              └ <function APIRoute.handle at 0x00000249E9EFFCE0>
          └ APIRoute(path='/api/user', name='update_user', methods=['PUT'])
  File "D:\__lybix__\DEVTools\miniconda3\envs\fams\Lib\site-packages\fastapi\routing.py", line 1264, in handle
    await app(scope, receive, send)
          │   │      │        └ <function wrap_app_handling_exceptions.<locals>.wrapped_app.<locals>.sender at 0x00000249EBFC1300>
          │   │      └ <function BaseHTTPMiddleware.__call__.<locals>.call_next.<locals>.receive_or_disconnect at 0x00000249EC26FE20>
          │   └ {'type': 'http', 'asgi': {'version': '3.0', 'spec_version': '2.3'}, 'http_version': '1.1', 'server': ('127.0.0.1', 9900), 'cl...
          └ <function request_response.<locals>.app at 0x00000249EBFC14E0>
  File "D:\__lybix__\DEVTools\miniconda3\envs\fams\Lib\site-packages\fastapi\routing.py", line 150, in app
    await wrap_app_handling_exceptions(app, request)(scope, receive, send)
          │                            │    │        │      │        └ <function wrap_app_handling_exceptions.<locals>.wrapped_app.<locals>.sender at 0x00000249EBFC1300>
          │                            │    │        │      └ <function BaseHTTPMiddleware.__call__.<locals>.call_next.<locals>.receive_or_disconnect at 0x00000249EC26FE20>
          │                            │    │        └ {'type': 'http', 'asgi': {'version': '3.0', 'spec_version': '2.3'}, 'http_version': '1.1', 'server': ('127.0.0.1', 9900), 'cl...
          │                            │    └ <starlette.requests.Request object at 0x00000249EC2A2010>
          │                            └ <function request_response.<locals>.app.<locals>.app at 0x00000249EBFC0680>
          └ <function wrap_app_handling_exceptions at 0x00000249E9ECF100>
  File "D:\__lybix__\DEVTools\miniconda3\envs\fams\Lib\site-packages\starlette\_exception_handler.py", line 53, in wrapped_app
    raise exc
  File "D:\__lybix__\DEVTools\miniconda3\envs\fams\Lib\site-packages\starlette\_exception_handler.py", line 42, in wrapped_app
    await app(scope, receive, sender)
          │   │      │        └ <function wrap_app_handling_exceptions.<locals>.wrapped_app.<locals>.sender at 0x00000249EBFC3F60>
          │   │      └ <function BaseHTTPMiddleware.__call__.<locals>.call_next.<locals>.receive_or_disconnect at 0x00000249EC26FE20>
          │   └ {'type': 'http', 'asgi': {'version': '3.0', 'spec_version': '2.3'}, 'http_version': '1.1', 'server': ('127.0.0.1', 9900), 'cl...
          └ <function request_response.<locals>.app.<locals>.app at 0x00000249EBFC0680>
  File "D:\__lybix__\DEVTools\miniconda3\envs\fams\Lib\site-packages\fastapi\routing.py", line 136, in app
    response = await f(request)
                     │ └ <starlette.requests.Request object at 0x00000249EC2A2010>
                     └ <function get_request_handler.<locals>.app at 0x00000249EBFC0180>
  File "D:\__lybix__\DEVTools\miniconda3\envs\fams\Lib\site-packages\fastapi\routing.py", line 690, in app
    raw_response = await run_endpoint_function(
                         └ <function run_endpoint_function at 0x00000249E9EFEF20>
  File "D:\__lybix__\DEVTools\miniconda3\envs\fams\Lib\site-packages\fastapi\routing.py", line 344, in run_endpoint_function
    return await dependant.call(**values)
                 │         │      └ {'current_user': {'user_id': 1, 'username': 'admin', 'dept_id': 1, 'role_keys': ['admin'], 'exp': 1783953906, 'iat': 17838675...
                 │         └ <function update_user at 0x00000249EBDEAC00>
                 └ Dependant(path_params=[], query_params=[], header_params=[], cookie_params=[], body_params=[ModelField(field_info=Body(Pydant...

  File "D:\__lybix__\_Codes\FAMS-NEPU\platform\server\services\svr_gateway\routes.py", line 226, in update_user
    if not logic.update_user(data):
           │     │           └ {'user_id': 12, 'username': 'test_insert_user', 'nickname': '测试修改用户', 'password': '', 'dept_id': 2, 'role_ids': [4], 'phone':...
           │     └ <function UserLogic.update_user at 0x00000249EB8C2B60>
           └ <data.logic.user_logic.UserLogic object at 0x00000249EB9C93D0>

  File "D:\__lybix__\_Codes\FAMS-NEPU\platform\server\data\logic\user_logic.py", line 107, in update_user
    self.user_dao.update_user(data)
    │    │        │           └ {'user_id': 12, 'username': 'test_insert_user', 'nickname': '测试修改用户', 'password': '', 'dept_id': 2, 'role_ids': [4], 'phone':...
    │    │        └ <function UserDAO.update_user at 0x00000249EB8C1C60>
    │    └ <data.basic.user_dao.UserDAO object at 0x00000249EB9C9FD0>
    └ <data.logic.user_logic.UserLogic object at 0x00000249EB9C93D0>

  File "D:\__lybix__\_Codes\FAMS-NEPU\platform\server\data\basic\user_dao.py", line 68, in update_user
    return self._execute_update(sql, user)
           │    │               │    └ {'user_id': 12, 'username': 'test_insert_user', 'nickname': '测试修改用户', 'password': '', 'dept_id': 2, 'role_ids': [4], 'phone':...
           │    │               └ 'UPDATE sys_user\n                 SET nickname = :nickname, dept_id = :dept_id, phone = :phone,\n                     email ...
           │    └ <function BaseDAO._execute_update at 0x00000249EA1CADE0>
           └ <data.basic.user_dao.UserDAO object at 0x00000249EB9C9FD0>

  File "D:\__lybix__\_Codes\FAMS-NEPU\platform\server\data\basic\base_dao.py", line 56, in _execute_update
    result = conn.execute(text(sql), params or {})
             │    │       │    │     └ {'user_id': 12, 'username': 'test_insert_user', 'nickname': '测试修改用户', 'password': '', 'dept_id': 2, 'role_ids': [4], 'phone':...
             │    │       │    └ 'UPDATE sys_user\n                 SET nickname = :nickname, dept_id = :dept_id, phone = :phone,\n                     email ...
             │    │       └ <function text at 0x00000249EA7B4180>
             │    └ <function Connection.execute at 0x00000249EB7E6E80>
             └ <sqlalchemy.engine.base.Connection object at 0x00000249EC2A3A90>

  File "D:\__lybix__\DEVTools\miniconda3\envs\fams\Lib\site-packages\sqlalchemy\engine\base.py", line 1421, in execute
    return meth(
           └ <bound method ClauseElement._execute_on_connection of <sqlalchemy.sql.elements.TextClause object at 0x00000249EC2A1D50>>
  File "D:\__lybix__\DEVTools\miniconda3\envs\fams\Lib\site-packages\sqlalchemy\sql\elements.py", line 526, in _execute_on_connection
    return connection._execute_clauseelement(
           │          └ <function Connection._execute_clauseelement at 0x00000249EB7E71A0>
           └ <sqlalchemy.engine.base.Connection object at 0x00000249EC2A3A90>
  File "D:\__lybix__\DEVTools\miniconda3\envs\fams\Lib\site-packages\sqlalchemy\engine\base.py", line 1643, in _execute_clauseelement
    ret = self._execute_context(
          │    └ <function Connection._execute_context at 0x00000249EB7E7380>
          └ <sqlalchemy.engine.base.Connection object at 0x00000249EC2A3A90>
  File "D:\__lybix__\DEVTools\miniconda3\envs\fams\Lib\site-packages\sqlalchemy\engine\base.py", line 1823, in _execute_context
    self._handle_dbapi_exception(
    │    └ <function Connection._handle_dbapi_exception at 0x00000249EB7E76A0>
    └ <sqlalchemy.engine.base.Connection object at 0x00000249EC2A3A90>
  File "D:\__lybix__\DEVTools\miniconda3\envs\fams\Lib\site-packages\sqlalchemy\engine\base.py", line 2365, in _handle_dbapi_exception
    raise sqlalchemy_exception.with_traceback(exc_info[2]) from e
          │                    │              │                 └ InvalidRequestError("A value is required for bind parameter 'repair_specialty'")
          │                    │              └ (<class 'sqlalchemy.exc.InvalidRequestError'>, InvalidRequestError("A value is required for bind parameter 'repair_specialty'...
          │                    └ <method 'with_traceback' of 'BaseException' objects>
          └ StatementError("(sqlalchemy.exc.InvalidRequestError) A value is required for bind parameter 'repair_specialty'")
  File "D:\__lybix__\DEVTools\miniconda3\envs\fams\Lib\site-packages\sqlalchemy\engine\base.py", line 1817, in _execute_context
    context = constructor(
              └ <bound method DefaultExecutionContext._init_compiled of <class 'sqlalchemy.dialects.mysql.mysqldb.MySQLExecutionContext_mysql...
  File "D:\__lybix__\DEVTools\miniconda3\envs\fams\Lib\site-packages\sqlalchemy\engine\default.py", line 1416, in _init_compiled
    self.compiled_parameters = [
    └ <sqlalchemy.dialects.mysql.mysqldb.MySQLExecutionContext_mysqldb object at 0x00000249EC2A3BD0>
  File "D:\__lybix__\DEVTools\miniconda3\envs\fams\Lib\site-packages\sqlalchemy\engine\default.py", line 1417, in <listcomp>
    compiled.construct_params(
    │        └ <function SQLCompiler.construct_params at 0x00000249EA79A980>
    └ <sqlalchemy.dialects.mysql.mysqldb.MySQLCompiler_mysqldb object at 0x00000249EC2A3CD0>
  File "D:\__lybix__\DEVTools\miniconda3\envs\fams\Lib\site-packages\sqlalchemy\sql\compiler.py", line 1927, in construct_params
    raise exc.InvalidRequestError(
          │   └ <class 'sqlalchemy.exc.InvalidRequestError'>
          └ <module 'sqlalchemy.exc' from 'D:\\__lybix__\\DEVTools\\miniconda3\\envs\\fams\\Lib\\site-packages\\sqlalchemy\\exc.py'>

sqlalchemy.exc.StatementError: (sqlalchemy.exc.InvalidRequestError) A value is required for bind parameter 'repair_specialty'
[SQL: UPDATE sys_user
                 SET nickname = %(nickname)s, dept_id = %(dept_id)s, phone = %(phone)s,
                     email = %(email)s, repair_specialty = %(repair_specialty)s, status = %(status)s
                 WHERE user_id = %(user_id)s]
[parameters: [{'user_id': 12, 'username': 'test_insert_user', 'nickname': '测试修改用户', 'password': '', 'dept_id': 2, 'role_ids': [4], 'phone': '123456789109', 'email': '123456789109@nepu.edu.cn', 'status': 1}]]
(Background on this error at: https://sqlalche.me/e/20/cd3x)
2026-07-12 22:54:41.779 | INFO     | __main__:<module>:63 - Gateway starting on port 9900, PID=13900
2026-07-12 22:55:00.300 | INFO     | __main__:log_requests:44 - PUT /api/user -> 200 (0.202s)
2026-07-12 22:55:00.337 | INFO     | __main__:log_requests:44 - GET /api/user/list -> 200 (0.025s)
2026-07-12 22:55:06.834 | INFO     | __main__:log_requests:44 - GET /api/user/profile -> 200 (0.026s)
2026-07-12 22:55:06.864 | INFO     | __main__:log_requests:44 - GET /api/user/perms -> 200 (0.026s)
2026-07-12 22:55:07.023 | INFO     | __main__:log_requests:44 - GET /api/role/list -> 200 (0.024s)
2026-07-12 22:55:07.023 | INFO     | __main__:log_requests:44 - GET /api/dept/tree -> 200 (0.023s)
2026-07-12 22:55:07.064 | INFO     | __main__:log_requests:44 - GET /api/user/list -> 200 (0.022s)
2026-07-12 22:55:13.420 | INFO     | __main__:log_requests:44 - DELETE /api/user/12 -> 200 (0.059s)
2026-07-12 22:55:13.449 | INFO     | __main__:log_requests:44 - GET /api/user/list -> 200 (0.019s)
2026-07-12 22:56:21.000 | INFO     | __main__:log_requests:44 - GET /api/asset/status/list -> 200 (0.026s)
2026-07-12 22:56:21.000 | INFO     | __main__:log_requests:44 - GET /api/dept/tree -> 200 (0.003s)
2026-07-12 22:56:21.147 | INFO     | __main__:log_requests:44 - GET /api/apply/pending -> 200 (0.131s)
2026-07-12 22:56:21.153 | INFO     | __main__:log_requests:44 - GET /api/report/dashboard -> 200 (0.134s)
2026-07-12 22:56:21.153 | INFO     | __main__:log_requests:44 - GET /api/report/asset -> 200 (0.133s)
2026-07-12 22:56:25.945 | INFO     | __main__:log_requests:44 - GET /api/asset/category/list -> 200 (0.028s)
2026-07-12 22:56:25.946 | INFO     | __main__:log_requests:44 - GET /api/asset/status/list -> 200 (0.027s)
2026-07-12 22:56:25.947 | INFO     | __main__:log_requests:44 - GET /api/dept/tree -> 200 (0.028s)
2026-07-12 22:56:25.974 | INFO     | __main__:log_requests:44 - GET /api/asset/list -> 200 (0.008s)
2026-07-12 22:57:24.018 | INFO     | __main__:log_requests:44 - GET /api/asset/list -> 200 (0.015s)
2026-07-12 22:57:24.038 | INFO     | __main__:log_requests:44 - GET /api/apply/my -> 200 (0.034s)
2026-07-12 22:57:24.038 | INFO     | __main__:log_requests:44 - GET /api/repair/list -> 200 (0.033s)
2026-07-12 22:58:16.481 | INFO     | __main__:log_requests:44 - GET /api/apply/pending -> 200 (0.007s)
2026-07-12 22:58:16.495 | INFO     | __main__:log_requests:44 - GET /api/repair/list -> 200 (0.005s)
2026-07-12 22:58:18.648 | INFO     | __main__:log_requests:44 - GET /api/apply/approved -> 200 (0.012s)
2026-07-12 22:58:18.654 | INFO     | __main__:log_requests:44 - GET /api/repair/list -> 200 (0.011s)
2026-07-12 22:58:21.867 | INFO     | __main__:log_requests:44 - GET /api/dept/tree -> 200 (0.008s)
2026-07-12 22:58:21.867 | INFO     | __main__:log_requests:44 - GET /api/role/list -> 200 (0.009s)
2026-07-12 22:58:21.906 | INFO     | __main__:log_requests:44 - GET /api/user/list -> 200 (0.026s)
2026-07-12 22:58:23.742 | INFO     | __main__:log_requests:44 - GET /api/apply/my -> 200 (0.014s)
2026-07-12 22:58:23.742 | INFO     | __main__:log_requests:44 - GET /api/asset/list -> 200 (0.015s)
2026-07-12 22:58:23.742 | INFO     | __main__:log_requests:44 - GET /api/repair/list -> 200 (0.014s)
2026-07-12 22:58:28.796 | INFO     | __main__:log_requests:44 - POST /api/auth/login -> 200 (0.226s)
2026-07-12 22:58:28.803 | INFO     | __main__:log_requests:44 - GET /api/user/profile -> 200 (0.006s)
2026-07-12 22:58:28.817 | INFO     | __main__:log_requests:44 - GET /api/user/perms -> 200 (0.004s)
2026-07-12 22:58:28.849 | INFO     | __main__:log_requests:44 - GET /api/asset/status/list -> 200 (0.003s)
2026-07-12 22:58:28.859 | INFO     | __main__:log_requests:44 - GET /api/dept/tree -> 200 (0.004s)
2026-07-12 22:58:28.872 | INFO     | __main__:log_requests:44 - GET /api/apply/my -> 200 (0.010s)
2026-07-12 22:58:28.878 | INFO     | __main__:log_requests:44 - GET /api/asset/list -> 200 (0.011s)
2026-07-12 22:58:30.486 | INFO     | __main__:log_requests:44 - GET /api/dept/tree -> 200 (0.007s)
2026-07-12 22:58:30.486 | INFO     | __main__:log_requests:44 - GET /api/asset/status/list -> 200 (0.008s)
2026-07-12 22:58:30.486 | INFO     | __main__:log_requests:44 - GET /api/asset/category/list -> 200 (0.008s)
2026-07-12 22:58:30.509 | INFO     | __main__:log_requests:44 - GET /api/asset/list -> 200 (0.006s)
2026-07-12 22:58:33.650 | INFO     | __main__:log_requests:44 - GET /api/asset/list -> 200 (0.005s)
2026-07-12 22:58:35.231 | INFO     | __main__:log_requests:44 - GET /api/asset/3 -> 200 (0.024s)
2026-07-12 22:58:36.236 | INFO     | __main__:log_requests:44 - GET /api/asset/list -> 200 (0.005s)
2026-07-12 22:58:46.368 | INFO     | __main__:log_requests:44 - POST /api/apply/return -> 200 (0.080s)
2026-07-12 22:58:48.502 | INFO     | __main__:log_requests:44 - GET /api/asset/category/list -> 200 (0.009s)
2026-07-12 22:58:48.503 | INFO     | __main__:log_requests:44 - GET /api/asset/status/list -> 200 (0.009s)
2026-07-12 22:58:48.503 | INFO     | __main__:log_requests:44 - GET /api/dept/tree -> 200 (0.009s)
2026-07-12 22:58:48.541 | INFO     | __main__:log_requests:44 - GET /api/asset/list -> 200 (0.009s)
2026-07-12 22:58:50.515 | INFO     | __main__:log_requests:44 - GET /api/asset/list -> 200 (0.005s)
2026-07-12 22:58:50.527 | INFO     | __main__:log_requests:44 - GET /api/asset/list -> 200 (0.005s)
2026-07-12 22:58:54.759 | INFO     | __main__:log_requests:44 - GET /api/apply/my -> 200 (0.015s)
2026-07-12 22:58:54.759 | INFO     | __main__:log_requests:44 - GET /api/asset/list -> 200 (0.016s)
2026-07-12 22:58:54.759 | INFO     | __main__:log_requests:44 - GET /api/repair/list -> 200 (0.015s)
2026-07-12 22:59:02.605 | INFO     | __main__:log_requests:44 - GET /api/apply/19 -> 200 (0.006s)
2026-07-12 22:59:13.852 | INFO     | __main__:log_requests:44 - POST /api/auth/login -> 200 (0.232s)
2026-07-12 22:59:13.870 | INFO     | __main__:log_requests:44 - GET /api/user/profile -> 200 (0.009s)
2026-07-12 22:59:13.880 | INFO     | __main__:log_requests:44 - GET /api/user/perms -> 200 (0.004s)
2026-07-12 22:59:13.920 | INFO     | __main__:log_requests:44 - GET /api/asset/status/list -> 200 (0.003s)
2026-07-12 22:59:13.937 | INFO     | __main__:log_requests:44 - GET /api/dept/tree -> 200 (0.003s)
2026-07-12 22:59:13.964 | INFO     | __main__:log_requests:44 - GET /api/report/dashboard -> 200 (0.020s)
2026-07-12 22:59:13.964 | INFO     | __main__:log_requests:44 - GET /api/apply/pending -> 200 (0.017s)
2026-07-12 22:59:13.979 | INFO     | __main__:log_requests:44 - GET /api/report/asset -> 200 (0.029s)
2026-07-12 22:59:16.880 | INFO     | __main__:log_requests:44 - GET /api/apply/19 -> 200 (0.005s)
2026-07-12 22:59:28.537 | INFO     | __main__:log_requests:44 - PUT /api/apply/approve -> 200 (0.065s)
2026-07-12 22:59:33.041 | INFO     | __main__:log_requests:44 - GET /api/apply/pending -> 200 (0.004s)
2026-07-12 22:59:33.055 | INFO     | __main__:log_requests:44 - GET /api/repair/list -> 200 (0.005s)
2026-07-12 22:59:34.690 | INFO     | __main__:log_requests:44 - GET /api/apply/19 -> 200 (0.005s)
2026-07-12 22:59:40.390 | INFO     | __main__:log_requests:44 - PUT /api/apply/approve -> 200 (0.119s)
2026-07-12 22:59:46.560 | INFO     | __main__:log_requests:44 - POST /api/auth/login -> 200 (0.261s)
2026-07-12 22:59:46.577 | INFO     | __main__:log_requests:44 - GET /api/user/profile -> 200 (0.008s)
2026-07-12 22:59:46.591 | INFO     | __main__:log_requests:44 - GET /api/user/perms -> 200 (0.006s)
2026-07-12 22:59:46.640 | INFO     | __main__:log_requests:44 - GET /api/asset/status/list -> 200 (0.005s)
2026-07-12 22:59:46.654 | INFO     | __main__:log_requests:44 - GET /api/dept/tree -> 200 (0.004s)
2026-07-12 22:59:46.696 | INFO     | __main__:log_requests:44 - GET /api/apply/pending -> 200 (0.008s)
2026-07-12 22:59:46.724 | INFO     | __main__:log_requests:44 - GET /api/report/dashboard -> 200 (0.040s)
2026-07-12 22:59:46.724 | INFO     | __main__:log_requests:44 - GET /api/report/asset -> 200 (0.039s)
2026-07-12 22:59:51.096 | INFO     | __main__:log_requests:44 - GET /api/apply/pending -> 200 (0.005s)
2026-07-12 22:59:51.103 | INFO     | __main__:log_requests:44 - GET /api/repair/list -> 200 (0.005s)
2026-07-12 22:59:53.089 | INFO     | __main__:log_requests:44 - GET /api/repair/list -> 200 (0.010s)
2026-07-12 22:59:53.089 | INFO     | __main__:log_requests:44 - GET /api/apply/approved -> 200 (0.011s)
2026-07-12 22:59:56.411 | INFO     | __main__:log_requests:44 - GET /api/apply/19 -> 200 (0.005s)
2026-07-12 23:04:01.247 | INFO     | __main__:<module>:63 - Gateway starting on port 9900, PID=25576
2026-07-12 23:04:05.359 | INFO     | __main__:log_requests:44 - GET /api/user/profile -> 200 (0.144s)
2026-07-12 23:04:05.390 | INFO     | __main__:log_requests:44 - GET /api/user/perms -> 200 (0.026s)
2026-07-12 23:04:05.526 | INFO     | __main__:log_requests:44 - GET /api/apply/19 -> 200 (0.043s)
2026-07-12 23:04:11.092 | INFO     | __main__:log_requests:44 - GET /api/asset/category/list -> 200 (0.045s)
2026-07-12 23:04:11.096 | INFO     | __main__:log_requests:44 - GET /api/asset/status/list -> 200 (0.047s)
2026-07-12 23:04:11.096 | INFO     | __main__:log_requests:44 - GET /api/dept/tree -> 200 (0.046s)
2026-07-12 23:04:11.126 | INFO     | __main__:log_requests:44 - GET /api/asset/list -> 200 (0.008s)
2026-07-12 23:04:12.881 | INFO     | __main__:log_requests:44 - GET /api/asset/status/list -> 200 (0.003s)
2026-07-12 23:04:12.887 | INFO     | __main__:log_requests:44 - GET /api/dept/tree -> 200 (0.003s)
2026-07-12 23:04:13.033 | INFO     | __main__:log_requests:44 - GET /api/apply/pending -> 200 (0.137s)
2026-07-12 23:04:13.033 | INFO     | __main__:log_requests:44 - GET /api/report/dashboard -> 200 (0.142s)
2026-07-12 23:04:13.033 | INFO     | __main__:log_requests:44 - GET /api/report/asset -> 200 (0.140s)
2026-07-12 23:04:15.595 | INFO     | __main__:log_requests:44 - GET /api/dept/tree -> 200 (0.010s)
2026-07-12 23:04:15.595 | INFO     | __main__:log_requests:44 - GET /api/asset/category/list -> 200 (0.011s)
2026-07-12 23:04:15.595 | INFO     | __main__:log_requests:44 - GET /api/asset/status/list -> 200 (0.011s)
2026-07-12 23:04:15.623 | INFO     | __main__:log_requests:44 - GET /api/asset/list -> 200 (0.006s)
2026-07-12 23:05:39.665 | INFO     | __main__:log_requests:44 - POST /api/asset -> 200 (0.114s)
2026-07-12 23:05:39.687 | INFO     | __main__:log_requests:44 - GET /api/asset/list -> 200 (0.006s)
2026-07-12 23:05:49.774 | INFO     | __main__:log_requests:44 - GET /api/asset/11 -> 200 (0.006s)
2026-07-12 23:07:20.013 | INFO     | __main__:log_requests:44 - GET /api/asset/category/list -> 200 (0.009s)
2026-07-12 23:07:20.013 | INFO     | __main__:log_requests:44 - GET /api/asset/status/list -> 200 (0.009s)
2026-07-12 23:07:20.014 | INFO     | __main__:log_requests:44 - GET /api/dept/tree -> 200 (0.009s)
2026-07-12 23:07:20.042 | INFO     | __main__:log_requests:44 - GET /api/asset/list -> 200 (0.007s)
2026-07-12 23:08:01.617 | ERROR    | __main__:global_exception_handler:50 - Unhandled exception on PUT /api/asset
Traceback (most recent call last):

  File "D:\__lybix__\DEVTools\miniconda3\envs\fams\Lib\site-packages\sqlalchemy\engine\base.py", line 1817, in _execute_context
    context = constructor(
              └ <bound method DefaultExecutionContext._init_compiled of <class 'sqlalchemy.dialects.mysql.mysqldb.MySQLExecutionContext_mysql...
  File "D:\__lybix__\DEVTools\miniconda3\envs\fams\Lib\site-packages\sqlalchemy\engine\default.py", line 1416, in _init_compiled
    self.compiled_parameters = [
    └ <sqlalchemy.dialects.mysql.mysqldb.MySQLExecutionContext_mysqldb object at 0x000002A475EEE450>
  File "D:\__lybix__\DEVTools\miniconda3\envs\fams\Lib\site-packages\sqlalchemy\engine\default.py", line 1417, in <listcomp>
    compiled.construct_params(
    │        └ <function SQLCompiler.construct_params at 0x000002A47437AD40>
    └ <sqlalchemy.dialects.mysql.mysqldb.MySQLCompiler_mysqldb object at 0x000002A475EF94D0>
  File "D:\__lybix__\DEVTools\miniconda3\envs\fams\Lib\site-packages\sqlalchemy\sql\compiler.py", line 1927, in construct_params
    raise exc.InvalidRequestError(
          │   └ <class 'sqlalchemy.exc.InvalidRequestError'>
          └ <module 'sqlalchemy.exc' from 'D:\\__lybix__\\DEVTools\\miniconda3\\envs\\fams\\Lib\\site-packages\\sqlalchemy\\exc.py'>

sqlalchemy.exc.InvalidRequestError: A value is required for bind parameter 'version' (Background on this error at: https://sqlalche.me/e/20/cd3x)


The above exception was the direct cause of the following exception:


Traceback (most recent call last):

  File "D:\__lybix__\_Codes\FAMS-NEPU\platform\server\services\svr_gateway\main.py", line 64, in <module>
    uvicorn.run(app, host="0.0.0.0", port=gateway_config.HTTP_PORT)
    │       │   │                         │              └ 9900
    │       │   │                         └ <services.svr_gateway.config.GatewayConfig object at 0x000002A473BC2B50>
    │       │   └ <fastapi.applications.FastAPI object at 0x000002A475AF6C90>
    │       └ <function run at 0x000002A47295FD80>
    └ <module 'uvicorn' from 'D:\\__lybix__\\DEVTools\\miniconda3\\envs\\fams\\Lib\\site-packages\\uvicorn\\__init__.py'>

  File "D:\__lybix__\DEVTools\miniconda3\envs\fams\Lib\site-packages\uvicorn\main.py", line 621, in run
    server.run()
    │      └ <function Server.run at 0x000002A472AD0860>
    └ <uvicorn.server.Server object at 0x000002A4758CCA90>
  File "D:\__lybix__\DEVTools\miniconda3\envs\fams\Lib\site-packages\uvicorn\server.py", line 74, in run
    return asyncio_run(self.serve(sockets=sockets), loop_factory=self.config.get_loop_factory())
           │           │    │             │                      │    │      └ <function Config.get_loop_factory at 0x000002A47295D1C0>
           │           │    │             │                      │    └ <uvicorn.config.Config object at 0x000002A473E36550>
           │           │    │             │                      └ <uvicorn.server.Server object at 0x000002A4758CCA90>
           │           │    │             └ None
           │           │    └ <function Server.serve at 0x000002A472AD0900>
           │           └ <uvicorn.server.Server object at 0x000002A4758CCA90>
           └ <function asyncio_run at 0x000002A4728E7740>
  File "D:\__lybix__\DEVTools\miniconda3\envs\fams\Lib\site-packages\uvicorn\_compat.py", line 30, in asyncio_run
    return runner.run(main)
           │      │   └ <coroutine object Server.serve at 0x000002A475B14310>
           │      └ <function Runner.run at 0x000002A472343560>
           └ <asyncio.runners.Runner object at 0x000002A4739514D0>
  File "D:\__lybix__\DEVTools\miniconda3\envs\fams\Lib\asyncio\runners.py", line 118, in run
    return self._loop.run_until_complete(task)
           │    │     │                  └ <Task pending name='Task-1' coro=<Server.serve() running at D:\__lybix__\DEVTools\miniconda3\envs\fams\Lib\site-packages\uvic...
           │    │     └ <function BaseEventLoop.run_until_complete at 0x000002A472341120>
           │    └ <ProactorEventLoop running=True closed=False debug=False>
           └ <asyncio.runners.Runner object at 0x000002A4739514D0>
  File "D:\__lybix__\DEVTools\miniconda3\envs\fams\Lib\asyncio\base_events.py", line 637, in run_until_complete
    self.run_forever()
    │    └ <function ProactorEventLoop.run_forever at 0x000002A472418860>
    └ <ProactorEventLoop running=True closed=False debug=False>
  File "D:\__lybix__\DEVTools\miniconda3\envs\fams\Lib\asyncio\windows_events.py", line 321, in run_forever
    super().run_forever()
  File "D:\__lybix__\DEVTools\miniconda3\envs\fams\Lib\asyncio\base_events.py", line 604, in run_forever
    self._run_once()
    │    └ <function BaseEventLoop._run_once at 0x000002A472342E80>
    └ <ProactorEventLoop running=True closed=False debug=False>
  File "D:\__lybix__\DEVTools\miniconda3\envs\fams\Lib\asyncio\base_events.py", line 1909, in _run_once
    handle._run()
    │      └ <function Handle._run at 0x000002A4722853A0>
    └ <Handle Task.task_wakeup(<Future finished result=None>)>
  File "D:\__lybix__\DEVTools\miniconda3\envs\fams\Lib\asyncio\events.py", line 80, in _run
    self._context.run(self._callback, *self._args)
    │    │            │    │           │    └ <member '_args' of 'Handle' objects>
    │    │            │    │           └ <Handle Task.task_wakeup(<Future finished result=None>)>
    │    │            │    └ <member '_callback' of 'Handle' objects>
    │    │            └ <Handle Task.task_wakeup(<Future finished result=None>)>
    │    └ <member '_context' of 'Handle' objects>
    └ <Handle Task.task_wakeup(<Future finished result=None>)>
  File "D:\__lybix__\DEVTools\miniconda3\envs\fams\Lib\site-packages\uvicorn\protocols\http\httptools_impl.py", line 422, in run_asgi
    result = await app(  # type: ignore[func-returns-value]
                   └ <uvicorn.middleware.proxy_headers.ProxyHeadersMiddleware object at 0x000002A4759D6190>
  File "D:\__lybix__\DEVTools\miniconda3\envs\fams\Lib\site-packages\uvicorn\middleware\proxy_headers.py", line 63, in __call__
    return await self.app(scope, receive, send)
                 │    │   │      │        └ <bound method RequestResponseCycle.send of <uvicorn.protocols.http.httptools_impl.RequestResponseCycle object at 0x000002A475...
                 │    │   │      └ <bound method RequestResponseCycle.receive of <uvicorn.protocols.http.httptools_impl.RequestResponseCycle object at 0x000002A...
                 │    │   └ {'type': 'http', 'asgi': {'version': '3.0', 'spec_version': '2.3'}, 'http_version': '1.1', 'server': ('127.0.0.1', 9900), 'cl...
                 │    └ <fastapi.applications.FastAPI object at 0x000002A475AF6C90>
                 └ <uvicorn.middleware.proxy_headers.ProxyHeadersMiddleware object at 0x000002A4759D6190>
  File "D:\__lybix__\DEVTools\miniconda3\envs\fams\Lib\site-packages\fastapi\applications.py", line 1163, in __call__
    await super().__call__(scope, receive, send)
                           │      │        └ <bound method RequestResponseCycle.send of <uvicorn.protocols.http.httptools_impl.RequestResponseCycle object at 0x000002A475...
                           │      └ <bound method RequestResponseCycle.receive of <uvicorn.protocols.http.httptools_impl.RequestResponseCycle object at 0x000002A...
                           └ {'type': 'http', 'asgi': {'version': '3.0', 'spec_version': '2.3'}, 'http_version': '1.1', 'server': ('127.0.0.1', 9900), 'cl...
  File "D:\__lybix__\DEVTools\miniconda3\envs\fams\Lib\site-packages\starlette\applications.py", line 90, in __call__
    await self.middleware_stack(scope, receive, send)
          │    │                │      │        └ <bound method RequestResponseCycle.send of <uvicorn.protocols.http.httptools_impl.RequestResponseCycle object at 0x000002A475...
          │    │                │      └ <bound method RequestResponseCycle.receive of <uvicorn.protocols.http.httptools_impl.RequestResponseCycle object at 0x000002A...
          │    │                └ {'type': 'http', 'asgi': {'version': '3.0', 'spec_version': '2.3'}, 'http_version': '1.1', 'server': ('127.0.0.1', 9900), 'cl...
          │    └ <starlette.middleware.errors.ServerErrorMiddleware object at 0x000002A475B9E410>
          └ <fastapi.applications.FastAPI object at 0x000002A475AF6C90>
> File "D:\__lybix__\DEVTools\miniconda3\envs\fams\Lib\site-packages\starlette\middleware\errors.py", line 164, in __call__
    await self.app(scope, receive, _send)
          │    │   │      │        └ <function ServerErrorMiddleware.__call__.<locals>._send at 0x000002A475E7AF20>
          │    │   │      └ <bound method RequestResponseCycle.receive of <uvicorn.protocols.http.httptools_impl.RequestResponseCycle object at 0x000002A...
          │    │   └ {'type': 'http', 'asgi': {'version': '3.0', 'spec_version': '2.3'}, 'http_version': '1.1', 'server': ('127.0.0.1', 9900), 'cl...
          │    └ <starlette.middleware.base.BaseHTTPMiddleware object at 0x000002A475B9E190>
          └ <starlette.middleware.errors.ServerErrorMiddleware object at 0x000002A475B9E410>
  File "D:\__lybix__\DEVTools\miniconda3\envs\fams\Lib\contextlib.py", line 222, in __aexit__
    await self.gen.athrow(typ, value, traceback)
          │    │   │      │    │      └ <traceback object at 0x000002A475EF9F80>
          │    │   │      │    └ StatementError("(sqlalchemy.exc.InvalidRequestError) A value is required for bind parameter 'version'")
          │    │   │      └ <class 'sqlalchemy.exc.StatementError'>
          │    │   └ <method 'athrow' of 'async_generator' objects>
          │    └ <async_generator object create_collapsing_task_group at 0x000002A475CDC740>
          └ <contextlib._AsyncGeneratorContextManager object at 0x000002A475EEE290>
  File "D:\__lybix__\DEVTools\miniconda3\envs\fams\Lib\site-packages\starlette\_utils.py", line 93, in create_collapsing_task_group
    raise exc from exc.__cause__ or context
          │        │   │            └ None
          │        │   └ <attribute '__cause__' of 'BaseException' objects>
          │        └ StatementError("(sqlalchemy.exc.InvalidRequestError) A value is required for bind parameter 'version'")
          └ StatementError("(sqlalchemy.exc.InvalidRequestError) A value is required for bind parameter 'version'")
  File "D:\__lybix__\DEVTools\miniconda3\envs\fams\Lib\site-packages\starlette\_utils.py", line 86, in create_collapsing_task_group
    yield tg
          └ <anyio._backends._asyncio.TaskGroup object at 0x000002A475EED750>
  File "D:\__lybix__\DEVTools\miniconda3\envs\fams\Lib\site-packages\starlette\middleware\base.py", line 193, in __call__
    response = await self.dispatch_func(request, call_next)
                     │    │             │        └ <function BaseHTTPMiddleware.__call__.<locals>.call_next at 0x000002A475E7A660>
                     │    │             └ <starlette.middleware.base._CachedRequest object at 0x000002A475EDFF50>
                     │    └ <function log_requests at 0x000002A475B0AFC0>
                     └ <starlette.middleware.base.BaseHTTPMiddleware object at 0x000002A475B9E190>

  File "D:\__lybix__\_Codes\FAMS-NEPU\platform\server\services\svr_gateway\main.py", line 42, in log_requests
    response = await call_next(request)
                     │         └ <starlette.middleware.base._CachedRequest object at 0x000002A475EDFF50>
                     └ <function BaseHTTPMiddleware.__call__.<locals>.call_next at 0x000002A475E7A660>

  File "D:\__lybix__\DEVTools\miniconda3\envs\fams\Lib\site-packages\starlette\middleware\base.py", line 168, in call_next
    raise app_exc from app_exc.__cause__ or app_exc.__context__
          │            │       │            │       └ <attribute '__context__' of 'BaseException' objects>
          │            │       │            └ StatementError("(sqlalchemy.exc.InvalidRequestError) A value is required for bind parameter 'version'")
          │            │       └ <attribute '__cause__' of 'BaseException' objects>
          │            └ StatementError("(sqlalchemy.exc.InvalidRequestError) A value is required for bind parameter 'version'")
          └ StatementError("(sqlalchemy.exc.InvalidRequestError) A value is required for bind parameter 'version'")
  File "D:\__lybix__\DEVTools\miniconda3\envs\fams\Lib\site-packages\starlette\middleware\base.py", line 144, in coro
    await self.app(scope, receive_or_disconnect, send_no_error)
          │    │   │      │                      └ <function BaseHTTPMiddleware.__call__.<locals>.call_next.<locals>.send_no_error at 0x000002A475E7A020>
          │    │   │      └ <function BaseHTTPMiddleware.__call__.<locals>.call_next.<locals>.receive_or_disconnect at 0x000002A475E7A340>
          │    │   └ {'type': 'http', 'asgi': {'version': '3.0', 'spec_version': '2.3'}, 'http_version': '1.1', 'server': ('127.0.0.1', 9900), 'cl...
          │    └ <starlette.middleware.cors.CORSMiddleware object at 0x000002A475B9E0D0>
          └ <starlette.middleware.base.BaseHTTPMiddleware object at 0x000002A475B9E190>
  File "D:\__lybix__\DEVTools\miniconda3\envs\fams\Lib\site-packages\starlette\middleware\cors.py", line 96, in __call__
    await self.simple_response(scope, receive, send, request_headers=headers)
          │    │               │      │        │                     └ Headers({'host': '127.0.0.1:9900', 'connection': 'close', 'content-length': '318', 'sec-ch-ua-platform': '"Windows"', 'author...
          │    │               │      │        └ <function BaseHTTPMiddleware.__call__.<locals>.call_next.<locals>.send_no_error at 0x000002A475E7A020>
          │    │               │      └ <function BaseHTTPMiddleware.__call__.<locals>.call_next.<locals>.receive_or_disconnect at 0x000002A475E7A340>
          │    │               └ {'type': 'http', 'asgi': {'version': '3.0', 'spec_version': '2.3'}, 'http_version': '1.1', 'server': ('127.0.0.1', 9900), 'cl...
          │    └ <function CORSMiddleware.simple_response at 0x000002A473BAD080>
          └ <starlette.middleware.cors.CORSMiddleware object at 0x000002A475B9E0D0>
  File "D:\__lybix__\DEVTools\miniconda3\envs\fams\Lib\site-packages\starlette\middleware\cors.py", line 154, in simple_response
    await self.app(scope, receive, send)
          │    │   │      │        └ functools.partial(<bound method CORSMiddleware.send of <starlette.middleware.cors.CORSMiddleware object at 0x000002A475B9E0D0...
          │    │   │      └ <function BaseHTTPMiddleware.__call__.<locals>.call_next.<locals>.receive_or_disconnect at 0x000002A475E7A340>
          │    │   └ {'type': 'http', 'asgi': {'version': '3.0', 'spec_version': '2.3'}, 'http_version': '1.1', 'server': ('127.0.0.1', 9900), 'cl...
          │    └ <starlette.middleware.exceptions.ExceptionMiddleware object at 0x000002A475B9E050>
          └ <starlette.middleware.cors.CORSMiddleware object at 0x000002A475B9E0D0>
  File "D:\__lybix__\DEVTools\miniconda3\envs\fams\Lib\site-packages\starlette\middleware\exceptions.py", line 63, in __call__
    await wrap_app_handling_exceptions(self.app, conn)(scope, receive, send)
          │                            │    │    │     │      │        └ functools.partial(<bound method CORSMiddleware.send of <starlette.middleware.cors.CORSMiddleware object at 0x000002A475B9E0D0...
          │                            │    │    │     │      └ <function BaseHTTPMiddleware.__call__.<locals>.call_next.<locals>.receive_or_disconnect at 0x000002A475E7A340>
          │                            │    │    │     └ {'type': 'http', 'asgi': {'version': '3.0', 'spec_version': '2.3'}, 'http_version': '1.1', 'server': ('127.0.0.1', 9900), 'cl...
          │                            │    │    └ <starlette.requests.Request object at 0x000002A475EEF350>
          │                            │    └ <fastapi.middleware.asyncexitstack.AsyncExitStackMiddleware object at 0x000002A475B9DF50>
          │                            └ <starlette.middleware.exceptions.ExceptionMiddleware object at 0x000002A475B9E050>
          └ <function wrap_app_handling_exceptions at 0x000002A473AAF100>
  File "D:\__lybix__\DEVTools\miniconda3\envs\fams\Lib\site-packages\starlette\_exception_handler.py", line 53, in wrapped_app
    raise exc
  File "D:\__lybix__\DEVTools\miniconda3\envs\fams\Lib\site-packages\starlette\_exception_handler.py", line 42, in wrapped_app
    await app(scope, receive, sender)
          │   │      │        └ <function wrap_app_handling_exceptions.<locals>.wrapped_app.<locals>.sender at 0x000002A475E7A0C0>
          │   │      └ <function BaseHTTPMiddleware.__call__.<locals>.call_next.<locals>.receive_or_disconnect at 0x000002A475E7A340>
          │   └ {'type': 'http', 'asgi': {'version': '3.0', 'spec_version': '2.3'}, 'http_version': '1.1', 'server': ('127.0.0.1', 9900), 'cl...
          └ <fastapi.middleware.asyncexitstack.AsyncExitStackMiddleware object at 0x000002A475B9DF50>
  File "D:\__lybix__\DEVTools\miniconda3\envs\fams\Lib\site-packages\fastapi\middleware\asyncexitstack.py", line 18, in __call__
    await self.app(scope, receive, send)
          │    │   │      │        └ <function wrap_app_handling_exceptions.<locals>.wrapped_app.<locals>.sender at 0x000002A475E7A0C0>
          │    │   │      └ <function BaseHTTPMiddleware.__call__.<locals>.call_next.<locals>.receive_or_disconnect at 0x000002A475E7A340>
          │    │   └ {'type': 'http', 'asgi': {'version': '3.0', 'spec_version': '2.3'}, 'http_version': '1.1', 'server': ('127.0.0.1', 9900), 'cl...
          │    └ <fastapi.routing.APIRouter object at 0x000002A475AF6AD0>
          └ <fastapi.middleware.asyncexitstack.AsyncExitStackMiddleware object at 0x000002A475B9DF50>
  File "D:\__lybix__\DEVTools\miniconda3\envs\fams\Lib\site-packages\starlette\routing.py", line 660, in __call__
    await self.middleware_stack(scope, receive, send)
          │    │                │      │        └ <function wrap_app_handling_exceptions.<locals>.wrapped_app.<locals>.sender at 0x000002A475E7A0C0>
          │    │                │      └ <function BaseHTTPMiddleware.__call__.<locals>.call_next.<locals>.receive_or_disconnect at 0x000002A475E7A340>
          │    │                └ {'type': 'http', 'asgi': {'version': '3.0', 'spec_version': '2.3'}, 'http_version': '1.1', 'server': ('127.0.0.1', 9900), 'cl...
          │    └ <bound method APIRouter.app of <fastapi.routing.APIRouter object at 0x000002A475AF6AD0>>
          └ <fastapi.routing.APIRouter object at 0x000002A475AF6AD0>
  File "D:\__lybix__\DEVTools\miniconda3\envs\fams\Lib\site-packages\fastapi\routing.py", line 2683, in app
    await route.handle(scope, receive, send)
          │     │      │      │        └ <function wrap_app_handling_exceptions.<locals>.wrapped_app.<locals>.sender at 0x000002A475E7A0C0>
          │     │      │      └ <function BaseHTTPMiddleware.__call__.<locals>.call_next.<locals>.receive_or_disconnect at 0x000002A475E7A340>
          │     │      └ {'type': 'http', 'asgi': {'version': '3.0', 'spec_version': '2.3'}, 'http_version': '1.1', 'server': ('127.0.0.1', 9900), 'cl...
          │     └ <function _IncludedRouter.handle at 0x000002A473AF1BC0>
          └ _IncludedRouter(original_router=<fastapi.routing.APIRouter object at 0x000002A473BAA790>, include_context=_RouterIncludeConte...
  File "D:\__lybix__\DEVTools\miniconda3\envs\fams\Lib\site-packages\fastapi\routing.py", line 1753, in handle
    await self.original_router.handle(scope, receive, send)
          │    │               │      │      │        └ <function wrap_app_handling_exceptions.<locals>.wrapped_app.<locals>.sender at 0x000002A475E7A0C0>
          │    │               │      │      └ <function BaseHTTPMiddleware.__call__.<locals>.call_next.<locals>.receive_or_disconnect at 0x000002A475E7A340>
          │    │               │      └ {'type': 'http', 'asgi': {'version': '3.0', 'spec_version': '2.3'}, 'http_version': '1.1', 'server': ('127.0.0.1', 9900), 'cl...
          │    │               └ <function APIRouter.handle at 0x000002A473AF3BA0>
          │    └ <fastapi.routing.APIRouter object at 0x000002A473BAA790>
          └ _IncludedRouter(original_router=<fastapi.routing.APIRouter object at 0x000002A473BAA790>, include_context=_RouterIncludeConte...
  File "D:\__lybix__\DEVTools\miniconda3\envs\fams\Lib\site-packages\fastapi\routing.py", line 2738, in handle
    await included_router._handle_selected(scope, receive, send)
          │               │                │      │        └ <function wrap_app_handling_exceptions.<locals>.wrapped_app.<locals>.sender at 0x000002A475E7A0C0>
          │               │                │      └ <function BaseHTTPMiddleware.__call__.<locals>.call_next.<locals>.receive_or_disconnect at 0x000002A475E7A340>
          │               │                └ {'type': 'http', 'asgi': {'version': '3.0', 'spec_version': '2.3'}, 'http_version': '1.1', 'server': ('127.0.0.1', 9900), 'cl...
          │               └ <function _IncludedRouter._handle_selected at 0x000002A473AF1C60>
          └ _IncludedRouter(original_router=<fastapi.routing.APIRouter object at 0x000002A473BAA790>, include_context=_RouterIncludeConte...
  File "D:\__lybix__\DEVTools\miniconda3\envs\fams\Lib\site-packages\fastapi\routing.py", line 1773, in _handle_selected
    await original_route.handle(scope, receive, send)
          │              │      │      │        └ <function wrap_app_handling_exceptions.<locals>.wrapped_app.<locals>.sender at 0x000002A475E7A0C0>
          │              │      │      └ <function BaseHTTPMiddleware.__call__.<locals>.call_next.<locals>.receive_or_disconnect at 0x000002A475E7A340>
          │              │      └ {'type': 'http', 'asgi': {'version': '3.0', 'spec_version': '2.3'}, 'http_version': '1.1', 'server': ('127.0.0.1', 9900), 'cl...
          │              └ <function APIRoute.handle at 0x000002A473ADFCE0>
          └ APIRoute(path='/api/asset', name='update_asset', methods=['PUT'])
  File "D:\__lybix__\DEVTools\miniconda3\envs\fams\Lib\site-packages\fastapi\routing.py", line 1264, in handle
    await app(scope, receive, send)
          │   │      │        └ <function wrap_app_handling_exceptions.<locals>.wrapped_app.<locals>.sender at 0x000002A475E7A0C0>
          │   │      └ <function BaseHTTPMiddleware.__call__.<locals>.call_next.<locals>.receive_or_disconnect at 0x000002A475E7A340>
          │   └ {'type': 'http', 'asgi': {'version': '3.0', 'spec_version': '2.3'}, 'http_version': '1.1', 'server': ('127.0.0.1', 9900), 'cl...
          └ <function request_response.<locals>.app at 0x000002A475E7A480>
  File "D:\__lybix__\DEVTools\miniconda3\envs\fams\Lib\site-packages\fastapi\routing.py", line 150, in app
    await wrap_app_handling_exceptions(app, request)(scope, receive, send)
          │                            │    │        │      │        └ <function wrap_app_handling_exceptions.<locals>.wrapped_app.<locals>.sender at 0x000002A475E7A0C0>
          │                            │    │        │      └ <function BaseHTTPMiddleware.__call__.<locals>.call_next.<locals>.receive_or_disconnect at 0x000002A475E7A340>
          │                            │    │        └ {'type': 'http', 'asgi': {'version': '3.0', 'spec_version': '2.3'}, 'http_version': '1.1', 'server': ('127.0.0.1', 9900), 'cl...
          │                            │    └ <starlette.requests.Request object at 0x000002A475EEC650>
          │                            └ <function request_response.<locals>.app.<locals>.app at 0x000002A475E7AE80>
          └ <function wrap_app_handling_exceptions at 0x000002A473AAF100>
  File "D:\__lybix__\DEVTools\miniconda3\envs\fams\Lib\site-packages\starlette\_exception_handler.py", line 53, in wrapped_app
    raise exc
  File "D:\__lybix__\DEVTools\miniconda3\envs\fams\Lib\site-packages\starlette\_exception_handler.py", line 42, in wrapped_app
    await app(scope, receive, sender)
          │   │      │        └ <function wrap_app_handling_exceptions.<locals>.wrapped_app.<locals>.sender at 0x000002A475E7A200>
          │   │      └ <function BaseHTTPMiddleware.__call__.<locals>.call_next.<locals>.receive_or_disconnect at 0x000002A475E7A340>
          │   └ {'type': 'http', 'asgi': {'version': '3.0', 'spec_version': '2.3'}, 'http_version': '1.1', 'server': ('127.0.0.1', 9900), 'cl...
          └ <function request_response.<locals>.app.<locals>.app at 0x000002A475E7AE80>
  File "D:\__lybix__\DEVTools\miniconda3\envs\fams\Lib\site-packages\fastapi\routing.py", line 136, in app
    response = await f(request)
                     │ └ <starlette.requests.Request object at 0x000002A475EEC650>
                     └ <function get_request_handler.<locals>.app at 0x000002A475E7A700>
  File "D:\__lybix__\DEVTools\miniconda3\envs\fams\Lib\site-packages\fastapi\routing.py", line 690, in app
    raw_response = await run_endpoint_function(
                         └ <function run_endpoint_function at 0x000002A473ADEF20>
  File "D:\__lybix__\DEVTools\miniconda3\envs\fams\Lib\site-packages\fastapi\routing.py", line 344, in run_endpoint_function
    return await dependant.call(**values)
                 │         │      └ {'current_user': {'user_id': 2, 'username': 'cs_admin', 'dept_id': 2, 'role_keys': ['college_admin'], 'exp': 1783954786, 'iat...
                 │         └ <function update_asset at 0x000002A475A04EA0>
                 └ Dependant(path_params=[], query_params=[], header_params=[], cookie_params=[], body_params=[ModelField(field_info=Body(Pydant...

  File "D:\__lybix__\_Codes\FAMS-NEPU\platform\server\services\svr_gateway\routes.py", line 364, in update_asset
    result = logic.update_asset(data, current_user["user_id"])
             │     │            │     └ {'user_id': 2, 'username': 'cs_admin', 'dept_id': 2, 'role_keys': ['college_admin'], 'exp': 1783954786, 'iat': 1783868386}
             │     │            └ {'asset_id': 11, 'asset_code': 'nepu-2026-001-test-insert', 'asset_name': '李冰鑫的笔记本', 'category_id': 8, 'category_id_path': 8,...
             │     └ <function AssetLogic.update_asset at 0x000002A475813920>
             └ <data.logic.asset_logic.AssetLogic object at 0x000002A475E67B50>

  File "D:\__lybix__\_Codes\FAMS-NEPU\platform\server\data\logic\asset_logic.py", line 99, in update_asset
    self.asset_dao.update_asset(data)
    │    │         │            └ {'asset_id': 11, 'asset_code': 'nepu-2026-001-test-insert', 'asset_name': '李冰鑫的笔记本', 'category_id': 8, 'category_id_path': 8,...
    │    │         └ <function AssetDAO.update_asset at 0x000002A475813240>
    │    └ <data.basic.asset_dao.AssetDAO object at 0x000002A475E846D0>
    └ <data.logic.asset_logic.AssetLogic object at 0x000002A475E67B50>

  File "D:\__lybix__\_Codes\FAMS-NEPU\platform\server\data\basic\asset_dao.py", line 99, in update_asset
    return self._execute_update(sql, asset)
           │    │               │    └ {'asset_id': 11, 'asset_code': 'nepu-2026-001-test-insert', 'asset_name': '李冰鑫的笔记本', 'category_id': 8, 'category_id_path': 8,...
           │    │               └ 'UPDATE asset_info\n                 SET asset_name = :asset_name, spec = :spec, category_id = :category_id,\n               ...
           │    └ <function BaseDAO._execute_update at 0x000002A475470040>
           └ <data.basic.asset_dao.AssetDAO object at 0x000002A475E846D0>

  File "D:\__lybix__\_Codes\FAMS-NEPU\platform\server\data\basic\base_dao.py", line 56, in _execute_update
    result = conn.execute(text(sql), params or {})
             │    │       │    │     └ {'asset_id': 11, 'asset_code': 'nepu-2026-001-test-insert', 'asset_name': '李冰鑫的笔记本', 'category_id': 8, 'category_id_path': 8,...
             │    │       │    └ 'UPDATE asset_info\n                 SET asset_name = :asset_name, spec = :spec, category_id = :category_id,\n               ...
             │    │       └ <function text at 0x000002A474394540>
             │    └ <function Connection.execute at 0x000002A4753C7240>
             └ <sqlalchemy.engine.base.Connection object at 0x000002A475E92610>

  File "D:\__lybix__\DEVTools\miniconda3\envs\fams\Lib\site-packages\sqlalchemy\engine\base.py", line 1421, in execute
    return meth(
           └ <bound method ClauseElement._execute_on_connection of <sqlalchemy.sql.elements.TextClause object at 0x000002A475ECE910>>
  File "D:\__lybix__\DEVTools\miniconda3\envs\fams\Lib\site-packages\sqlalchemy\sql\elements.py", line 526, in _execute_on_connection
    return connection._execute_clauseelement(
           │          └ <function Connection._execute_clauseelement at 0x000002A4753C7560>
           └ <sqlalchemy.engine.base.Connection object at 0x000002A475E92610>
  File "D:\__lybix__\DEVTools\miniconda3\envs\fams\Lib\site-packages\sqlalchemy\engine\base.py", line 1643, in _execute_clauseelement
    ret = self._execute_context(
          │    └ <function Connection._execute_context at 0x000002A4753C7740>
          └ <sqlalchemy.engine.base.Connection object at 0x000002A475E92610>
  File "D:\__lybix__\DEVTools\miniconda3\envs\fams\Lib\site-packages\sqlalchemy\engine\base.py", line 1823, in _execute_context
    self._handle_dbapi_exception(
    │    └ <function Connection._handle_dbapi_exception at 0x000002A4753C7A60>
    └ <sqlalchemy.engine.base.Connection object at 0x000002A475E92610>
  File "D:\__lybix__\DEVTools\miniconda3\envs\fams\Lib\site-packages\sqlalchemy\engine\base.py", line 2365, in _handle_dbapi_exception
    raise sqlalchemy_exception.with_traceback(exc_info[2]) from e
          │                    │              │                 └ InvalidRequestError("A value is required for bind parameter 'version'")
          │                    │              └ (<class 'sqlalchemy.exc.InvalidRequestError'>, InvalidRequestError("A value is required for bind parameter 'version'"), <trac...
          │                    └ <method 'with_traceback' of 'BaseException' objects>
          └ StatementError("(sqlalchemy.exc.InvalidRequestError) A value is required for bind parameter 'version'")
  File "D:\__lybix__\DEVTools\miniconda3\envs\fams\Lib\site-packages\sqlalchemy\engine\base.py", line 1817, in _execute_context
    context = constructor(
              └ <bound method DefaultExecutionContext._init_compiled of <class 'sqlalchemy.dialects.mysql.mysqldb.MySQLExecutionContext_mysql...
  File "D:\__lybix__\DEVTools\miniconda3\envs\fams\Lib\site-packages\sqlalchemy\engine\default.py", line 1416, in _init_compiled
    self.compiled_parameters = [
    └ <sqlalchemy.dialects.mysql.mysqldb.MySQLExecutionContext_mysqldb object at 0x000002A475EEE450>
  File "D:\__lybix__\DEVTools\miniconda3\envs\fams\Lib\site-packages\sqlalchemy\engine\default.py", line 1417, in <listcomp>
    compiled.construct_params(
    │        └ <function SQLCompiler.construct_params at 0x000002A47437AD40>
    └ <sqlalchemy.dialects.mysql.mysqldb.MySQLCompiler_mysqldb object at 0x000002A475EF94D0>
  File "D:\__lybix__\DEVTools\miniconda3\envs\fams\Lib\site-packages\sqlalchemy\sql\compiler.py", line 1927, in construct_params
    raise exc.InvalidRequestError(
          │   └ <class 'sqlalchemy.exc.InvalidRequestError'>
          └ <module 'sqlalchemy.exc' from 'D:\\__lybix__\\DEVTools\\miniconda3\\envs\\fams\\Lib\\site-packages\\sqlalchemy\\exc.py'>

sqlalchemy.exc.StatementError: (sqlalchemy.exc.InvalidRequestError) A value is required for bind parameter 'version'
[SQL: UPDATE asset_info
                 SET asset_name = %(asset_name)s, spec = %(spec)s, category_id = %(category_id)s,
                     purchase_date = %(purchase_date)s, book_value = %(book_value)s,
                     location = %(location)s, dept_id = %(dept_id)s, user_id = %(user_id)s,
                     status = %(status)s, remark = %(remark)s, version = version + 1
                 WHERE asset_id = %(asset_id)s AND version = %(version)s]
[parameters: [{'asset_id': 11, 'asset_code': 'nepu-2026-001-test-insert', 'asset_name': '李冰鑫的笔记本', 'category_id': 8, 'category_id_path': 8, 'spec': '华硕天选3', 'dept_i ... (1 characters truncated) ... ': 2, 'location': '启智公寓213', 'book_value': 5000, 'purchase_date': '2023-06-01', 'user_name': '', 'status': 1, 'remark': '李冰鑫的笔记本，测试修改用', 'user_id': 0}]]
(Background on this error at: https://sqlalche.me/e/20/cd3x)
2026-07-12 23:09:13.068 | INFO     | __main__:<module>:63 - Gateway starting on port 9900, PID=28436
2026-07-12 23:09:24.741 | INFO     | __main__:log_requests:44 - GET /api/user/profile -> 200 (0.140s)
2026-07-12 23:09:24.771 | INFO     | __main__:log_requests:44 - GET /api/user/perms -> 200 (0.026s)
2026-07-12 23:09:24.998 | INFO     | __main__:log_requests:44 - GET /api/asset/category/list -> 200 (0.064s)
2026-07-12 23:09:24.998 | INFO     | __main__:log_requests:44 - GET /api/asset/status/list -> 200 (0.063s)
2026-07-12 23:09:24.999 | INFO     | __main__:log_requests:44 - GET /api/dept/tree -> 200 (0.063s)
2026-07-12 23:09:25.027 | INFO     | __main__:log_requests:44 - GET /api/asset/list -> 200 (0.008s)
2026-07-12 23:09:32.769 | INFO     | __main__:log_requests:44 - PUT /api/asset -> 200 (0.126s)
2026-07-12 23:09:32.791 | INFO     | __main__:log_requests:44 - GET /api/asset/list -> 200 (0.006s)
2026-07-12 23:09:35.550 | INFO     | __main__:log_requests:44 - GET /api/asset/11 -> 200 (0.007s)
2026-07-12 23:09:41.479 | INFO     | __main__:log_requests:44 - GET /api/asset/category/list -> 200 (0.007s)
2026-07-12 23:09:41.482 | INFO     | __main__:log_requests:44 - GET /api/asset/status/list -> 200 (0.009s)
2026-07-12 23:09:41.482 | INFO     | __main__:log_requests:44 - GET /api/dept/tree -> 200 (0.009s)
2026-07-12 23:09:41.507 | INFO     | __main__:log_requests:44 - GET /api/asset/list -> 200 (0.007s)
2026-07-12 23:09:49.065 | INFO     | __main__:log_requests:44 - DELETE /api/asset/11 -> 200 (0.069s)
2026-07-12 23:09:49.078 | INFO     | __main__:log_requests:44 - GET /api/asset/list -> 200 (0.006s)
2026-07-12 23:09:52.876 | INFO     | __main__:log_requests:44 - GET /api/asset/list -> 200 (0.007s)
2026-07-12 23:10:03.058 | INFO     | __main__:log_requests:44 - GET /api/asset/list -> 200 (0.028s)
2026-07-12 23:10:03.080 | INFO     | __main__:log_requests:44 - GET /api/apply/my -> 200 (0.048s)
2026-07-12 23:10:03.080 | INFO     | __main__:log_requests:44 - GET /api/repair/list -> 200 (0.048s)
2026-07-12 23:10:34.672 | INFO     | __main__:log_requests:44 - GET /api/role/list -> 200 (0.030s)
2026-07-12 23:10:34.672 | INFO     | __main__:log_requests:44 - GET /api/dept/tree -> 200 (0.029s)
2026-07-12 23:10:34.706 | INFO     | __main__:log_requests:44 - GET /api/user/list -> 200 (0.014s)
2026-07-12 23:10:47.379 | INFO     | __main__:log_requests:44 - GET /api/user/list -> 200 (0.011s)
2026-07-12 23:10:47.395 | INFO     | __main__:log_requests:44 - GET /api/user/list -> 200 (0.012s)
2026-07-12 23:10:48.032 | INFO     | __main__:log_requests:44 - GET /api/user/list -> 200 (0.010s)
2026-07-12 23:10:48.057 | INFO     | __main__:log_requests:44 - GET /api/user/list -> 200 (0.010s)
2026-07-12 23:10:48.789 | INFO     | __main__:log_requests:44 - GET /api/user/list -> 200 (0.010s)
2026-07-12 23:10:48.804 | INFO     | __main__:log_requests:44 - GET /api/user/list -> 200 (0.012s)
2026-07-12 23:10:49.538 | INFO     | __main__:log_requests:44 - GET /api/user/list -> 200 (0.011s)
2026-07-12 23:11:14.848 | INFO     | __main__:log_requests:44 - GET /api/asset/list -> 200 (0.017s)
2026-07-12 23:11:14.848 | INFO     | __main__:log_requests:44 - GET /api/apply/my -> 200 (0.017s)
2026-07-12 23:11:14.848 | INFO     | __main__:log_requests:44 - GET /api/repair/list -> 200 (0.017s)
2026-07-12 23:11:20.472 | INFO     | __main__:log_requests:44 - GET /api/dept/tree -> 200 (0.007s)
2026-07-12 23:11:20.472 | INFO     | __main__:log_requests:44 - GET /api/asset/category/list -> 200 (0.008s)
2026-07-12 23:11:20.472 | INFO     | __main__:log_requests:44 - GET /api/asset/status/list -> 200 (0.008s)
2026-07-12 23:11:20.498 | INFO     | __main__:log_requests:44 - GET /api/asset/list -> 200 (0.008s)
2026-07-12 23:11:29.184 | INFO     | __main__:log_requests:44 - GET /api/asset/list -> 200 (0.015s)
2026-07-12 23:11:29.184 | INFO     | __main__:log_requests:44 - GET /api/apply/my -> 200 (0.015s)
2026-07-12 23:11:29.184 | INFO     | __main__:log_requests:44 - GET /api/repair/list -> 200 (0.015s)
2026-07-12 23:11:29.613 | INFO     | __main__:log_requests:44 - GET /api/asset/category/list -> 200 (0.008s)
2026-07-12 23:11:29.614 | INFO     | __main__:log_requests:44 - GET /api/asset/status/list -> 200 (0.008s)
2026-07-12 23:11:29.614 | INFO     | __main__:log_requests:44 - GET /api/dept/tree -> 200 (0.008s)
2026-07-12 23:11:29.639 | INFO     | __main__:log_requests:44 - GET /api/asset/list -> 200 (0.008s)
2026-07-12 23:11:41.140 | INFO     | __main__:log_requests:44 - GET /api/asset/1 -> 200 (0.006s)
2026-07-12 23:11:42.224 | INFO     | __main__:log_requests:44 - GET /api/asset/list -> 200 (0.005s)
2026-07-12 23:11:49.488 | INFO     | __main__:log_requests:44 - POST /api/apply/scrap -> 200 (0.090s)
2026-07-12 23:11:52.332 | INFO     | __main__:log_requests:44 - GET /api/asset/status/list -> 200 (0.010s)
2026-07-12 23:11:52.332 | INFO     | __main__:log_requests:44 - GET /api/asset/category/list -> 200 (0.012s)
2026-07-12 23:11:52.332 | INFO     | __main__:log_requests:44 - GET /api/dept/tree -> 200 (0.012s)
2026-07-12 23:11:52.356 | INFO     | __main__:log_requests:44 - GET /api/asset/list -> 200 (0.006s)
2026-07-12 23:11:55.117 | INFO     | __main__:log_requests:44 - GET /api/asset/list -> 200 (0.006s)
2026-07-12 23:11:55.125 | INFO     | __main__:log_requests:44 - GET /api/asset/list -> 200 (0.005s)
2026-07-12 23:12:00.626 | INFO     | __main__:log_requests:44 - GET /api/apply/pending -> 200 (0.007s)
2026-07-12 23:12:00.643 | INFO     | __main__:log_requests:44 - GET /api/repair/list -> 200 (0.006s)
2026-07-12 23:12:02.404 | INFO     | __main__:log_requests:44 - GET /api/apply/20 -> 200 (0.006s)
2026-07-12 23:12:08.179 | INFO     | __main__:log_requests:44 - PUT /api/apply/approve -> 200 (0.069s)
2026-07-12 23:12:12.239 | INFO     | __main__:log_requests:44 - GET /api/apply/pending -> 200 (0.005s)
2026-07-12 23:12:12.251 | INFO     | __main__:log_requests:44 - GET /api/repair/list -> 200 (0.004s)
2026-07-12 23:12:14.828 | INFO     | __main__:log_requests:44 - GET /api/apply/approved -> 200 (0.012s)
2026-07-12 23:12:14.835 | INFO     | __main__:log_requests:44 - GET /api/repair/list -> 200 (0.011s)
2026-07-12 23:12:31.555 | INFO     | __main__:log_requests:44 - GET /api/asset/list -> 200 (0.068s)
2026-07-12 23:12:31.555 | INFO     | __main__:log_requests:44 - GET /api/apply/my -> 200 (0.069s)
2026-07-12 23:12:31.555 | INFO     | __main__:log_requests:44 - GET /api/repair/list -> 200 (0.068s)
2026-07-12 23:12:35.223 | INFO     | __main__:log_requests:44 - GET /api/apply/20 -> 200 (0.006s)
2026-07-12 23:12:44.123 | INFO     | __main__:log_requests:44 - PUT /api/apply/cancel/20 -> 200 (0.075s)
2026-07-12 23:12:46.956 | INFO     | __main__:log_requests:44 - GET /api/apply/pending -> 200 (0.005s)
2026-07-12 23:12:46.970 | INFO     | __main__:log_requests:44 - GET /api/repair/list -> 200 (0.005s)
2026-07-12 23:12:48.602 | INFO     | __main__:log_requests:44 - GET /api/role/list -> 200 (0.009s)
2026-07-12 23:12:48.602 | INFO     | __main__:log_requests:44 - GET /api/dept/tree -> 200 (0.008s)
2026-07-12 23:12:48.631 | INFO     | __main__:log_requests:44 - GET /api/user/list -> 200 (0.011s)
2026-07-12 23:12:50.019 | INFO     | __main__:log_requests:44 - GET /api/repair/list -> 200 (0.009s)
2026-07-12 23:12:50.019 | INFO     | __main__:log_requests:44 - GET /api/apply/approved -> 200 (0.010s)
2026-07-12 23:12:52.895 | INFO     | __main__:log_requests:44 - GET /api/apply/20 -> 200 (0.005s)
2026-07-12 23:13:06.783 | INFO     | __main__:log_requests:44 - GET /api/asset/status/list -> 200 (0.004s)
2026-07-12 23:13:06.789 | INFO     | __main__:log_requests:44 - GET /api/dept/tree -> 200 (0.003s)
2026-07-12 23:13:06.859 | INFO     | __main__:log_requests:44 - GET /api/report/dashboard -> 200 (0.076s)
2026-07-12 23:13:06.875 | INFO     | __main__:log_requests:44 - GET /api/apply/pending -> 200 (0.074s)
2026-07-12 23:13:06.900 | INFO     | __main__:log_requests:44 - GET /api/report/asset -> 200 (0.104s)
2026-07-12 23:13:30.063 | INFO     | __main__:log_requests:44 - POST /api/auth/login -> 200 (0.232s)
2026-07-12 23:13:30.074 | INFO     | __main__:log_requests:44 - GET /api/user/profile -> 200 (0.006s)
2026-07-12 23:13:30.082 | INFO     | __main__:log_requests:44 - GET /api/user/perms -> 200 (0.003s)
2026-07-12 23:13:30.119 | INFO     | __main__:log_requests:44 - GET /api/asset/status/list -> 200 (0.004s)
2026-07-12 23:13:30.133 | INFO     | __main__:log_requests:44 - GET /api/dept/tree -> 200 (0.003s)
2026-07-12 23:13:30.154 | INFO     | __main__:log_requests:44 - GET /api/asset/list -> 200 (0.014s)
2026-07-12 23:13:30.154 | INFO     | __main__:log_requests:44 - GET /api/apply/my -> 200 (0.012s)
2026-07-12 23:13:31.862 | INFO     | __main__:log_requests:44 - GET /api/asset/list -> 200 (0.007s)
2026-07-12 23:13:31.874 | INFO     | __main__:log_requests:44 - GET /api/apply/my -> 200 (0.019s)
2026-07-12 23:13:31.875 | INFO     | __main__:log_requests:44 - GET /api/repair/list -> 200 (0.014s)
2026-07-12 23:13:32.587 | INFO     | __main__:log_requests:44 - GET /api/asset/status/list -> 200 (0.009s)
2026-07-12 23:13:32.587 | INFO     | __main__:log_requests:44 - GET /api/asset/category/list -> 200 (0.010s)
2026-07-12 23:13:32.587 | INFO     | __main__:log_requests:44 - GET /api/dept/tree -> 200 (0.009s)
2026-07-12 23:13:32.608 | INFO     | __main__:log_requests:44 - GET /api/asset/list -> 200 (0.006s)
2026-07-12 23:13:37.250 | INFO     | __main__:log_requests:44 - GET /api/asset/4 -> 200 (0.005s)
2026-07-12 23:13:38.950 | INFO     | __main__:log_requests:44 - GET /api/asset/list -> 200 (0.005s)
2026-07-12 23:13:43.819 | INFO     | __main__:log_requests:44 - POST /api/repair/submit -> 200 (0.114s)
2026-07-12 23:13:46.666 | INFO     | __main__:log_requests:44 - GET /api/asset/list -> 200 (0.005s)
2026-07-12 23:13:51.869 | INFO     | __main__:log_requests:44 - GET /api/asset/category/list -> 200 (0.007s)
2026-07-12 23:13:51.872 | INFO     | __main__:log_requests:44 - GET /api/asset/status/list -> 200 (0.009s)
2026-07-12 23:13:51.873 | INFO     | __main__:log_requests:44 - GET /api/dept/tree -> 200 (0.009s)
2026-07-12 23:13:51.908 | INFO     | __main__:log_requests:44 - GET /api/asset/list -> 200 (0.007s)
2026-07-12 23:13:55.028 | INFO     | __main__:log_requests:44 - GET /api/asset/list -> 200 (0.006s)
2026-07-12 23:13:55.036 | INFO     | __main__:log_requests:44 - GET /api/asset/list -> 200 (0.005s)
2026-07-12 23:13:57.020 | INFO     | __main__:log_requests:44 - GET /api/asset/4 -> 200 (0.005s)
2026-07-12 23:14:04.924 | INFO     | __main__:log_requests:44 - POST /api/auth/login -> 200 (0.227s)
2026-07-12 23:14:04.931 | INFO     | __main__:log_requests:44 - GET /api/user/profile -> 200 (0.006s)
2026-07-12 23:14:04.945 | INFO     | __main__:log_requests:44 - GET /api/user/perms -> 200 (0.004s)
2026-07-12 23:14:04.980 | INFO     | __main__:log_requests:44 - GET /api/asset/status/list -> 200 (0.003s)
2026-07-12 23:14:04.990 | INFO     | __main__:log_requests:44 - GET /api/dept/tree -> 200 (0.005s)
2026-07-12 23:14:05.014 | INFO     | __main__:log_requests:44 - GET /api/apply/pending -> 200 (0.006s)
2026-07-12 23:14:05.036 | INFO     | __main__:log_requests:44 - GET /api/report/asset -> 200 (0.028s)
2026-07-12 23:14:05.036 | INFO     | __main__:log_requests:44 - GET /api/report/dashboard -> 200 (0.030s)
2026-07-12 23:14:07.045 | INFO     | __main__:log_requests:44 - GET /api/asset/status/list -> 200 (0.004s)
2026-07-12 23:14:07.050 | INFO     | __main__:log_requests:44 - GET /api/dept/tree -> 200 (0.003s)
2026-07-12 23:14:07.065 | INFO     | __main__:log_requests:44 - GET /api/apply/pending -> 200 (0.008s)
2026-07-12 23:14:07.097 | INFO     | __main__:log_requests:44 - GET /api/report/dashboard -> 200 (0.037s)
2026-07-12 23:14:07.098 | INFO     | __main__:log_requests:44 - GET /api/report/asset -> 200 (0.037s)
2026-07-12 23:14:14.022 | INFO     | __main__:log_requests:44 - GET /api/apply/pending -> 200 (0.004s)
2026-07-12 23:14:14.028 | INFO     | __main__:log_requests:44 - GET /api/repair/list -> 200 (0.004s)
2026-07-12 23:14:17.951 | INFO     | __main__:log_requests:44 - GET /api/repair/9 -> 200 (0.006s)
2026-07-12 23:14:23.287 | INFO     | __main__:log_requests:44 - GET /api/asset/status/list -> 200 (0.004s)
2026-07-12 23:14:23.293 | INFO     | __main__:log_requests:44 - GET /api/dept/tree -> 200 (0.003s)
2026-07-12 23:14:23.309 | INFO     | __main__:log_requests:44 - GET /api/apply/pending -> 200 (0.006s)
2026-07-12 23:14:23.334 | INFO     | __main__:log_requests:44 - GET /api/report/dashboard -> 200 (0.031s)
2026-07-12 23:14:23.334 | INFO     | __main__:log_requests:44 - GET /api/report/asset -> 200 (0.031s)
2026-07-12 23:14:28.803 | INFO     | __main__:log_requests:44 - GET /api/apply/pending -> 200 (0.005s)
2026-07-12 23:14:28.813 | INFO     | __main__:log_requests:44 - GET /api/repair/list -> 200 (0.005s)
2026-07-12 23:14:30.692 | INFO     | __main__:log_requests:44 - GET /api/repair/9 -> 200 (0.005s)
2026-07-12 23:14:33.902 | INFO     | __main__:log_requests:44 - PUT /api/repair/college-approve -> 200 (0.038s)
2026-07-12 23:14:35.302 | INFO     | __main__:log_requests:44 - GET /api/apply/pending -> 200 (0.005s)
2026-07-12 23:14:35.309 | INFO     | __main__:log_requests:44 - GET /api/repair/list -> 200 (0.004s)
2026-07-12 23:14:39.271 | INFO     | __main__:log_requests:44 - POST /api/auth/login -> 200 (0.231s)
2026-07-12 23:14:39.293 | INFO     | __main__:log_requests:44 - GET /api/user/profile -> 200 (0.006s)
2026-07-12 23:14:39.307 | INFO     | __main__:log_requests:44 - GET /api/user/perms -> 200 (0.004s)
2026-07-12 23:14:39.337 | INFO     | __main__:log_requests:44 - GET /api/asset/status/list -> 200 (0.004s)
2026-07-12 23:14:39.353 | INFO     | __main__:log_requests:44 - GET /api/dept/tree -> 200 (0.003s)
2026-07-12 23:14:39.389 | INFO     | __main__:log_requests:44 - GET /api/report/dashboard -> 200 (0.020s)
2026-07-12 23:14:39.389 | INFO     | __main__:log_requests:44 - GET /api/apply/pending -> 200 (0.019s)
2026-07-12 23:14:39.399 | INFO     | __main__:log_requests:44 - GET /api/report/asset -> 200 (0.031s)
2026-07-12 23:14:41.972 | INFO     | __main__:log_requests:44 - GET /api/apply/pending -> 200 (0.005s)
2026-07-12 23:14:41.986 | INFO     | __main__:log_requests:44 - GET /api/repair/list -> 200 (0.005s)
2026-07-12 23:14:43.761 | INFO     | __main__:log_requests:44 - GET /api/repair/9 -> 200 (0.006s)
2026-07-12 23:14:48.009 | INFO     | __main__:log_requests:44 - PUT /api/repair/school-approve -> 200 (0.038s)
2026-07-12 23:14:49.202 | INFO     | __main__:log_requests:44 - GET /api/apply/pending -> 200 (0.005s)
2026-07-12 23:14:49.216 | INFO     | __main__:log_requests:44 - GET /api/repair/list -> 200 (0.006s)
2026-07-12 23:14:51.394 | INFO     | __main__:log_requests:44 - GET /api/repair/9 -> 200 (0.006s)
2026-07-12 23:14:57.944 | INFO     | __main__:log_requests:44 - GET /api/apply/approved -> 200 (0.008s)
2026-07-12 23:14:57.958 | INFO     | __main__:log_requests:44 - GET /api/repair/list -> 200 (0.008s)
2026-07-12 23:15:00.204 | INFO     | __main__:log_requests:44 - GET /api/repair/7 -> 200 (0.006s)
2026-07-12 23:15:04.720 | INFO     | __main__:log_requests:44 - GET /api/asset/list -> 200 (0.017s)
2026-07-12 23:15:04.720 | INFO     | __main__:log_requests:44 - GET /api/apply/my -> 200 (0.017s)
2026-07-12 23:15:04.720 | INFO     | __main__:log_requests:44 - GET /api/repair/list -> 200 (0.016s)
2026-07-12 23:15:05.910 | INFO     | __main__:log_requests:44 - GET /api/asset/category/list -> 200 (0.009s)
2026-07-12 23:15:05.911 | INFO     | __main__:log_requests:44 - GET /api/asset/status/list -> 200 (0.009s)
2026-07-12 23:15:05.911 | INFO     | __main__:log_requests:44 - GET /api/dept/tree -> 200 (0.009s)
2026-07-12 23:15:05.938 | INFO     | __main__:log_requests:44 - GET /api/asset/list -> 200 (0.007s)
2026-07-12 23:15:06.928 | INFO     | __main__:log_requests:44 - GET /api/asset/status/list -> 200 (0.003s)
2026-07-12 23:15:06.946 | INFO     | __main__:log_requests:44 - GET /api/dept/tree -> 200 (0.003s)
2026-07-12 23:15:06.968 | INFO     | __main__:log_requests:44 - GET /api/apply/pending -> 200 (0.015s)
2026-07-12 23:15:06.969 | INFO     | __main__:log_requests:44 - GET /api/report/dashboard -> 200 (0.018s)
2026-07-12 23:15:06.980 | INFO     | __main__:log_requests:44 - GET /api/report/asset -> 200 (0.029s)
2026-07-12 23:16:37.398 | INFO     | __main__:log_requests:44 - GET /api/asset/category/list -> 200 (0.009s)
2026-07-12 23:16:37.400 | INFO     | __main__:log_requests:44 - GET /api/asset/status/list -> 200 (0.010s)
2026-07-12 23:16:37.400 | INFO     | __main__:log_requests:44 - GET /api/dept/tree -> 200 (0.010s)
2026-07-12 23:16:37.427 | INFO     | __main__:log_requests:44 - GET /api/asset/list -> 200 (0.007s)
2026-07-12 23:16:38.981 | INFO     | __main__:log_requests:44 - GET /api/asset/list -> 200 (0.006s)
2026-07-12 23:16:38.988 | INFO     | __main__:log_requests:44 - GET /api/asset/list -> 200 (0.005s)
2026-07-12 23:16:50.376 | INFO     | __main__:log_requests:44 - GET /api/asset/4 -> 200 (0.006s)
2026-07-12 23:16:54.733 | INFO     | __main__:log_requests:44 - GET /api/asset/category/list -> 200 (0.009s)
2026-07-12 23:16:54.733 | INFO     | __main__:log_requests:44 - GET /api/dept/tree -> 200 (0.008s)
2026-07-12 23:16:54.733 | INFO     | __main__:log_requests:44 - GET /api/asset/status/list -> 200 (0.009s)
2026-07-12 23:16:54.758 | INFO     | __main__:log_requests:44 - GET /api/asset/list -> 200 (0.006s)
2026-07-12 23:16:57.735 | INFO     | __main__:log_requests:44 - GET /api/asset/list -> 200 (0.015s)
2026-07-12 23:16:57.735 | INFO     | __main__:log_requests:44 - GET /api/apply/my -> 200 (0.015s)
2026-07-12 23:16:57.735 | INFO     | __main__:log_requests:44 - GET /api/repair/list -> 200 (0.015s)
2026-07-12 23:17:02.177 | INFO     | __main__:log_requests:44 - GET /api/apply/pending -> 200 (0.005s)
2026-07-12 23:17:02.187 | INFO     | __main__:log_requests:44 - GET /api/repair/list -> 200 (0.005s)
2026-07-12 23:17:05.055 | INFO     | __main__:log_requests:44 - GET /api/repair/9 -> 200 (0.006s)
2026-07-12 23:17:40.796 | INFO     | __main__:log_requests:44 - POST /api/auth/login -> 200 (0.193s)
2026-07-12 23:17:44.482 | INFO     | __main__:log_requests:44 - POST /api/auth/login -> 200 (0.240s)
2026-07-12 23:17:44.490 | INFO     | __main__:log_requests:44 - GET /api/user/profile -> 200 (0.006s)
2026-07-12 23:17:44.497 | INFO     | __main__:log_requests:44 - GET /api/user/perms -> 200 (0.003s)
2026-07-12 23:17:44.537 | INFO     | __main__:log_requests:44 - GET /api/asset/status/list -> 200 (0.004s)
2026-07-12 23:17:44.557 | INFO     | __main__:log_requests:44 - GET /api/dept/tree -> 200 (0.003s)
2026-07-12 23:17:44.574 | INFO     | __main__:log_requests:44 - GET /api/repair/list -> 200 (0.006s)
2026-07-12 23:17:49.144 | INFO     | __main__:log_requests:44 - GET /api/repair/7 -> 200 (0.008s)
2026-07-12 23:17:54.721 | INFO     | __main__:log_requests:44 - GET /api/asset/status/list -> 200 (0.003s)
2026-07-12 23:17:54.740 | INFO     | __main__:log_requests:44 - GET /api/dept/tree -> 200 (0.004s)
2026-07-12 23:17:54.748 | INFO     | __main__:log_requests:44 - GET /api/repair/list -> 200 (0.006s)
2026-07-12 23:18:01.019 | INFO     | __main__:log_requests:44 - GET /api/apply/pending -> 403 (0.001s)
2026-07-12 23:18:04.582 | INFO     | __main__:log_requests:44 - GET /api/asset/category/list -> 200 (0.007s)
2026-07-12 23:18:04.585 | INFO     | __main__:log_requests:44 - GET /api/asset/status/list -> 200 (0.008s)
2026-07-12 23:18:04.585 | INFO     | __main__:log_requests:44 - GET /api/dept/tree -> 200 (0.008s)
2026-07-12 23:18:04.610 | INFO     | __main__:log_requests:44 - GET /api/asset/list -> 200 (0.007s)
2026-07-12 23:18:08.753 | INFO     | __main__:log_requests:44 - GET /api/apply/my -> 200 (0.015s)
2026-07-12 23:18:08.753 | INFO     | __main__:log_requests:44 - GET /api/asset/list -> 200 (0.016s)
2026-07-12 23:18:08.753 | INFO     | __main__:log_requests:44 - GET /api/repair/list -> 200 (0.016s)
2026-07-12 23:18:16.169 | INFO     | __main__:log_requests:44 - GET /api/repair/7 -> 200 (0.006s)
2026-07-12 23:19:03.522 | INFO     | __main__:log_requests:44 - GET /api/asset/list -> 200 (0.015s)
2026-07-12 23:19:03.522 | INFO     | __main__:log_requests:44 - GET /api/apply/my -> 200 (0.015s)
2026-07-12 23:19:03.522 | INFO     | __main__:log_requests:44 - GET /api/repair/list -> 200 (0.015s)
2026-07-12 23:19:15.591 | INFO     | __main__:log_requests:44 - GET /api/apply/pending -> 403 (0.001s)
2026-07-12 23:19:30.984 | INFO     | __main__:log_requests:44 - GET /api/asset/status/list -> 200 (0.004s)
2026-07-12 23:19:30.989 | INFO     | __main__:log_requests:44 - GET /api/dept/tree -> 200 (0.003s)
2026-07-12 23:19:31.005 | INFO     | __main__:log_requests:44 - GET /api/repair/list -> 200 (0.005s)
2026-07-12 23:19:31.665 | INFO     | __main__:log_requests:44 - GET /api/asset/category/list -> 200 (0.009s)
2026-07-12 23:19:31.665 | INFO     | __main__:log_requests:44 - GET /api/asset/status/list -> 200 (0.009s)
2026-07-12 23:19:31.666 | INFO     | __main__:log_requests:44 - GET /api/dept/tree -> 200 (0.009s)
2026-07-12 23:19:31.694 | INFO     | __main__:log_requests:44 - GET /api/asset/list -> 200 (0.009s)
2026-07-12 23:19:32.336 | INFO     | __main__:log_requests:44 - GET /api/repair/list -> 200 (0.013s)
2026-07-12 23:19:32.336 | INFO     | __main__:log_requests:44 - GET /api/asset/list -> 200 (0.014s)
2026-07-12 23:19:32.336 | INFO     | __main__:log_requests:44 - GET /api/apply/my -> 200 (0.014s)
2026-07-12 23:20:50.757 | INFO     | __main__:log_requests:44 - POST /api/auth/login -> 200 (0.246s)
2026-07-12 23:20:50.767 | INFO     | __main__:log_requests:44 - GET /api/user/profile -> 200 (0.007s)
2026-07-12 23:20:50.777 | INFO     | __main__:log_requests:44 - GET /api/user/perms -> 200 (0.005s)
2026-07-12 23:20:50.824 | INFO     | __main__:log_requests:44 - GET /api/asset/status/list -> 200 (0.005s)
2026-07-12 23:20:50.833 | INFO     | __main__:log_requests:44 - GET /api/dept/tree -> 200 (0.003s)
2026-07-12 23:20:50.859 | INFO     | __main__:log_requests:44 - GET /api/report/dashboard -> 200 (0.021s)
2026-07-12 23:20:50.859 | INFO     | __main__:log_requests:44 - GET /api/apply/pending -> 200 (0.019s)
2026-07-12 23:20:50.877 | INFO     | __main__:log_requests:44 - GET /api/report/asset -> 200 (0.034s)
2026-07-12 23:20:54.274 | INFO     | __main__:log_requests:44 - GET /api/apply/pending -> 200 (0.006s)
2026-07-12 23:20:54.288 | INFO     | __main__:log_requests:44 - GET /api/repair/list -> 200 (0.006s)
2026-07-12 23:23:07.167 | INFO     | __main__:log_requests:44 - GET /api/user/profile -> 200 (0.009s)
2026-07-12 23:23:07.185 | INFO     | __main__:log_requests:44 - GET /api/user/perms -> 200 (0.006s)
2026-07-12 23:23:07.363 | INFO     | __main__:log_requests:44 - GET /api/apply/pending -> 200 (0.007s)
2026-07-12 23:23:07.379 | INFO     | __main__:log_requests:44 - GET /api/repair/list -> 200 (0.007s)
2026-07-12 23:27:05.897 | INFO     | __main__:<module>:63 - Gateway starting on port 9900, PID=10624
2026-07-12 23:27:51.681 | INFO     | __main__:log_requests:44 - GET /api/apply/pending -> 200 (0.162s)
2026-07-12 23:27:51.719 | INFO     | __main__:log_requests:44 - GET /api/repair/list -> 200 (0.027s)
2026-07-12 23:27:53.405 | INFO     | __main__:log_requests:44 - GET /api/user/profile -> 200 (0.047s)
2026-07-12 23:27:53.420 | INFO     | __main__:log_requests:44 - GET /api/user/perms -> 200 (0.011s)
2026-07-12 23:27:53.544 | INFO     | __main__:log_requests:44 - GET /api/apply/pending -> 200 (0.005s)
2026-07-12 23:27:53.551 | INFO     | __main__:log_requests:44 - GET /api/repair/list -> 200 (0.006s)
2026-07-12 23:28:00.732 | INFO     | __main__:log_requests:44 - GET /api/asset/status/list -> 200 (0.022s)
2026-07-12 23:28:00.732 | INFO     | __main__:log_requests:44 - GET /api/dept/tree -> 200 (0.004s)
2026-07-12 23:28:00.815 | INFO     | __main__:log_requests:44 - GET /api/report/dashboard -> 200 (0.073s)
2026-07-12 23:28:00.815 | INFO     | __main__:log_requests:44 - GET /api/apply/pending -> 200 (0.070s)
2026-07-12 23:28:00.840 | INFO     | __main__:log_requests:44 - GET /api/repair/list -> 200 (0.090s)
2026-07-12 23:28:00.841 | INFO     | __main__:log_requests:44 - GET /api/report/asset -> 200 (0.092s)
2026-07-12 23:28:07.822 | INFO     | __main__:log_requests:44 - GET /api/apply/my -> 200 (0.016s)
2026-07-12 23:28:07.822 | INFO     | __main__:log_requests:44 - GET /api/asset/list -> 200 (0.018s)
2026-07-12 23:28:07.822 | INFO     | __main__:log_requests:44 - GET /api/repair/list -> 200 (0.015s)
2026-07-12 23:28:09.030 | INFO     | __main__:log_requests:44 - GET /api/dept/tree -> 200 (0.026s)
2026-07-12 23:28:09.030 | INFO     | __main__:log_requests:44 - GET /api/asset/status/list -> 200 (0.026s)
2026-07-12 23:28:09.030 | INFO     | __main__:log_requests:44 - GET /api/asset/category/list -> 200 (0.028s)
2026-07-12 23:28:09.058 | INFO     | __main__:log_requests:44 - GET /api/asset/list -> 200 (0.007s)
2026-07-12 23:28:10.928 | INFO     | __main__:log_requests:44 - GET /api/apply/my -> 200 (0.014s)
2026-07-12 23:28:10.928 | INFO     | __main__:log_requests:44 - GET /api/asset/list -> 200 (0.015s)
2026-07-12 23:28:10.928 | INFO     | __main__:log_requests:44 - GET /api/repair/list -> 200 (0.014s)
2026-07-12 23:28:14.353 | INFO     | __main__:log_requests:44 - GET /api/apply/approved -> 200 (0.010s)
2026-07-12 23:28:14.353 | INFO     | __main__:log_requests:44 - GET /api/repair/list -> 200 (0.010s)
2026-07-12 23:28:22.458 | INFO     | __main__:log_requests:44 - GET /api/apply/pending -> 200 (0.005s)
2026-07-12 23:28:22.465 | INFO     | __main__:log_requests:44 - GET /api/repair/list -> 200 (0.005s)
2026-07-12 23:29:10.911 | INFO     | __main__:<module>:63 - Gateway starting on port 9900, PID=2444
2026-07-12 23:29:15.205 | INFO     | __main__:log_requests:44 - GET /api/user/profile -> 200 (0.145s)
2026-07-12 23:29:15.237 | INFO     | __main__:log_requests:44 - GET /api/user/perms -> 200 (0.027s)
2026-07-12 23:29:15.370 | INFO     | __main__:log_requests:44 - GET /api/apply/pending -> 200 (0.024s)
2026-07-12 23:29:15.402 | INFO     | __main__:log_requests:44 - GET /api/repair/list -> 200 (0.028s)
2026-07-12 23:29:54.247 | INFO     | __main__:log_requests:44 - GET /api/user/profile -> 200 (0.008s)
2026-07-12 23:29:54.256 | INFO     | __main__:log_requests:44 - GET /api/user/perms -> 200 (0.004s)
2026-07-12 23:29:54.348 | INFO     | __main__:log_requests:44 - GET /api/apply/pending -> 200 (0.006s)
2026-07-12 23:29:54.355 | INFO     | __main__:log_requests:44 - GET /api/repair/list -> 200 (0.008s)
2026-07-12 23:29:56.828 | INFO     | __main__:log_requests:44 - GET /api/repair/9 -> 200 (0.029s)
2026-07-12 23:30:14.211 | INFO     | __main__:log_requests:44 - GET /api/user/repairers -> 200 (0.004s)
2026-07-12 23:30:34.402 | INFO     | __main__:log_requests:44 - PUT /api/repair/dispatch -> 200 (0.072s)
2026-07-12 23:30:34.598 | INFO     | __main__:log_requests:44 - GET /api/apply/pending -> 200 (0.005s)
2026-07-12 23:30:34.607 | INFO     | __main__:log_requests:44 - GET /api/repair/list -> 200 (0.006s)
2026-07-12 23:30:37.824 | INFO     | __main__:log_requests:44 - GET /api/dept/tree -> 200 (0.023s)
2026-07-12 23:30:37.824 | INFO     | __main__:log_requests:44 - GET /api/user/list -> 200 (0.023s)
2026-07-12 23:30:37.860 | INFO     | __main__:log_requests:44 - GET /api/check/task/list -> 200 (0.024s)
2026-07-12 23:30:39.345 | INFO     | __main__:log_requests:44 - GET /api/apply/pending -> 200 (0.005s)
2026-07-12 23:30:39.359 | INFO     | __main__:log_requests:44 - GET /api/repair/list -> 200 (0.006s)
2026-07-12 23:30:41.025 | INFO     | __main__:log_requests:44 - GET /api/apply/approved -> 200 (0.012s)
2026-07-12 23:30:41.025 | INFO     | __main__:log_requests:44 - GET /api/repair/list -> 200 (0.011s)
2026-07-12 23:30:43.436 | INFO     | __main__:log_requests:44 - GET /api/repair/7 -> 200 (0.008s)
2026-07-12 23:30:45.571 | INFO     | __main__:log_requests:44 - GET /api/apply/pending -> 200 (0.005s)
2026-07-12 23:30:45.584 | INFO     | __main__:log_requests:44 - GET /api/repair/list -> 200 (0.006s)
2026-07-12 23:30:48.328 | INFO     | __main__:log_requests:44 - GET /api/repair/list -> 200 (0.009s)
2026-07-12 23:30:48.328 | INFO     | __main__:log_requests:44 - GET /api/apply/approved -> 200 (0.011s)
2026-07-12 23:30:54.941 | INFO     | __main__:log_requests:44 - GET /api/asset/status/list -> 200 (0.018s)
2026-07-12 23:30:54.943 | INFO     | __main__:log_requests:44 - GET /api/dept/tree -> 200 (0.003s)
2026-07-12 23:30:55.048 | INFO     | __main__:log_requests:44 - GET /api/report/dashboard -> 200 (0.088s)
2026-07-12 23:30:55.054 | INFO     | __main__:log_requests:44 - GET /api/apply/pending -> 200 (0.086s)
2026-07-12 23:30:55.054 | INFO     | __main__:log_requests:44 - GET /api/repair/list -> 200 (0.086s)
2026-07-12 23:30:55.082 | INFO     | __main__:log_requests:44 - GET /api/report/asset -> 200 (0.115s)
2026-07-12 23:31:01.950 | INFO     | __main__:log_requests:44 - POST /api/auth/login -> 200 (0.232s)
2026-07-12 23:31:01.960 | INFO     | __main__:log_requests:44 - GET /api/user/profile -> 200 (0.005s)
2026-07-12 23:31:01.968 | INFO     | __main__:log_requests:44 - GET /api/user/perms -> 200 (0.004s)
2026-07-12 23:31:01.998 | INFO     | __main__:log_requests:44 - GET /api/asset/status/list -> 200 (0.004s)
2026-07-12 23:31:02.011 | INFO     | __main__:log_requests:44 - GET /api/dept/tree -> 200 (0.005s)
2026-07-12 23:31:02.024 | INFO     | __main__:log_requests:44 - GET /api/repair/list -> 200 (0.006s)
2026-07-12 23:31:05.257 | INFO     | __main__:log_requests:44 - GET /api/repair/9 -> 200 (0.008s)
2026-07-12 23:31:14.055 | INFO     | __main__:log_requests:44 - PUT /api/repair/accept -> 200 (0.038s)
2026-07-12 23:31:14.240 | INFO     | __main__:log_requests:44 - GET /api/apply/pending -> 403 (0.001s)
2026-07-12 23:31:18.030 | INFO     | __main__:log_requests:44 - GET /api/asset/status/list -> 200 (0.003s)
2026-07-12 23:31:18.043 | INFO     | __main__:log_requests:44 - GET /api/dept/tree -> 200 (0.004s)
2026-07-12 23:31:18.057 | INFO     | __main__:log_requests:44 - GET /api/repair/list -> 200 (0.005s)
2026-07-12 23:31:20.682 | INFO     | __main__:log_requests:44 - GET /api/repair/9 -> 200 (0.005s)
2026-07-12 23:31:44.154 | INFO     | __main__:log_requests:44 - PUT /api/repair/update-repair -> 200 (0.032s)
2026-07-12 23:31:44.167 | INFO     | __main__:log_requests:44 - GET /api/repair/9 -> 200 (0.006s)
2026-07-12 23:31:54.955 | INFO     | __main__:log_requests:44 - PUT /api/repair/update-repair -> 200 (0.018s)
2026-07-12 23:31:54.990 | INFO     | __main__:log_requests:44 - PUT /api/repair/finish -> 200 (0.034s)
2026-07-12 23:31:55.168 | INFO     | __main__:log_requests:44 - GET /api/apply/pending -> 403 (0.001s)
2026-07-12 23:31:57.016 | INFO     | __main__:log_requests:44 - GET /api/asset/list -> 200 (0.008s)
2026-07-12 23:31:57.025 | INFO     | __main__:log_requests:44 - GET /api/apply/my -> 200 (0.017s)
2026-07-12 23:31:57.025 | INFO     | __main__:log_requests:44 - GET /api/repair/list -> 200 (0.017s)
2026-07-12 23:32:06.805 | INFO     | __main__:log_requests:44 - GET /api/repair/9 -> 200 (0.006s)
2026-07-12 23:32:12.030 | INFO     | __main__:log_requests:44 - POST /api/auth/login -> 200 (0.237s)
2026-07-12 23:32:12.050 | INFO     | __main__:log_requests:44 - GET /api/user/profile -> 200 (0.006s)
2026-07-12 23:32:12.058 | INFO     | __main__:log_requests:44 - GET /api/user/perms -> 200 (0.005s)
2026-07-12 23:32:12.092 | INFO     | __main__:log_requests:44 - GET /api/asset/status/list -> 200 (0.004s)
2026-07-12 23:32:12.105 | INFO     | __main__:log_requests:44 - GET /api/dept/tree -> 200 (0.003s)
2026-07-12 23:32:12.135 | INFO     | __main__:log_requests:44 - GET /api/report/dashboard -> 200 (0.021s)
2026-07-12 23:32:12.141 | INFO     | __main__:log_requests:44 - GET /api/apply/pending -> 200 (0.023s)
2026-07-12 23:32:12.141 | INFO     | __main__:log_requests:44 - GET /api/repair/list -> 200 (0.023s)
2026-07-12 23:32:12.156 | INFO     | __main__:log_requests:44 - GET /api/report/asset -> 200 (0.040s)
2026-07-12 23:32:13.897 | INFO     | __main__:log_requests:44 - GET /api/repair/9 -> 200 (0.007s)
2026-07-12 23:32:16.746 | INFO     | __main__:log_requests:44 - PUT /api/repair/acceptance -> 200 (0.050s)
2026-07-12 23:32:16.927 | INFO     | __main__:log_requests:44 - GET /api/apply/pending -> 200 (0.005s)
2026-07-12 23:32:16.949 | INFO     | __main__:log_requests:44 - GET /api/repair/list -> 200 (0.005s)
2026-07-12 23:32:19.617 | INFO     | __main__:log_requests:44 - GET /api/apply/pending -> 200 (0.005s)
2026-07-12 23:32:19.624 | INFO     | __main__:log_requests:44 - GET /api/repair/list -> 200 (0.004s)
2026-07-12 23:32:21.138 | INFO     | __main__:log_requests:44 - GET /api/repair/list -> 200 (0.009s)
2026-07-12 23:32:21.138 | INFO     | __main__:log_requests:44 - GET /api/apply/approved -> 200 (0.010s)
2026-07-12 23:32:24.239 | INFO     | __main__:log_requests:44 - GET /api/repair/9 -> 200 (0.006s)
2026-07-12 23:34:14.076 | INFO     | __main__:log_requests:44 - GET /api/asset/list -> 200 (0.023s)
2026-07-12 23:34:14.076 | INFO     | __main__:log_requests:44 - GET /api/apply/my -> 200 (0.023s)
2026-07-12 23:34:14.076 | INFO     | __main__:log_requests:44 - GET /api/repair/list -> 200 (0.023s)
2026-07-12 23:34:14.921 | INFO     | __main__:log_requests:44 - GET /api/asset/category/list -> 200 (0.084s)
2026-07-12 23:34:14.921 | INFO     | __main__:log_requests:44 - GET /api/asset/status/list -> 200 (0.084s)
2026-07-12 23:34:14.921 | INFO     | __main__:log_requests:44 - GET /api/dept/tree -> 200 (0.084s)
2026-07-12 23:34:14.951 | INFO     | __main__:log_requests:44 - GET /api/asset/list -> 200 (0.006s)
2026-07-12 23:34:16.346 | INFO     | __main__:log_requests:44 - GET /api/asset/status/list -> 200 (0.004s)
2026-07-12 23:34:16.360 | INFO     | __main__:log_requests:44 - GET /api/dept/tree -> 200 (0.004s)
2026-07-12 23:34:16.380 | INFO     | __main__:log_requests:44 - GET /api/report/dashboard -> 200 (0.018s)
2026-07-12 23:34:16.380 | INFO     | __main__:log_requests:44 - GET /api/apply/pending -> 200 (0.017s)
2026-07-12 23:34:16.401 | INFO     | __main__:log_requests:44 - GET /api/repair/list -> 200 (0.022s)
2026-07-12 23:34:16.401 | INFO     | __main__:log_requests:44 - GET /api/report/asset -> 200 (0.035s)
2026-07-12 23:34:19.317 | INFO     | __main__:log_requests:44 - GET /api/dept/tree -> 200 (0.022s)
2026-07-12 23:34:19.317 | INFO     | __main__:log_requests:44 - GET /api/user/list -> 200 (0.022s)
2026-07-12 23:34:19.330 | INFO     | __main__:log_requests:44 - GET /api/check/task/list -> 200 (0.007s)
2026-07-12 23:34:24.842 | INFO     | __main__:log_requests:44 - POST /api/auth/login -> 200 (0.224s)
2026-07-12 23:34:24.849 | INFO     | __main__:log_requests:44 - GET /api/user/profile -> 200 (0.006s)
2026-07-12 23:34:24.868 | INFO     | __main__:log_requests:44 - GET /api/user/perms -> 200 (0.004s)
2026-07-12 23:34:24.900 | INFO     | __main__:log_requests:44 - GET /api/asset/status/list -> 200 (0.004s)
2026-07-12 23:34:24.914 | INFO     | __main__:log_requests:44 - GET /api/dept/tree -> 200 (0.003s)
2026-07-12 23:34:24.940 | INFO     | __main__:log_requests:44 - GET /api/apply/pending -> 200 (0.012s)
2026-07-12 23:34:24.940 | INFO     | __main__:log_requests:44 - GET /api/repair/list -> 200 (0.012s)
2026-07-12 23:34:24.969 | INFO     | __main__:log_requests:44 - GET /api/report/dashboard -> 200 (0.040s)
2026-07-12 23:34:24.969 | INFO     | __main__:log_requests:44 - GET /api/report/asset -> 200 (0.040s)
2026-07-12 23:34:25.684 | INFO     | __main__:log_requests:44 - GET /api/dept/tree -> 200 (0.013s)
2026-07-12 23:34:25.684 | INFO     | __main__:log_requests:44 - GET /api/user/list -> 200 (0.013s)
2026-07-12 23:34:25.696 | INFO     | __main__:log_requests:44 - GET /api/check/task/list -> 200 (0.006s)
2026-07-12 23:34:35.462 | INFO     | __main__:log_requests:44 - POST /api/auth/login -> 200 (0.227s)
2026-07-12 23:34:35.481 | INFO     | __main__:log_requests:44 - GET /api/user/profile -> 200 (0.006s)
2026-07-12 23:34:35.484 | INFO     | __main__:log_requests:44 - GET /api/user/perms -> 200 (0.004s)
2026-07-12 23:34:35.522 | INFO     | __main__:log_requests:44 - GET /api/asset/status/list -> 200 (0.004s)
2026-07-12 23:34:35.533 | INFO     | __main__:log_requests:44 - GET /api/dept/tree -> 200 (0.003s)
2026-07-12 23:34:35.568 | INFO     | __main__:log_requests:44 - GET /api/report/dashboard -> 200 (0.023s)
2026-07-12 23:34:35.568 | INFO     | __main__:log_requests:44 - GET /api/apply/pending -> 200 (0.022s)
2026-07-12 23:34:35.568 | INFO     | __main__:log_requests:44 - GET /api/repair/list -> 200 (0.022s)
2026-07-12 23:34:35.580 | INFO     | __main__:log_requests:44 - GET /api/report/asset -> 200 (0.035s)
2026-07-12 23:34:36.352 | INFO     | __main__:log_requests:44 - GET /api/user/list -> 200 (0.026s)
2026-07-12 23:34:36.352 | INFO     | __main__:log_requests:44 - GET /api/dept/tree -> 200 (0.027s)
2026-07-12 23:34:36.377 | INFO     | __main__:log_requests:44 - GET /api/check/task/list -> 200 (0.007s)
2026-07-12 23:35:23.755 | INFO     | __main__:log_requests:44 - POST /api/check/task -> 200 (0.047s)
2026-07-12 23:35:23.770 | INFO     | __main__:log_requests:44 - GET /api/check/task/list -> 200 (0.007s)
2026-07-12 23:35:29.271 | INFO     | __main__:log_requests:44 - PUT /api/check/task/4/start -> 200 (0.053s)
2026-07-12 23:35:29.287 | INFO     | __main__:log_requests:44 - GET /api/check/task/list -> 200 (0.007s)
2026-07-12 23:35:32.604 | INFO     | __main__:log_requests:44 - GET /api/asset/status/list -> 200 (0.004s)
2026-07-12 23:35:32.637 | INFO     | __main__:log_requests:44 - GET /api/check/sheet/4 -> 200 (0.024s)
2026-07-12 23:35:44.084 | INFO     | __main__:log_requests:44 - GET /api/dept/tree -> 200 (0.031s)
2026-07-12 23:35:44.084 | INFO     | __main__:log_requests:44 - GET /api/user/list -> 200 (0.032s)
2026-07-12 23:35:44.114 | INFO     | __main__:log_requests:44 - GET /api/check/task/list -> 200 (0.008s)
2026-07-12 23:35:46.606 | INFO     | __main__:log_requests:44 - GET /api/check/diff/4 -> 200 (0.025s)
2026-07-12 23:35:47.814 | INFO     | __main__:log_requests:44 - GET /api/user/list -> 200 (0.025s)
2026-07-12 23:35:47.814 | INFO     | __main__:log_requests:44 - GET /api/dept/tree -> 200 (0.026s)
2026-07-12 23:35:47.831 | INFO     | __main__:log_requests:44 - GET /api/check/task/list -> 200 (0.011s)
2026-07-12 23:35:50.813 | INFO     | __main__:log_requests:44 - GET /api/asset/status/list -> 200 (0.004s)
2026-07-12 23:35:50.820 | INFO     | __main__:log_requests:44 - GET /api/check/sheet/4 -> 200 (0.006s)
2026-07-12 23:35:53.010 | INFO     | __main__:log_requests:44 - POST /api/check/sheet/save -> 200 (0.032s)
2026-07-12 23:45:06.462 | INFO     | __main__:<module>:63 - Gateway starting on port 9900, PID=17740
2026-07-12 23:50:33.952 | INFO     | __main__:log_requests:44 - GET /api/user/profile -> 200 (0.144s)
2026-07-12 23:50:33.986 | INFO     | __main__:log_requests:44 - GET /api/user/perms -> 200 (0.023s)
2026-07-12 23:50:35.644 | INFO     | __main__:log_requests:44 - GET /api/user/profile -> 200 (0.009s)
2026-07-12 23:50:35.654 | INFO     | __main__:log_requests:44 - GET /api/user/perms -> 200 (0.005s)
2026-07-12 23:50:35.993 | INFO     | __main__:log_requests:44 - GET /api/asset/status/list -> 200 (0.021s)
2026-07-12 23:50:36.008 | INFO     | __main__:log_requests:44 - GET /api/dept/tree -> 200 (0.004s)
2026-07-12 23:50:36.118 | INFO     | __main__:log_requests:44 - GET /api/apply/pending -> 200 (0.103s)
2026-07-12 23:50:36.137 | INFO     | __main__:log_requests:44 - GET /api/repair/list -> 200 (0.128s)
2026-07-12 23:50:36.137 | INFO     | __main__:log_requests:44 - GET /api/report/dashboard -> 200 (0.131s)
2026-07-12 23:50:36.137 | INFO     | __main__:log_requests:44 - GET /api/report/asset -> 200 (0.131s)
2026-07-12 23:50:47.344 | INFO     | __main__:log_requests:44 - GET /api/user/profile -> 200 (0.010s)
2026-07-12 23:50:47.356 | INFO     | __main__:log_requests:44 - GET /api/user/perms -> 200 (0.006s)
2026-07-12 23:50:47.744 | INFO     | __main__:log_requests:44 - GET /api/asset/status/list -> 200 (0.004s)
2026-07-12 23:50:47.756 | INFO     | __main__:log_requests:44 - GET /api/dept/tree -> 200 (0.004s)
2026-07-12 23:50:47.775 | INFO     | __main__:log_requests:44 - GET /api/apply/pending -> 200 (0.011s)
2026-07-12 23:50:47.775 | INFO     | __main__:log_requests:44 - GET /api/repair/list -> 200 (0.012s)
2026-07-12 23:50:47.800 | INFO     | __main__:log_requests:44 - GET /api/report/dashboard -> 200 (0.042s)
2026-07-12 23:50:47.800 | INFO     | __main__:log_requests:44 - GET /api/report/asset -> 200 (0.041s)
2026-07-12 23:50:49.530 | INFO     | __main__:log_requests:44 - GET /api/dept/tree -> 200 (0.005s)
2026-07-12 23:50:49.554 | INFO     | __main__:log_requests:44 - GET /api/user/list -> 200 (0.027s)
2026-07-12 23:50:49.583 | INFO     | __main__:log_requests:44 - GET /api/check/task/list -> 200 (0.025s)
2026-07-12 23:50:52.533 | INFO     | __main__:log_requests:44 - GET /api/user/profile -> 200 (0.010s)
2026-07-12 23:50:52.543 | INFO     | __main__:log_requests:44 - GET /api/user/perms -> 200 (0.005s)
2026-07-12 23:50:52.824 | INFO     | __main__:log_requests:44 - GET /api/role/list -> 200 (0.033s)
2026-07-12 23:50:52.824 | INFO     | __main__:log_requests:44 - GET /api/dept/tree -> 200 (0.032s)
2026-07-12 23:50:52.859 | INFO     | __main__:log_requests:44 - GET /api/user/list -> 200 (0.024s)
2026-07-12 23:50:55.837 | INFO     | __main__:log_requests:44 - GET /api/user/profile -> 200 (0.009s)
2026-07-12 23:50:55.845 | INFO     | __main__:log_requests:44 - GET /api/user/perms -> 200 (0.004s)
2026-07-12 23:50:56.098 | INFO     | __main__:log_requests:44 - GET /api/asset/list -> 200 (0.012s)
2026-07-12 23:50:56.109 | INFO     | __main__:log_requests:44 - GET /api/apply/my -> 200 (0.023s)
2026-07-12 23:50:56.109 | INFO     | __main__:log_requests:44 - GET /api/repair/list -> 200 (0.023s)
2026-07-12 23:50:58.475 | INFO     | __main__:log_requests:44 - GET /api/user/profile -> 200 (0.010s)
2026-07-12 23:50:58.485 | INFO     | __main__:log_requests:44 - GET /api/user/perms -> 200 (0.005s)
2026-07-12 23:50:58.809 | INFO     | __main__:log_requests:44 - GET /api/asset/category/list -> 200 (0.028s)
2026-07-12 23:50:58.810 | INFO     | __main__:log_requests:44 - GET /api/asset/status/list -> 200 (0.028s)
2026-07-12 23:50:58.810 | INFO     | __main__:log_requests:44 - GET /api/dept/tree -> 200 (0.028s)
2026-07-12 23:50:58.849 | INFO     | __main__:log_requests:44 - GET /api/asset/list -> 200 (0.008s)
2026-07-12 23:51:00.263 | INFO     | __main__:log_requests:44 - GET /api/user/list -> 200 (0.026s)
2026-07-12 23:51:00.263 | INFO     | __main__:log_requests:44 - GET /api/dept/tree -> 200 (0.026s)
2026-07-12 23:51:00.278 | INFO     | __main__:log_requests:44 - GET /api/check/task/list -> 200 (0.007s)
2026-07-12 23:51:05.973 | INFO     | __main__:log_requests:44 - GET /api/user/profile -> 200 (0.010s)
2026-07-12 23:51:05.983 | INFO     | __main__:log_requests:44 - GET /api/user/perms -> 200 (0.004s)
2026-07-12 23:51:06.152 | INFO     | __main__:log_requests:44 - GET /api/asset/status/list -> 200 (0.005s)
2026-07-12 23:51:06.173 | INFO     | __main__:log_requests:44 - GET /api/check/sheet/4 -> 200 (0.016s)
2026-07-12 23:51:15.909 | INFO     | __main__:log_requests:44 - GET /api/dept/tree -> 200 (0.024s)
2026-07-12 23:51:15.909 | INFO     | __main__:log_requests:44 - GET /api/user/list -> 200 (0.024s)
2026-07-12 23:51:15.921 | INFO     | __main__:log_requests:44 - GET /api/check/task/list -> 200 (0.007s)
2026-07-12 23:51:21.726 | INFO     | __main__:log_requests:44 - GET /api/asset/status/list -> 200 (0.003s)
2026-07-12 23:51:21.741 | INFO     | __main__:log_requests:44 - GET /api/check/sheet/4 -> 200 (0.006s)
2026-07-12 23:51:25.020 | INFO     | __main__:log_requests:44 - POST /api/check/diff/analyze -> 200 (0.007s)
2026-07-12 23:52:52.242 | INFO     | __main__:log_requests:44 - GET /api/user/profile -> 200 (0.008s)
2026-07-12 23:52:52.292 | INFO     | __main__:log_requests:44 - GET /api/user/perms -> 200 (0.005s)
2026-07-12 23:52:52.447 | INFO     | __main__:log_requests:44 - GET /api/asset/status/list -> 200 (0.005s)
2026-07-12 23:52:52.466 | INFO     | __main__:log_requests:44 - GET /api/check/sheet/4 -> 200 (0.006s)
2026-07-12 23:53:04.448 | INFO     | __main__:log_requests:44 - GET /api/user/profile -> 200 (0.008s)
2026-07-12 23:53:04.476 | INFO     | __main__:log_requests:44 - GET /api/user/perms -> 200 (0.006s)
2026-07-12 23:53:04.712 | INFO     | __main__:log_requests:44 - GET /api/asset/status/list -> 200 (0.005s)
2026-07-12 23:53:04.728 | INFO     | __main__:log_requests:44 - GET /api/check/sheet/4 -> 200 (0.006s)
2026-07-12 23:53:13.760 | INFO     | __main__:log_requests:44 - GET /api/user/profile -> 200 (0.008s)
2026-07-12 23:53:13.790 | INFO     | __main__:log_requests:44 - GET /api/user/perms -> 200 (0.006s)
2026-07-12 23:53:15.381 | INFO     | __main__:log_requests:44 - GET /api/user/profile -> 200 (0.009s)
2026-07-12 23:53:15.428 | INFO     | __main__:log_requests:44 - GET /api/user/perms -> 200 (0.008s)
2026-07-12 23:53:15.689 | INFO     | __main__:log_requests:44 - GET /api/asset/status/list -> 200 (0.005s)
2026-07-12 23:53:15.708 | INFO     | __main__:log_requests:44 - GET /api/check/sheet/4 -> 200 (0.007s)
2026-07-12 23:53:18.311 | INFO     | __main__:log_requests:44 - GET /api/user/profile -> 200 (0.008s)
2026-07-12 23:53:18.357 | INFO     | __main__:log_requests:44 - GET /api/user/perms -> 200 (0.005s)
2026-07-12 23:53:18.524 | INFO     | __main__:log_requests:44 - GET /api/asset/status/list -> 200 (0.005s)
2026-07-12 23:53:18.538 | INFO     | __main__:log_requests:44 - GET /api/check/sheet/4 -> 200 (0.007s)
2026-07-12 23:53:25.217 | INFO     | __main__:log_requests:44 - GET /api/user/profile -> 200 (0.009s)
2026-07-12 23:53:25.252 | INFO     | __main__:log_requests:44 - GET /api/user/perms -> 200 (0.006s)
2026-07-12 23:53:25.406 | INFO     | __main__:log_requests:44 - GET /api/asset/status/list -> 200 (0.004s)
2026-07-12 23:53:25.426 | INFO     | __main__:log_requests:44 - GET /api/check/sheet/4 -> 200 (0.007s)
2026-07-12 23:54:12.713 | INFO     | __main__:log_requests:44 - GET /api/user/profile -> 200 (0.006s)
2026-07-12 23:54:12.734 | INFO     | __main__:log_requests:44 - GET /api/user/perms -> 200 (0.006s)
2026-07-12 23:54:14.083 | INFO     | __main__:log_requests:44 - GET /api/user/profile -> 200 (0.008s)
2026-07-12 23:54:14.094 | INFO     | __main__:log_requests:44 - GET /api/user/perms -> 200 (0.004s)
2026-07-12 23:54:14.252 | INFO     | __main__:log_requests:44 - GET /api/asset/status/list -> 200 (0.005s)
2026-07-12 23:54:14.266 | INFO     | __main__:log_requests:44 - GET /api/check/sheet/4 -> 200 (0.007s)
2026-07-12 23:55:42.711 | INFO     | __main__:log_requests:44 - GET /api/user/profile -> 200 (0.008s)
2026-07-12 23:55:42.753 | INFO     | __main__:log_requests:44 - GET /api/user/perms -> 200 (0.008s)
2026-07-12 23:57:47.395 | INFO     | __main__:log_requests:44 - GET /api/user/profile -> 200 (0.007s)
2026-07-12 23:57:47.417 | INFO     | __main__:log_requests:44 - GET /api/user/perms -> 200 (0.005s)
2026-07-12 23:57:48.842 | INFO     | __main__:log_requests:44 - GET /api/user/profile -> 200 (0.008s)
2026-07-12 23:57:48.864 | INFO     | __main__:log_requests:44 - GET /api/user/perms -> 200 (0.006s)
2026-07-12 23:57:49.084 | INFO     | __main__:log_requests:44 - GET /api/asset/status/list -> 200 (0.005s)
2026-07-12 23:57:49.108 | INFO     | __main__:log_requests:44 - GET /api/check/sheet/4 -> 200 (0.012s)
2026-07-13 00:05:33.278 | INFO     | __main__:log_requests:44 - GET /api/user/profile -> 200 (0.012s)
2026-07-13 00:05:33.309 | INFO     | __main__:log_requests:44 - GET /api/user/perms -> 200 (0.006s)
2026-07-13 00:05:33.859 | INFO     | __main__:log_requests:44 - GET /api/asset/status/list -> 200 (0.005s)
2026-07-13 00:05:33.875 | INFO     | __main__:log_requests:44 - GET /api/check/sheet/4 -> 200 (0.007s)
2026-07-13 00:05:38.964 | INFO     | __main__:log_requests:44 - GET /api/user/profile -> 200 (0.012s)
2026-07-13 00:05:39.002 | INFO     | __main__:log_requests:44 - GET /api/user/perms -> 200 (0.007s)
2026-07-13 00:05:39.167 | INFO     | __main__:log_requests:44 - GET /api/asset/status/list -> 200 (0.005s)
2026-07-13 00:05:39.183 | INFO     | __main__:log_requests:44 - GET /api/check/sheet/4 -> 200 (0.008s)
2026-07-13 00:05:50.260 | INFO     | __main__:log_requests:44 - GET /api/user/profile -> 200 (0.008s)
2026-07-13 00:05:50.290 | INFO     | __main__:log_requests:44 - GET /api/user/perms -> 200 (0.006s)
2026-07-13 00:05:50.543 | INFO     | __main__:log_requests:44 - GET /api/asset/status/list -> 200 (0.005s)
2026-07-13 00:05:50.561 | INFO     | __main__:log_requests:44 - GET /api/check/sheet/4 -> 200 (0.007s)
2026-07-13 00:05:53.220 | INFO     | __main__:log_requests:44 - GET /api/user/profile -> 200 (0.008s)
2026-07-13 00:05:53.253 | INFO     | __main__:log_requests:44 - GET /api/user/perms -> 200 (0.005s)
2026-07-13 00:05:53.425 | INFO     | __main__:log_requests:44 - GET /api/asset/status/list -> 200 (0.005s)
2026-07-13 00:05:53.439 | INFO     | __main__:log_requests:44 - GET /api/check/sheet/4 -> 200 (0.007s)
2026-07-13 00:09:57.348 | INFO     | __main__:log_requests:44 - GET /api/user/profile -> 200 (0.007s)
2026-07-13 00:09:57.376 | INFO     | __main__:log_requests:44 - GET /api/user/perms -> 200 (0.006s)
2026-07-13 00:09:59.451 | INFO     | __main__:log_requests:44 - GET /api/user/profile -> 200 (0.008s)
2026-07-13 00:09:59.481 | INFO     | __main__:log_requests:44 - GET /api/user/perms -> 200 (0.005s)
2026-07-13 00:09:59.960 | INFO     | __main__:log_requests:44 - GET /api/asset/status/list -> 200 (0.006s)
2026-07-13 00:09:59.984 | INFO     | __main__:log_requests:44 - GET /api/dept/tree -> 200 (0.006s)
2026-07-13 00:10:00.157 | INFO     | __main__:log_requests:44 - GET /api/report/dashboard -> 200 (0.161s)
2026-07-13 00:10:00.158 | INFO     | __main__:log_requests:44 - GET /api/report/asset -> 200 (0.158s)
2026-07-13 00:10:00.159 | INFO     | __main__:log_requests:44 - GET /api/apply/pending -> 200 (0.156s)
2026-07-13 00:10:00.159 | INFO     | __main__:log_requests:44 - GET /api/repair/list -> 200 (0.156s)
2026-07-13 00:10:41.321 | INFO     | __main__:log_requests:44 - GET /api/user/profile -> 200 (0.008s)
2026-07-13 00:10:41.339 | INFO     | __main__:log_requests:44 - GET /api/user/perms -> 200 (0.005s)
2026-07-13 00:10:42.870 | INFO     | __main__:log_requests:44 - GET /api/user/profile -> 200 (0.009s)
2026-07-13 00:10:42.881 | INFO     | __main__:log_requests:44 - GET /api/user/perms -> 200 (0.005s)
2026-07-13 00:10:43.217 | INFO     | __main__:log_requests:44 - GET /api/asset/status/list -> 200 (0.004s)
2026-07-13 00:10:43.234 | INFO     | __main__:log_requests:44 - GET /api/dept/tree -> 200 (0.004s)
2026-07-13 00:10:43.272 | INFO     | __main__:log_requests:44 - GET /api/apply/pending -> 200 (0.028s)
2026-07-13 00:10:43.272 | INFO     | __main__:log_requests:44 - GET /api/report/dashboard -> 200 (0.031s)
2026-07-13 00:10:43.288 | INFO     | __main__:log_requests:44 - GET /api/repair/list -> 200 (0.042s)
2026-07-13 00:10:43.289 | INFO     | __main__:log_requests:44 - GET /api/report/asset -> 200 (0.045s)
2026-07-13 00:10:46.556 | INFO     | __main__:log_requests:44 - GET /api/user/profile -> 200 (0.013s)
2026-07-13 00:10:46.570 | INFO     | __main__:log_requests:44 - GET /api/user/perms -> 200 (0.007s)
2026-07-13 00:10:46.970 | INFO     | __main__:log_requests:44 - GET /api/asset/status/list -> 200 (0.004s)
2026-07-13 00:10:46.987 | INFO     | __main__:log_requests:44 - GET /api/dept/tree -> 200 (0.003s)
2026-07-13 00:10:47.008 | INFO     | __main__:log_requests:44 - GET /api/apply/pending -> 200 (0.011s)
2026-07-13 00:10:47.009 | INFO     | __main__:log_requests:44 - GET /api/repair/list -> 200 (0.012s)
2026-07-13 00:10:47.042 | INFO     | __main__:log_requests:44 - GET /api/report/asset -> 200 (0.046s)
2026-07-13 00:10:47.043 | INFO     | __main__:log_requests:44 - GET /api/report/dashboard -> 200 (0.048s)
2026-07-13 00:10:50.020 | INFO     | __main__:log_requests:44 - GET /api/user/profile -> 200 (0.014s)
2026-07-13 00:10:50.034 | INFO     | __main__:log_requests:44 - GET /api/user/perms -> 200 (0.007s)
2026-07-13 00:10:50.376 | INFO     | __main__:log_requests:44 - GET /api/asset/status/list -> 200 (0.003s)
2026-07-13 00:10:50.392 | INFO     | __main__:log_requests:44 - GET /api/dept/tree -> 200 (0.003s)
2026-07-13 00:10:50.411 | INFO     | __main__:log_requests:44 - GET /api/repair/list -> 200 (0.010s)
2026-07-13 00:10:50.411 | INFO     | __main__:log_requests:44 - GET /api/apply/pending -> 200 (0.011s)
2026-07-13 00:10:50.439 | INFO     | __main__:log_requests:44 - GET /api/report/dashboard -> 200 (0.039s)
2026-07-13 00:10:50.440 | INFO     | __main__:log_requests:44 - GET /api/report/asset -> 200 (0.039s)
2026-07-13 00:10:51.309 | INFO     | __main__:log_requests:44 - GET /api/dept/tree -> 200 (0.010s)
2026-07-13 00:10:51.309 | INFO     | __main__:log_requests:44 - GET /api/asset/status/list -> 200 (0.011s)
2026-07-13 00:10:51.309 | INFO     | __main__:log_requests:44 - GET /api/asset/category/list -> 200 (0.011s)
2026-07-13 00:10:51.348 | INFO     | __main__:log_requests:44 - GET /api/asset/list -> 200 (0.009s)
2026-07-13 00:10:52.157 | INFO     | __main__:log_requests:44 - GET /api/repair/list -> 200 (0.018s)
2026-07-13 00:10:52.157 | INFO     | __main__:log_requests:44 - GET /api/asset/list -> 200 (0.019s)
2026-07-13 00:10:52.158 | INFO     | __main__:log_requests:44 - GET /api/apply/my -> 200 (0.019s)
2026-07-13 00:10:55.772 | INFO     | __main__:log_requests:44 - GET /api/dept/tree -> 200 (0.009s)
2026-07-13 00:10:55.772 | INFO     | __main__:log_requests:44 - GET /api/asset/status/list -> 200 (0.010s)
2026-07-13 00:10:55.773 | INFO     | __main__:log_requests:44 - GET /api/asset/category/list -> 200 (0.011s)
2026-07-13 00:10:55.815 | INFO     | __main__:log_requests:44 - GET /api/asset/list -> 200 (0.007s)
2026-07-13 00:11:00.291 | INFO     | __main__:log_requests:44 - GET /api/asset/list -> 200 (0.010s)
2026-07-13 00:11:00.305 | INFO     | __main__:log_requests:44 - GET /api/apply/my -> 200 (0.022s)
2026-07-13 00:11:00.306 | INFO     | __main__:log_requests:44 - GET /api/repair/list -> 200 (0.015s)
2026-07-13 00:11:05.794 | INFO     | __main__:log_requests:44 - GET /api/user/profile -> 200 (0.008s)
2026-07-13 00:11:05.803 | INFO     | __main__:log_requests:44 - GET /api/user/perms -> 200 (0.005s)
2026-07-13 00:11:06.020 | INFO     | __main__:log_requests:44 - GET /api/apply/pending -> 200 (0.006s)
2026-07-13 00:11:06.032 | INFO     | __main__:log_requests:44 - GET /api/repair/list -> 200 (0.007s)
2026-07-13 00:11:07.666 | INFO     | __main__:log_requests:44 - GET /api/repair/list -> 200 (0.014s)
2026-07-13 00:11:07.668 | INFO     | __main__:log_requests:44 - GET /api/apply/approved -> 200 (0.017s)
2026-07-13 00:11:11.337 | INFO     | __main__:log_requests:44 - GET /api/user/profile -> 200 (0.011s)
2026-07-13 00:11:11.349 | INFO     | __main__:log_requests:44 - GET /api/user/perms -> 200 (0.005s)
2026-07-13 00:11:11.734 | INFO     | __main__:log_requests:44 - GET /api/dept/tree -> 200 (0.014s)
2026-07-13 00:11:11.735 | INFO     | __main__:log_requests:44 - GET /api/role/list -> 200 (0.016s)
2026-07-13 00:11:11.795 | INFO     | __main__:log_requests:44 - GET /api/user/list -> 200 (0.029s)
2026-07-13 00:11:12.983 | INFO     | __main__:log_requests:44 - GET /api/user/list -> 200 (0.027s)
2026-07-13 00:11:12.983 | INFO     | __main__:log_requests:44 - GET /api/dept/tree -> 200 (0.028s)
2026-07-13 00:11:12.998 | INFO     | __main__:log_requests:44 - GET /api/check/task/list -> 200 (0.008s)
2026-07-13 00:11:42.791 | INFO     | __main__:log_requests:44 - GET /api/user/profile -> 200 (0.012s)
2026-07-13 00:11:42.806 | INFO     | __main__:log_requests:44 - GET /api/user/perms -> 200 (0.007s)
2026-07-13 00:11:42.986 | INFO     | __main__:log_requests:44 - GET /api/asset/status/list -> 200 (0.005s)
2026-07-13 00:11:43.000 | INFO     | __main__:log_requests:44 - GET /api/check/sheet/4 -> 200 (0.008s)
2026-07-13 00:13:15.774 | INFO     | __main__:log_requests:44 - GET /api/dept/tree -> 200 (0.034s)
2026-07-13 00:13:15.776 | INFO     | __main__:log_requests:44 - GET /api/user/list -> 200 (0.034s)
2026-07-13 00:13:15.797 | INFO     | __main__:log_requests:44 - GET /api/check/task/list -> 200 (0.008s)
2026-07-13 00:13:18.210 | INFO     | __main__:log_requests:44 - GET /api/asset/status/list -> 200 (0.004s)
2026-07-13 00:13:18.224 | INFO     | __main__:log_requests:44 - GET /api/check/sheet/4 -> 200 (0.007s)
2026-07-13 00:15:42.804 | INFO     | __main__:log_requests:44 - GET /api/asset/status/list -> 200 (0.004s)
2026-07-13 00:15:42.821 | INFO     | __main__:log_requests:44 - GET /api/check/sheet/4 -> 200 (0.006s)
2026-07-13 00:21:00.319 | INFO     | __main__:log_requests:44 - GET /api/user/profile -> 200 (0.008s)
2026-07-13 00:21:00.378 | INFO     | __main__:log_requests:44 - GET /api/user/perms -> 200 (0.006s)
2026-07-13 00:21:00.704 | INFO     | __main__:log_requests:44 - GET /api/dept/tree -> 200 (0.028s)
2026-07-13 00:21:00.705 | INFO     | __main__:log_requests:44 - GET /api/user/list -> 200 (0.028s)
2026-07-13 00:21:00.723 | INFO     | __main__:log_requests:44 - GET /api/check/task/list -> 200 (0.008s)
2026-07-13 00:21:05.307 | INFO     | __main__:log_requests:44 - GET /api/user/profile -> 200 (0.015s)
2026-07-13 00:21:05.355 | INFO     | __main__:log_requests:44 - GET /api/user/perms -> 200 (0.008s)
2026-07-13 00:21:05.769 | INFO     | __main__:log_requests:44 - GET /api/dept/tree -> 200 (0.006s)
2026-07-13 00:21:05.815 | INFO     | __main__:log_requests:44 - GET /api/user/list -> 200 (0.047s)
2026-07-13 00:21:05.839 | INFO     | __main__:log_requests:44 - GET /api/check/task/list -> 200 (0.012s)
2026-07-13 00:22:14.706 | INFO     | __main__:log_requests:44 - GET /api/user/profile -> 200 (0.010s)
2026-07-13 00:22:14.724 | INFO     | __main__:log_requests:44 - GET /api/user/perms -> 200 (0.008s)
2026-07-13 00:22:16.320 | INFO     | __main__:log_requests:44 - GET /api/user/profile -> 200 (0.007s)
2026-07-13 00:22:16.335 | INFO     | __main__:log_requests:44 - GET /api/user/perms -> 200 (0.005s)
2026-07-13 00:22:16.690 | INFO     | __main__:log_requests:44 - GET /api/dept/tree -> 200 (0.038s)
2026-07-13 00:22:16.691 | INFO     | __main__:log_requests:44 - GET /api/user/list -> 200 (0.037s)
2026-07-13 00:22:16.711 | INFO     | __main__:log_requests:44 - GET /api/check/task/list -> 200 (0.010s)
2026-07-13 00:22:25.032 | INFO     | __main__:log_requests:44 - GET /api/user/profile -> 200 (0.007s)
2026-07-13 00:22:25.047 | INFO     | __main__:log_requests:44 - GET /api/user/perms -> 200 (0.005s)
2026-07-13 00:22:25.457 | INFO     | __main__:log_requests:44 - GET /api/user/list -> 200 (0.032s)
2026-07-13 00:22:25.457 | INFO     | __main__:log_requests:44 - GET /api/dept/tree -> 200 (0.033s)
2026-07-13 00:22:25.479 | INFO     | __main__:log_requests:44 - GET /api/check/task/list -> 200 (0.010s)
2026-07-13 00:22:29.439 | INFO     | __main__:log_requests:44 - GET /api/user/profile -> 200 (0.008s)
2026-07-13 00:22:29.473 | INFO     | __main__:log_requests:44 - GET /api/user/perms -> 200 (0.009s)
2026-07-13 00:22:29.866 | INFO     | __main__:log_requests:44 - GET /api/dept/tree -> 200 (0.032s)
2026-07-13 00:22:29.866 | INFO     | __main__:log_requests:44 - GET /api/user/list -> 200 (0.032s)
2026-07-13 00:22:29.885 | INFO     | __main__:log_requests:44 - GET /api/check/task/list -> 200 (0.009s)
2026-07-13 00:22:33.172 | INFO     | __main__:log_requests:44 - GET /api/user/profile -> 200 (0.008s)
2026-07-13 00:22:33.191 | INFO     | __main__:log_requests:44 - GET /api/user/perms -> 200 (0.007s)
2026-07-13 00:22:33.623 | INFO     | __main__:log_requests:44 - GET /api/user/list -> 200 (0.044s)
2026-07-13 00:22:33.624 | INFO     | __main__:log_requests:44 - GET /api/dept/tree -> 200 (0.049s)
2026-07-13 00:22:33.676 | INFO     | __main__:log_requests:44 - GET /api/check/task/list -> 200 (0.018s)
2026-07-13 00:22:35.954 | INFO     | __main__:log_requests:44 - GET /api/user/profile -> 200 (0.007s)
2026-07-13 00:22:35.967 | INFO     | __main__:log_requests:44 - GET /api/user/perms -> 200 (0.006s)
2026-07-13 00:22:36.417 | INFO     | __main__:log_requests:44 - GET /api/asset/status/list -> 200 (0.004s)
2026-07-13 00:22:36.438 | INFO     | __main__:log_requests:44 - GET /api/dept/tree -> 200 (0.006s)
2026-07-13 00:22:36.479 | INFO     | __main__:log_requests:44 - GET /api/report/dashboard -> 200 (0.031s)
2026-07-13 00:22:36.499 | INFO     | __main__:log_requests:44 - GET /api/apply/pending -> 200 (0.046s)
2026-07-13 00:22:36.500 | INFO     | __main__:log_requests:44 - GET /api/report/asset -> 200 (0.049s)
2026-07-13 00:22:36.500 | INFO     | __main__:log_requests:44 - GET /api/repair/list -> 200 (0.046s)
2026-07-13 00:22:38.926 | INFO     | __main__:log_requests:44 - GET /api/user/profile -> 200 (0.010s)
2026-07-13 00:22:38.949 | INFO     | __main__:log_requests:44 - GET /api/user/perms -> 200 (0.008s)
2026-07-13 00:22:39.418 | INFO     | __main__:log_requests:44 - GET /api/asset/category/list -> 200 (0.006s)
2026-07-13 00:22:39.427 | INFO     | __main__:log_requests:44 - GET /api/asset/status/list -> 200 (0.013s)
2026-07-13 00:22:39.427 | INFO     | __main__:log_requests:44 - GET /api/dept/tree -> 200 (0.010s)
2026-07-13 00:22:39.489 | INFO     | __main__:log_requests:44 - GET /api/asset/list -> 200 (0.010s)
2026-07-13 00:22:40.465 | INFO     | __main__:log_requests:44 - GET /api/repair/list -> 200 (0.018s)
2026-07-13 00:22:40.466 | INFO     | __main__:log_requests:44 - GET /api/asset/list -> 200 (0.020s)
2026-07-13 00:22:40.466 | INFO     | __main__:log_requests:44 - GET /api/apply/my -> 200 (0.020s)
2026-07-13 00:22:42.614 | INFO     | __main__:log_requests:44 - GET /api/dept/tree -> 200 (0.010s)
2026-07-13 00:22:42.614 | INFO     | __main__:log_requests:44 - GET /api/role/list -> 200 (0.011s)
2026-07-13 00:22:42.664 | INFO     | __main__:log_requests:44 - GET /api/user/list -> 200 (0.028s)
2026-07-13 00:22:44.246 | INFO     | __main__:log_requests:44 - GET /api/apply/pending -> 200 (0.006s)
2026-07-13 00:22:44.265 | INFO     | __main__:log_requests:44 - GET /api/repair/list -> 200 (0.011s)
2026-07-13 00:22:46.175 | INFO     | __main__:log_requests:44 - GET /api/repair/list -> 200 (0.011s)
2026-07-13 00:22:46.175 | INFO     | __main__:log_requests:44 - GET /api/apply/approved -> 200 (0.013s)
2026-07-13 00:22:47.352 | INFO     | __main__:log_requests:44 - GET /api/role/list -> 200 (0.008s)
2026-07-13 00:22:47.357 | INFO     | __main__:log_requests:44 - GET /api/dept/tree -> 200 (0.005s)
2026-07-13 00:22:47.396 | INFO     | __main__:log_requests:44 - GET /api/user/list -> 200 (0.026s)
2026-07-13 00:22:48.312 | INFO     | __main__:log_requests:44 - GET /api/user/list -> 200 (0.033s)
2026-07-13 00:22:48.312 | INFO     | __main__:log_requests:44 - GET /api/dept/tree -> 200 (0.034s)
2026-07-13 00:22:48.332 | INFO     | __main__:log_requests:44 - GET /api/check/task/list -> 200 (0.008s)
2026-07-13 00:22:50.351 | INFO     | __main__:log_requests:44 - GET /api/asset/status/list -> 200 (0.004s)
2026-07-13 00:22:50.366 | INFO     | __main__:log_requests:44 - GET /api/check/sheet/4 -> 200 (0.009s)
2026-07-13 00:23:47.293 | INFO     | __main__:log_requests:44 - GET /api/user/profile -> 200 (0.007s)
2026-07-13 00:23:47.336 | INFO     | __main__:log_requests:44 - GET /api/user/perms -> 200 (0.004s)
2026-07-13 00:23:47.496 | INFO     | __main__:log_requests:44 - GET /api/asset/status/list -> 200 (0.007s)
2026-07-13 00:23:47.515 | INFO     | __main__:log_requests:44 - GET /api/check/sheet/4 -> 200 (0.008s)
2026-07-13 00:23:52.261 | INFO     | __main__:log_requests:44 - GET /api/user/profile -> 200 (0.008s)
2026-07-13 00:23:52.296 | INFO     | __main__:log_requests:44 - GET /api/user/perms -> 200 (0.007s)
2026-07-13 00:23:52.503 | INFO     | __main__:log_requests:44 - GET /api/asset/status/list -> 200 (0.006s)
2026-07-13 00:23:52.527 | INFO     | __main__:log_requests:44 - GET /api/check/sheet/4 -> 200 (0.010s)
2026-07-13 00:23:56.625 | INFO     | __main__:log_requests:44 - GET /api/user/profile -> 200 (0.007s)
2026-07-13 00:23:56.653 | INFO     | __main__:log_requests:44 - GET /api/user/perms -> 200 (0.005s)
2026-07-13 00:23:58.386 | INFO     | __main__:log_requests:44 - GET /api/user/profile -> 200 (0.008s)
2026-07-13 00:23:58.416 | INFO     | __main__:log_requests:44 - GET /api/user/perms -> 200 (0.006s)
2026-07-13 00:23:58.661 | INFO     | __main__:log_requests:44 - GET /api/asset/status/list -> 200 (0.006s)
2026-07-13 00:23:58.680 | INFO     | __main__:log_requests:44 - GET /api/check/sheet/4 -> 200 (0.007s)
2026-07-13 00:23:59.457 | INFO     | __main__:log_requests:44 - GET /api/user/profile -> 200 (0.008s)
2026-07-13 00:23:59.508 | INFO     | __main__:log_requests:44 - GET /api/user/perms -> 200 (0.007s)
2026-07-13 00:23:59.745 | INFO     | __main__:log_requests:44 - GET /api/asset/status/list -> 200 (0.004s)
2026-07-13 00:23:59.760 | INFO     | __main__:log_requests:44 - GET /api/check/sheet/4 -> 200 (0.007s)
2026-07-13 00:24:55.337 | INFO     | __main__:log_requests:44 - GET /api/user/profile -> 200 (0.010s)
2026-07-13 00:24:55.357 | INFO     | __main__:log_requests:44 - GET /api/user/perms -> 200 (0.006s)
2026-07-13 00:24:57.501 | INFO     | __main__:log_requests:44 - GET /api/user/profile -> 200 (0.008s)
2026-07-13 00:24:57.515 | INFO     | __main__:log_requests:44 - GET /api/user/perms -> 200 (0.006s)
2026-07-13 00:24:57.740 | INFO     | __main__:log_requests:44 - GET /api/asset/status/list -> 200 (0.005s)
2026-07-13 00:24:57.766 | INFO     | __main__:log_requests:44 - GET /api/check/sheet/4 -> 200 (0.009s)
2026-07-13 00:25:00.369 | INFO     | __main__:log_requests:44 - GET /api/user/profile -> 200 (0.008s)
2026-07-13 00:25:00.386 | INFO     | __main__:log_requests:44 - GET /api/user/perms -> 200 (0.006s)
2026-07-13 00:25:00.684 | INFO     | __main__:log_requests:44 - GET /api/asset/status/list -> 200 (0.007s)
2026-07-13 00:25:00.711 | INFO     | __main__:log_requests:44 - GET /api/check/sheet/4 -> 200 (0.012s)
2026-07-13 00:25:02.215 | INFO     | __main__:log_requests:44 - GET /api/asset/status/list -> 200 (0.004s)
2026-07-13 00:25:02.230 | INFO     | __main__:log_requests:44 - GET /api/dept/tree -> 200 (0.004s)
2026-07-13 00:25:02.263 | INFO     | __main__:log_requests:44 - GET /api/report/dashboard -> 200 (0.024s)
2026-07-13 00:25:02.276 | INFO     | __main__:log_requests:44 - GET /api/apply/pending -> 200 (0.034s)
2026-07-13 00:25:02.292 | INFO     | __main__:log_requests:44 - GET /api/repair/list -> 200 (0.049s)
2026-07-13 00:25:02.292 | INFO     | __main__:log_requests:44 - GET /api/report/asset -> 200 (0.051s)
2026-07-13 00:25:04.539 | INFO     | __main__:log_requests:44 - GET /api/user/profile -> 200 (0.014s)
2026-07-13 00:25:04.556 | INFO     | __main__:log_requests:44 - GET /api/user/perms -> 200 (0.006s)
2026-07-13 00:25:05.167 | INFO     | __main__:log_requests:44 - GET /api/asset/status/list -> 200 (0.004s)
2026-07-13 00:25:05.194 | INFO     | __main__:log_requests:44 - GET /api/dept/tree -> 200 (0.007s)
2026-07-13 00:25:05.266 | INFO     | __main__:log_requests:44 - GET /api/report/dashboard -> 200 (0.058s)
2026-07-13 00:25:05.267 | INFO     | __main__:log_requests:44 - GET /api/apply/pending -> 200 (0.056s)
2026-07-13 00:25:05.269 | INFO     | __main__:log_requests:44 - GET /api/repair/list -> 200 (0.056s)
2026-07-13 00:25:05.303 | INFO     | __main__:log_requests:44 - GET /api/report/asset -> 200 (0.092s)
2026-07-13 00:25:05.903 | INFO     | __main__:log_requests:44 - GET /api/user/profile -> 200 (0.007s)
2026-07-13 00:25:05.915 | INFO     | __main__:log_requests:44 - GET /api/user/perms -> 200 (0.005s)
2026-07-13 00:25:06.327 | INFO     | __main__:log_requests:44 - GET /api/asset/status/list -> 200 (0.003s)
2026-07-13 00:25:06.348 | INFO     | __main__:log_requests:44 - GET /api/dept/tree -> 200 (0.004s)
2026-07-13 00:25:06.384 | INFO     | __main__:log_requests:44 - GET /api/report/dashboard -> 200 (0.029s)
2026-07-13 00:25:06.386 | INFO     | __main__:log_requests:44 - GET /api/apply/pending -> 200 (0.027s)
2026-07-13 00:25:06.386 | INFO     | __main__:log_requests:44 - GET /api/repair/list -> 200 (0.027s)
2026-07-13 00:25:06.404 | INFO     | __main__:log_requests:44 - GET /api/report/asset -> 200 (0.045s)
2026-07-13 00:25:09.289 | INFO     | __main__:log_requests:44 - GET /api/user/profile -> 200 (0.010s)
2026-07-13 00:25:09.317 | INFO     | __main__:log_requests:44 - GET /api/user/perms -> 200 (0.010s)
2026-07-13 00:25:09.818 | INFO     | __main__:log_requests:44 - GET /api/asset/status/list -> 200 (0.004s)
2026-07-13 00:25:09.840 | INFO     | __main__:log_requests:44 - GET /api/dept/tree -> 200 (0.004s)
2026-07-13 00:25:09.901 | INFO     | __main__:log_requests:44 - GET /api/repair/list -> 200 (0.013s)
2026-07-13 00:25:09.902 | INFO     | __main__:log_requests:44 - GET /api/apply/pending -> 200 (0.015s)
2026-07-13 00:25:09.938 | INFO     | __main__:log_requests:44 - GET /api/report/dashboard -> 200 (0.052s)
2026-07-13 00:25:09.938 | INFO     | __main__:log_requests:44 - GET /api/report/asset -> 200 (0.051s)
2026-07-13 00:25:10.901 | INFO     | __main__:log_requests:44 - GET /api/dept/tree -> 200 (0.010s)
2026-07-13 00:25:10.901 | INFO     | __main__:log_requests:44 - GET /api/asset/status/list -> 200 (0.011s)
2026-07-13 00:25:10.902 | INFO     | __main__:log_requests:44 - GET /api/asset/category/list -> 200 (0.012s)
2026-07-13 00:25:10.958 | INFO     | __main__:log_requests:44 - GET /api/asset/list -> 200 (0.010s)
2026-07-13 00:25:11.766 | INFO     | __main__:log_requests:44 - GET /api/asset/list -> 200 (0.008s)
2026-07-13 00:25:11.779 | INFO     | __main__:log_requests:44 - GET /api/apply/my -> 200 (0.019s)
2026-07-13 00:25:11.779 | INFO     | __main__:log_requests:44 - GET /api/repair/list -> 200 (0.014s)
2026-07-13 00:25:13.096 | INFO     | __main__:log_requests:44 - GET /api/dept/tree -> 200 (0.009s)
2026-07-13 00:25:13.098 | INFO     | __main__:log_requests:44 - GET /api/role/list -> 200 (0.010s)
2026-07-13 00:25:13.147 | INFO     | __main__:log_requests:44 - GET /api/user/list -> 200 (0.031s)
2026-07-13 00:25:13.997 | INFO     | __main__:log_requests:44 - GET /api/user/list -> 200 (0.034s)
2026-07-13 00:25:13.998 | INFO     | __main__:log_requests:44 - GET /api/dept/tree -> 200 (0.035s)
2026-07-13 00:25:14.014 | INFO     | __main__:log_requests:44 - GET /api/check/task/list -> 200 (0.007s)
2026-07-13 00:25:16.340 | INFO     | __main__:log_requests:44 - GET /api/asset/status/list -> 200 (0.003s)
2026-07-13 00:25:16.357 | INFO     | __main__:log_requests:44 - GET /api/check/sheet/4 -> 200 (0.008s)
2026-07-13 00:25:57.834 | INFO     | __main__:log_requests:44 - GET /api/dept/tree -> 200 (0.005s)
2026-07-13 00:25:57.863 | INFO     | __main__:log_requests:44 - GET /api/user/list -> 200 (0.030s)
2026-07-13 00:25:57.885 | INFO     | __main__:log_requests:44 - GET /api/check/task/list -> 200 (0.009s)
2026-07-13 00:26:33.232 | INFO     | __main__:log_requests:44 - POST /api/check/task -> 200 (0.057s)
2026-07-13 00:26:33.250 | INFO     | __main__:log_requests:44 - GET /api/check/task/list -> 200 (0.008s)
2026-07-13 00:26:37.919 | INFO     | __main__:log_requests:44 - PUT /api/check/task/5/start -> 200 (0.111s)
2026-07-13 00:26:37.933 | INFO     | __main__:log_requests:44 - GET /api/check/task/list -> 200 (0.007s)
2026-07-13 00:26:39.050 | INFO     | __main__:log_requests:44 - GET /api/asset/status/list -> 200 (0.005s)
2026-07-13 00:26:39.067 | INFO     | __main__:log_requests:44 - GET /api/check/sheet/5 -> 200 (0.010s)
2026-07-13 00:29:16.160 | INFO     | __main__:log_requests:44 - GET /api/asset/status/list -> 200 (0.004s)
2026-07-13 00:29:16.177 | INFO     | __main__:log_requests:44 - GET /api/check/sheet/5 -> 200 (0.008s)
2026-07-13 00:29:54.843 | INFO     | __main__:log_requests:44 - POST /api/auth/login -> 200 (0.262s)
2026-07-13 00:29:54.855 | INFO     | __main__:log_requests:44 - GET /api/user/profile -> 200 (0.006s)
2026-07-13 00:29:54.875 | INFO     | __main__:log_requests:44 - GET /api/user/perms -> 200 (0.004s)
2026-07-13 00:29:55.124 | INFO     | __main__:log_requests:44 - GET /api/asset/status/list -> 200 (0.004s)
2026-07-13 00:29:55.144 | INFO     | __main__:log_requests:44 - GET /api/dept/tree -> 200 (0.005s)
2026-07-13 00:29:55.170 | INFO     | __main__:log_requests:44 - GET /api/apply/pending -> 200 (0.015s)
2026-07-13 00:29:55.171 | INFO     | __main__:log_requests:44 - GET /api/repair/list -> 200 (0.015s)
2026-07-13 00:29:55.209 | INFO     | __main__:log_requests:44 - GET /api/report/asset -> 200 (0.054s)
2026-07-13 00:29:55.210 | INFO     | __main__:log_requests:44 - GET /api/report/dashboard -> 200 (0.056s)
2026-07-13 00:29:56.748 | INFO     | __main__:log_requests:44 - GET /api/user/list -> 200 (0.017s)
2026-07-13 00:29:56.748 | INFO     | __main__:log_requests:44 - GET /api/dept/tree -> 200 (0.019s)
2026-07-13 00:29:56.771 | INFO     | __main__:log_requests:44 - GET /api/check/task/list -> 200 (0.012s)
2026-07-13 00:30:00.271 | INFO     | __main__:log_requests:44 - GET /api/asset/status/list -> 200 (0.004s)
2026-07-13 00:30:00.286 | INFO     | __main__:log_requests:44 - GET /api/check/sheet/5 -> 200 (0.007s)
2026-07-13 00:30:15.943 | INFO     | __main__:log_requests:44 - GET /api/user/profile -> 200 (0.009s)
2026-07-13 00:30:15.956 | INFO     | __main__:log_requests:44 - GET /api/user/perms -> 200 (0.005s)
2026-07-13 00:30:16.056 | INFO     | __main__:log_requests:44 - GET /api/asset/status/list -> 200 (0.004s)
2026-07-13 00:30:16.070 | INFO     | __main__:log_requests:44 - GET /api/check/sheet/5 -> 200 (0.007s)
2026-07-13 00:35:10.849 | INFO     | __main__:log_requests:44 - GET /api/user/profile -> 200 (0.016s)
2026-07-13 00:35:10.864 | INFO     | __main__:log_requests:44 - GET /api/user/perms -> 200 (0.008s)
2026-07-13 00:35:11.132 | INFO     | __main__:log_requests:44 - GET /api/user/profile -> 200 (0.012s)
2026-07-13 00:35:11.183 | INFO     | __main__:log_requests:44 - GET /api/user/perms -> 200 (0.007s)
2026-07-13 00:35:11.191 | INFO     | __main__:log_requests:44 - GET /api/asset/status/list -> 200 (0.006s)
2026-07-13 00:35:11.209 | INFO     | __main__:log_requests:44 - GET /api/check/sheet/5 -> 200 (0.009s)
2026-07-13 00:35:11.378 | INFO     | __main__:log_requests:44 - GET /api/asset/status/list -> 200 (0.005s)
2026-07-13 00:35:11.395 | INFO     | __main__:log_requests:44 - GET /api/check/sheet/5 -> 200 (0.008s)
