2026-07-12 13:41:51.403 | ERROR    | __main__:global_exception_handler:50 - Unhandled exception on POST /api/apply/borrow
Traceback (most recent call last):

  File "D:\__lybix__\_Codes\FAMS-NEPU\platform\server\services\svr_gateway\main.py", line 64, in <module>
    uvicorn.run(app, host="0.0.0.0", port=gateway_config.HTTP_PORT)
    │       │   │                         │              └ 9900
    │       │   │                         └ <services.svr_gateway.config.GatewayConfig object at 0x0000016918012E50>
    │       │   └ <fastapi.applications.FastAPI object at 0x0000016919F39FD0>
    │       └ <function run at 0x0000016916DCFD80>
    └ <module 'uvicorn' from 'D:\\__lybix__\\DEVTools\\miniconda3\\envs\\fams\\Lib\\site-packages\\uvicorn\\__init__.py'>

  File "D:\__lybix__\DEVTools\miniconda3\envs\fams\Lib\site-packages\uvicorn\main.py", line 621, in run
    server.run()
    │      └ <function Server.run at 0x0000016916F40860>
    └ <uvicorn.server.Server object at 0x0000016919D1C910>
  File "D:\__lybix__\DEVTools\miniconda3\envs\fams\Lib\site-packages\uvicorn\server.py", line 74, in run
    return asyncio_run(self.serve(sockets=sockets), loop_factory=self.config.get_loop_factory())
           │           │    │             │                      │    │      └ <function Config.get_loop_factory at 0x0000016916DCD1C0>
           │           │    │             │                      │    └ <uvicorn.config.Config object at 0x00000169199F3150>
           │           │    │             │                      └ <uvicorn.server.Server object at 0x0000016919D1C910>
           │           │    │             └ None
           │           │    └ <function Server.serve at 0x0000016916F40900>
           │           └ <uvicorn.server.Server object at 0x0000016919D1C910>
           └ <function asyncio_run at 0x0000016916D57740>
  File "D:\__lybix__\DEVTools\miniconda3\envs\fams\Lib\site-packages\uvicorn\_compat.py", line 30, in asyncio_run
    return runner.run(main)
           │      │   └ <coroutine object Server.serve at 0x0000016919F68220>
           │      └ <function Runner.run at 0x00000169167B3560>
           └ <asyncio.runners.Runner object at 0x0000016919E67490>
  File "D:\__lybix__\DEVTools\miniconda3\envs\fams\Lib\asyncio\runners.py", line 118, in run
    return self._loop.run_until_complete(task)
           │    │     │                  └ <Task pending name='Task-1' coro=<Server.serve() running at D:\__lybix__\DEVTools\miniconda3\envs\fams\Lib\site-packages\uvic...
           │    │     └ <function BaseEventLoop.run_until_complete at 0x00000169167B1120>
           │    └ <ProactorEventLoop running=True closed=False debug=False>
           └ <asyncio.runners.Runner object at 0x0000016919E67490>
  File "D:\__lybix__\DEVTools\miniconda3\envs\fams\Lib\asyncio\base_events.py", line 637, in run_until_complete
    self.run_forever()
    │    └ <function ProactorEventLoop.run_forever at 0x0000016916888860>
    └ <ProactorEventLoop running=True closed=False debug=False>
  File "D:\__lybix__\DEVTools\miniconda3\envs\fams\Lib\asyncio\windows_events.py", line 321, in run_forever
    super().run_forever()
  File "D:\__lybix__\DEVTools\miniconda3\envs\fams\Lib\asyncio\base_events.py", line 604, in run_forever
    self._run_once()
    │    └ <function BaseEventLoop._run_once at 0x00000169167B2E80>
    └ <ProactorEventLoop running=True closed=False debug=False>
  File "D:\__lybix__\DEVTools\miniconda3\envs\fams\Lib\asyncio\base_events.py", line 1909, in _run_once
    handle._run()
    │      └ <function Handle._run at 0x00000169166F53A0>
    └ <Handle Task.task_wakeup(<Future finished result=None>)>
  File "D:\__lybix__\DEVTools\miniconda3\envs\fams\Lib\asyncio\events.py", line 80, in _run
    self._context.run(self._callback, *self._args)
    │    │            │    │           │    └ <member '_args' of 'Handle' objects>
    │    │            │    │           └ <Handle Task.task_wakeup(<Future finished result=None>)>
    │    │            │    └ <member '_callback' of 'Handle' objects>
    │    │            └ <Handle Task.task_wakeup(<Future finished result=None>)>
    │    └ <member '_context' of 'Handle' objects>
    └ <Handle Task.task_wakeup(<Future finished result=None>)>
  File "D:\__lybix__\DEVTools\miniconda3\envs\fams\Lib\site-packages\uvicorn\protocols\http\httptools_impl.py", line 422, in run_asgi
    result = await app(  # type: ignore[func-returns-value]
                   └ <uvicorn.middleware.proxy_headers.ProxyHeadersMiddleware object at 0x0000016919F3C0D0>
  File "D:\__lybix__\DEVTools\miniconda3\envs\fams\Lib\site-packages\uvicorn\middleware\proxy_headers.py", line 63, in __call__
    return await self.app(scope, receive, send)
                 │    │   │      │        └ <bound method RequestResponseCycle.send of <uvicorn.protocols.http.httptools_impl.RequestResponseCycle object at 0x0000016919...
                 │    │   │      └ <bound method RequestResponseCycle.receive of <uvicorn.protocols.http.httptools_impl.RequestResponseCycle object at 0x0000016...
                 │    │   └ {'type': 'http', 'asgi': {'version': '3.0', 'spec_version': '2.3'}, 'http_version': '1.1', 'server': ('127.0.0.1', 9900), 'cl...
                 │    └ <fastapi.applications.FastAPI object at 0x0000016919F39FD0>
                 └ <uvicorn.middleware.proxy_headers.ProxyHeadersMiddleware object at 0x0000016919F3C0D0>
  File "D:\__lybix__\DEVTools\miniconda3\envs\fams\Lib\site-packages\fastapi\applications.py", line 1163, in __call__
    await super().__call__(scope, receive, send)
                           │      │        └ <bound method RequestResponseCycle.send of <uvicorn.protocols.http.httptools_impl.RequestResponseCycle object at 0x0000016919...
                           │      └ <bound method RequestResponseCycle.receive of <uvicorn.protocols.http.httptools_impl.RequestResponseCycle object at 0x0000016...
                           └ {'type': 'http', 'asgi': {'version': '3.0', 'spec_version': '2.3'}, 'http_version': '1.1', 'server': ('127.0.0.1', 9900), 'cl...
  File "D:\__lybix__\DEVTools\miniconda3\envs\fams\Lib\site-packages\starlette\applications.py", line 90, in __call__
    await self.middleware_stack(scope, receive, send)
          │    │                │      │        └ <bound method RequestResponseCycle.send of <uvicorn.protocols.http.httptools_impl.RequestResponseCycle object at 0x0000016919...
          │    │                │      └ <bound method RequestResponseCycle.receive of <uvicorn.protocols.http.httptools_impl.RequestResponseCycle object at 0x0000016...
          │    │                └ {'type': 'http', 'asgi': {'version': '3.0', 'spec_version': '2.3'}, 'http_version': '1.1', 'server': ('127.0.0.1', 9900), 'cl...
          │    └ <starlette.middleware.errors.ServerErrorMiddleware object at 0x0000016919E27A90>
          └ <fastapi.applications.FastAPI object at 0x0000016919F39FD0>
> File "D:\__lybix__\DEVTools\miniconda3\envs\fams\Lib\site-packages\starlette\middleware\errors.py", line 164, in __call__
    await self.app(scope, receive, _send)
          │    │   │      │        └ <function ServerErrorMiddleware.__call__.<locals>._send at 0x0000016919FF04A0>
          │    │   │      └ <bound method RequestResponseCycle.receive of <uvicorn.protocols.http.httptools_impl.RequestResponseCycle object at 0x0000016...
          │    │   └ {'type': 'http', 'asgi': {'version': '3.0', 'spec_version': '2.3'}, 'http_version': '1.1', 'server': ('127.0.0.1', 9900), 'cl...
          │    └ <starlette.middleware.base.BaseHTTPMiddleware object at 0x0000016919FE9ED0>
          └ <starlette.middleware.errors.ServerErrorMiddleware object at 0x0000016919E27A90>
  File "D:\__lybix__\DEVTools\miniconda3\envs\fams\Lib\contextlib.py", line 222, in __aexit__
    await self.gen.athrow(typ, value, traceback)
          │    │   │      │    │      └ <traceback object at 0x000001691A2C9F00>
          │    │   │      │    └ KeyError('status')
          │    │   │      └ <class 'KeyError'>
          │    │   └ <method 'athrow' of 'async_generator' objects>
          │    └ <async_generator object create_collapsing_task_group at 0x0000016919F82840>
          └ <contextlib._AsyncGeneratorContextManager object at 0x000001691A016990>
  File "D:\__lybix__\DEVTools\miniconda3\envs\fams\Lib\site-packages\starlette\_utils.py", line 93, in create_collapsing_task_group
    raise exc from exc.__cause__ or context
          │        │   │            └ None
          │        │   └ <attribute '__cause__' of 'BaseException' objects>
          │        └ KeyError('status')
          └ KeyError('status')
  File "D:\__lybix__\DEVTools\miniconda3\envs\fams\Lib\site-packages\starlette\_utils.py", line 86, in create_collapsing_task_group
    yield tg
          └ <anyio._backends._asyncio.TaskGroup object at 0x000001691A016A90>
  File "D:\__lybix__\DEVTools\miniconda3\envs\fams\Lib\site-packages\starlette\middleware\base.py", line 193, in __call__
    response = await self.dispatch_func(request, call_next)
                     │    │             │        └ <function BaseHTTPMiddleware.__call__.<locals>.call_next at 0x0000016919FF0540>
                     │    │             └ <starlette.middleware.base._CachedRequest object at 0x0000016919FEAD50>
                     │    └ <function log_requests at 0x0000016919F62A20>
                     └ <starlette.middleware.base.BaseHTTPMiddleware object at 0x0000016919FE9ED0>

  File "D:\__lybix__\_Codes\FAMS-NEPU\platform\server\services\svr_gateway\main.py", line 42, in log_requests
    response = await call_next(request)
                     │         └ <starlette.middleware.base._CachedRequest object at 0x0000016919FEAD50>
                     └ <function BaseHTTPMiddleware.__call__.<locals>.call_next at 0x0000016919FF0540>

  File "D:\__lybix__\DEVTools\miniconda3\envs\fams\Lib\site-packages\starlette\middleware\base.py", line 168, in call_next
    raise app_exc from app_exc.__cause__ or app_exc.__context__
          │            │       │            │       └ <attribute '__context__' of 'BaseException' objects>
          │            │       │            └ KeyError('status')
          │            │       └ <attribute '__cause__' of 'BaseException' objects>
          │            └ KeyError('status')
          └ KeyError('status')
  File "D:\__lybix__\DEVTools\miniconda3\envs\fams\Lib\site-packages\starlette\middleware\base.py", line 144, in coro
    await self.app(scope, receive_or_disconnect, send_no_error)
          │    │   │      │                      └ <function BaseHTTPMiddleware.__call__.<locals>.call_next.<locals>.send_no_error at 0x0000016919FF1620>
          │    │   │      └ <function BaseHTTPMiddleware.__call__.<locals>.call_next.<locals>.receive_or_disconnect at 0x0000016919FF1440>
          │    │   └ {'type': 'http', 'asgi': {'version': '3.0', 'spec_version': '2.3'}, 'http_version': '1.1', 'server': ('127.0.0.1', 9900), 'cl...
          │    └ <starlette.middleware.cors.CORSMiddleware object at 0x0000016919FE9E10>
          └ <starlette.middleware.base.BaseHTTPMiddleware object at 0x0000016919FE9ED0>
  File "D:\__lybix__\DEVTools\miniconda3\envs\fams\Lib\site-packages\starlette\middleware\cors.py", line 96, in __call__
    await self.simple_response(scope, receive, send, request_headers=headers)
          │    │               │      │        │                     └ Headers({'host': '127.0.0.1:9900', 'connection': 'close', 'content-length': '141', 'sec-ch-ua-platform': '"Windows"', 'author...
          │    │               │      │        └ <function BaseHTTPMiddleware.__call__.<locals>.call_next.<locals>.send_no_error at 0x0000016919FF1620>
          │    │               │      └ <function BaseHTTPMiddleware.__call__.<locals>.call_next.<locals>.receive_or_disconnect at 0x0000016919FF1440>
          │    │               └ {'type': 'http', 'asgi': {'version': '3.0', 'spec_version': '2.3'}, 'http_version': '1.1', 'server': ('127.0.0.1', 9900), 'cl...
          │    └ <function CORSMiddleware.simple_response at 0x0000016917FFD080>
          └ <starlette.middleware.cors.CORSMiddleware object at 0x0000016919FE9E10>
  File "D:\__lybix__\DEVTools\miniconda3\envs\fams\Lib\site-packages\starlette\middleware\cors.py", line 154, in simple_response
    await self.app(scope, receive, send)
          │    │   │      │        └ functools.partial(<bound method CORSMiddleware.send of <starlette.middleware.cors.CORSMiddleware object at 0x0000016919FE9E10...
          │    │   │      └ <function BaseHTTPMiddleware.__call__.<locals>.call_next.<locals>.receive_or_disconnect at 0x0000016919FF1440>
          │    │   └ {'type': 'http', 'asgi': {'version': '3.0', 'spec_version': '2.3'}, 'http_version': '1.1', 'server': ('127.0.0.1', 9900), 'cl...
          │    └ <starlette.middleware.exceptions.ExceptionMiddleware object at 0x0000016919FE9D90>
          └ <starlette.middleware.cors.CORSMiddleware object at 0x0000016919FE9E10>
  File "D:\__lybix__\DEVTools\miniconda3\envs\fams\Lib\site-packages\starlette\middleware\exceptions.py", line 63, in __call__
    await wrap_app_handling_exceptions(self.app, conn)(scope, receive, send)
          │                            │    │    │     │      │        └ functools.partial(<bound method CORSMiddleware.send of <starlette.middleware.cors.CORSMiddleware object at 0x0000016919FE9E10...
          │                            │    │    │     │      └ <function BaseHTTPMiddleware.__call__.<locals>.call_next.<locals>.receive_or_disconnect at 0x0000016919FF1440>
          │                            │    │    │     └ {'type': 'http', 'asgi': {'version': '3.0', 'spec_version': '2.3'}, 'http_version': '1.1', 'server': ('127.0.0.1', 9900), 'cl...
          │                            │    │    └ <starlette.requests.Request object at 0x0000016919FEAED0>
          │                            │    └ <fastapi.middleware.asyncexitstack.AsyncExitStackMiddleware object at 0x0000016919FE9D10>
          │                            └ <starlette.middleware.exceptions.ExceptionMiddleware object at 0x0000016919FE9D90>
          └ <function wrap_app_handling_exceptions at 0x0000016917EFF100>
  File "D:\__lybix__\DEVTools\miniconda3\envs\fams\Lib\site-packages\starlette\_exception_handler.py", line 53, in wrapped_app
    raise exc
  File "D:\__lybix__\DEVTools\miniconda3\envs\fams\Lib\site-packages\starlette\_exception_handler.py", line 42, in wrapped_app
    await app(scope, receive, sender)
          │   │      │        └ <function wrap_app_handling_exceptions.<locals>.wrapped_app.<locals>.sender at 0x000001691A06A840>
          │   │      └ <function BaseHTTPMiddleware.__call__.<locals>.call_next.<locals>.receive_or_disconnect at 0x0000016919FF1440>
          │   └ {'type': 'http', 'asgi': {'version': '3.0', 'spec_version': '2.3'}, 'http_version': '1.1', 'server': ('127.0.0.1', 9900), 'cl...
          └ <fastapi.middleware.asyncexitstack.AsyncExitStackMiddleware object at 0x0000016919FE9D10>
  File "D:\__lybix__\DEVTools\miniconda3\envs\fams\Lib\site-packages\fastapi\middleware\asyncexitstack.py", line 18, in __call__
    await self.app(scope, receive, send)
          │    │   │      │        └ <function wrap_app_handling_exceptions.<locals>.wrapped_app.<locals>.sender at 0x000001691A06A840>
          │    │   │      └ <function BaseHTTPMiddleware.__call__.<locals>.call_next.<locals>.receive_or_disconnect at 0x0000016919FF1440>
          │    │   └ {'type': 'http', 'asgi': {'version': '3.0', 'spec_version': '2.3'}, 'http_version': '1.1', 'server': ('127.0.0.1', 9900), 'cl...
          │    └ <fastapi.routing.APIRouter object at 0x0000016919F3A350>
          └ <fastapi.middleware.asyncexitstack.AsyncExitStackMiddleware object at 0x0000016919FE9D10>
  File "D:\__lybix__\DEVTools\miniconda3\envs\fams\Lib\site-packages\starlette\routing.py", line 660, in __call__
    await self.middleware_stack(scope, receive, send)
          │    │                │      │        └ <function wrap_app_handling_exceptions.<locals>.wrapped_app.<locals>.sender at 0x000001691A06A840>
          │    │                │      └ <function BaseHTTPMiddleware.__call__.<locals>.call_next.<locals>.receive_or_disconnect at 0x0000016919FF1440>
          │    │                └ {'type': 'http', 'asgi': {'version': '3.0', 'spec_version': '2.3'}, 'http_version': '1.1', 'server': ('127.0.0.1', 9900), 'cl...
          │    └ <bound method APIRouter.app of <fastapi.routing.APIRouter object at 0x0000016919F3A350>>
          └ <fastapi.routing.APIRouter object at 0x0000016919F3A350>
  File "D:\__lybix__\DEVTools\miniconda3\envs\fams\Lib\site-packages\fastapi\routing.py", line 2683, in app
    await route.handle(scope, receive, send)
          │     │      │      │        └ <function wrap_app_handling_exceptions.<locals>.wrapped_app.<locals>.sender at 0x000001691A06A840>
          │     │      │      └ <function BaseHTTPMiddleware.__call__.<locals>.call_next.<locals>.receive_or_disconnect at 0x0000016919FF1440>
          │     │      └ {'type': 'http', 'asgi': {'version': '3.0', 'spec_version': '2.3'}, 'http_version': '1.1', 'server': ('127.0.0.1', 9900), 'cl...
          │     └ <function _IncludedRouter.handle at 0x0000016917F41BC0>
          └ _IncludedRouter(original_router=<fastapi.routing.APIRouter object at 0x00000169199EB410>, include_context=_RouterIncludeConte...
  File "D:\__lybix__\DEVTools\miniconda3\envs\fams\Lib\site-packages\fastapi\routing.py", line 1753, in handle
    await self.original_router.handle(scope, receive, send)
          │    │               │      │      │        └ <function wrap_app_handling_exceptions.<locals>.wrapped_app.<locals>.sender at 0x000001691A06A840>
          │    │               │      │      └ <function BaseHTTPMiddleware.__call__.<locals>.call_next.<locals>.receive_or_disconnect at 0x0000016919FF1440>
          │    │               │      └ {'type': 'http', 'asgi': {'version': '3.0', 'spec_version': '2.3'}, 'http_version': '1.1', 'server': ('127.0.0.1', 9900), 'cl...
          │    │               └ <function APIRouter.handle at 0x0000016917F43BA0>
          │    └ <fastapi.routing.APIRouter object at 0x00000169199EB410>
          └ _IncludedRouter(original_router=<fastapi.routing.APIRouter object at 0x00000169199EB410>, include_context=_RouterIncludeConte...
  File "D:\__lybix__\DEVTools\miniconda3\envs\fams\Lib\site-packages\fastapi\routing.py", line 2738, in handle
    await included_router._handle_selected(scope, receive, send)
          │               │                │      │        └ <function wrap_app_handling_exceptions.<locals>.wrapped_app.<locals>.sender at 0x000001691A06A840>
          │               │                │      └ <function BaseHTTPMiddleware.__call__.<locals>.call_next.<locals>.receive_or_disconnect at 0x0000016919FF1440>
          │               │                └ {'type': 'http', 'asgi': {'version': '3.0', 'spec_version': '2.3'}, 'http_version': '1.1', 'server': ('127.0.0.1', 9900), 'cl...
          │               └ <function _IncludedRouter._handle_selected at 0x0000016917F41C60>
          └ _IncludedRouter(original_router=<fastapi.routing.APIRouter object at 0x00000169199EB410>, include_context=_RouterIncludeConte...
  File "D:\__lybix__\DEVTools\miniconda3\envs\fams\Lib\site-packages\fastapi\routing.py", line 1773, in _handle_selected
    await original_route.handle(scope, receive, send)
          │              │      │      │        └ <function wrap_app_handling_exceptions.<locals>.wrapped_app.<locals>.sender at 0x000001691A06A840>
          │              │      │      └ <function BaseHTTPMiddleware.__call__.<locals>.call_next.<locals>.receive_or_disconnect at 0x0000016919FF1440>
          │              │      └ {'type': 'http', 'asgi': {'version': '3.0', 'spec_version': '2.3'}, 'http_version': '1.1', 'server': ('127.0.0.1', 9900), 'cl...
          │              └ <function APIRoute.handle at 0x0000016917F2FCE0>
          └ APIRoute(path='/api/apply/borrow', name='apply_borrow', methods=['POST'])
  File "D:\__lybix__\DEVTools\miniconda3\envs\fams\Lib\site-packages\fastapi\routing.py", line 1264, in handle
    await app(scope, receive, send)
          │   │      │        └ <function wrap_app_handling_exceptions.<locals>.wrapped_app.<locals>.sender at 0x000001691A06A840>
          │   │      └ <function BaseHTTPMiddleware.__call__.<locals>.call_next.<locals>.receive_or_disconnect at 0x0000016919FF1440>
          │   └ {'type': 'http', 'asgi': {'version': '3.0', 'spec_version': '2.3'}, 'http_version': '1.1', 'server': ('127.0.0.1', 9900), 'cl...
          └ <function request_response.<locals>.app at 0x000001691A06A980>
  File "D:\__lybix__\DEVTools\miniconda3\envs\fams\Lib\site-packages\fastapi\routing.py", line 150, in app
    await wrap_app_handling_exceptions(app, request)(scope, receive, send)
          │                            │    │        │      │        └ <function wrap_app_handling_exceptions.<locals>.wrapped_app.<locals>.sender at 0x000001691A06A840>
          │                            │    │        │      └ <function BaseHTTPMiddleware.__call__.<locals>.call_next.<locals>.receive_or_disconnect at 0x0000016919FF1440>
          │                            │    │        └ {'type': 'http', 'asgi': {'version': '3.0', 'spec_version': '2.3'}, 'http_version': '1.1', 'server': ('127.0.0.1', 9900), 'cl...
          │                            │    └ <starlette.requests.Request object at 0x000001691A128290>
          │                            └ <function request_response.<locals>.app.<locals>.app at 0x000001691A06AB60>
          └ <function wrap_app_handling_exceptions at 0x0000016917EFF100>
  File "D:\__lybix__\DEVTools\miniconda3\envs\fams\Lib\site-packages\starlette\_exception_handler.py", line 53, in wrapped_app
    raise exc
  File "D:\__lybix__\DEVTools\miniconda3\envs\fams\Lib\site-packages\starlette\_exception_handler.py", line 42, in wrapped_app
    await app(scope, receive, sender)
          │   │      │        └ <function wrap_app_handling_exceptions.<locals>.wrapped_app.<locals>.sender at 0x000001691A06ACA0>
          │   │      └ <function BaseHTTPMiddleware.__call__.<locals>.call_next.<locals>.receive_or_disconnect at 0x0000016919FF1440>
          │   └ {'type': 'http', 'asgi': {'version': '3.0', 'spec_version': '2.3'}, 'http_version': '1.1', 'server': ('127.0.0.1', 9900), 'cl...
          └ <function request_response.<locals>.app.<locals>.app at 0x000001691A06AB60>
  File "D:\__lybix__\DEVTools\miniconda3\envs\fams\Lib\site-packages\fastapi\routing.py", line 136, in app
    response = await f(request)
                     │ └ <starlette.requests.Request object at 0x000001691A128290>
                     └ <function get_request_handler.<locals>.app at 0x000001691A06AAC0>
  File "D:\__lybix__\DEVTools\miniconda3\envs\fams\Lib\site-packages\fastapi\routing.py", line 690, in app
    raw_response = await run_endpoint_function(
                         └ <function run_endpoint_function at 0x0000016917F2EF20>
  File "D:\__lybix__\DEVTools\miniconda3\envs\fams\Lib\site-packages\fastapi\routing.py", line 344, in run_endpoint_function
    return await dependant.call(**values)
                 │         │      └ {'current_user': {'user_id': 11, 'username': 'csstu002', 'dept_id': 2, 'role_keys': ['user'], 'exp': 1783920910, 'iat': 17838...
                 │         └ <function apply_borrow at 0x0000016919E55580>
                 └ Dependant(path_params=[], query_params=[], header_params=[], cookie_params=[], body_params=[ModelField(field_info=Body(Pydant...

  File "D:\__lybix__\_Codes\FAMS-NEPU\platform\server\services\svr_gateway\routes.py", line 467, in apply_borrow
    return await _submit_apply_internal("BORROW", request, data, current_user)
                 │                                │        │     └ {'user_id': 11, 'username': 'csstu002', 'dept_id': 2, 'role_keys': ['user'], 'exp': 1783920910, 'iat': 1783834510}
                 │                                │        └ {'apply_type': 'BORROW', 'asset_id': 8, 'reason': '招生活动举办，需要借用办公桌椅', 'expect_return_time': '2026-07-13 05:35:51', 'applicant_...
                 │                                └ <starlette.requests.Request object at 0x000001691A128290>
                 └ <function _submit_apply_internal at 0x0000016919D25120>

  File "D:\__lybix__\_Codes\FAMS-NEPU\platform\server\services\svr_gateway\routes.py", line 455, in _submit_apply_internal
    result = logic.submit_apply(data)
             │     │            └ {'apply_type': 'BORROW', 'asset_id': 8, 'reason': '招生活动举办，需要借用办公桌椅', 'expect_return_time': '2026-07-13 05:35:51', 'applicant_...
             │     └ <function ApplyLogic.submit_apply at 0x0000016919C7C7C0>
             └ <data.logic.apply_logic.ApplyLogic object at 0x00000169199E8B10>

  File "D:\__lybix__\_Codes\FAMS-NEPU\platform\server\data\logic\apply_logic.py", line 154, in submit_apply
    self._sync_asset_status(
    │    └ <function ApplyLogic._sync_asset_status at 0x0000016919C7C720>
    └ <data.logic.apply_logic.ApplyLogic object at 0x00000169199E8B10>

  File "D:\__lybix__\_Codes\FAMS-NEPU\platform\server\data\logic\apply_logic.py", line 128, in _sync_asset_status
    if asset["status"] != target_status or asset.get("user_id", 0) != target_user:
       │                  │                │     │                    └ 0
       │                  │                │     └ <method 'get' of 'dict' objects>
       │                  │                └ {'asset_id': 8, 'asset_code': 'NEPU-2024-008', 'asset_name': '办公桌椅套装', 'spec': 'BGY-001', 'category_id': 6, 'category_name': ...
       │                  └ 5
       └ {'asset_id': 8, 'asset_code': 'NEPU-2024-008', 'asset_name': '办公桌椅套装', 'spec': 'BGY-001', 'category_id': 6, 'category_name': ...

KeyError: 'status'

Traceback (most recent call last):

  File "D:\__lybix__\_Codes\FAMS-NEPU\platform\server\services\svr_gateway\main.py", line 64, in <module>
    uvicorn.run(app, host="0.0.0.0", port=gateway_config.HTTP_PORT)
    │       │   │                         │              └ 9900
    │       │   │                         └ <services.svr_gateway.config.GatewayConfig object at 0x0000016918012E50>
    │       │   └ <fastapi.applications.FastAPI object at 0x0000016919F39FD0>
    │       └ <function run at 0x0000016916DCFD80>
    └ <module 'uvicorn' from 'D:\\__lybix__\\DEVTools\\miniconda3\\envs\\fams\\Lib\\site-packages\\uvicorn\\__init__.py'>

  File "D:\__lybix__\DEVTools\miniconda3\envs\fams\Lib\site-packages\uvicorn\main.py", line 621, in run
    server.run()
    │      └ <function Server.run at 0x0000016916F40860>
    └ <uvicorn.server.Server object at 0x0000016919D1C910>
  File "D:\__lybix__\DEVTools\miniconda3\envs\fams\Lib\site-packages\uvicorn\server.py", line 74, in run
    return asyncio_run(self.serve(sockets=sockets), loop_factory=self.config.get_loop_factory())
           │           │    │             │                      │    │      └ <function Config.get_loop_factory at 0x0000016916DCD1C0>
           │           │    │             │                      │    └ <uvicorn.config.Config object at 0x00000169199F3150>
           │           │    │             │                      └ <uvicorn.server.Server object at 0x0000016919D1C910>
           │           │    │             └ None
           │           │    └ <function Server.serve at 0x0000016916F40900>
           │           └ <uvicorn.server.Server object at 0x0000016919D1C910>
           └ <function asyncio_run at 0x0000016916D57740>
  File "D:\__lybix__\DEVTools\miniconda3\envs\fams\Lib\site-packages\uvicorn\_compat.py", line 30, in asyncio_run
    return runner.run(main)
           │      │   └ <coroutine object Server.serve at 0x0000016919F68220>
           │      └ <function Runner.run at 0x00000169167B3560>
           └ <asyncio.runners.Runner object at 0x0000016919E67490>
  File "D:\__lybix__\DEVTools\miniconda3\envs\fams\Lib\asyncio\runners.py", line 118, in run
    return self._loop.run_until_complete(task)
           │    │     │                  └ <Task pending name='Task-1' coro=<Server.serve() running at D:\__lybix__\DEVTools\miniconda3\envs\fams\Lib\site-packages\uvic...
           │    │     └ <function BaseEventLoop.run_until_complete at 0x00000169167B1120>
           │    └ <ProactorEventLoop running=True closed=False debug=False>
           └ <asyncio.runners.Runner object at 0x0000016919E67490>
  File "D:\__lybix__\DEVTools\miniconda3\envs\fams\Lib\asyncio\base_events.py", line 637, in run_until_complete
    self.run_forever()
    │    └ <function ProactorEventLoop.run_forever at 0x0000016916888860>
    └ <ProactorEventLoop running=True closed=False debug=False>
  File "D:\__lybix__\DEVTools\miniconda3\envs\fams\Lib\asyncio\windows_events.py", line 321, in run_forever
    super().run_forever()
  File "D:\__lybix__\DEVTools\miniconda3\envs\fams\Lib\asyncio\base_events.py", line 604, in run_forever
    self._run_once()
    │    └ <function BaseEventLoop._run_once at 0x00000169167B2E80>
    └ <ProactorEventLoop running=True closed=False debug=False>
  File "D:\__lybix__\DEVTools\miniconda3\envs\fams\Lib\asyncio\base_events.py", line 1909, in _run_once
    handle._run()
    │      └ <function Handle._run at 0x00000169166F53A0>
    └ <Handle Task.task_wakeup(<Future finished result=None>)>
  File "D:\__lybix__\DEVTools\miniconda3\envs\fams\Lib\asyncio\events.py", line 80, in _run
    self._context.run(self._callback, *self._args)
    │    │            │    │           │    └ <member '_args' of 'Handle' objects>
    │    │            │    │           └ <Handle Task.task_wakeup(<Future finished result=None>)>
    │    │            │    └ <member '_callback' of 'Handle' objects>
    │    │            └ <Handle Task.task_wakeup(<Future finished result=None>)>
    │    └ <member '_context' of 'Handle' objects>
    └ <Handle Task.task_wakeup(<Future finished result=None>)>
  File "D:\__lybix__\DEVTools\miniconda3\envs\fams\Lib\site-packages\uvicorn\protocols\http\httptools_impl.py", line 422, in run_asgi
    result = await app(  # type: ignore[func-returns-value]
                   └ <uvicorn.middleware.proxy_headers.ProxyHeadersMiddleware object at 0x0000016919F3C0D0>
  File "D:\__lybix__\DEVTools\miniconda3\envs\fams\Lib\site-packages\uvicorn\middleware\proxy_headers.py", line 63, in __call__
    return await self.app(scope, receive, send)
                 │    │   │      │        └ <bound method RequestResponseCycle.send of <uvicorn.protocols.http.httptools_impl.RequestResponseCycle object at 0x0000016919...
                 │    │   │      └ <bound method RequestResponseCycle.receive of <uvicorn.protocols.http.httptools_impl.RequestResponseCycle object at 0x0000016...
                 │    │   └ {'type': 'http', 'asgi': {'version': '3.0', 'spec_version': '2.3'}, 'http_version': '1.1', 'server': ('127.0.0.1', 9900), 'cl...
                 │    └ <fastapi.applications.FastAPI object at 0x0000016919F39FD0>
                 └ <uvicorn.middleware.proxy_headers.ProxyHeadersMiddleware object at 0x0000016919F3C0D0>
  File "D:\__lybix__\DEVTools\miniconda3\envs\fams\Lib\site-packages\fastapi\applications.py", line 1163, in __call__
    await super().__call__(scope, receive, send)
                           │      │        └ <bound method RequestResponseCycle.send of <uvicorn.protocols.http.httptools_impl.RequestResponseCycle object at 0x0000016919...
                           │      └ <bound method RequestResponseCycle.receive of <uvicorn.protocols.http.httptools_impl.RequestResponseCycle object at 0x0000016...
                           └ {'type': 'http', 'asgi': {'version': '3.0', 'spec_version': '2.3'}, 'http_version': '1.1', 'server': ('127.0.0.1', 9900), 'cl...
  File "D:\__lybix__\DEVTools\miniconda3\envs\fams\Lib\site-packages\starlette\applications.py", line 90, in __call__
    await self.middleware_stack(scope, receive, send)
          │    │                │      │        └ <bound method RequestResponseCycle.send of <uvicorn.protocols.http.httptools_impl.RequestResponseCycle object at 0x0000016919...
          │    │                │      └ <bound method RequestResponseCycle.receive of <uvicorn.protocols.http.httptools_impl.RequestResponseCycle object at 0x0000016...
          │    │                └ {'type': 'http', 'asgi': {'version': '3.0', 'spec_version': '2.3'}, 'http_version': '1.1', 'server': ('127.0.0.1', 9900), 'cl...
          │    └ <starlette.middleware.errors.ServerErrorMiddleware object at 0x0000016919E27A90>
          └ <fastapi.applications.FastAPI object at 0x0000016919F39FD0>
> File "D:\__lybix__\DEVTools\miniconda3\envs\fams\Lib\site-packages\starlette\middleware\errors.py", line 164, in __call__
    await self.app(scope, receive, _send)
          │    │   │      │        └ <function ServerErrorMiddleware.__call__.<locals>._send at 0x0000016919FF04A0>
          │    │   │      └ <bound method RequestResponseCycle.receive of <uvicorn.protocols.http.httptools_impl.RequestResponseCycle object at 0x0000016...
          │    │   └ {'type': 'http', 'asgi': {'version': '3.0', 'spec_version': '2.3'}, 'http_version': '1.1', 'server': ('127.0.0.1', 9900), 'cl...
          │    └ <starlette.middleware.base.BaseHTTPMiddleware object at 0x0000016919FE9ED0>
          └ <starlette.middleware.errors.ServerErrorMiddleware object at 0x0000016919E27A90>
  File "D:\__lybix__\DEVTools\miniconda3\envs\fams\Lib\contextlib.py", line 222, in __aexit__
    await self.gen.athrow(typ, value, traceback)
          │    │   │      │    │      └ <traceback object at 0x000001691A2C9F00>
          │    │   │      │    └ KeyError('status')
          │    │   │      └ <class 'KeyError'>
          │    │   └ <method 'athrow' of 'async_generator' objects>
          │    └ <async_generator object create_collapsing_task_group at 0x0000016919F82840>
          └ <contextlib._AsyncGeneratorContextManager object at 0x000001691A016990>
  File "D:\__lybix__\DEVTools\miniconda3\envs\fams\Lib\site-packages\starlette\_utils.py", line 93, in create_collapsing_task_group
    raise exc from exc.__cause__ or context
          │        │   │            └ None
          │        │   └ <attribute '__cause__' of 'BaseException' objects>
          │        └ KeyError('status')
          └ KeyError('status')
  File "D:\__lybix__\DEVTools\miniconda3\envs\fams\Lib\site-packages\starlette\_utils.py", line 86, in create_collapsing_task_group
    yield tg
          └ <anyio._backends._asyncio.TaskGroup object at 0x000001691A016A90>
  File "D:\__lybix__\DEVTools\miniconda3\envs\fams\Lib\site-packages\starlette\middleware\base.py", line 193, in __call__
    response = await self.dispatch_func(request, call_next)
                     │    │             │        └ <function BaseHTTPMiddleware.__call__.<locals>.call_next at 0x0000016919FF0540>
                     │    │             └ <starlette.middleware.base._CachedRequest object at 0x0000016919FEAD50>
                     │    └ <function log_requests at 0x0000016919F62A20>
                     └ <starlette.middleware.base.BaseHTTPMiddleware object at 0x0000016919FE9ED0>

  File "D:\__lybix__\_Codes\FAMS-NEPU\platform\server\services\svr_gateway\main.py", line 42, in log_requests
    response = await call_next(request)
                     │         └ <starlette.middleware.base._CachedRequest object at 0x0000016919FEAD50>
                     └ <function BaseHTTPMiddleware.__call__.<locals>.call_next at 0x0000016919FF0540>

  File "D:\__lybix__\DEVTools\miniconda3\envs\fams\Lib\site-packages\starlette\middleware\base.py", line 168, in call_next
    raise app_exc from app_exc.__cause__ or app_exc.__context__
          │            │       │            │       └ <attribute '__context__' of 'BaseException' objects>
          │            │       │            └ KeyError('status')
          │            │       └ <attribute '__cause__' of 'BaseException' objects>
          │            └ KeyError('status')
          └ KeyError('status')
  File "D:\__lybix__\DEVTools\miniconda3\envs\fams\Lib\site-packages\starlette\middleware\base.py", line 144, in coro
    await self.app(scope, receive_or_disconnect, send_no_error)
          │    │   │      │                      └ <function BaseHTTPMiddleware.__call__.<locals>.call_next.<locals>.send_no_error at 0x0000016919FF1620>
          │    │   │      └ <function BaseHTTPMiddleware.__call__.<locals>.call_next.<locals>.receive_or_disconnect at 0x0000016919FF1440>
          │    │   └ {'type': 'http', 'asgi': {'version': '3.0', 'spec_version': '2.3'}, 'http_version': '1.1', 'server': ('127.0.0.1', 9900), 'cl...
          │    └ <starlette.middleware.cors.CORSMiddleware object at 0x0000016919FE9E10>
          └ <starlette.middleware.base.BaseHTTPMiddleware object at 0x0000016919FE9ED0>
  File "D:\__lybix__\DEVTools\miniconda3\envs\fams\Lib\site-packages\starlette\middleware\cors.py", line 96, in __call__
    await self.simple_response(scope, receive, send, request_headers=headers)
          │    │               │      │        │                     └ Headers({'host': '127.0.0.1:9900', 'connection': 'close', 'content-length': '141', 'sec-ch-ua-platform': '"Windows"', 'author...
          │    │               │      │        └ <function BaseHTTPMiddleware.__call__.<locals>.call_next.<locals>.send_no_error at 0x0000016919FF1620>
          │    │               │      └ <function BaseHTTPMiddleware.__call__.<locals>.call_next.<locals>.receive_or_disconnect at 0x0000016919FF1440>
          │    │               └ {'type': 'http', 'asgi': {'version': '3.0', 'spec_version': '2.3'}, 'http_version': '1.1', 'server': ('127.0.0.1', 9900), 'cl...
          │    └ <function CORSMiddleware.simple_response at 0x0000016917FFD080>
          └ <starlette.middleware.cors.CORSMiddleware object at 0x0000016919FE9E10>
  File "D:\__lybix__\DEVTools\miniconda3\envs\fams\Lib\site-packages\starlette\middleware\cors.py", line 154, in simple_response
    await self.app(scope, receive, send)
          │    │   │      │        └ functools.partial(<bound method CORSMiddleware.send of <starlette.middleware.cors.CORSMiddleware object at 0x0000016919FE9E10...
          │    │   │      └ <function BaseHTTPMiddleware.__call__.<locals>.call_next.<locals>.receive_or_disconnect at 0x0000016919FF1440>
          │    │   └ {'type': 'http', 'asgi': {'version': '3.0', 'spec_version': '2.3'}, 'http_version': '1.1', 'server': ('127.0.0.1', 9900), 'cl...
          │    └ <starlette.middleware.exceptions.ExceptionMiddleware object at 0x0000016919FE9D90>
          └ <starlette.middleware.cors.CORSMiddleware object at 0x0000016919FE9E10>
  File "D:\__lybix__\DEVTools\miniconda3\envs\fams\Lib\site-packages\starlette\middleware\exceptions.py", line 63, in __call__
    await wrap_app_handling_exceptions(self.app, conn)(scope, receive, send)
          │                            │    │    │     │      │        └ functools.partial(<bound method CORSMiddleware.send of <starlette.middleware.cors.CORSMiddleware object at 0x0000016919FE9E10...
          │                            │    │    │     │      └ <function BaseHTTPMiddleware.__call__.<locals>.call_next.<locals>.receive_or_disconnect at 0x0000016919FF1440>
          │                            │    │    │     └ {'type': 'http', 'asgi': {'version': '3.0', 'spec_version': '2.3'}, 'http_version': '1.1', 'server': ('127.0.0.1', 9900), 'cl...
          │                            │    │    └ <starlette.requests.Request object at 0x0000016919FEAED0>
          │                            │    └ <fastapi.middleware.asyncexitstack.AsyncExitStackMiddleware object at 0x0000016919FE9D10>
          │                            └ <starlette.middleware.exceptions.ExceptionMiddleware object at 0x0000016919FE9D90>
          └ <function wrap_app_handling_exceptions at 0x0000016917EFF100>
  File "D:\__lybix__\DEVTools\miniconda3\envs\fams\Lib\site-packages\starlette\_exception_handler.py", line 53, in wrapped_app
    raise exc
  File "D:\__lybix__\DEVTools\miniconda3\envs\fams\Lib\site-packages\starlette\_exception_handler.py", line 42, in wrapped_app
    await app(scope, receive, sender)
          │   │      │        └ <function wrap_app_handling_exceptions.<locals>.wrapped_app.<locals>.sender at 0x000001691A06A840>
          │   │      └ <function BaseHTTPMiddleware.__call__.<locals>.call_next.<locals>.receive_or_disconnect at 0x0000016919FF1440>
          │   └ {'type': 'http', 'asgi': {'version': '3.0', 'spec_version': '2.3'}, 'http_version': '1.1', 'server': ('127.0.0.1', 9900), 'cl...
          └ <fastapi.middleware.asyncexitstack.AsyncExitStackMiddleware object at 0x0000016919FE9D10>
  File "D:\__lybix__\DEVTools\miniconda3\envs\fams\Lib\site-packages\fastapi\middleware\asyncexitstack.py", line 18, in __call__
    await self.app(scope, receive, send)
          │    │   │      │        └ <function wrap_app_handling_exceptions.<locals>.wrapped_app.<locals>.sender at 0x000001691A06A840>
          │    │   │      └ <function BaseHTTPMiddleware.__call__.<locals>.call_next.<locals>.receive_or_disconnect at 0x0000016919FF1440>
          │    │   └ {'type': 'http', 'asgi': {'version': '3.0', 'spec_version': '2.3'}, 'http_version': '1.1', 'server': ('127.0.0.1', 9900), 'cl...
          │    └ <fastapi.routing.APIRouter object at 0x0000016919F3A350>
          └ <fastapi.middleware.asyncexitstack.AsyncExitStackMiddleware object at 0x0000016919FE9D10>
  File "D:\__lybix__\DEVTools\miniconda3\envs\fams\Lib\site-packages\starlette\routing.py", line 660, in __call__
    await self.middleware_stack(scope, receive, send)
          │    │                │      │        └ <function wrap_app_handling_exceptions.<locals>.wrapped_app.<locals>.sender at 0x000001691A06A840>
          │    │                │      └ <function BaseHTTPMiddleware.__call__.<locals>.call_next.<locals>.receive_or_disconnect at 0x0000016919FF1440>
          │    │                └ {'type': 'http', 'asgi': {'version': '3.0', 'spec_version': '2.3'}, 'http_version': '1.1', 'server': ('127.0.0.1', 9900), 'cl...
          │    └ <bound method APIRouter.app of <fastapi.routing.APIRouter object at 0x0000016919F3A350>>
          └ <fastapi.routing.APIRouter object at 0x0000016919F3A350>
  File "D:\__lybix__\DEVTools\miniconda3\envs\fams\Lib\site-packages\fastapi\routing.py", line 2683, in app
    await route.handle(scope, receive, send)
          │     │      │      │        └ <function wrap_app_handling_exceptions.<locals>.wrapped_app.<locals>.sender at 0x000001691A06A840>
          │     │      │      └ <function BaseHTTPMiddleware.__call__.<locals>.call_next.<locals>.receive_or_disconnect at 0x0000016919FF1440>
          │     │      └ {'type': 'http', 'asgi': {'version': '3.0', 'spec_version': '2.3'}, 'http_version': '1.1', 'server': ('127.0.0.1', 9900), 'cl...
          │     └ <function _IncludedRouter.handle at 0x0000016917F41BC0>
          └ _IncludedRouter(original_router=<fastapi.routing.APIRouter object at 0x00000169199EB410>, include_context=_RouterIncludeConte...
  File "D:\__lybix__\DEVTools\miniconda3\envs\fams\Lib\site-packages\fastapi\routing.py", line 1753, in handle
    await self.original_router.handle(scope, receive, send)
          │    │               │      │      │        └ <function wrap_app_handling_exceptions.<locals>.wrapped_app.<locals>.sender at 0x000001691A06A840>
          │    │               │      │      └ <function BaseHTTPMiddleware.__call__.<locals>.call_next.<locals>.receive_or_disconnect at 0x0000016919FF1440>
          │    │               │      └ {'type': 'http', 'asgi': {'version': '3.0', 'spec_version': '2.3'}, 'http_version': '1.1', 'server': ('127.0.0.1', 9900), 'cl...
          │    │               └ <function APIRouter.handle at 0x0000016917F43BA0>
          │    └ <fastapi.routing.APIRouter object at 0x00000169199EB410>
          └ _IncludedRouter(original_router=<fastapi.routing.APIRouter object at 0x00000169199EB410>, include_context=_RouterIncludeConte...
  File "D:\__lybix__\DEVTools\miniconda3\envs\fams\Lib\site-packages\fastapi\routing.py", line 2738, in handle
    await included_router._handle_selected(scope, receive, send)
          │               │                │      │        └ <function wrap_app_handling_exceptions.<locals>.wrapped_app.<locals>.sender at 0x000001691A06A840>
          │               │                │      └ <function BaseHTTPMiddleware.__call__.<locals>.call_next.<locals>.receive_or_disconnect at 0x0000016919FF1440>
          │               │                └ {'type': 'http', 'asgi': {'version': '3.0', 'spec_version': '2.3'}, 'http_version': '1.1', 'server': ('127.0.0.1', 9900), 'cl...
          │               └ <function _IncludedRouter._handle_selected at 0x0000016917F41C60>
          └ _IncludedRouter(original_router=<fastapi.routing.APIRouter object at 0x00000169199EB410>, include_context=_RouterIncludeConte...
  File "D:\__lybix__\DEVTools\miniconda3\envs\fams\Lib\site-packages\fastapi\routing.py", line 1773, in _handle_selected
    await original_route.handle(scope, receive, send)
          │              │      │      │        └ <function wrap_app_handling_exceptions.<locals>.wrapped_app.<locals>.sender at 0x000001691A06A840>
          │              │      │      └ <function BaseHTTPMiddleware.__call__.<locals>.call_next.<locals>.receive_or_disconnect at 0x0000016919FF1440>
          │              │      └ {'type': 'http', 'asgi': {'version': '3.0', 'spec_version': '2.3'}, 'http_version': '1.1', 'server': ('127.0.0.1', 9900), 'cl...
          │              └ <function APIRoute.handle at 0x0000016917F2FCE0>
          └ APIRoute(path='/api/apply/borrow', name='apply_borrow', methods=['POST'])
  File "D:\__lybix__\DEVTools\miniconda3\envs\fams\Lib\site-packages\fastapi\routing.py", line 1264, in handle
    await app(scope, receive, send)
          │   │      │        └ <function wrap_app_handling_exceptions.<locals>.wrapped_app.<locals>.sender at 0x000001691A06A840>
          │   │      └ <function BaseHTTPMiddleware.__call__.<locals>.call_next.<locals>.receive_or_disconnect at 0x0000016919FF1440>
          │   └ {'type': 'http', 'asgi': {'version': '3.0', 'spec_version': '2.3'}, 'http_version': '1.1', 'server': ('127.0.0.1', 9900), 'cl...
          └ <function request_response.<locals>.app at 0x000001691A06A980>
  File "D:\__lybix__\DEVTools\miniconda3\envs\fams\Lib\site-packages\fastapi\routing.py", line 150, in app
    await wrap_app_handling_exceptions(app, request)(scope, receive, send)
          │                            │    │        │      │        └ <function wrap_app_handling_exceptions.<locals>.wrapped_app.<locals>.sender at 0x000001691A06A840>
          │                            │    │        │      └ <function BaseHTTPMiddleware.__call__.<locals>.call_next.<locals>.receive_or_disconnect at 0x0000016919FF1440>
          │                            │    │        └ {'type': 'http', 'asgi': {'version': '3.0', 'spec_version': '2.3'}, 'http_version': '1.1', 'server': ('127.0.0.1', 9900), 'cl...
          │                            │    └ <starlette.requests.Request object at 0x000001691A128290>
          │                            └ <function request_response.<locals>.app.<locals>.app at 0x000001691A06AB60>
          └ <function wrap_app_handling_exceptions at 0x0000016917EFF100>
  File "D:\__lybix__\DEVTools\miniconda3\envs\fams\Lib\site-packages\starlette\_exception_handler.py", line 53, in wrapped_app
    raise exc
  File "D:\__lybix__\DEVTools\miniconda3\envs\fams\Lib\site-packages\starlette\_exception_handler.py", line 42, in wrapped_app
    await app(scope, receive, sender)
          │   │      │        └ <function wrap_app_handling_exceptions.<locals>.wrapped_app.<locals>.sender at 0x000001691A06ACA0>
          │   │      └ <function BaseHTTPMiddleware.__call__.<locals>.call_next.<locals>.receive_or_disconnect at 0x0000016919FF1440>
          │   └ {'type': 'http', 'asgi': {'version': '3.0', 'spec_version': '2.3'}, 'http_version': '1.1', 'server': ('127.0.0.1', 9900), 'cl...
          └ <function request_response.<locals>.app.<locals>.app at 0x000001691A06AB60>
  File "D:\__lybix__\DEVTools\miniconda3\envs\fams\Lib\site-packages\fastapi\routing.py", line 136, in app
    response = await f(request)
                     │ └ <starlette.requests.Request object at 0x000001691A128290>
                     └ <function get_request_handler.<locals>.app at 0x000001691A06AAC0>
  File "D:\__lybix__\DEVTools\miniconda3\envs\fams\Lib\site-packages\fastapi\routing.py", line 690, in app
    raw_response = await run_endpoint_function(
                         └ <function run_endpoint_function at 0x0000016917F2EF20>
  File "D:\__lybix__\DEVTools\miniconda3\envs\fams\Lib\site-packages\fastapi\routing.py", line 344, in run_endpoint_function
    return await dependant.call(**values)
                 │         │      └ {'current_user': {'user_id': 11, 'username': 'csstu002', 'dept_id': 2, 'role_keys': ['user'], 'exp': 1783920910, 'iat': 17838...
                 │         └ <function apply_borrow at 0x0000016919E55580>
                 └ Dependant(path_params=[], query_params=[], header_params=[], cookie_params=[], body_params=[ModelField(field_info=Body(Pydant...

  File "D:\__lybix__\_Codes\FAMS-NEPU\platform\server\services\svr_gateway\routes.py", line 467, in apply_borrow
    return await _submit_apply_internal("BORROW", request, data, current_user)
                 │                                │        │     └ {'user_id': 11, 'username': 'csstu002', 'dept_id': 2, 'role_keys': ['user'], 'exp': 1783920910, 'iat': 1783834510}
                 │                                │        └ {'apply_type': 'BORROW', 'asset_id': 8, 'reason': '招生活动举办，需要借用办公桌椅', 'expect_return_time': '2026-07-13 05:35:51', 'applicant_...
                 │                                └ <starlette.requests.Request object at 0x000001691A128290>
                 └ <function _submit_apply_internal at 0x0000016919D25120>

  File "D:\__lybix__\_Codes\FAMS-NEPU\platform\server\services\svr_gateway\routes.py", line 455, in _submit_apply_internal
    result = logic.submit_apply(data)
             │     │            └ {'apply_type': 'BORROW', 'asset_id': 8, 'reason': '招生活动举办，需要借用办公桌椅', 'expect_return_time': '2026-07-13 05:35:51', 'applicant_...
             │     └ <function ApplyLogic.submit_apply at 0x0000016919C7C7C0>
             └ <data.logic.apply_logic.ApplyLogic object at 0x00000169199E8B10>

  File "D:\__lybix__\_Codes\FAMS-NEPU\platform\server\data\logic\apply_logic.py", line 154, in submit_apply
    self._sync_asset_status(
    │    └ <function ApplyLogic._sync_asset_status at 0x0000016919C7C720>
    └ <data.logic.apply_logic.ApplyLogic object at 0x00000169199E8B10>

  File "D:\__lybix__\_Codes\FAMS-NEPU\platform\server\data\logic\apply_logic.py", line 128, in _sync_asset_status
    if asset["status"] != target_status or asset.get("user_id", 0) != target_user:
       │                  │                │     │                    └ 0
       │                  │                │     └ <method 'get' of 'dict' objects>
       │                  │                └ {'asset_id': 8, 'asset_code': 'NEPU-2024-008', 'asset_name': '办公桌椅套装', 'spec': 'BGY-001', 'category_id': 6, 'category_name': ...
       │                  └ 5
       └ {'asset_id': 8, 'asset_code': 'NEPU-2024-008', 'asset_name': '办公桌椅套装', 'spec': 'BGY-001', 'category_id': 6, 'category_name': ...

KeyError: 'status'
2026-07-12 22:16:57.717 | ERROR    | __main__:global_exception_handler:50 - Unhandled exception on POST /api/apply/borrow
Traceback (most recent call last):

  File "D:\__lybix__\DEVTools\miniconda3\envs\fams\Lib\site-packages\sqlalchemy\engine\base.py", line 1817, in _execute_context
    context = constructor(
              └ <bound method DefaultExecutionContext._init_compiled of <class 'sqlalchemy.dialects.mysql.mysqldb.MySQLExecutionContext_mysql...
  File "D:\__lybix__\DEVTools\miniconda3\envs\fams\Lib\site-packages\sqlalchemy\engine\default.py", line 1416, in _init_compiled
    self.compiled_parameters = [
    └ <sqlalchemy.dialects.mysql.mysqldb.MySQLExecutionContext_mysqldb object at 0x0000026FBF3E8110>
  File "D:\__lybix__\DEVTools\miniconda3\envs\fams\Lib\site-packages\sqlalchemy\engine\default.py", line 1417, in <listcomp>
    compiled.construct_params(
    │        └ <function SQLCompiler.construct_params at 0x0000026FBD45A7A0>
    └ <sqlalchemy.dialects.mysql.mysqldb.MySQLCompiler_mysqldb object at 0x0000026FBF3E9550>
  File "D:\__lybix__\DEVTools\miniconda3\envs\fams\Lib\site-packages\sqlalchemy\sql\compiler.py", line 1927, in construct_params
    raise exc.InvalidRequestError(
          │   └ <class 'sqlalchemy.exc.InvalidRequestError'>
          └ <module 'sqlalchemy.exc' from 'D:\\__lybix__\\DEVTools\\miniconda3\\envs\\fams\\Lib\\site-packages\\sqlalchemy\\exc.py'>

sqlalchemy.exc.InvalidRequestError: A value is required for bind parameter 'reason' (Background on this error at: https://sqlalche.me/e/20/cd3x)


The above exception was the direct cause of the following exception:


Traceback (most recent call last):

  File "D:\__lybix__\_Codes\FAMS-NEPU\platform\server\services\svr_gateway\main.py", line 64, in <module>
    uvicorn.run(app, host="0.0.0.0", port=gateway_config.HTTP_PORT)
    │       │   │                         │              └ 9900
    │       │   │                         └ <services.svr_gateway.config.GatewayConfig object at 0x0000026FBCC993D0>
    │       │   └ <fastapi.applications.FastAPI object at 0x0000026FBEBD2A10>
    │       └ <function run at 0x0000026FBBA3FD80>
    └ <module 'uvicorn' from 'D:\\__lybix__\\DEVTools\\miniconda3\\envs\\fams\\Lib\\site-packages\\uvicorn\\__init__.py'>

  File "D:\__lybix__\DEVTools\miniconda3\envs\fams\Lib\site-packages\uvicorn\main.py", line 621, in run
    server.run()
    │      └ <function Server.run at 0x0000026FBBBB0860>
    └ <uvicorn.server.Server object at 0x0000026FBE673410>
  File "D:\__lybix__\DEVTools\miniconda3\envs\fams\Lib\site-packages\uvicorn\server.py", line 74, in run
    return asyncio_run(self.serve(sockets=sockets), loop_factory=self.config.get_loop_factory())
           │           │    │             │                      │    │      └ <function Config.get_loop_factory at 0x0000026FBBA3D1C0>
           │           │    │             │                      │    └ <uvicorn.config.Config object at 0x0000026FBE9A8F10>
           │           │    │             │                      └ <uvicorn.server.Server object at 0x0000026FBE673410>
           │           │    │             └ None
           │           │    └ <function Server.serve at 0x0000026FBBBB0900>
           │           └ <uvicorn.server.Server object at 0x0000026FBE673410>
           └ <function asyncio_run at 0x0000026FBB9C7740>
  File "D:\__lybix__\DEVTools\miniconda3\envs\fams\Lib\site-packages\uvicorn\_compat.py", line 30, in asyncio_run
    return runner.run(main)
           │      │   └ <coroutine object Server.serve at 0x0000026FBEBFC310>
           │      └ <function Runner.run at 0x0000026FBB423560>
           └ <asyncio.runners.Runner object at 0x0000026FBBA3B190>
  File "D:\__lybix__\DEVTools\miniconda3\envs\fams\Lib\asyncio\runners.py", line 118, in run
    return self._loop.run_until_complete(task)
           │    │     │                  └ <Task pending name='Task-1' coro=<Server.serve() running at D:\__lybix__\DEVTools\miniconda3\envs\fams\Lib\site-packages\uvic...
           │    │     └ <function BaseEventLoop.run_until_complete at 0x0000026FBB421120>
           │    └ <ProactorEventLoop running=True closed=False debug=False>
           └ <asyncio.runners.Runner object at 0x0000026FBBA3B190>
  File "D:\__lybix__\DEVTools\miniconda3\envs\fams\Lib\asyncio\base_events.py", line 637, in run_until_complete
    self.run_forever()
    │    └ <function ProactorEventLoop.run_forever at 0x0000026FBB4F8860>
    └ <ProactorEventLoop running=True closed=False debug=False>
  File "D:\__lybix__\DEVTools\miniconda3\envs\fams\Lib\asyncio\windows_events.py", line 321, in run_forever
    super().run_forever()
  File "D:\__lybix__\DEVTools\miniconda3\envs\fams\Lib\asyncio\base_events.py", line 604, in run_forever
    self._run_once()
    │    └ <function BaseEventLoop._run_once at 0x0000026FBB422E80>
    └ <ProactorEventLoop running=True closed=False debug=False>
  File "D:\__lybix__\DEVTools\miniconda3\envs\fams\Lib\asyncio\base_events.py", line 1909, in _run_once
    handle._run()
    │      └ <function Handle._run at 0x0000026FBB3653A0>
    └ <Handle Task.task_wakeup(<Future finished result=None>)>
  File "D:\__lybix__\DEVTools\miniconda3\envs\fams\Lib\asyncio\events.py", line 80, in _run
    self._context.run(self._callback, *self._args)
    │    │            │    │           │    └ <member '_args' of 'Handle' objects>
    │    │            │    │           └ <Handle Task.task_wakeup(<Future finished result=None>)>
    │    │            │    └ <member '_callback' of 'Handle' objects>
    │    │            └ <Handle Task.task_wakeup(<Future finished result=None>)>
    │    └ <member '_context' of 'Handle' objects>
    └ <Handle Task.task_wakeup(<Future finished result=None>)>
  File "D:\__lybix__\DEVTools\miniconda3\envs\fams\Lib\site-packages\uvicorn\protocols\http\httptools_impl.py", line 422, in run_asgi
    result = await app(  # type: ignore[func-returns-value]
                   └ <uvicorn.middleware.proxy_headers.ProxyHeadersMiddleware object at 0x0000026FBEBD4CD0>
  File "D:\__lybix__\DEVTools\miniconda3\envs\fams\Lib\site-packages\uvicorn\middleware\proxy_headers.py", line 63, in __call__
    return await self.app(scope, receive, send)
                 │    │   │      │        └ <bound method RequestResponseCycle.send of <uvicorn.protocols.http.httptools_impl.RequestResponseCycle object at 0x0000026FBF...
                 │    │   │      └ <bound method RequestResponseCycle.receive of <uvicorn.protocols.http.httptools_impl.RequestResponseCycle object at 0x0000026...
                 │    │   └ {'type': 'http', 'asgi': {'version': '3.0', 'spec_version': '2.3'}, 'http_version': '1.1', 'server': ('127.0.0.1', 9900), 'cl...
                 │    └ <fastapi.applications.FastAPI object at 0x0000026FBEBD2A10>
                 └ <uvicorn.middleware.proxy_headers.ProxyHeadersMiddleware object at 0x0000026FBEBD4CD0>
  File "D:\__lybix__\DEVTools\miniconda3\envs\fams\Lib\site-packages\fastapi\applications.py", line 1163, in __call__
    await super().__call__(scope, receive, send)
                           │      │        └ <bound method RequestResponseCycle.send of <uvicorn.protocols.http.httptools_impl.RequestResponseCycle object at 0x0000026FBF...
                           │      └ <bound method RequestResponseCycle.receive of <uvicorn.protocols.http.httptools_impl.RequestResponseCycle object at 0x0000026...
                           └ {'type': 'http', 'asgi': {'version': '3.0', 'spec_version': '2.3'}, 'http_version': '1.1', 'server': ('127.0.0.1', 9900), 'cl...
  File "D:\__lybix__\DEVTools\miniconda3\envs\fams\Lib\site-packages\starlette\applications.py", line 90, in __call__
    await self.middleware_stack(scope, receive, send)
          │    │                │      │        └ <bound method RequestResponseCycle.send of <uvicorn.protocols.http.httptools_impl.RequestResponseCycle object at 0x0000026FBF...
          │    │                │      └ <bound method RequestResponseCycle.receive of <uvicorn.protocols.http.httptools_impl.RequestResponseCycle object at 0x0000026...
          │    │                └ {'type': 'http', 'asgi': {'version': '3.0', 'spec_version': '2.3'}, 'http_version': '1.1', 'server': ('127.0.0.1', 9900), 'cl...
          │    └ <starlette.middleware.errors.ServerErrorMiddleware object at 0x0000026FBEBDC310>
          └ <fastapi.applications.FastAPI object at 0x0000026FBEBD2A10>
> File "D:\__lybix__\DEVTools\miniconda3\envs\fams\Lib\site-packages\starlette\middleware\errors.py", line 164, in __call__
    await self.app(scope, receive, _send)
          │    │   │      │        └ <function ServerErrorMiddleware.__call__.<locals>._send at 0x0000026FBEFC32E0>
          │    │   │      └ <bound method RequestResponseCycle.receive of <uvicorn.protocols.http.httptools_impl.RequestResponseCycle object at 0x0000026...
          │    │   └ {'type': 'http', 'asgi': {'version': '3.0', 'spec_version': '2.3'}, 'http_version': '1.1', 'server': ('127.0.0.1', 9900), 'cl...
          │    └ <starlette.middleware.base.BaseHTTPMiddleware object at 0x0000026FBE690B90>
          └ <starlette.middleware.errors.ServerErrorMiddleware object at 0x0000026FBEBDC310>
  File "D:\__lybix__\DEVTools\miniconda3\envs\fams\Lib\contextlib.py", line 222, in __aexit__
    await self.gen.athrow(typ, value, traceback)
          │    │   │      │    │      └ <traceback object at 0x0000026FBF3EBE80>
          │    │   │      │    └ StatementError("(sqlalchemy.exc.InvalidRequestError) A value is required for bind parameter 'reason'")
          │    │   │      └ <class 'sqlalchemy.exc.StatementError'>
          │    │   └ <method 'athrow' of 'async_generator' objects>
          │    └ <async_generator object create_collapsing_task_group at 0x0000026FBEC17440>
          └ <contextlib._AsyncGeneratorContextManager object at 0x0000026FBF3CA410>
  File "D:\__lybix__\DEVTools\miniconda3\envs\fams\Lib\site-packages\starlette\_utils.py", line 93, in create_collapsing_task_group
    raise exc from exc.__cause__ or context
          │        │   │            └ None
          │        │   └ <attribute '__cause__' of 'BaseException' objects>
          │        └ StatementError("(sqlalchemy.exc.InvalidRequestError) A value is required for bind parameter 'reason'")
          └ StatementError("(sqlalchemy.exc.InvalidRequestError) A value is required for bind parameter 'reason'")
  File "D:\__lybix__\DEVTools\miniconda3\envs\fams\Lib\site-packages\starlette\_utils.py", line 86, in create_collapsing_task_group
    yield tg
          └ <anyio._backends._asyncio.TaskGroup object at 0x0000026FBF3CA610>
  File "D:\__lybix__\DEVTools\miniconda3\envs\fams\Lib\site-packages\starlette\middleware\base.py", line 193, in __call__
    response = await self.dispatch_func(request, call_next)
                     │    │             │        └ <function BaseHTTPMiddleware.__call__.<locals>.call_next at 0x0000026FBEFC2D40>
                     │    │             └ <starlette.middleware.base._CachedRequest object at 0x0000026FBF3CBA50>
                     │    └ <function log_requests at 0x0000026FBEBF27A0>
                     └ <starlette.middleware.base.BaseHTTPMiddleware object at 0x0000026FBE690B90>

  File "D:\__lybix__\_Codes\FAMS-NEPU\platform\server\services\svr_gateway\main.py", line 42, in log_requests
    response = await call_next(request)
                     │         └ <starlette.middleware.base._CachedRequest object at 0x0000026FBF3CBA50>
                     └ <function BaseHTTPMiddleware.__call__.<locals>.call_next at 0x0000026FBEFC2D40>

  File "D:\__lybix__\DEVTools\miniconda3\envs\fams\Lib\site-packages\starlette\middleware\base.py", line 168, in call_next
    raise app_exc from app_exc.__cause__ or app_exc.__context__
          │            │       │            │       └ <attribute '__context__' of 'BaseException' objects>
          │            │       │            └ StatementError("(sqlalchemy.exc.InvalidRequestError) A value is required for bind parameter 'reason'")
          │            │       └ <attribute '__cause__' of 'BaseException' objects>
          │            └ StatementError("(sqlalchemy.exc.InvalidRequestError) A value is required for bind parameter 'reason'")
          └ StatementError("(sqlalchemy.exc.InvalidRequestError) A value is required for bind parameter 'reason'")
  File "D:\__lybix__\DEVTools\miniconda3\envs\fams\Lib\site-packages\starlette\middleware\base.py", line 144, in coro
    await self.app(scope, receive_or_disconnect, send_no_error)
          │    │   │      │                      └ <function BaseHTTPMiddleware.__call__.<locals>.call_next.<locals>.send_no_error at 0x0000026FBF3A6200>
          │    │   │      └ <function BaseHTTPMiddleware.__call__.<locals>.call_next.<locals>.receive_or_disconnect at 0x0000026FBEFC3920>
          │    │   └ {'type': 'http', 'asgi': {'version': '3.0', 'spec_version': '2.3'}, 'http_version': '1.1', 'server': ('127.0.0.1', 9900), 'cl...
          │    └ <starlette.middleware.cors.CORSMiddleware object at 0x0000026FBE664F10>
          └ <starlette.middleware.base.BaseHTTPMiddleware object at 0x0000026FBE690B90>
  File "D:\__lybix__\DEVTools\miniconda3\envs\fams\Lib\site-packages\starlette\middleware\cors.py", line 96, in __call__
    await self.simple_response(scope, receive, send, request_headers=headers)
          │    │               │      │        │                     └ Headers({'host': '127.0.0.1:9900', 'connection': 'close', 'content-length': '59', 'sec-ch-ua-platform': '"Windows"', 'authori...
          │    │               │      │        └ <function BaseHTTPMiddleware.__call__.<locals>.call_next.<locals>.send_no_error at 0x0000026FBF3A6200>
          │    │               │      └ <function BaseHTTPMiddleware.__call__.<locals>.call_next.<locals>.receive_or_disconnect at 0x0000026FBEFC3920>
          │    │               └ {'type': 'http', 'asgi': {'version': '3.0', 'spec_version': '2.3'}, 'http_version': '1.1', 'server': ('127.0.0.1', 9900), 'cl...
          │    └ <function CORSMiddleware.simple_response at 0x0000026FBCC8D080>
          └ <starlette.middleware.cors.CORSMiddleware object at 0x0000026FBE664F10>
  File "D:\__lybix__\DEVTools\miniconda3\envs\fams\Lib\site-packages\starlette\middleware\cors.py", line 154, in simple_response
    await self.app(scope, receive, send)
          │    │   │      │        └ functools.partial(<bound method CORSMiddleware.send of <starlette.middleware.cors.CORSMiddleware object at 0x0000026FBE664F10...
          │    │   │      └ <function BaseHTTPMiddleware.__call__.<locals>.call_next.<locals>.receive_or_disconnect at 0x0000026FBEFC3920>
          │    │   └ {'type': 'http', 'asgi': {'version': '3.0', 'spec_version': '2.3'}, 'http_version': '1.1', 'server': ('127.0.0.1', 9900), 'cl...
          │    └ <starlette.middleware.exceptions.ExceptionMiddleware object at 0x0000026FBEBA1F50>
          └ <starlette.middleware.cors.CORSMiddleware object at 0x0000026FBE664F10>
  File "D:\__lybix__\DEVTools\miniconda3\envs\fams\Lib\site-packages\starlette\middleware\exceptions.py", line 63, in __call__
    await wrap_app_handling_exceptions(self.app, conn)(scope, receive, send)
          │                            │    │    │     │      │        └ functools.partial(<bound method CORSMiddleware.send of <starlette.middleware.cors.CORSMiddleware object at 0x0000026FBE664F10...
          │                            │    │    │     │      └ <function BaseHTTPMiddleware.__call__.<locals>.call_next.<locals>.receive_or_disconnect at 0x0000026FBEFC3920>
          │                            │    │    │     └ {'type': 'http', 'asgi': {'version': '3.0', 'spec_version': '2.3'}, 'http_version': '1.1', 'server': ('127.0.0.1', 9900), 'cl...
          │                            │    │    └ <starlette.requests.Request object at 0x0000026FBF3CA990>
          │                            │    └ <fastapi.middleware.asyncexitstack.AsyncExitStackMiddleware object at 0x0000026FBE68D550>
          │                            └ <starlette.middleware.exceptions.ExceptionMiddleware object at 0x0000026FBEBA1F50>
          └ <function wrap_app_handling_exceptions at 0x0000026FBCB8F100>
  File "D:\__lybix__\DEVTools\miniconda3\envs\fams\Lib\site-packages\starlette\_exception_handler.py", line 53, in wrapped_app
    raise exc
  File "D:\__lybix__\DEVTools\miniconda3\envs\fams\Lib\site-packages\starlette\_exception_handler.py", line 42, in wrapped_app
    await app(scope, receive, sender)
          │   │      │        └ <function wrap_app_handling_exceptions.<locals>.wrapped_app.<locals>.sender at 0x0000026FBF3A79C0>
          │   │      └ <function BaseHTTPMiddleware.__call__.<locals>.call_next.<locals>.receive_or_disconnect at 0x0000026FBEFC3920>
          │   └ {'type': 'http', 'asgi': {'version': '3.0', 'spec_version': '2.3'}, 'http_version': '1.1', 'server': ('127.0.0.1', 9900), 'cl...
          └ <fastapi.middleware.asyncexitstack.AsyncExitStackMiddleware object at 0x0000026FBE68D550>
  File "D:\__lybix__\DEVTools\miniconda3\envs\fams\Lib\site-packages\fastapi\middleware\asyncexitstack.py", line 18, in __call__
    await self.app(scope, receive, send)
          │    │   │      │        └ <function wrap_app_handling_exceptions.<locals>.wrapped_app.<locals>.sender at 0x0000026FBF3A79C0>
          │    │   │      └ <function BaseHTTPMiddleware.__call__.<locals>.call_next.<locals>.receive_or_disconnect at 0x0000026FBEFC3920>
          │    │   └ {'type': 'http', 'asgi': {'version': '3.0', 'spec_version': '2.3'}, 'http_version': '1.1', 'server': ('127.0.0.1', 9900), 'cl...
          │    └ <fastapi.routing.APIRouter object at 0x0000026FBEBD2C10>
          └ <fastapi.middleware.asyncexitstack.AsyncExitStackMiddleware object at 0x0000026FBE68D550>
  File "D:\__lybix__\DEVTools\miniconda3\envs\fams\Lib\site-packages\starlette\routing.py", line 660, in __call__
    await self.middleware_stack(scope, receive, send)
          │    │                │      │        └ <function wrap_app_handling_exceptions.<locals>.wrapped_app.<locals>.sender at 0x0000026FBF3A79C0>
          │    │                │      └ <function BaseHTTPMiddleware.__call__.<locals>.call_next.<locals>.receive_or_disconnect at 0x0000026FBEFC3920>
          │    │                └ {'type': 'http', 'asgi': {'version': '3.0', 'spec_version': '2.3'}, 'http_version': '1.1', 'server': ('127.0.0.1', 9900), 'cl...
          │    └ <bound method APIRouter.app of <fastapi.routing.APIRouter object at 0x0000026FBEBD2C10>>
          └ <fastapi.routing.APIRouter object at 0x0000026FBEBD2C10>
  File "D:\__lybix__\DEVTools\miniconda3\envs\fams\Lib\site-packages\fastapi\routing.py", line 2683, in app
    await route.handle(scope, receive, send)
          │     │      │      │        └ <function wrap_app_handling_exceptions.<locals>.wrapped_app.<locals>.sender at 0x0000026FBF3A79C0>
          │     │      │      └ <function BaseHTTPMiddleware.__call__.<locals>.call_next.<locals>.receive_or_disconnect at 0x0000026FBEFC3920>
          │     │      └ {'type': 'http', 'asgi': {'version': '3.0', 'spec_version': '2.3'}, 'http_version': '1.1', 'server': ('127.0.0.1', 9900), 'cl...
          │     └ <function _IncludedRouter.handle at 0x0000026FBCBD1BC0>
          └ _IncludedRouter(original_router=<fastapi.routing.APIRouter object at 0x0000026FBE68BA50>, include_context=_RouterIncludeConte...
  File "D:\__lybix__\DEVTools\miniconda3\envs\fams\Lib\site-packages\fastapi\routing.py", line 1753, in handle
    await self.original_router.handle(scope, receive, send)
          │    │               │      │      │        └ <function wrap_app_handling_exceptions.<locals>.wrapped_app.<locals>.sender at 0x0000026FBF3A79C0>
          │    │               │      │      └ <function BaseHTTPMiddleware.__call__.<locals>.call_next.<locals>.receive_or_disconnect at 0x0000026FBEFC3920>
          │    │               │      └ {'type': 'http', 'asgi': {'version': '3.0', 'spec_version': '2.3'}, 'http_version': '1.1', 'server': ('127.0.0.1', 9900), 'cl...
          │    │               └ <function APIRouter.handle at 0x0000026FBCBD3BA0>
          │    └ <fastapi.routing.APIRouter object at 0x0000026FBE68BA50>
          └ _IncludedRouter(original_router=<fastapi.routing.APIRouter object at 0x0000026FBE68BA50>, include_context=_RouterIncludeConte...
  File "D:\__lybix__\DEVTools\miniconda3\envs\fams\Lib\site-packages\fastapi\routing.py", line 2738, in handle
    await included_router._handle_selected(scope, receive, send)
          │               │                │      │        └ <function wrap_app_handling_exceptions.<locals>.wrapped_app.<locals>.sender at 0x0000026FBF3A79C0>
          │               │                │      └ <function BaseHTTPMiddleware.__call__.<locals>.call_next.<locals>.receive_or_disconnect at 0x0000026FBEFC3920>
          │               │                └ {'type': 'http', 'asgi': {'version': '3.0', 'spec_version': '2.3'}, 'http_version': '1.1', 'server': ('127.0.0.1', 9900), 'cl...
          │               └ <function _IncludedRouter._handle_selected at 0x0000026FBCBD1C60>
          └ _IncludedRouter(original_router=<fastapi.routing.APIRouter object at 0x0000026FBE68BA50>, include_context=_RouterIncludeConte...
  File "D:\__lybix__\DEVTools\miniconda3\envs\fams\Lib\site-packages\fastapi\routing.py", line 1773, in _handle_selected
    await original_route.handle(scope, receive, send)
          │              │      │      │        └ <function wrap_app_handling_exceptions.<locals>.wrapped_app.<locals>.sender at 0x0000026FBF3A79C0>
          │              │      │      └ <function BaseHTTPMiddleware.__call__.<locals>.call_next.<locals>.receive_or_disconnect at 0x0000026FBEFC3920>
          │              │      └ {'type': 'http', 'asgi': {'version': '3.0', 'spec_version': '2.3'}, 'http_version': '1.1', 'server': ('127.0.0.1', 9900), 'cl...
          │              └ <function APIRoute.handle at 0x0000026FBCBBFCE0>
          └ APIRoute(path='/api/apply/borrow', name='apply_borrow', methods=['POST'])
  File "D:\__lybix__\DEVTools\miniconda3\envs\fams\Lib\site-packages\fastapi\routing.py", line 1264, in handle
    await app(scope, receive, send)
          │   │      │        └ <function wrap_app_handling_exceptions.<locals>.wrapped_app.<locals>.sender at 0x0000026FBF3A79C0>
          │   │      └ <function BaseHTTPMiddleware.__call__.<locals>.call_next.<locals>.receive_or_disconnect at 0x0000026FBEFC3920>
          │   └ {'type': 'http', 'asgi': {'version': '3.0', 'spec_version': '2.3'}, 'http_version': '1.1', 'server': ('127.0.0.1', 9900), 'cl...
          └ <function request_response.<locals>.app at 0x0000026FBF3A7100>
  File "D:\__lybix__\DEVTools\miniconda3\envs\fams\Lib\site-packages\fastapi\routing.py", line 150, in app
    await wrap_app_handling_exceptions(app, request)(scope, receive, send)
          │                            │    │        │      │        └ <function wrap_app_handling_exceptions.<locals>.wrapped_app.<locals>.sender at 0x0000026FBF3A79C0>
          │                            │    │        │      └ <function BaseHTTPMiddleware.__call__.<locals>.call_next.<locals>.receive_or_disconnect at 0x0000026FBEFC3920>
          │                            │    │        └ {'type': 'http', 'asgi': {'version': '3.0', 'spec_version': '2.3'}, 'http_version': '1.1', 'server': ('127.0.0.1', 9900), 'cl...
          │                            │    └ <starlette.requests.Request object at 0x0000026FBF3C8610>
          │                            └ <function request_response.<locals>.app.<locals>.app at 0x0000026FBF3A63E0>
          └ <function wrap_app_handling_exceptions at 0x0000026FBCB8F100>
  File "D:\__lybix__\DEVTools\miniconda3\envs\fams\Lib\site-packages\starlette\_exception_handler.py", line 53, in wrapped_app
    raise exc
  File "D:\__lybix__\DEVTools\miniconda3\envs\fams\Lib\site-packages\starlette\_exception_handler.py", line 42, in wrapped_app
    await app(scope, receive, sender)
          │   │      │        └ <function wrap_app_handling_exceptions.<locals>.wrapped_app.<locals>.sender at 0x0000026FBF3A7380>
          │   │      └ <function BaseHTTPMiddleware.__call__.<locals>.call_next.<locals>.receive_or_disconnect at 0x0000026FBEFC3920>
          │   └ {'type': 'http', 'asgi': {'version': '3.0', 'spec_version': '2.3'}, 'http_version': '1.1', 'server': ('127.0.0.1', 9900), 'cl...
          └ <function request_response.<locals>.app.<locals>.app at 0x0000026FBF3A63E0>
  File "D:\__lybix__\DEVTools\miniconda3\envs\fams\Lib\site-packages\fastapi\routing.py", line 136, in app
    response = await f(request)
                     │ └ <starlette.requests.Request object at 0x0000026FBF3C8610>
                     └ <function get_request_handler.<locals>.app at 0x0000026FBF3A5440>
  File "D:\__lybix__\DEVTools\miniconda3\envs\fams\Lib\site-packages\fastapi\routing.py", line 690, in app
    raw_response = await run_endpoint_function(
                         └ <function run_endpoint_function at 0x0000026FBCBBEF20>
  File "D:\__lybix__\DEVTools\miniconda3\envs\fams\Lib\site-packages\fastapi\routing.py", line 344, in run_endpoint_function
    return await dependant.call(**values)
                 │         │      └ {'current_user': {'user_id': 11, 'username': 'csstu002', 'dept_id': 2, 'role_keys': ['user'], 'exp': 1783951397, 'iat': 17838...
                 │         └ <function apply_borrow at 0x0000026FBEAF13A0>
                 └ Dependant(path_params=[], query_params=[], header_params=[], cookie_params=[], body_params=[ModelField(field_info=Body(Pydant...

  File "D:\__lybix__\_Codes\FAMS-NEPU\platform\server\services\svr_gateway\routes.py", line 479, in apply_borrow
    return await _submit_apply_internal("BORROW", request, data, current_user)
                 │                                │        │     └ {'user_id': 11, 'username': 'csstu002', 'dept_id': 2, 'role_keys': ['user'], 'exp': 1783951397, 'iat': 1783864997}
                 │                                │        └ {'asset_id': 3, 'remark': '新生入学通知书打印工作', 'apply_type': 'BORROW', 'applicant_id': 11, 'dept_id': 2, 'status': 'PENDING_COLLEGE...
                 │                                └ <starlette.requests.Request object at 0x0000026FBF3C8610>
                 └ <function _submit_apply_internal at 0x0000026FBE9B4D60>

  File "D:\__lybix__\_Codes\FAMS-NEPU\platform\server\services\svr_gateway\routes.py", line 467, in _submit_apply_internal
    result = logic.submit_apply(data)
             │     │            └ {'asset_id': 3, 'remark': '新生入学通知书打印工作', 'apply_type': 'BORROW', 'applicant_id': 11, 'dept_id': 2, 'status': 'PENDING_COLLEGE...
             │     └ <function ApplyLogic.submit_apply at 0x0000026FBE90C4A0>
             └ <data.logic.apply_logic.ApplyLogic object at 0x0000026FBEF97250>

  File "D:\__lybix__\_Codes\FAMS-NEPU\platform\server\data\logic\apply_logic.py", line 148, in submit_apply
    apply_id = self.apply_dao.insert_apply(data)
               │    │         │            └ {'asset_id': 3, 'remark': '新生入学通知书打印工作', 'apply_type': 'BORROW', 'applicant_id': 11, 'dept_id': 2, 'status': 'PENDING_COLLEGE...
               │    │         └ <function ApplyDAO.insert_apply at 0x0000026FBE8F3A60>
               │    └ <data.basic.apply_dao.ApplyDAO object at 0x0000026FBEF95B10>
               └ <data.logic.apply_logic.ApplyLogic object at 0x0000026FBEF97250>

  File "D:\__lybix__\_Codes\FAMS-NEPU\platform\server\data\basic\apply_dao.py", line 17, in insert_apply
    return self._execute_insert(sql, data)
           │    │               │    └ {'asset_id': 3, 'remark': '新生入学通知书打印工作', 'apply_type': 'BORROW', 'applicant_id': 11, 'dept_id': 2, 'status': 'PENDING_COLLEGE...
           │    │               └ 'INSERT INTO asset_apply (apply_type, applicant_id, dept_id, asset_id,\n                                          reason, exp...
           │    └ <function BaseDAO._execute_insert at 0x0000026FBE4BAF20>
           └ <data.basic.apply_dao.ApplyDAO object at 0x0000026FBEF95B10>

  File "D:\__lybix__\_Codes\FAMS-NEPU\platform\server\data\basic\base_dao.py", line 65, in _execute_insert
    result = conn.execute(text(sql), params or {})
             │    │       │    │     └ {'asset_id': 3, 'remark': '新生入学通知书打印工作', 'apply_type': 'BORROW', 'applicant_id': 11, 'dept_id': 2, 'status': 'PENDING_COLLEGE...
             │    │       │    └ 'INSERT INTO asset_apply (apply_type, applicant_id, dept_id, asset_id,\n                                          reason, exp...
             │    │       └ <function text at 0x0000026FBD46FF60>
             │    └ <function Connection.execute at 0x0000026FBE4AACA0>
             └ <sqlalchemy.engine.base.Connection object at 0x0000026FBEFE67D0>

  File "D:\__lybix__\DEVTools\miniconda3\envs\fams\Lib\site-packages\sqlalchemy\engine\base.py", line 1421, in execute
    return meth(
           └ <bound method ClauseElement._execute_on_connection of <sqlalchemy.sql.elements.TextClause object at 0x0000026FBF3E88D0>>
  File "D:\__lybix__\DEVTools\miniconda3\envs\fams\Lib\site-packages\sqlalchemy\sql\elements.py", line 526, in _execute_on_connection
    return connection._execute_clauseelement(
           │          └ <function Connection._execute_clauseelement at 0x0000026FBE4AAFC0>
           └ <sqlalchemy.engine.base.Connection object at 0x0000026FBEFE67D0>
  File "D:\__lybix__\DEVTools\miniconda3\envs\fams\Lib\site-packages\sqlalchemy\engine\base.py", line 1643, in _execute_clauseelement
    ret = self._execute_context(
          │    └ <function Connection._execute_context at 0x0000026FBE4AB1A0>
          └ <sqlalchemy.engine.base.Connection object at 0x0000026FBEFE67D0>
  File "D:\__lybix__\DEVTools\miniconda3\envs\fams\Lib\site-packages\sqlalchemy\engine\base.py", line 1823, in _execute_context
    self._handle_dbapi_exception(
    │    └ <function Connection._handle_dbapi_exception at 0x0000026FBE4AB4C0>
    └ <sqlalchemy.engine.base.Connection object at 0x0000026FBEFE67D0>
  File "D:\__lybix__\DEVTools\miniconda3\envs\fams\Lib\site-packages\sqlalchemy\engine\base.py", line 2365, in _handle_dbapi_exception
    raise sqlalchemy_exception.with_traceback(exc_info[2]) from e
          │                    │              │                 └ InvalidRequestError("A value is required for bind parameter 'reason'")
          │                    │              └ (<class 'sqlalchemy.exc.InvalidRequestError'>, InvalidRequestError("A value is required for bind parameter 'reason'"), <trace...
          │                    └ <method 'with_traceback' of 'BaseException' objects>
          └ StatementError("(sqlalchemy.exc.InvalidRequestError) A value is required for bind parameter 'reason'")
  File "D:\__lybix__\DEVTools\miniconda3\envs\fams\Lib\site-packages\sqlalchemy\engine\base.py", line 1817, in _execute_context
    context = constructor(
              └ <bound method DefaultExecutionContext._init_compiled of <class 'sqlalchemy.dialects.mysql.mysqldb.MySQLExecutionContext_mysql...
  File "D:\__lybix__\DEVTools\miniconda3\envs\fams\Lib\site-packages\sqlalchemy\engine\default.py", line 1416, in _init_compiled
    self.compiled_parameters = [
    └ <sqlalchemy.dialects.mysql.mysqldb.MySQLExecutionContext_mysqldb object at 0x0000026FBF3E8110>
  File "D:\__lybix__\DEVTools\miniconda3\envs\fams\Lib\site-packages\sqlalchemy\engine\default.py", line 1417, in <listcomp>
    compiled.construct_params(
    │        └ <function SQLCompiler.construct_params at 0x0000026FBD45A7A0>
    └ <sqlalchemy.dialects.mysql.mysqldb.MySQLCompiler_mysqldb object at 0x0000026FBF3E9550>
  File "D:\__lybix__\DEVTools\miniconda3\envs\fams\Lib\site-packages\sqlalchemy\sql\compiler.py", line 1927, in construct_params
    raise exc.InvalidRequestError(
          │   └ <class 'sqlalchemy.exc.InvalidRequestError'>
          └ <module 'sqlalchemy.exc' from 'D:\\__lybix__\\DEVTools\\miniconda3\\envs\\fams\\Lib\\site-packages\\sqlalchemy\\exc.py'>

sqlalchemy.exc.StatementError: (sqlalchemy.exc.InvalidRequestError) A value is required for bind parameter 'reason'
[SQL: INSERT INTO asset_apply (apply_type, applicant_id, dept_id, asset_id,
                                          reason, expect_return_time, status, current_node)
                 VALUES (%(apply_type)s, %(applicant_id)s, %(dept_id)s, %(asset_id)s,
                         %(reason)s, %(expect_return_time)s, %(status)s, %(current_node)s)]
[parameters: [{'asset_id': 3, 'remark': '新生入学通知书打印工作', 'apply_type': 'BORROW', 'applicant_id': 11, 'dept_id': 2, 'status': 'PENDING_COLLEGE', 'current_node': 1, 'expect_return_time': None}]]
(Background on this error at: https://sqlalche.me/e/20/cd3x)

Traceback (most recent call last):

  File "D:\__lybix__\DEVTools\miniconda3\envs\fams\Lib\site-packages\sqlalchemy\engine\base.py", line 1817, in _execute_context
    context = constructor(
              └ <bound method DefaultExecutionContext._init_compiled of <class 'sqlalchemy.dialects.mysql.mysqldb.MySQLExecutionContext_mysql...
  File "D:\__lybix__\DEVTools\miniconda3\envs\fams\Lib\site-packages\sqlalchemy\engine\default.py", line 1416, in _init_compiled
    self.compiled_parameters = [
    └ <sqlalchemy.dialects.mysql.mysqldb.MySQLExecutionContext_mysqldb object at 0x0000026FBF3E8110>
  File "D:\__lybix__\DEVTools\miniconda3\envs\fams\Lib\site-packages\sqlalchemy\engine\default.py", line 1417, in <listcomp>
    compiled.construct_params(
    │        └ <function SQLCompiler.construct_params at 0x0000026FBD45A7A0>
    └ <sqlalchemy.dialects.mysql.mysqldb.MySQLCompiler_mysqldb object at 0x0000026FBF3E9550>
  File "D:\__lybix__\DEVTools\miniconda3\envs\fams\Lib\site-packages\sqlalchemy\sql\compiler.py", line 1927, in construct_params
    raise exc.InvalidRequestError(
          │   └ <class 'sqlalchemy.exc.InvalidRequestError'>
          └ <module 'sqlalchemy.exc' from 'D:\\__lybix__\\DEVTools\\miniconda3\\envs\\fams\\Lib\\site-packages\\sqlalchemy\\exc.py'>

sqlalchemy.exc.InvalidRequestError: A value is required for bind parameter 'reason' (Background on this error at: https://sqlalche.me/e/20/cd3x)


The above exception was the direct cause of the following exception:


Traceback (most recent call last):

  File "D:\__lybix__\_Codes\FAMS-NEPU\platform\server\services\svr_gateway\main.py", line 64, in <module>
    uvicorn.run(app, host="0.0.0.0", port=gateway_config.HTTP_PORT)
    │       │   │                         │              └ 9900
    │       │   │                         └ <services.svr_gateway.config.GatewayConfig object at 0x0000026FBCC993D0>
    │       │   └ <fastapi.applications.FastAPI object at 0x0000026FBEBD2A10>
    │       └ <function run at 0x0000026FBBA3FD80>
    └ <module 'uvicorn' from 'D:\\__lybix__\\DEVTools\\miniconda3\\envs\\fams\\Lib\\site-packages\\uvicorn\\__init__.py'>

  File "D:\__lybix__\DEVTools\miniconda3\envs\fams\Lib\site-packages\uvicorn\main.py", line 621, in run
    server.run()
    │      └ <function Server.run at 0x0000026FBBBB0860>
    └ <uvicorn.server.Server object at 0x0000026FBE673410>
  File "D:\__lybix__\DEVTools\miniconda3\envs\fams\Lib\site-packages\uvicorn\server.py", line 74, in run
    return asyncio_run(self.serve(sockets=sockets), loop_factory=self.config.get_loop_factory())
           │           │    │             │                      │    │      └ <function Config.get_loop_factory at 0x0000026FBBA3D1C0>
           │           │    │             │                      │    └ <uvicorn.config.Config object at 0x0000026FBE9A8F10>
           │           │    │             │                      └ <uvicorn.server.Server object at 0x0000026FBE673410>
           │           │    │             └ None
           │           │    └ <function Server.serve at 0x0000026FBBBB0900>
           │           └ <uvicorn.server.Server object at 0x0000026FBE673410>
           └ <function asyncio_run at 0x0000026FBB9C7740>
  File "D:\__lybix__\DEVTools\miniconda3\envs\fams\Lib\site-packages\uvicorn\_compat.py", line 30, in asyncio_run
    return runner.run(main)
           │      │   └ <coroutine object Server.serve at 0x0000026FBEBFC310>
           │      └ <function Runner.run at 0x0000026FBB423560>
           └ <asyncio.runners.Runner object at 0x0000026FBBA3B190>
  File "D:\__lybix__\DEVTools\miniconda3\envs\fams\Lib\asyncio\runners.py", line 118, in run
    return self._loop.run_until_complete(task)
           │    │     │                  └ <Task pending name='Task-1' coro=<Server.serve() running at D:\__lybix__\DEVTools\miniconda3\envs\fams\Lib\site-packages\uvic...
           │    │     └ <function BaseEventLoop.run_until_complete at 0x0000026FBB421120>
           │    └ <ProactorEventLoop running=True closed=False debug=False>
           └ <asyncio.runners.Runner object at 0x0000026FBBA3B190>
  File "D:\__lybix__\DEVTools\miniconda3\envs\fams\Lib\asyncio\base_events.py", line 637, in run_until_complete
    self.run_forever()
    │    └ <function ProactorEventLoop.run_forever at 0x0000026FBB4F8860>
    └ <ProactorEventLoop running=True closed=False debug=False>
  File "D:\__lybix__\DEVTools\miniconda3\envs\fams\Lib\asyncio\windows_events.py", line 321, in run_forever
    super().run_forever()
  File "D:\__lybix__\DEVTools\miniconda3\envs\fams\Lib\asyncio\base_events.py", line 604, in run_forever
    self._run_once()
    │    └ <function BaseEventLoop._run_once at 0x0000026FBB422E80>
    └ <ProactorEventLoop running=True closed=False debug=False>
  File "D:\__lybix__\DEVTools\miniconda3\envs\fams\Lib\asyncio\base_events.py", line 1909, in _run_once
    handle._run()
    │      └ <function Handle._run at 0x0000026FBB3653A0>
    └ <Handle Task.task_wakeup(<Future finished result=None>)>
  File "D:\__lybix__\DEVTools\miniconda3\envs\fams\Lib\asyncio\events.py", line 80, in _run
    self._context.run(self._callback, *self._args)
    │    │            │    │           │    └ <member '_args' of 'Handle' objects>
    │    │            │    │           └ <Handle Task.task_wakeup(<Future finished result=None>)>
    │    │            │    └ <member '_callback' of 'Handle' objects>
    │    │            └ <Handle Task.task_wakeup(<Future finished result=None>)>
    │    └ <member '_context' of 'Handle' objects>
    └ <Handle Task.task_wakeup(<Future finished result=None>)>
  File "D:\__lybix__\DEVTools\miniconda3\envs\fams\Lib\site-packages\uvicorn\protocols\http\httptools_impl.py", line 422, in run_asgi
    result = await app(  # type: ignore[func-returns-value]
                   └ <uvicorn.middleware.proxy_headers.ProxyHeadersMiddleware object at 0x0000026FBEBD4CD0>
  File "D:\__lybix__\DEVTools\miniconda3\envs\fams\Lib\site-packages\uvicorn\middleware\proxy_headers.py", line 63, in __call__
    return await self.app(scope, receive, send)
                 │    │   │      │        └ <bound method RequestResponseCycle.send of <uvicorn.protocols.http.httptools_impl.RequestResponseCycle object at 0x0000026FBF...
                 │    │   │      └ <bound method RequestResponseCycle.receive of <uvicorn.protocols.http.httptools_impl.RequestResponseCycle object at 0x0000026...
                 │    │   └ {'type': 'http', 'asgi': {'version': '3.0', 'spec_version': '2.3'}, 'http_version': '1.1', 'server': ('127.0.0.1', 9900), 'cl...
                 │    └ <fastapi.applications.FastAPI object at 0x0000026FBEBD2A10>
                 └ <uvicorn.middleware.proxy_headers.ProxyHeadersMiddleware object at 0x0000026FBEBD4CD0>
  File "D:\__lybix__\DEVTools\miniconda3\envs\fams\Lib\site-packages\fastapi\applications.py", line 1163, in __call__
    await super().__call__(scope, receive, send)
                           │      │        └ <bound method RequestResponseCycle.send of <uvicorn.protocols.http.httptools_impl.RequestResponseCycle object at 0x0000026FBF...
                           │      └ <bound method RequestResponseCycle.receive of <uvicorn.protocols.http.httptools_impl.RequestResponseCycle object at 0x0000026...
                           └ {'type': 'http', 'asgi': {'version': '3.0', 'spec_version': '2.3'}, 'http_version': '1.1', 'server': ('127.0.0.1', 9900), 'cl...
  File "D:\__lybix__\DEVTools\miniconda3\envs\fams\Lib\site-packages\starlette\applications.py", line 90, in __call__
    await self.middleware_stack(scope, receive, send)
          │    │                │      │        └ <bound method RequestResponseCycle.send of <uvicorn.protocols.http.httptools_impl.RequestResponseCycle object at 0x0000026FBF...
          │    │                │      └ <bound method RequestResponseCycle.receive of <uvicorn.protocols.http.httptools_impl.RequestResponseCycle object at 0x0000026...
          │    │                └ {'type': 'http', 'asgi': {'version': '3.0', 'spec_version': '2.3'}, 'http_version': '1.1', 'server': ('127.0.0.1', 9900), 'cl...
          │    └ <starlette.middleware.errors.ServerErrorMiddleware object at 0x0000026FBEBDC310>
          └ <fastapi.applications.FastAPI object at 0x0000026FBEBD2A10>
> File "D:\__lybix__\DEVTools\miniconda3\envs\fams\Lib\site-packages\starlette\middleware\errors.py", line 164, in __call__
    await self.app(scope, receive, _send)
          │    │   │      │        └ <function ServerErrorMiddleware.__call__.<locals>._send at 0x0000026FBEFC32E0>
          │    │   │      └ <bound method RequestResponseCycle.receive of <uvicorn.protocols.http.httptools_impl.RequestResponseCycle object at 0x0000026...
          │    │   └ {'type': 'http', 'asgi': {'version': '3.0', 'spec_version': '2.3'}, 'http_version': '1.1', 'server': ('127.0.0.1', 9900), 'cl...
          │    └ <starlette.middleware.base.BaseHTTPMiddleware object at 0x0000026FBE690B90>
          └ <starlette.middleware.errors.ServerErrorMiddleware object at 0x0000026FBEBDC310>
  File "D:\__lybix__\DEVTools\miniconda3\envs\fams\Lib\contextlib.py", line 222, in __aexit__
    await self.gen.athrow(typ, value, traceback)
          │    │   │      │    │      └ <traceback object at 0x0000026FBF3EBE80>
          │    │   │      │    └ StatementError("(sqlalchemy.exc.InvalidRequestError) A value is required for bind parameter 'reason'")
          │    │   │      └ <class 'sqlalchemy.exc.StatementError'>
          │    │   └ <method 'athrow' of 'async_generator' objects>
          │    └ <async_generator object create_collapsing_task_group at 0x0000026FBEC17440>
          └ <contextlib._AsyncGeneratorContextManager object at 0x0000026FBF3CA410>
  File "D:\__lybix__\DEVTools\miniconda3\envs\fams\Lib\site-packages\starlette\_utils.py", line 93, in create_collapsing_task_group
    raise exc from exc.__cause__ or context
          │        │   │            └ None
          │        │   └ <attribute '__cause__' of 'BaseException' objects>
          │        └ StatementError("(sqlalchemy.exc.InvalidRequestError) A value is required for bind parameter 'reason'")
          └ StatementError("(sqlalchemy.exc.InvalidRequestError) A value is required for bind parameter 'reason'")
  File "D:\__lybix__\DEVTools\miniconda3\envs\fams\Lib\site-packages\starlette\_utils.py", line 86, in create_collapsing_task_group
    yield tg
          └ <anyio._backends._asyncio.TaskGroup object at 0x0000026FBF3CA610>
  File "D:\__lybix__\DEVTools\miniconda3\envs\fams\Lib\site-packages\starlette\middleware\base.py", line 193, in __call__
    response = await self.dispatch_func(request, call_next)
                     │    │             │        └ <function BaseHTTPMiddleware.__call__.<locals>.call_next at 0x0000026FBEFC2D40>
                     │    │             └ <starlette.middleware.base._CachedRequest object at 0x0000026FBF3CBA50>
                     │    └ <function log_requests at 0x0000026FBEBF27A0>
                     └ <starlette.middleware.base.BaseHTTPMiddleware object at 0x0000026FBE690B90>

  File "D:\__lybix__\_Codes\FAMS-NEPU\platform\server\services\svr_gateway\main.py", line 42, in log_requests
    response = await call_next(request)
                     │         └ <starlette.middleware.base._CachedRequest object at 0x0000026FBF3CBA50>
                     └ <function BaseHTTPMiddleware.__call__.<locals>.call_next at 0x0000026FBEFC2D40>

  File "D:\__lybix__\DEVTools\miniconda3\envs\fams\Lib\site-packages\starlette\middleware\base.py", line 168, in call_next
    raise app_exc from app_exc.__cause__ or app_exc.__context__
          │            │       │            │       └ <attribute '__context__' of 'BaseException' objects>
          │            │       │            └ StatementError("(sqlalchemy.exc.InvalidRequestError) A value is required for bind parameter 'reason'")
          │            │       └ <attribute '__cause__' of 'BaseException' objects>
          │            └ StatementError("(sqlalchemy.exc.InvalidRequestError) A value is required for bind parameter 'reason'")
          └ StatementError("(sqlalchemy.exc.InvalidRequestError) A value is required for bind parameter 'reason'")
  File "D:\__lybix__\DEVTools\miniconda3\envs\fams\Lib\site-packages\starlette\middleware\base.py", line 144, in coro
    await self.app(scope, receive_or_disconnect, send_no_error)
          │    │   │      │                      └ <function BaseHTTPMiddleware.__call__.<locals>.call_next.<locals>.send_no_error at 0x0000026FBF3A6200>
          │    │   │      └ <function BaseHTTPMiddleware.__call__.<locals>.call_next.<locals>.receive_or_disconnect at 0x0000026FBEFC3920>
          │    │   └ {'type': 'http', 'asgi': {'version': '3.0', 'spec_version': '2.3'}, 'http_version': '1.1', 'server': ('127.0.0.1', 9900), 'cl...
          │    └ <starlette.middleware.cors.CORSMiddleware object at 0x0000026FBE664F10>
          └ <starlette.middleware.base.BaseHTTPMiddleware object at 0x0000026FBE690B90>
  File "D:\__lybix__\DEVTools\miniconda3\envs\fams\Lib\site-packages\starlette\middleware\cors.py", line 96, in __call__
    await self.simple_response(scope, receive, send, request_headers=headers)
          │    │               │      │        │                     └ Headers({'host': '127.0.0.1:9900', 'connection': 'close', 'content-length': '59', 'sec-ch-ua-platform': '"Windows"', 'authori...
          │    │               │      │        └ <function BaseHTTPMiddleware.__call__.<locals>.call_next.<locals>.send_no_error at 0x0000026FBF3A6200>
          │    │               │      └ <function BaseHTTPMiddleware.__call__.<locals>.call_next.<locals>.receive_or_disconnect at 0x0000026FBEFC3920>
          │    │               └ {'type': 'http', 'asgi': {'version': '3.0', 'spec_version': '2.3'}, 'http_version': '1.1', 'server': ('127.0.0.1', 9900), 'cl...
          │    └ <function CORSMiddleware.simple_response at 0x0000026FBCC8D080>
          └ <starlette.middleware.cors.CORSMiddleware object at 0x0000026FBE664F10>
  File "D:\__lybix__\DEVTools\miniconda3\envs\fams\Lib\site-packages\starlette\middleware\cors.py", line 154, in simple_response
    await self.app(scope, receive, send)
          │    │   │      │        └ functools.partial(<bound method CORSMiddleware.send of <starlette.middleware.cors.CORSMiddleware object at 0x0000026FBE664F10...
          │    │   │      └ <function BaseHTTPMiddleware.__call__.<locals>.call_next.<locals>.receive_or_disconnect at 0x0000026FBEFC3920>
          │    │   └ {'type': 'http', 'asgi': {'version': '3.0', 'spec_version': '2.3'}, 'http_version': '1.1', 'server': ('127.0.0.1', 9900), 'cl...
          │    └ <starlette.middleware.exceptions.ExceptionMiddleware object at 0x0000026FBEBA1F50>
          └ <starlette.middleware.cors.CORSMiddleware object at 0x0000026FBE664F10>
  File "D:\__lybix__\DEVTools\miniconda3\envs\fams\Lib\site-packages\starlette\middleware\exceptions.py", line 63, in __call__
    await wrap_app_handling_exceptions(self.app, conn)(scope, receive, send)
          │                            │    │    │     │      │        └ functools.partial(<bound method CORSMiddleware.send of <starlette.middleware.cors.CORSMiddleware object at 0x0000026FBE664F10...
          │                            │    │    │     │      └ <function BaseHTTPMiddleware.__call__.<locals>.call_next.<locals>.receive_or_disconnect at 0x0000026FBEFC3920>
          │                            │    │    │     └ {'type': 'http', 'asgi': {'version': '3.0', 'spec_version': '2.3'}, 'http_version': '1.1', 'server': ('127.0.0.1', 9900), 'cl...
          │                            │    │    └ <starlette.requests.Request object at 0x0000026FBF3CA990>
          │                            │    └ <fastapi.middleware.asyncexitstack.AsyncExitStackMiddleware object at 0x0000026FBE68D550>
          │                            └ <starlette.middleware.exceptions.ExceptionMiddleware object at 0x0000026FBEBA1F50>
          └ <function wrap_app_handling_exceptions at 0x0000026FBCB8F100>
  File "D:\__lybix__\DEVTools\miniconda3\envs\fams\Lib\site-packages\starlette\_exception_handler.py", line 53, in wrapped_app
    raise exc
  File "D:\__lybix__\DEVTools\miniconda3\envs\fams\Lib\site-packages\starlette\_exception_handler.py", line 42, in wrapped_app
    await app(scope, receive, sender)
          │   │      │        └ <function wrap_app_handling_exceptions.<locals>.wrapped_app.<locals>.sender at 0x0000026FBF3A79C0>
          │   │      └ <function BaseHTTPMiddleware.__call__.<locals>.call_next.<locals>.receive_or_disconnect at 0x0000026FBEFC3920>
          │   └ {'type': 'http', 'asgi': {'version': '3.0', 'spec_version': '2.3'}, 'http_version': '1.1', 'server': ('127.0.0.1', 9900), 'cl...
          └ <fastapi.middleware.asyncexitstack.AsyncExitStackMiddleware object at 0x0000026FBE68D550>
  File "D:\__lybix__\DEVTools\miniconda3\envs\fams\Lib\site-packages\fastapi\middleware\asyncexitstack.py", line 18, in __call__
    await self.app(scope, receive, send)
          │    │   │      │        └ <function wrap_app_handling_exceptions.<locals>.wrapped_app.<locals>.sender at 0x0000026FBF3A79C0>
          │    │   │      └ <function BaseHTTPMiddleware.__call__.<locals>.call_next.<locals>.receive_or_disconnect at 0x0000026FBEFC3920>
          │    │   └ {'type': 'http', 'asgi': {'version': '3.0', 'spec_version': '2.3'}, 'http_version': '1.1', 'server': ('127.0.0.1', 9900), 'cl...
          │    └ <fastapi.routing.APIRouter object at 0x0000026FBEBD2C10>
          └ <fastapi.middleware.asyncexitstack.AsyncExitStackMiddleware object at 0x0000026FBE68D550>
  File "D:\__lybix__\DEVTools\miniconda3\envs\fams\Lib\site-packages\starlette\routing.py", line 660, in __call__
    await self.middleware_stack(scope, receive, send)
          │    │                │      │        └ <function wrap_app_handling_exceptions.<locals>.wrapped_app.<locals>.sender at 0x0000026FBF3A79C0>
          │    │                │      └ <function BaseHTTPMiddleware.__call__.<locals>.call_next.<locals>.receive_or_disconnect at 0x0000026FBEFC3920>
          │    │                └ {'type': 'http', 'asgi': {'version': '3.0', 'spec_version': '2.3'}, 'http_version': '1.1', 'server': ('127.0.0.1', 9900), 'cl...
          │    └ <bound method APIRouter.app of <fastapi.routing.APIRouter object at 0x0000026FBEBD2C10>>
          └ <fastapi.routing.APIRouter object at 0x0000026FBEBD2C10>
  File "D:\__lybix__\DEVTools\miniconda3\envs\fams\Lib\site-packages\fastapi\routing.py", line 2683, in app
    await route.handle(scope, receive, send)
          │     │      │      │        └ <function wrap_app_handling_exceptions.<locals>.wrapped_app.<locals>.sender at 0x0000026FBF3A79C0>
          │     │      │      └ <function BaseHTTPMiddleware.__call__.<locals>.call_next.<locals>.receive_or_disconnect at 0x0000026FBEFC3920>
          │     │      └ {'type': 'http', 'asgi': {'version': '3.0', 'spec_version': '2.3'}, 'http_version': '1.1', 'server': ('127.0.0.1', 9900), 'cl...
          │     └ <function _IncludedRouter.handle at 0x0000026FBCBD1BC0>
          └ _IncludedRouter(original_router=<fastapi.routing.APIRouter object at 0x0000026FBE68BA50>, include_context=_RouterIncludeConte...
  File "D:\__lybix__\DEVTools\miniconda3\envs\fams\Lib\site-packages\fastapi\routing.py", line 1753, in handle
    await self.original_router.handle(scope, receive, send)
          │    │               │      │      │        └ <function wrap_app_handling_exceptions.<locals>.wrapped_app.<locals>.sender at 0x0000026FBF3A79C0>
          │    │               │      │      └ <function BaseHTTPMiddleware.__call__.<locals>.call_next.<locals>.receive_or_disconnect at 0x0000026FBEFC3920>
          │    │               │      └ {'type': 'http', 'asgi': {'version': '3.0', 'spec_version': '2.3'}, 'http_version': '1.1', 'server': ('127.0.0.1', 9900), 'cl...
          │    │               └ <function APIRouter.handle at 0x0000026FBCBD3BA0>
          │    └ <fastapi.routing.APIRouter object at 0x0000026FBE68BA50>
          └ _IncludedRouter(original_router=<fastapi.routing.APIRouter object at 0x0000026FBE68BA50>, include_context=_RouterIncludeConte...
  File "D:\__lybix__\DEVTools\miniconda3\envs\fams\Lib\site-packages\fastapi\routing.py", line 2738, in handle
    await included_router._handle_selected(scope, receive, send)
          │               │                │      │        └ <function wrap_app_handling_exceptions.<locals>.wrapped_app.<locals>.sender at 0x0000026FBF3A79C0>
          │               │                │      └ <function BaseHTTPMiddleware.__call__.<locals>.call_next.<locals>.receive_or_disconnect at 0x0000026FBEFC3920>
          │               │                └ {'type': 'http', 'asgi': {'version': '3.0', 'spec_version': '2.3'}, 'http_version': '1.1', 'server': ('127.0.0.1', 9900), 'cl...
          │               └ <function _IncludedRouter._handle_selected at 0x0000026FBCBD1C60>
          └ _IncludedRouter(original_router=<fastapi.routing.APIRouter object at 0x0000026FBE68BA50>, include_context=_RouterIncludeConte...
  File "D:\__lybix__\DEVTools\miniconda3\envs\fams\Lib\site-packages\fastapi\routing.py", line 1773, in _handle_selected
    await original_route.handle(scope, receive, send)
          │              │      │      │        └ <function wrap_app_handling_exceptions.<locals>.wrapped_app.<locals>.sender at 0x0000026FBF3A79C0>
          │              │      │      └ <function BaseHTTPMiddleware.__call__.<locals>.call_next.<locals>.receive_or_disconnect at 0x0000026FBEFC3920>
          │              │      └ {'type': 'http', 'asgi': {'version': '3.0', 'spec_version': '2.3'}, 'http_version': '1.1', 'server': ('127.0.0.1', 9900), 'cl...
          │              └ <function APIRoute.handle at 0x0000026FBCBBFCE0>
          └ APIRoute(path='/api/apply/borrow', name='apply_borrow', methods=['POST'])
  File "D:\__lybix__\DEVTools\miniconda3\envs\fams\Lib\site-packages\fastapi\routing.py", line 1264, in handle
    await app(scope, receive, send)
          │   │      │        └ <function wrap_app_handling_exceptions.<locals>.wrapped_app.<locals>.sender at 0x0000026FBF3A79C0>
          │   │      └ <function BaseHTTPMiddleware.__call__.<locals>.call_next.<locals>.receive_or_disconnect at 0x0000026FBEFC3920>
          │   └ {'type': 'http', 'asgi': {'version': '3.0', 'spec_version': '2.3'}, 'http_version': '1.1', 'server': ('127.0.0.1', 9900), 'cl...
          └ <function request_response.<locals>.app at 0x0000026FBF3A7100>
  File "D:\__lybix__\DEVTools\miniconda3\envs\fams\Lib\site-packages\fastapi\routing.py", line 150, in app
    await wrap_app_handling_exceptions(app, request)(scope, receive, send)
          │                            │    │        │      │        └ <function wrap_app_handling_exceptions.<locals>.wrapped_app.<locals>.sender at 0x0000026FBF3A79C0>
          │                            │    │        │      └ <function BaseHTTPMiddleware.__call__.<locals>.call_next.<locals>.receive_or_disconnect at 0x0000026FBEFC3920>
          │                            │    │        └ {'type': 'http', 'asgi': {'version': '3.0', 'spec_version': '2.3'}, 'http_version': '1.1', 'server': ('127.0.0.1', 9900), 'cl...
          │                            │    └ <starlette.requests.Request object at 0x0000026FBF3C8610>
          │                            └ <function request_response.<locals>.app.<locals>.app at 0x0000026FBF3A63E0>
          └ <function wrap_app_handling_exceptions at 0x0000026FBCB8F100>
  File "D:\__lybix__\DEVTools\miniconda3\envs\fams\Lib\site-packages\starlette\_exception_handler.py", line 53, in wrapped_app
    raise exc
  File "D:\__lybix__\DEVTools\miniconda3\envs\fams\Lib\site-packages\starlette\_exception_handler.py", line 42, in wrapped_app
    await app(scope, receive, sender)
          │   │      │        └ <function wrap_app_handling_exceptions.<locals>.wrapped_app.<locals>.sender at 0x0000026FBF3A7380>
          │   │      └ <function BaseHTTPMiddleware.__call__.<locals>.call_next.<locals>.receive_or_disconnect at 0x0000026FBEFC3920>
          │   └ {'type': 'http', 'asgi': {'version': '3.0', 'spec_version': '2.3'}, 'http_version': '1.1', 'server': ('127.0.0.1', 9900), 'cl...
          └ <function request_response.<locals>.app.<locals>.app at 0x0000026FBF3A63E0>
  File "D:\__lybix__\DEVTools\miniconda3\envs\fams\Lib\site-packages\fastapi\routing.py", line 136, in app
    response = await f(request)
                     │ └ <starlette.requests.Request object at 0x0000026FBF3C8610>
                     └ <function get_request_handler.<locals>.app at 0x0000026FBF3A5440>
  File "D:\__lybix__\DEVTools\miniconda3\envs\fams\Lib\site-packages\fastapi\routing.py", line 690, in app
    raw_response = await run_endpoint_function(
                         └ <function run_endpoint_function at 0x0000026FBCBBEF20>
  File "D:\__lybix__\DEVTools\miniconda3\envs\fams\Lib\site-packages\fastapi\routing.py", line 344, in run_endpoint_function
    return await dependant.call(**values)
                 │         │      └ {'current_user': {'user_id': 11, 'username': 'csstu002', 'dept_id': 2, 'role_keys': ['user'], 'exp': 1783951397, 'iat': 17838...
                 │         └ <function apply_borrow at 0x0000026FBEAF13A0>
                 └ Dependant(path_params=[], query_params=[], header_params=[], cookie_params=[], body_params=[ModelField(field_info=Body(Pydant...

  File "D:\__lybix__\_Codes\FAMS-NEPU\platform\server\services\svr_gateway\routes.py", line 479, in apply_borrow
    return await _submit_apply_internal("BORROW", request, data, current_user)
                 │                                │        │     └ {'user_id': 11, 'username': 'csstu002', 'dept_id': 2, 'role_keys': ['user'], 'exp': 1783951397, 'iat': 1783864997}
                 │                                │        └ {'asset_id': 3, 'remark': '新生入学通知书打印工作', 'apply_type': 'BORROW', 'applicant_id': 11, 'dept_id': 2, 'status': 'PENDING_COLLEGE...
                 │                                └ <starlette.requests.Request object at 0x0000026FBF3C8610>
                 └ <function _submit_apply_internal at 0x0000026FBE9B4D60>

  File "D:\__lybix__\_Codes\FAMS-NEPU\platform\server\services\svr_gateway\routes.py", line 467, in _submit_apply_internal
    result = logic.submit_apply(data)
             │     │            └ {'asset_id': 3, 'remark': '新生入学通知书打印工作', 'apply_type': 'BORROW', 'applicant_id': 11, 'dept_id': 2, 'status': 'PENDING_COLLEGE...
             │     └ <function ApplyLogic.submit_apply at 0x0000026FBE90C4A0>
             └ <data.logic.apply_logic.ApplyLogic object at 0x0000026FBEF97250>

  File "D:\__lybix__\_Codes\FAMS-NEPU\platform\server\data\logic\apply_logic.py", line 148, in submit_apply
    apply_id = self.apply_dao.insert_apply(data)
               │    │         │            └ {'asset_id': 3, 'remark': '新生入学通知书打印工作', 'apply_type': 'BORROW', 'applicant_id': 11, 'dept_id': 2, 'status': 'PENDING_COLLEGE...
               │    │         └ <function ApplyDAO.insert_apply at 0x0000026FBE8F3A60>
               │    └ <data.basic.apply_dao.ApplyDAO object at 0x0000026FBEF95B10>
               └ <data.logic.apply_logic.ApplyLogic object at 0x0000026FBEF97250>

  File "D:\__lybix__\_Codes\FAMS-NEPU\platform\server\data\basic\apply_dao.py", line 17, in insert_apply
    return self._execute_insert(sql, data)
           │    │               │    └ {'asset_id': 3, 'remark': '新生入学通知书打印工作', 'apply_type': 'BORROW', 'applicant_id': 11, 'dept_id': 2, 'status': 'PENDING_COLLEGE...
           │    │               └ 'INSERT INTO asset_apply (apply_type, applicant_id, dept_id, asset_id,\n                                          reason, exp...
           │    └ <function BaseDAO._execute_insert at 0x0000026FBE4BAF20>
           └ <data.basic.apply_dao.ApplyDAO object at 0x0000026FBEF95B10>

  File "D:\__lybix__\_Codes\FAMS-NEPU\platform\server\data\basic\base_dao.py", line 65, in _execute_insert
    result = conn.execute(text(sql), params or {})
             │    │       │    │     └ {'asset_id': 3, 'remark': '新生入学通知书打印工作', 'apply_type': 'BORROW', 'applicant_id': 11, 'dept_id': 2, 'status': 'PENDING_COLLEGE...
             │    │       │    └ 'INSERT INTO asset_apply (apply_type, applicant_id, dept_id, asset_id,\n                                          reason, exp...
             │    │       └ <function text at 0x0000026FBD46FF60>
             │    └ <function Connection.execute at 0x0000026FBE4AACA0>
             └ <sqlalchemy.engine.base.Connection object at 0x0000026FBEFE67D0>

  File "D:\__lybix__\DEVTools\miniconda3\envs\fams\Lib\site-packages\sqlalchemy\engine\base.py", line 1421, in execute
    return meth(
           └ <bound method ClauseElement._execute_on_connection of <sqlalchemy.sql.elements.TextClause object at 0x0000026FBF3E88D0>>
  File "D:\__lybix__\DEVTools\miniconda3\envs\fams\Lib\site-packages\sqlalchemy\sql\elements.py", line 526, in _execute_on_connection
    return connection._execute_clauseelement(
           │          └ <function Connection._execute_clauseelement at 0x0000026FBE4AAFC0>
           └ <sqlalchemy.engine.base.Connection object at 0x0000026FBEFE67D0>
  File "D:\__lybix__\DEVTools\miniconda3\envs\fams\Lib\site-packages\sqlalchemy\engine\base.py", line 1643, in _execute_clauseelement
    ret = self._execute_context(
          │    └ <function Connection._execute_context at 0x0000026FBE4AB1A0>
          └ <sqlalchemy.engine.base.Connection object at 0x0000026FBEFE67D0>
  File "D:\__lybix__\DEVTools\miniconda3\envs\fams\Lib\site-packages\sqlalchemy\engine\base.py", line 1823, in _execute_context
    self._handle_dbapi_exception(
    │    └ <function Connection._handle_dbapi_exception at 0x0000026FBE4AB4C0>
    └ <sqlalchemy.engine.base.Connection object at 0x0000026FBEFE67D0>
  File "D:\__lybix__\DEVTools\miniconda3\envs\fams\Lib\site-packages\sqlalchemy\engine\base.py", line 2365, in _handle_dbapi_exception
    raise sqlalchemy_exception.with_traceback(exc_info[2]) from e
          │                    │              │                 └ InvalidRequestError("A value is required for bind parameter 'reason'")
          │                    │              └ (<class 'sqlalchemy.exc.InvalidRequestError'>, InvalidRequestError("A value is required for bind parameter 'reason'"), <trace...
          │                    └ <method 'with_traceback' of 'BaseException' objects>
          └ StatementError("(sqlalchemy.exc.InvalidRequestError) A value is required for bind parameter 'reason'")
  File "D:\__lybix__\DEVTools\miniconda3\envs\fams\Lib\site-packages\sqlalchemy\engine\base.py", line 1817, in _execute_context
    context = constructor(
              └ <bound method DefaultExecutionContext._init_compiled of <class 'sqlalchemy.dialects.mysql.mysqldb.MySQLExecutionContext_mysql...
  File "D:\__lybix__\DEVTools\miniconda3\envs\fams\Lib\site-packages\sqlalchemy\engine\default.py", line 1416, in _init_compiled
    self.compiled_parameters = [
    └ <sqlalchemy.dialects.mysql.mysqldb.MySQLExecutionContext_mysqldb object at 0x0000026FBF3E8110>
  File "D:\__lybix__\DEVTools\miniconda3\envs\fams\Lib\site-packages\sqlalchemy\engine\default.py", line 1417, in <listcomp>
    compiled.construct_params(
    │        └ <function SQLCompiler.construct_params at 0x0000026FBD45A7A0>
    └ <sqlalchemy.dialects.mysql.mysqldb.MySQLCompiler_mysqldb object at 0x0000026FBF3E9550>
  File "D:\__lybix__\DEVTools\miniconda3\envs\fams\Lib\site-packages\sqlalchemy\sql\compiler.py", line 1927, in construct_params
    raise exc.InvalidRequestError(
          │   └ <class 'sqlalchemy.exc.InvalidRequestError'>
          └ <module 'sqlalchemy.exc' from 'D:\\__lybix__\\DEVTools\\miniconda3\\envs\\fams\\Lib\\site-packages\\sqlalchemy\\exc.py'>

sqlalchemy.exc.StatementError: (sqlalchemy.exc.InvalidRequestError) A value is required for bind parameter 'reason'
[SQL: INSERT INTO asset_apply (apply_type, applicant_id, dept_id, asset_id,
                                          reason, expect_return_time, status, current_node)
                 VALUES (%(apply_type)s, %(applicant_id)s, %(dept_id)s, %(asset_id)s,
                         %(reason)s, %(expect_return_time)s, %(status)s, %(current_node)s)]
[parameters: [{'asset_id': 3, 'remark': '新生入学通知书打印工作', 'apply_type': 'BORROW', 'applicant_id': 11, 'dept_id': 2, 'status': 'PENDING_COLLEGE', 'current_node': 1, 'expect_return_time': None}]]
(Background on this error at: https://sqlalche.me/e/20/cd3x)
2026-07-12 22:46:04.808 | ERROR    | __main__:global_exception_handler:50 - Unhandled exception on POST /api/user
Traceback (most recent call last):

  File "D:\__lybix__\DEVTools\miniconda3\envs\fams\Lib\site-packages\sqlalchemy\engine\base.py", line 1817, in _execute_context
    context = constructor(
              └ <bound method DefaultExecutionContext._init_compiled of <class 'sqlalchemy.dialects.mysql.mysqldb.MySQLExecutionContext_mysql...
  File "D:\__lybix__\DEVTools\miniconda3\envs\fams\Lib\site-packages\sqlalchemy\engine\default.py", line 1416, in _init_compiled
    self.compiled_parameters = [
    └ <sqlalchemy.dialects.mysql.mysqldb.MySQLExecutionContext_mysqldb object at 0x000002090EF1B690>
  File "D:\__lybix__\DEVTools\miniconda3\envs\fams\Lib\site-packages\sqlalchemy\engine\default.py", line 1417, in <listcomp>
    compiled.construct_params(
    │        └ <function SQLCompiler.construct_params at 0x000002090D3AAD40>
    └ <sqlalchemy.dialects.mysql.mysqldb.MySQLCompiler_mysqldb object at 0x000002090EF19D10>
  File "D:\__lybix__\DEVTools\miniconda3\envs\fams\Lib\site-packages\sqlalchemy\sql\compiler.py", line 1927, in construct_params
    raise exc.InvalidRequestError(
          │   └ <class 'sqlalchemy.exc.InvalidRequestError'>
          └ <module 'sqlalchemy.exc' from 'D:\\__lybix__\\DEVTools\\miniconda3\\envs\\fams\\Lib\\site-packages\\sqlalchemy\\exc.py'>

sqlalchemy.exc.InvalidRequestError: A value is required for bind parameter 'repair_specialty' (Background on this error at: https://sqlalche.me/e/20/cd3x)


The above exception was the direct cause of the following exception:


Traceback (most recent call last):

  File "D:\__lybix__\_Codes\FAMS-NEPU\platform\server\services\svr_gateway\main.py", line 64, in <module>
    uvicorn.run(app, host="0.0.0.0", port=gateway_config.HTTP_PORT)
    │       │   │                         │              └ 9900
    │       │   │                         └ <services.svr_gateway.config.GatewayConfig object at 0x000002090CBF29D0>
    │       │   └ <fastapi.applications.FastAPI object at 0x000002090EB22E10>
    │       └ <function run at 0x000002090B95FD80>
    └ <module 'uvicorn' from 'D:\\__lybix__\\DEVTools\\miniconda3\\envs\\fams\\Lib\\site-packages\\uvicorn\\__init__.py'>

  File "D:\__lybix__\DEVTools\miniconda3\envs\fams\Lib\site-packages\uvicorn\main.py", line 621, in run
    server.run()
    │      └ <function Server.run at 0x000002090BAF0860>
    └ <uvicorn.server.Server object at 0x000002090E5BAB50>
  File "D:\__lybix__\DEVTools\miniconda3\envs\fams\Lib\site-packages\uvicorn\server.py", line 74, in run
    return asyncio_run(self.serve(sockets=sockets), loop_factory=self.config.get_loop_factory())
           │           │    │             │                      │    │      └ <function Config.get_loop_factory at 0x000002090B95D1C0>
           │           │    │             │                      │    └ <uvicorn.config.Config object at 0x000002090EB20F10>
           │           │    │             │                      └ <uvicorn.server.Server object at 0x000002090E5BAB50>
           │           │    │             └ None
           │           │    └ <function Server.serve at 0x000002090BAF0900>
           │           └ <uvicorn.server.Server object at 0x000002090E5BAB50>
           └ <function asyncio_run at 0x000002090B8D7740>
  File "D:\__lybix__\DEVTools\miniconda3\envs\fams\Lib\site-packages\uvicorn\_compat.py", line 30, in asyncio_run
    return runner.run(main)
           │      │   └ <coroutine object Server.serve at 0x000002090EB44400>
           │      └ <function Runner.run at 0x000002090B303560>
           └ <asyncio.runners.Runner object at 0x000002090EAF7F50>
  File "D:\__lybix__\DEVTools\miniconda3\envs\fams\Lib\asyncio\runners.py", line 118, in run
    return self._loop.run_until_complete(task)
           │    │     │                  └ <Task pending name='Task-1' coro=<Server.serve() running at D:\__lybix__\DEVTools\miniconda3\envs\fams\Lib\site-packages\uvic...
           │    │     └ <function BaseEventLoop.run_until_complete at 0x000002090B301120>
           │    └ <ProactorEventLoop running=True closed=False debug=False>
           └ <asyncio.runners.Runner object at 0x000002090EAF7F50>
  File "D:\__lybix__\DEVTools\miniconda3\envs\fams\Lib\asyncio\base_events.py", line 637, in run_until_complete
    self.run_forever()
    │    └ <function ProactorEventLoop.run_forever at 0x000002090B3D8860>
    └ <ProactorEventLoop running=True closed=False debug=False>
  File "D:\__lybix__\DEVTools\miniconda3\envs\fams\Lib\asyncio\windows_events.py", line 321, in run_forever
    super().run_forever()
  File "D:\__lybix__\DEVTools\miniconda3\envs\fams\Lib\asyncio\base_events.py", line 604, in run_forever
    self._run_once()
    │    └ <function BaseEventLoop._run_once at 0x000002090B302E80>
    └ <ProactorEventLoop running=True closed=False debug=False>
  File "D:\__lybix__\DEVTools\miniconda3\envs\fams\Lib\asyncio\base_events.py", line 1909, in _run_once
    handle._run()
    │      └ <function Handle._run at 0x000002090B2453A0>
    └ <Handle Task.task_wakeup(<Future finished result=None>)>
  File "D:\__lybix__\DEVTools\miniconda3\envs\fams\Lib\asyncio\events.py", line 80, in _run
    self._context.run(self._callback, *self._args)
    │    │            │    │           │    └ <member '_args' of 'Handle' objects>
    │    │            │    │           └ <Handle Task.task_wakeup(<Future finished result=None>)>
    │    │            │    └ <member '_callback' of 'Handle' objects>
    │    │            └ <Handle Task.task_wakeup(<Future finished result=None>)>
    │    └ <member '_context' of 'Handle' objects>
    └ <Handle Task.task_wakeup(<Future finished result=None>)>
  File "D:\__lybix__\DEVTools\miniconda3\envs\fams\Lib\site-packages\uvicorn\protocols\http\httptools_impl.py", line 422, in run_asgi
    result = await app(  # type: ignore[func-returns-value]
                   └ <uvicorn.middleware.proxy_headers.ProxyHeadersMiddleware object at 0x000002090EA0CC90>
  File "D:\__lybix__\DEVTools\miniconda3\envs\fams\Lib\site-packages\uvicorn\middleware\proxy_headers.py", line 63, in __call__
    return await self.app(scope, receive, send)
                 │    │   │      │        └ <bound method RequestResponseCycle.send of <uvicorn.protocols.http.httptools_impl.RequestResponseCycle object at 0x000002090E...
                 │    │   │      └ <bound method RequestResponseCycle.receive of <uvicorn.protocols.http.httptools_impl.RequestResponseCycle object at 0x0000020...
                 │    │   └ {'type': 'http', 'asgi': {'version': '3.0', 'spec_version': '2.3'}, 'http_version': '1.1', 'server': ('127.0.0.1', 9900), 'cl...
                 │    └ <fastapi.applications.FastAPI object at 0x000002090EB22E10>
                 └ <uvicorn.middleware.proxy_headers.ProxyHeadersMiddleware object at 0x000002090EA0CC90>
  File "D:\__lybix__\DEVTools\miniconda3\envs\fams\Lib\site-packages\fastapi\applications.py", line 1163, in __call__
    await super().__call__(scope, receive, send)
                           │      │        └ <bound method RequestResponseCycle.send of <uvicorn.protocols.http.httptools_impl.RequestResponseCycle object at 0x000002090E...
                           │      └ <bound method RequestResponseCycle.receive of <uvicorn.protocols.http.httptools_impl.RequestResponseCycle object at 0x0000020...
                           └ {'type': 'http', 'asgi': {'version': '3.0', 'spec_version': '2.3'}, 'http_version': '1.1', 'server': ('127.0.0.1', 9900), 'cl...
  File "D:\__lybix__\DEVTools\miniconda3\envs\fams\Lib\site-packages\starlette\applications.py", line 90, in __call__
    await self.middleware_stack(scope, receive, send)
          │    │                │      │        └ <bound method RequestResponseCycle.send of <uvicorn.protocols.http.httptools_impl.RequestResponseCycle object at 0x000002090E...
          │    │                │      └ <bound method RequestResponseCycle.receive of <uvicorn.protocols.http.httptools_impl.RequestResponseCycle object at 0x0000020...
          │    │                └ {'type': 'http', 'asgi': {'version': '3.0', 'spec_version': '2.3'}, 'http_version': '1.1', 'server': ('127.0.0.1', 9900), 'cl...
          │    └ <starlette.middleware.errors.ServerErrorMiddleware object at 0x000002090EB2C310>
          └ <fastapi.applications.FastAPI object at 0x000002090EB22E10>
> File "D:\__lybix__\DEVTools\miniconda3\envs\fams\Lib\site-packages\starlette\middleware\errors.py", line 164, in __call__
    await self.app(scope, receive, _send)
          │    │   │      │        └ <function ServerErrorMiddleware.__call__.<locals>._send at 0x000002090ED25580>
          │    │   │      └ <bound method RequestResponseCycle.receive of <uvicorn.protocols.http.httptools_impl.RequestResponseCycle object at 0x0000020...
          │    │   └ {'type': 'http', 'asgi': {'version': '3.0', 'spec_version': '2.3'}, 'http_version': '1.1', 'server': ('127.0.0.1', 9900), 'cl...
          │    └ <starlette.middleware.base.BaseHTTPMiddleware object at 0x00000209092C3710>
          └ <starlette.middleware.errors.ServerErrorMiddleware object at 0x000002090EB2C310>
  File "D:\__lybix__\DEVTools\miniconda3\envs\fams\Lib\contextlib.py", line 222, in __aexit__
    await self.gen.athrow(typ, value, traceback)
          │    │   │      │    │      └ <traceback object at 0x000002090EF04080>
          │    │   │      │    └ StatementError("(sqlalchemy.exc.InvalidRequestError) A value is required for bind parameter 'repair_specialty'")
          │    │   │      └ <class 'sqlalchemy.exc.StatementError'>
          │    │   └ <method 'athrow' of 'async_generator' objects>
          │    └ <async_generator object create_collapsing_task_group at 0x000002090EB62C40>
          └ <contextlib._AsyncGeneratorContextManager object at 0x000002090EEF8DD0>
  File "D:\__lybix__\DEVTools\miniconda3\envs\fams\Lib\site-packages\starlette\_utils.py", line 93, in create_collapsing_task_group
    raise exc from exc.__cause__ or context
          │        │   │            └ None
          │        │   └ <attribute '__cause__' of 'BaseException' objects>
          │        └ StatementError("(sqlalchemy.exc.InvalidRequestError) A value is required for bind parameter 'repair_specialty'")
          └ StatementError("(sqlalchemy.exc.InvalidRequestError) A value is required for bind parameter 'repair_specialty'")
  File "D:\__lybix__\DEVTools\miniconda3\envs\fams\Lib\site-packages\starlette\_utils.py", line 86, in create_collapsing_task_group
    yield tg
          └ <anyio._backends._asyncio.TaskGroup object at 0x000002090EF18790>
  File "D:\__lybix__\DEVTools\miniconda3\envs\fams\Lib\site-packages\starlette\middleware\base.py", line 193, in __call__
    response = await self.dispatch_func(request, call_next)
                     │    │             │        └ <function BaseHTTPMiddleware.__call__.<locals>.call_next at 0x000002090ED25120>
                     │    │             └ <starlette.middleware.base._CachedRequest object at 0x000002090EEF8390>
                     │    └ <function log_requests at 0x000002090EB1EDE0>
                     └ <starlette.middleware.base.BaseHTTPMiddleware object at 0x00000209092C3710>

  File "D:\__lybix__\_Codes\FAMS-NEPU\platform\server\services\svr_gateway\main.py", line 42, in log_requests
    response = await call_next(request)
                     │         └ <starlette.middleware.base._CachedRequest object at 0x000002090EEF8390>
                     └ <function BaseHTTPMiddleware.__call__.<locals>.call_next at 0x000002090ED25120>

  File "D:\__lybix__\DEVTools\miniconda3\envs\fams\Lib\site-packages\starlette\middleware\base.py", line 168, in call_next
    raise app_exc from app_exc.__cause__ or app_exc.__context__
          │            │       │            │       └ <attribute '__context__' of 'BaseException' objects>
          │            │       │            └ StatementError("(sqlalchemy.exc.InvalidRequestError) A value is required for bind parameter 'repair_specialty'")
          │            │       └ <attribute '__cause__' of 'BaseException' objects>
          │            └ StatementError("(sqlalchemy.exc.InvalidRequestError) A value is required for bind parameter 'repair_specialty'")
          └ StatementError("(sqlalchemy.exc.InvalidRequestError) A value is required for bind parameter 'repair_specialty'")
  File "D:\__lybix__\DEVTools\miniconda3\envs\fams\Lib\site-packages\starlette\middleware\base.py", line 144, in coro
    await self.app(scope, receive_or_disconnect, send_no_error)
          │    │   │      │                      └ <function BaseHTTPMiddleware.__call__.<locals>.call_next.<locals>.send_no_error at 0x000002090EBD0B80>
          │    │   │      └ <function BaseHTTPMiddleware.__call__.<locals>.call_next.<locals>.receive_or_disconnect at 0x000002090EBD0680>
          │    │   └ {'type': 'http', 'asgi': {'version': '3.0', 'spec_version': '2.3'}, 'http_version': '1.1', 'server': ('127.0.0.1', 9900), 'cl...
          │    └ <starlette.middleware.cors.CORSMiddleware object at 0x000002090E5BB650>
          └ <starlette.middleware.base.BaseHTTPMiddleware object at 0x00000209092C3710>
  File "D:\__lybix__\DEVTools\miniconda3\envs\fams\Lib\site-packages\starlette\middleware\cors.py", line 96, in __call__
    await self.simple_response(scope, receive, send, request_headers=headers)
          │    │               │      │        │                     └ Headers({'host': '127.0.0.1:9900', 'connection': 'close', 'content-length': '155', 'sec-ch-ua-platform': '"Windows"', 'author...
          │    │               │      │        └ <function BaseHTTPMiddleware.__call__.<locals>.call_next.<locals>.send_no_error at 0x000002090EBD0B80>
          │    │               │      └ <function BaseHTTPMiddleware.__call__.<locals>.call_next.<locals>.receive_or_disconnect at 0x000002090EBD0680>
          │    │               └ {'type': 'http', 'asgi': {'version': '3.0', 'spec_version': '2.3'}, 'http_version': '1.1', 'server': ('127.0.0.1', 9900), 'cl...
          │    └ <function CORSMiddleware.simple_response at 0x000002090CBDD080>
          └ <starlette.middleware.cors.CORSMiddleware object at 0x000002090E5BB650>
  File "D:\__lybix__\DEVTools\miniconda3\envs\fams\Lib\site-packages\starlette\middleware\cors.py", line 154, in simple_response
    await self.app(scope, receive, send)
          │    │   │      │        └ functools.partial(<bound method CORSMiddleware.send of <starlette.middleware.cors.CORSMiddleware object at 0x000002090E5BB650...
          │    │   │      └ <function BaseHTTPMiddleware.__call__.<locals>.call_next.<locals>.receive_or_disconnect at 0x000002090EBD0680>
          │    │   └ {'type': 'http', 'asgi': {'version': '3.0', 'spec_version': '2.3'}, 'http_version': '1.1', 'server': ('127.0.0.1', 9900), 'cl...
          │    └ <starlette.middleware.exceptions.ExceptionMiddleware object at 0x000002090E5BA950>
          └ <starlette.middleware.cors.CORSMiddleware object at 0x000002090E5BB650>
  File "D:\__lybix__\DEVTools\miniconda3\envs\fams\Lib\site-packages\starlette\middleware\exceptions.py", line 63, in __call__
    await wrap_app_handling_exceptions(self.app, conn)(scope, receive, send)
          │                            │    │    │     │      │        └ functools.partial(<bound method CORSMiddleware.send of <starlette.middleware.cors.CORSMiddleware object at 0x000002090E5BB650...
          │                            │    │    │     │      └ <function BaseHTTPMiddleware.__call__.<locals>.call_next.<locals>.receive_or_disconnect at 0x000002090EBD0680>
          │                            │    │    │     └ {'type': 'http', 'asgi': {'version': '3.0', 'spec_version': '2.3'}, 'http_version': '1.1', 'server': ('127.0.0.1', 9900), 'cl...
          │                            │    │    └ <starlette.requests.Request object at 0x000002090EF1A7D0>
          │                            │    └ <fastapi.middleware.asyncexitstack.AsyncExitStackMiddleware object at 0x000002090E5BBF50>
          │                            └ <starlette.middleware.exceptions.ExceptionMiddleware object at 0x000002090E5BA950>
          └ <function wrap_app_handling_exceptions at 0x000002090CADF100>
  File "D:\__lybix__\DEVTools\miniconda3\envs\fams\Lib\site-packages\starlette\_exception_handler.py", line 53, in wrapped_app
    raise exc
  File "D:\__lybix__\DEVTools\miniconda3\envs\fams\Lib\site-packages\starlette\_exception_handler.py", line 42, in wrapped_app
    await app(scope, receive, sender)
          │   │      │        └ <function wrap_app_handling_exceptions.<locals>.wrapped_app.<locals>.sender at 0x000002090EE7BBA0>
          │   │      └ <function BaseHTTPMiddleware.__call__.<locals>.call_next.<locals>.receive_or_disconnect at 0x000002090EBD0680>
          │   └ {'type': 'http', 'asgi': {'version': '3.0', 'spec_version': '2.3'}, 'http_version': '1.1', 'server': ('127.0.0.1', 9900), 'cl...
          └ <fastapi.middleware.asyncexitstack.AsyncExitStackMiddleware object at 0x000002090E5BBF50>
  File "D:\__lybix__\DEVTools\miniconda3\envs\fams\Lib\site-packages\fastapi\middleware\asyncexitstack.py", line 18, in __call__
    await self.app(scope, receive, send)
          │    │   │      │        └ <function wrap_app_handling_exceptions.<locals>.wrapped_app.<locals>.sender at 0x000002090EE7BBA0>
          │    │   │      └ <function BaseHTTPMiddleware.__call__.<locals>.call_next.<locals>.receive_or_disconnect at 0x000002090EBD0680>
          │    │   └ {'type': 'http', 'asgi': {'version': '3.0', 'spec_version': '2.3'}, 'http_version': '1.1', 'server': ('127.0.0.1', 9900), 'cl...
          │    └ <fastapi.routing.APIRouter object at 0x000002090EB22E90>
          └ <fastapi.middleware.asyncexitstack.AsyncExitStackMiddleware object at 0x000002090E5BBF50>
  File "D:\__lybix__\DEVTools\miniconda3\envs\fams\Lib\site-packages\starlette\routing.py", line 660, in __call__
    await self.middleware_stack(scope, receive, send)
          │    │                │      │        └ <function wrap_app_handling_exceptions.<locals>.wrapped_app.<locals>.sender at 0x000002090EE7BBA0>
          │    │                │      └ <function BaseHTTPMiddleware.__call__.<locals>.call_next.<locals>.receive_or_disconnect at 0x000002090EBD0680>
          │    │                └ {'type': 'http', 'asgi': {'version': '3.0', 'spec_version': '2.3'}, 'http_version': '1.1', 'server': ('127.0.0.1', 9900), 'cl...
          │    └ <bound method APIRouter.app of <fastapi.routing.APIRouter object at 0x000002090EB22E90>>
          └ <fastapi.routing.APIRouter object at 0x000002090EB22E90>
  File "D:\__lybix__\DEVTools\miniconda3\envs\fams\Lib\site-packages\fastapi\routing.py", line 2683, in app
    await route.handle(scope, receive, send)
          │     │      │      │        └ <function wrap_app_handling_exceptions.<locals>.wrapped_app.<locals>.sender at 0x000002090EE7BBA0>
          │     │      │      └ <function BaseHTTPMiddleware.__call__.<locals>.call_next.<locals>.receive_or_disconnect at 0x000002090EBD0680>
          │     │      └ {'type': 'http', 'asgi': {'version': '3.0', 'spec_version': '2.3'}, 'http_version': '1.1', 'server': ('127.0.0.1', 9900), 'cl...
          │     └ <function _IncludedRouter.handle at 0x000002090CB21BC0>
          └ _IncludedRouter(original_router=<fastapi.routing.APIRouter object at 0x000002090CBDA710>, include_context=_RouterIncludeConte...
  File "D:\__lybix__\DEVTools\miniconda3\envs\fams\Lib\site-packages\fastapi\routing.py", line 1753, in handle
    await self.original_router.handle(scope, receive, send)
          │    │               │      │      │        └ <function wrap_app_handling_exceptions.<locals>.wrapped_app.<locals>.sender at 0x000002090EE7BBA0>
          │    │               │      │      └ <function BaseHTTPMiddleware.__call__.<locals>.call_next.<locals>.receive_or_disconnect at 0x000002090EBD0680>
          │    │               │      └ {'type': 'http', 'asgi': {'version': '3.0', 'spec_version': '2.3'}, 'http_version': '1.1', 'server': ('127.0.0.1', 9900), 'cl...
          │    │               └ <function APIRouter.handle at 0x000002090CB23BA0>
          │    └ <fastapi.routing.APIRouter object at 0x000002090CBDA710>
          └ _IncludedRouter(original_router=<fastapi.routing.APIRouter object at 0x000002090CBDA710>, include_context=_RouterIncludeConte...
  File "D:\__lybix__\DEVTools\miniconda3\envs\fams\Lib\site-packages\fastapi\routing.py", line 2738, in handle
    await included_router._handle_selected(scope, receive, send)
          │               │                │      │        └ <function wrap_app_handling_exceptions.<locals>.wrapped_app.<locals>.sender at 0x000002090EE7BBA0>
          │               │                │      └ <function BaseHTTPMiddleware.__call__.<locals>.call_next.<locals>.receive_or_disconnect at 0x000002090EBD0680>
          │               │                └ {'type': 'http', 'asgi': {'version': '3.0', 'spec_version': '2.3'}, 'http_version': '1.1', 'server': ('127.0.0.1', 9900), 'cl...
          │               └ <function _IncludedRouter._handle_selected at 0x000002090CB21C60>
          └ _IncludedRouter(original_router=<fastapi.routing.APIRouter object at 0x000002090CBDA710>, include_context=_RouterIncludeConte...
  File "D:\__lybix__\DEVTools\miniconda3\envs\fams\Lib\site-packages\fastapi\routing.py", line 1773, in _handle_selected
    await original_route.handle(scope, receive, send)
          │              │      │      │        └ <function wrap_app_handling_exceptions.<locals>.wrapped_app.<locals>.sender at 0x000002090EE7BBA0>
          │              │      │      └ <function BaseHTTPMiddleware.__call__.<locals>.call_next.<locals>.receive_or_disconnect at 0x000002090EBD0680>
          │              │      └ {'type': 'http', 'asgi': {'version': '3.0', 'spec_version': '2.3'}, 'http_version': '1.1', 'server': ('127.0.0.1', 9900), 'cl...
          │              └ <function APIRoute.handle at 0x000002090CB0FCE0>
          └ APIRoute(path='/api/user', name='create_user', methods=['POST'])
  File "D:\__lybix__\DEVTools\miniconda3\envs\fams\Lib\site-packages\fastapi\routing.py", line 1264, in handle
    await app(scope, receive, send)
          │   │      │        └ <function wrap_app_handling_exceptions.<locals>.wrapped_app.<locals>.sender at 0x000002090EE7BBA0>
          │   │      └ <function BaseHTTPMiddleware.__call__.<locals>.call_next.<locals>.receive_or_disconnect at 0x000002090EBD0680>
          │   └ {'type': 'http', 'asgi': {'version': '3.0', 'spec_version': '2.3'}, 'http_version': '1.1', 'server': ('127.0.0.1', 9900), 'cl...
          └ <function request_response.<locals>.app at 0x000002090EE78900>
  File "D:\__lybix__\DEVTools\miniconda3\envs\fams\Lib\site-packages\fastapi\routing.py", line 150, in app
    await wrap_app_handling_exceptions(app, request)(scope, receive, send)
          │                            │    │        │      │        └ <function wrap_app_handling_exceptions.<locals>.wrapped_app.<locals>.sender at 0x000002090EE7BBA0>
          │                            │    │        │      └ <function BaseHTTPMiddleware.__call__.<locals>.call_next.<locals>.receive_or_disconnect at 0x000002090EBD0680>
          │                            │    │        └ {'type': 'http', 'asgi': {'version': '3.0', 'spec_version': '2.3'}, 'http_version': '1.1', 'server': ('127.0.0.1', 9900), 'cl...
          │                            │    └ <starlette.requests.Request object at 0x000002090EF18090>
          │                            └ <function request_response.<locals>.app.<locals>.app at 0x000002090EEA7BA0>
          └ <function wrap_app_handling_exceptions at 0x000002090CADF100>
  File "D:\__lybix__\DEVTools\miniconda3\envs\fams\Lib\site-packages\starlette\_exception_handler.py", line 53, in wrapped_app
    raise exc
  File "D:\__lybix__\DEVTools\miniconda3\envs\fams\Lib\site-packages\starlette\_exception_handler.py", line 42, in wrapped_app
    await app(scope, receive, sender)
          │   │      │        └ <function wrap_app_handling_exceptions.<locals>.wrapped_app.<locals>.sender at 0x000002090EEA7C40>
          │   │      └ <function BaseHTTPMiddleware.__call__.<locals>.call_next.<locals>.receive_or_disconnect at 0x000002090EBD0680>
          │   └ {'type': 'http', 'asgi': {'version': '3.0', 'spec_version': '2.3'}, 'http_version': '1.1', 'server': ('127.0.0.1', 9900), 'cl...
          └ <function request_response.<locals>.app.<locals>.app at 0x000002090EEA7BA0>
  File "D:\__lybix__\DEVTools\miniconda3\envs\fams\Lib\site-packages\fastapi\routing.py", line 136, in app
    response = await f(request)
                     │ └ <starlette.requests.Request object at 0x000002090EF18090>
                     └ <function get_request_handler.<locals>.app at 0x000002090EE78F40>
  File "D:\__lybix__\DEVTools\miniconda3\envs\fams\Lib\site-packages\fastapi\routing.py", line 690, in app
    raw_response = await run_endpoint_function(
                         └ <function run_endpoint_function at 0x000002090CB0EF20>
  File "D:\__lybix__\DEVTools\miniconda3\envs\fams\Lib\site-packages\fastapi\routing.py", line 344, in run_endpoint_function
    return await dependant.call(**values)
                 │         │      └ {'current_user': {'user_id': 1, 'username': 'admin', 'dept_id': 1, 'role_keys': ['admin'], 'exp': 1783953906, 'iat': 17838675...
                 │         └ <function create_user at 0x000002090E9FEF20>
                 └ Dependant(path_params=[], query_params=[], header_params=[], cookie_params=[], body_params=[ModelField(field_info=Body(Pydant...

  File "D:\__lybix__\_Codes\FAMS-NEPU\platform\server\services\svr_gateway\routes.py", line 213, in create_user
    logic.create_user(data)
    │     │           └ {'user_id': 0, 'username': '测试新增用户', 'nickname': 'test_insert_user', 'password': '$2b$12$fZkOn0U12BKXjfQy8Ocsw.ko18S3CGOHHWnZ...
    │     └ <function UserLogic.create_user at 0x000002090D502E80>
    └ <data.logic.user_logic.UserLogic object at 0x000002090E5C7550>

  File "D:\__lybix__\_Codes\FAMS-NEPU\platform\server\data\logic\user_logic.py", line 95, in create_user
    user_id = self.user_dao.insert_user(data)
              │    │        │           └ {'user_id': 0, 'username': '测试新增用户', 'nickname': 'test_insert_user', 'password': '$2b$12$fZkOn0U12BKXjfQy8Ocsw.ko18S3CGOHHWnZ...
              │    │        └ <function UserDAO.insert_user at 0x000002090D501F80>
              │    └ <data.basic.user_dao.UserDAO object at 0x000002090EB20D90>
              └ <data.logic.user_logic.UserLogic object at 0x000002090E5C7550>

  File "D:\__lybix__\_Codes\FAMS-NEPU\platform\server\data\basic\user_dao.py", line 61, in insert_user
    return self._execute_insert(sql, user)
           │    │               │    └ {'user_id': 0, 'username': '测试新增用户', 'nickname': 'test_insert_user', 'password': '$2b$12$fZkOn0U12BKXjfQy8Ocsw.ko18S3CGOHHWnZ...
           │    │               └ 'INSERT INTO sys_user (username, password, nickname, dept_id, phone, email,\n                                       repair_sp...
           │    └ <function BaseDAO._execute_insert at 0x000002090D4B5120>
           └ <data.basic.user_dao.UserDAO object at 0x000002090EB20D90>

  File "D:\__lybix__\_Codes\FAMS-NEPU\platform\server\data\basic\base_dao.py", line 65, in _execute_insert
    result = conn.execute(text(sql), params or {})
             │    │       │    │     └ {'user_id': 0, 'username': '测试新增用户', 'nickname': 'test_insert_user', 'password': '$2b$12$fZkOn0U12BKXjfQy8Ocsw.ko18S3CGOHHWnZ...
             │    │       │    └ 'INSERT INTO sys_user (username, password, nickname, dept_id, phone, email,\n                                       repair_sp...
             │    │       └ <function text at 0x000002090D3C4540>
             │    └ <function Connection.execute at 0x000002090D427240>
             └ <sqlalchemy.engine.base.Connection object at 0x000002090EB22290>

  File "D:\__lybix__\DEVTools\miniconda3\envs\fams\Lib\site-packages\sqlalchemy\engine\base.py", line 1421, in execute
    return meth(
           └ <bound method ClauseElement._execute_on_connection of <sqlalchemy.sql.elements.TextClause object at 0x000002090EECF0D0>>
  File "D:\__lybix__\DEVTools\miniconda3\envs\fams\Lib\site-packages\sqlalchemy\sql\elements.py", line 526, in _execute_on_connection
    return connection._execute_clauseelement(
           │          └ <function Connection._execute_clauseelement at 0x000002090D427560>
           └ <sqlalchemy.engine.base.Connection object at 0x000002090EB22290>
  File "D:\__lybix__\DEVTools\miniconda3\envs\fams\Lib\site-packages\sqlalchemy\engine\base.py", line 1643, in _execute_clauseelement
    ret = self._execute_context(
          │    └ <function Connection._execute_context at 0x000002090D427740>
          └ <sqlalchemy.engine.base.Connection object at 0x000002090EB22290>
  File "D:\__lybix__\DEVTools\miniconda3\envs\fams\Lib\site-packages\sqlalchemy\engine\base.py", line 1823, in _execute_context
    self._handle_dbapi_exception(
    │    └ <function Connection._handle_dbapi_exception at 0x000002090D427A60>
    └ <sqlalchemy.engine.base.Connection object at 0x000002090EB22290>
  File "D:\__lybix__\DEVTools\miniconda3\envs\fams\Lib\site-packages\sqlalchemy\engine\base.py", line 2365, in _handle_dbapi_exception
    raise sqlalchemy_exception.with_traceback(exc_info[2]) from e
          │                    │              │                 └ InvalidRequestError("A value is required for bind parameter 'repair_specialty'")
          │                    │              └ (<class 'sqlalchemy.exc.InvalidRequestError'>, InvalidRequestError("A value is required for bind parameter 'repair_specialty'...
          │                    └ <method 'with_traceback' of 'BaseException' objects>
          └ StatementError("(sqlalchemy.exc.InvalidRequestError) A value is required for bind parameter 'repair_specialty'")
  File "D:\__lybix__\DEVTools\miniconda3\envs\fams\Lib\site-packages\sqlalchemy\engine\base.py", line 1817, in _execute_context
    context = constructor(
              └ <bound method DefaultExecutionContext._init_compiled of <class 'sqlalchemy.dialects.mysql.mysqldb.MySQLExecutionContext_mysql...
  File "D:\__lybix__\DEVTools\miniconda3\envs\fams\Lib\site-packages\sqlalchemy\engine\default.py", line 1416, in _init_compiled
    self.compiled_parameters = [
    └ <sqlalchemy.dialects.mysql.mysqldb.MySQLExecutionContext_mysqldb object at 0x000002090EF1B690>
  File "D:\__lybix__\DEVTools\miniconda3\envs\fams\Lib\site-packages\sqlalchemy\engine\default.py", line 1417, in <listcomp>
    compiled.construct_params(
    │        └ <function SQLCompiler.construct_params at 0x000002090D3AAD40>
    └ <sqlalchemy.dialects.mysql.mysqldb.MySQLCompiler_mysqldb object at 0x000002090EF19D10>
  File "D:\__lybix__\DEVTools\miniconda3\envs\fams\Lib\site-packages\sqlalchemy\sql\compiler.py", line 1927, in construct_params
    raise exc.InvalidRequestError(
          │   └ <class 'sqlalchemy.exc.InvalidRequestError'>
          └ <module 'sqlalchemy.exc' from 'D:\\__lybix__\\DEVTools\\miniconda3\\envs\\fams\\Lib\\site-packages\\sqlalchemy\\exc.py'>

sqlalchemy.exc.StatementError: (sqlalchemy.exc.InvalidRequestError) A value is required for bind parameter 'repair_specialty'
[SQL: INSERT INTO sys_user (username, password, nickname, dept_id, phone, email,
                                       repair_specialty, status)
                 VALUES (%(username)s, %(password)s, %(nickname)s, %(dept_id)s, %(phone)s, %(email)s,
                         %(repair_specialty)s, %(status)s)]
[parameters: [{'user_id': 0, 'username': '测试新增用户', 'nickname': 'test_insert_user', 'password': '$2b$12$fZkOn0U12BKXjfQy8Ocsw.ko18S3CGOHHWnZMNTZQzCVArMmbqTDC', 'dept_id': 2, 'role_ids': [3], 'phone': '', 'email': '', 'status': 1}]]
(Background on this error at: https://sqlalche.me/e/20/cd3x)

Traceback (most recent call last):

  File "D:\__lybix__\DEVTools\miniconda3\envs\fams\Lib\site-packages\sqlalchemy\engine\base.py", line 1817, in _execute_context
    context = constructor(
              └ <bound method DefaultExecutionContext._init_compiled of <class 'sqlalchemy.dialects.mysql.mysqldb.MySQLExecutionContext_mysql...
  File "D:\__lybix__\DEVTools\miniconda3\envs\fams\Lib\site-packages\sqlalchemy\engine\default.py", line 1416, in _init_compiled
    self.compiled_parameters = [
    └ <sqlalchemy.dialects.mysql.mysqldb.MySQLExecutionContext_mysqldb object at 0x000002090EF1B690>
  File "D:\__lybix__\DEVTools\miniconda3\envs\fams\Lib\site-packages\sqlalchemy\engine\default.py", line 1417, in <listcomp>
    compiled.construct_params(
    │        └ <function SQLCompiler.construct_params at 0x000002090D3AAD40>
    └ <sqlalchemy.dialects.mysql.mysqldb.MySQLCompiler_mysqldb object at 0x000002090EF19D10>
  File "D:\__lybix__\DEVTools\miniconda3\envs\fams\Lib\site-packages\sqlalchemy\sql\compiler.py", line 1927, in construct_params
    raise exc.InvalidRequestError(
          │   └ <class 'sqlalchemy.exc.InvalidRequestError'>
          └ <module 'sqlalchemy.exc' from 'D:\\__lybix__\\DEVTools\\miniconda3\\envs\\fams\\Lib\\site-packages\\sqlalchemy\\exc.py'>

sqlalchemy.exc.InvalidRequestError: A value is required for bind parameter 'repair_specialty' (Background on this error at: https://sqlalche.me/e/20/cd3x)


The above exception was the direct cause of the following exception:


Traceback (most recent call last):

  File "D:\__lybix__\_Codes\FAMS-NEPU\platform\server\services\svr_gateway\main.py", line 64, in <module>
    uvicorn.run(app, host="0.0.0.0", port=gateway_config.HTTP_PORT)
    │       │   │                         │              └ 9900
    │       │   │                         └ <services.svr_gateway.config.GatewayConfig object at 0x000002090CBF29D0>
    │       │   └ <fastapi.applications.FastAPI object at 0x000002090EB22E10>
    │       └ <function run at 0x000002090B95FD80>
    └ <module 'uvicorn' from 'D:\\__lybix__\\DEVTools\\miniconda3\\envs\\fams\\Lib\\site-packages\\uvicorn\\__init__.py'>

  File "D:\__lybix__\DEVTools\miniconda3\envs\fams\Lib\site-packages\uvicorn\main.py", line 621, in run
    server.run()
    │      └ <function Server.run at 0x000002090BAF0860>
    └ <uvicorn.server.Server object at 0x000002090E5BAB50>
  File "D:\__lybix__\DEVTools\miniconda3\envs\fams\Lib\site-packages\uvicorn\server.py", line 74, in run
    return asyncio_run(self.serve(sockets=sockets), loop_factory=self.config.get_loop_factory())
           │           │    │             │                      │    │      └ <function Config.get_loop_factory at 0x000002090B95D1C0>
           │           │    │             │                      │    └ <uvicorn.config.Config object at 0x000002090EB20F10>
           │           │    │             │                      └ <uvicorn.server.Server object at 0x000002090E5BAB50>
           │           │    │             └ None
           │           │    └ <function Server.serve at 0x000002090BAF0900>
           │           └ <uvicorn.server.Server object at 0x000002090E5BAB50>
           └ <function asyncio_run at 0x000002090B8D7740>
  File "D:\__lybix__\DEVTools\miniconda3\envs\fams\Lib\site-packages\uvicorn\_compat.py", line 30, in asyncio_run
    return runner.run(main)
           │      │   └ <coroutine object Server.serve at 0x000002090EB44400>
           │      └ <function Runner.run at 0x000002090B303560>
           └ <asyncio.runners.Runner object at 0x000002090EAF7F50>
  File "D:\__lybix__\DEVTools\miniconda3\envs\fams\Lib\asyncio\runners.py", line 118, in run
    return self._loop.run_until_complete(task)
           │    │     │                  └ <Task pending name='Task-1' coro=<Server.serve() running at D:\__lybix__\DEVTools\miniconda3\envs\fams\Lib\site-packages\uvic...
           │    │     └ <function BaseEventLoop.run_until_complete at 0x000002090B301120>
           │    └ <ProactorEventLoop running=True closed=False debug=False>
           └ <asyncio.runners.Runner object at 0x000002090EAF7F50>
  File "D:\__lybix__\DEVTools\miniconda3\envs\fams\Lib\asyncio\base_events.py", line 637, in run_until_complete
    self.run_forever()
    │    └ <function ProactorEventLoop.run_forever at 0x000002090B3D8860>
    └ <ProactorEventLoop running=True closed=False debug=False>
  File "D:\__lybix__\DEVTools\miniconda3\envs\fams\Lib\asyncio\windows_events.py", line 321, in run_forever
    super().run_forever()
  File "D:\__lybix__\DEVTools\miniconda3\envs\fams\Lib\asyncio\base_events.py", line 604, in run_forever
    self._run_once()
    │    └ <function BaseEventLoop._run_once at 0x000002090B302E80>
    └ <ProactorEventLoop running=True closed=False debug=False>
  File "D:\__lybix__\DEVTools\miniconda3\envs\fams\Lib\asyncio\base_events.py", line 1909, in _run_once
    handle._run()
    │      └ <function Handle._run at 0x000002090B2453A0>
    └ <Handle Task.task_wakeup(<Future finished result=None>)>
  File "D:\__lybix__\DEVTools\miniconda3\envs\fams\Lib\asyncio\events.py", line 80, in _run
    self._context.run(self._callback, *self._args)
    │    │            │    │           │    └ <member '_args' of 'Handle' objects>
    │    │            │    │           └ <Handle Task.task_wakeup(<Future finished result=None>)>
    │    │            │    └ <member '_callback' of 'Handle' objects>
    │    │            └ <Handle Task.task_wakeup(<Future finished result=None>)>
    │    └ <member '_context' of 'Handle' objects>
    └ <Handle Task.task_wakeup(<Future finished result=None>)>
  File "D:\__lybix__\DEVTools\miniconda3\envs\fams\Lib\site-packages\uvicorn\protocols\http\httptools_impl.py", line 422, in run_asgi
    result = await app(  # type: ignore[func-returns-value]
                   └ <uvicorn.middleware.proxy_headers.ProxyHeadersMiddleware object at 0x000002090EA0CC90>
  File "D:\__lybix__\DEVTools\miniconda3\envs\fams\Lib\site-packages\uvicorn\middleware\proxy_headers.py", line 63, in __call__
    return await self.app(scope, receive, send)
                 │    │   │      │        └ <bound method RequestResponseCycle.send of <uvicorn.protocols.http.httptools_impl.RequestResponseCycle object at 0x000002090E...
                 │    │   │      └ <bound method RequestResponseCycle.receive of <uvicorn.protocols.http.httptools_impl.RequestResponseCycle object at 0x0000020...
                 │    │   └ {'type': 'http', 'asgi': {'version': '3.0', 'spec_version': '2.3'}, 'http_version': '1.1', 'server': ('127.0.0.1', 9900), 'cl...
                 │    └ <fastapi.applications.FastAPI object at 0x000002090EB22E10>
                 └ <uvicorn.middleware.proxy_headers.ProxyHeadersMiddleware object at 0x000002090EA0CC90>
  File "D:\__lybix__\DEVTools\miniconda3\envs\fams\Lib\site-packages\fastapi\applications.py", line 1163, in __call__
    await super().__call__(scope, receive, send)
                           │      │        └ <bound method RequestResponseCycle.send of <uvicorn.protocols.http.httptools_impl.RequestResponseCycle object at 0x000002090E...
                           │      └ <bound method RequestResponseCycle.receive of <uvicorn.protocols.http.httptools_impl.RequestResponseCycle object at 0x0000020...
                           └ {'type': 'http', 'asgi': {'version': '3.0', 'spec_version': '2.3'}, 'http_version': '1.1', 'server': ('127.0.0.1', 9900), 'cl...
  File "D:\__lybix__\DEVTools\miniconda3\envs\fams\Lib\site-packages\starlette\applications.py", line 90, in __call__
    await self.middleware_stack(scope, receive, send)
          │    │                │      │        └ <bound method RequestResponseCycle.send of <uvicorn.protocols.http.httptools_impl.RequestResponseCycle object at 0x000002090E...
          │    │                │      └ <bound method RequestResponseCycle.receive of <uvicorn.protocols.http.httptools_impl.RequestResponseCycle object at 0x0000020...
          │    │                └ {'type': 'http', 'asgi': {'version': '3.0', 'spec_version': '2.3'}, 'http_version': '1.1', 'server': ('127.0.0.1', 9900), 'cl...
          │    └ <starlette.middleware.errors.ServerErrorMiddleware object at 0x000002090EB2C310>
          └ <fastapi.applications.FastAPI object at 0x000002090EB22E10>
> File "D:\__lybix__\DEVTools\miniconda3\envs\fams\Lib\site-packages\starlette\middleware\errors.py", line 164, in __call__
    await self.app(scope, receive, _send)
          │    │   │      │        └ <function ServerErrorMiddleware.__call__.<locals>._send at 0x000002090ED25580>
          │    │   │      └ <bound method RequestResponseCycle.receive of <uvicorn.protocols.http.httptools_impl.RequestResponseCycle object at 0x0000020...
          │    │   └ {'type': 'http', 'asgi': {'version': '3.0', 'spec_version': '2.3'}, 'http_version': '1.1', 'server': ('127.0.0.1', 9900), 'cl...
          │    └ <starlette.middleware.base.BaseHTTPMiddleware object at 0x00000209092C3710>
          └ <starlette.middleware.errors.ServerErrorMiddleware object at 0x000002090EB2C310>
  File "D:\__lybix__\DEVTools\miniconda3\envs\fams\Lib\contextlib.py", line 222, in __aexit__
    await self.gen.athrow(typ, value, traceback)
          │    │   │      │    │      └ <traceback object at 0x000002090EF04080>
          │    │   │      │    └ StatementError("(sqlalchemy.exc.InvalidRequestError) A value is required for bind parameter 'repair_specialty'")
          │    │   │      └ <class 'sqlalchemy.exc.StatementError'>
          │    │   └ <method 'athrow' of 'async_generator' objects>
          │    └ <async_generator object create_collapsing_task_group at 0x000002090EB62C40>
          └ <contextlib._AsyncGeneratorContextManager object at 0x000002090EEF8DD0>
  File "D:\__lybix__\DEVTools\miniconda3\envs\fams\Lib\site-packages\starlette\_utils.py", line 93, in create_collapsing_task_group
    raise exc from exc.__cause__ or context
          │        │   │            └ None
          │        │   └ <attribute '__cause__' of 'BaseException' objects>
          │        └ StatementError("(sqlalchemy.exc.InvalidRequestError) A value is required for bind parameter 'repair_specialty'")
          └ StatementError("(sqlalchemy.exc.InvalidRequestError) A value is required for bind parameter 'repair_specialty'")
  File "D:\__lybix__\DEVTools\miniconda3\envs\fams\Lib\site-packages\starlette\_utils.py", line 86, in create_collapsing_task_group
    yield tg
          └ <anyio._backends._asyncio.TaskGroup object at 0x000002090EF18790>
  File "D:\__lybix__\DEVTools\miniconda3\envs\fams\Lib\site-packages\starlette\middleware\base.py", line 193, in __call__
    response = await self.dispatch_func(request, call_next)
                     │    │             │        └ <function BaseHTTPMiddleware.__call__.<locals>.call_next at 0x000002090ED25120>
                     │    │             └ <starlette.middleware.base._CachedRequest object at 0x000002090EEF8390>
                     │    └ <function log_requests at 0x000002090EB1EDE0>
                     └ <starlette.middleware.base.BaseHTTPMiddleware object at 0x00000209092C3710>

  File "D:\__lybix__\_Codes\FAMS-NEPU\platform\server\services\svr_gateway\main.py", line 42, in log_requests
    response = await call_next(request)
                     │         └ <starlette.middleware.base._CachedRequest object at 0x000002090EEF8390>
                     └ <function BaseHTTPMiddleware.__call__.<locals>.call_next at 0x000002090ED25120>

  File "D:\__lybix__\DEVTools\miniconda3\envs\fams\Lib\site-packages\starlette\middleware\base.py", line 168, in call_next
    raise app_exc from app_exc.__cause__ or app_exc.__context__
          │            │       │            │       └ <attribute '__context__' of 'BaseException' objects>
          │            │       │            └ StatementError("(sqlalchemy.exc.InvalidRequestError) A value is required for bind parameter 'repair_specialty'")
          │            │       └ <attribute '__cause__' of 'BaseException' objects>
          │            └ StatementError("(sqlalchemy.exc.InvalidRequestError) A value is required for bind parameter 'repair_specialty'")
          └ StatementError("(sqlalchemy.exc.InvalidRequestError) A value is required for bind parameter 'repair_specialty'")
  File "D:\__lybix__\DEVTools\miniconda3\envs\fams\Lib\site-packages\starlette\middleware\base.py", line 144, in coro
    await self.app(scope, receive_or_disconnect, send_no_error)
          │    │   │      │                      └ <function BaseHTTPMiddleware.__call__.<locals>.call_next.<locals>.send_no_error at 0x000002090EBD0B80>
          │    │   │      └ <function BaseHTTPMiddleware.__call__.<locals>.call_next.<locals>.receive_or_disconnect at 0x000002090EBD0680>
          │    │   └ {'type': 'http', 'asgi': {'version': '3.0', 'spec_version': '2.3'}, 'http_version': '1.1', 'server': ('127.0.0.1', 9900), 'cl...
          │    └ <starlette.middleware.cors.CORSMiddleware object at 0x000002090E5BB650>
          └ <starlette.middleware.base.BaseHTTPMiddleware object at 0x00000209092C3710>
  File "D:\__lybix__\DEVTools\miniconda3\envs\fams\Lib\site-packages\starlette\middleware\cors.py", line 96, in __call__
    await self.simple_response(scope, receive, send, request_headers=headers)
          │    │               │      │        │                     └ Headers({'host': '127.0.0.1:9900', 'connection': 'close', 'content-length': '155', 'sec-ch-ua-platform': '"Windows"', 'author...
          │    │               │      │        └ <function BaseHTTPMiddleware.__call__.<locals>.call_next.<locals>.send_no_error at 0x000002090EBD0B80>
          │    │               │      └ <function BaseHTTPMiddleware.__call__.<locals>.call_next.<locals>.receive_or_disconnect at 0x000002090EBD0680>
          │    │               └ {'type': 'http', 'asgi': {'version': '3.0', 'spec_version': '2.3'}, 'http_version': '1.1', 'server': ('127.0.0.1', 9900), 'cl...
          │    └ <function CORSMiddleware.simple_response at 0x000002090CBDD080>
          └ <starlette.middleware.cors.CORSMiddleware object at 0x000002090E5BB650>
  File "D:\__lybix__\DEVTools\miniconda3\envs\fams\Lib\site-packages\starlette\middleware\cors.py", line 154, in simple_response
    await self.app(scope, receive, send)
          │    │   │      │        └ functools.partial(<bound method CORSMiddleware.send of <starlette.middleware.cors.CORSMiddleware object at 0x000002090E5BB650...
          │    │   │      └ <function BaseHTTPMiddleware.__call__.<locals>.call_next.<locals>.receive_or_disconnect at 0x000002090EBD0680>
          │    │   └ {'type': 'http', 'asgi': {'version': '3.0', 'spec_version': '2.3'}, 'http_version': '1.1', 'server': ('127.0.0.1', 9900), 'cl...
          │    └ <starlette.middleware.exceptions.ExceptionMiddleware object at 0x000002090E5BA950>
          └ <starlette.middleware.cors.CORSMiddleware object at 0x000002090E5BB650>
  File "D:\__lybix__\DEVTools\miniconda3\envs\fams\Lib\site-packages\starlette\middleware\exceptions.py", line 63, in __call__
    await wrap_app_handling_exceptions(self.app, conn)(scope, receive, send)
          │                            │    │    │     │      │        └ functools.partial(<bound method CORSMiddleware.send of <starlette.middleware.cors.CORSMiddleware object at 0x000002090E5BB650...
          │                            │    │    │     │      └ <function BaseHTTPMiddleware.__call__.<locals>.call_next.<locals>.receive_or_disconnect at 0x000002090EBD0680>
          │                            │    │    │     └ {'type': 'http', 'asgi': {'version': '3.0', 'spec_version': '2.3'}, 'http_version': '1.1', 'server': ('127.0.0.1', 9900), 'cl...
          │                            │    │    └ <starlette.requests.Request object at 0x000002090EF1A7D0>
          │                            │    └ <fastapi.middleware.asyncexitstack.AsyncExitStackMiddleware object at 0x000002090E5BBF50>
          │                            └ <starlette.middleware.exceptions.ExceptionMiddleware object at 0x000002090E5BA950>
          └ <function wrap_app_handling_exceptions at 0x000002090CADF100>
  File "D:\__lybix__\DEVTools\miniconda3\envs\fams\Lib\site-packages\starlette\_exception_handler.py", line 53, in wrapped_app
    raise exc
  File "D:\__lybix__\DEVTools\miniconda3\envs\fams\Lib\site-packages\starlette\_exception_handler.py", line 42, in wrapped_app
    await app(scope, receive, sender)
          │   │      │        └ <function wrap_app_handling_exceptions.<locals>.wrapped_app.<locals>.sender at 0x000002090EE7BBA0>
          │   │      └ <function BaseHTTPMiddleware.__call__.<locals>.call_next.<locals>.receive_or_disconnect at 0x000002090EBD0680>
          │   └ {'type': 'http', 'asgi': {'version': '3.0', 'spec_version': '2.3'}, 'http_version': '1.1', 'server': ('127.0.0.1', 9900), 'cl...
          └ <fastapi.middleware.asyncexitstack.AsyncExitStackMiddleware object at 0x000002090E5BBF50>
  File "D:\__lybix__\DEVTools\miniconda3\envs\fams\Lib\site-packages\fastapi\middleware\asyncexitstack.py", line 18, in __call__
    await self.app(scope, receive, send)
          │    │   │      │        └ <function wrap_app_handling_exceptions.<locals>.wrapped_app.<locals>.sender at 0x000002090EE7BBA0>
          │    │   │      └ <function BaseHTTPMiddleware.__call__.<locals>.call_next.<locals>.receive_or_disconnect at 0x000002090EBD0680>
          │    │   └ {'type': 'http', 'asgi': {'version': '3.0', 'spec_version': '2.3'}, 'http_version': '1.1', 'server': ('127.0.0.1', 9900), 'cl...
          │    └ <fastapi.routing.APIRouter object at 0x000002090EB22E90>
          └ <fastapi.middleware.asyncexitstack.AsyncExitStackMiddleware object at 0x000002090E5BBF50>
  File "D:\__lybix__\DEVTools\miniconda3\envs\fams\Lib\site-packages\starlette\routing.py", line 660, in __call__
    await self.middleware_stack(scope, receive, send)
          │    │                │      │        └ <function wrap_app_handling_exceptions.<locals>.wrapped_app.<locals>.sender at 0x000002090EE7BBA0>
          │    │                │      └ <function BaseHTTPMiddleware.__call__.<locals>.call_next.<locals>.receive_or_disconnect at 0x000002090EBD0680>
          │    │                └ {'type': 'http', 'asgi': {'version': '3.0', 'spec_version': '2.3'}, 'http_version': '1.1', 'server': ('127.0.0.1', 9900), 'cl...
          │    └ <bound method APIRouter.app of <fastapi.routing.APIRouter object at 0x000002090EB22E90>>
          └ <fastapi.routing.APIRouter object at 0x000002090EB22E90>
  File "D:\__lybix__\DEVTools\miniconda3\envs\fams\Lib\site-packages\fastapi\routing.py", line 2683, in app
    await route.handle(scope, receive, send)
          │     │      │      │        └ <function wrap_app_handling_exceptions.<locals>.wrapped_app.<locals>.sender at 0x000002090EE7BBA0>
          │     │      │      └ <function BaseHTTPMiddleware.__call__.<locals>.call_next.<locals>.receive_or_disconnect at 0x000002090EBD0680>
          │     │      └ {'type': 'http', 'asgi': {'version': '3.0', 'spec_version': '2.3'}, 'http_version': '1.1', 'server': ('127.0.0.1', 9900), 'cl...
          │     └ <function _IncludedRouter.handle at 0x000002090CB21BC0>
          └ _IncludedRouter(original_router=<fastapi.routing.APIRouter object at 0x000002090CBDA710>, include_context=_RouterIncludeConte...
  File "D:\__lybix__\DEVTools\miniconda3\envs\fams\Lib\site-packages\fastapi\routing.py", line 1753, in handle
    await self.original_router.handle(scope, receive, send)
          │    │               │      │      │        └ <function wrap_app_handling_exceptions.<locals>.wrapped_app.<locals>.sender at 0x000002090EE7BBA0>
          │    │               │      │      └ <function BaseHTTPMiddleware.__call__.<locals>.call_next.<locals>.receive_or_disconnect at 0x000002090EBD0680>
          │    │               │      └ {'type': 'http', 'asgi': {'version': '3.0', 'spec_version': '2.3'}, 'http_version': '1.1', 'server': ('127.0.0.1', 9900), 'cl...
          │    │               └ <function APIRouter.handle at 0x000002090CB23BA0>
          │    └ <fastapi.routing.APIRouter object at 0x000002090CBDA710>
          └ _IncludedRouter(original_router=<fastapi.routing.APIRouter object at 0x000002090CBDA710>, include_context=_RouterIncludeConte...
  File "D:\__lybix__\DEVTools\miniconda3\envs\fams\Lib\site-packages\fastapi\routing.py", line 2738, in handle
    await included_router._handle_selected(scope, receive, send)
          │               │                │      │        └ <function wrap_app_handling_exceptions.<locals>.wrapped_app.<locals>.sender at 0x000002090EE7BBA0>
          │               │                │      └ <function BaseHTTPMiddleware.__call__.<locals>.call_next.<locals>.receive_or_disconnect at 0x000002090EBD0680>
          │               │                └ {'type': 'http', 'asgi': {'version': '3.0', 'spec_version': '2.3'}, 'http_version': '1.1', 'server': ('127.0.0.1', 9900), 'cl...
          │               └ <function _IncludedRouter._handle_selected at 0x000002090CB21C60>
          └ _IncludedRouter(original_router=<fastapi.routing.APIRouter object at 0x000002090CBDA710>, include_context=_RouterIncludeConte...
  File "D:\__lybix__\DEVTools\miniconda3\envs\fams\Lib\site-packages\fastapi\routing.py", line 1773, in _handle_selected
    await original_route.handle(scope, receive, send)
          │              │      │      │        └ <function wrap_app_handling_exceptions.<locals>.wrapped_app.<locals>.sender at 0x000002090EE7BBA0>
          │              │      │      └ <function BaseHTTPMiddleware.__call__.<locals>.call_next.<locals>.receive_or_disconnect at 0x000002090EBD0680>
          │              │      └ {'type': 'http', 'asgi': {'version': '3.0', 'spec_version': '2.3'}, 'http_version': '1.1', 'server': ('127.0.0.1', 9900), 'cl...
          │              └ <function APIRoute.handle at 0x000002090CB0FCE0>
          └ APIRoute(path='/api/user', name='create_user', methods=['POST'])
  File "D:\__lybix__\DEVTools\miniconda3\envs\fams\Lib\site-packages\fastapi\routing.py", line 1264, in handle
    await app(scope, receive, send)
          │   │      │        └ <function wrap_app_handling_exceptions.<locals>.wrapped_app.<locals>.sender at 0x000002090EE7BBA0>
          │   │      └ <function BaseHTTPMiddleware.__call__.<locals>.call_next.<locals>.receive_or_disconnect at 0x000002090EBD0680>
          │   └ {'type': 'http', 'asgi': {'version': '3.0', 'spec_version': '2.3'}, 'http_version': '1.1', 'server': ('127.0.0.1', 9900), 'cl...
          └ <function request_response.<locals>.app at 0x000002090EE78900>
  File "D:\__lybix__\DEVTools\miniconda3\envs\fams\Lib\site-packages\fastapi\routing.py", line 150, in app
    await wrap_app_handling_exceptions(app, request)(scope, receive, send)
          │                            │    │        │      │        └ <function wrap_app_handling_exceptions.<locals>.wrapped_app.<locals>.sender at 0x000002090EE7BBA0>
          │                            │    │        │      └ <function BaseHTTPMiddleware.__call__.<locals>.call_next.<locals>.receive_or_disconnect at 0x000002090EBD0680>
          │                            │    │        └ {'type': 'http', 'asgi': {'version': '3.0', 'spec_version': '2.3'}, 'http_version': '1.1', 'server': ('127.0.0.1', 9900), 'cl...
          │                            │    └ <starlette.requests.Request object at 0x000002090EF18090>
          │                            └ <function request_response.<locals>.app.<locals>.app at 0x000002090EEA7BA0>
          └ <function wrap_app_handling_exceptions at 0x000002090CADF100>
  File "D:\__lybix__\DEVTools\miniconda3\envs\fams\Lib\site-packages\starlette\_exception_handler.py", line 53, in wrapped_app
    raise exc
  File "D:\__lybix__\DEVTools\miniconda3\envs\fams\Lib\site-packages\starlette\_exception_handler.py", line 42, in wrapped_app
    await app(scope, receive, sender)
          │   │      │        └ <function wrap_app_handling_exceptions.<locals>.wrapped_app.<locals>.sender at 0x000002090EEA7C40>
          │   │      └ <function BaseHTTPMiddleware.__call__.<locals>.call_next.<locals>.receive_or_disconnect at 0x000002090EBD0680>
          │   └ {'type': 'http', 'asgi': {'version': '3.0', 'spec_version': '2.3'}, 'http_version': '1.1', 'server': ('127.0.0.1', 9900), 'cl...
          └ <function request_response.<locals>.app.<locals>.app at 0x000002090EEA7BA0>
  File "D:\__lybix__\DEVTools\miniconda3\envs\fams\Lib\site-packages\fastapi\routing.py", line 136, in app
    response = await f(request)
                     │ └ <starlette.requests.Request object at 0x000002090EF18090>
                     └ <function get_request_handler.<locals>.app at 0x000002090EE78F40>
  File "D:\__lybix__\DEVTools\miniconda3\envs\fams\Lib\site-packages\fastapi\routing.py", line 690, in app
    raw_response = await run_endpoint_function(
                         └ <function run_endpoint_function at 0x000002090CB0EF20>
  File "D:\__lybix__\DEVTools\miniconda3\envs\fams\Lib\site-packages\fastapi\routing.py", line 344, in run_endpoint_function
    return await dependant.call(**values)
                 │         │      └ {'current_user': {'user_id': 1, 'username': 'admin', 'dept_id': 1, 'role_keys': ['admin'], 'exp': 1783953906, 'iat': 17838675...
                 │         └ <function create_user at 0x000002090E9FEF20>
                 └ Dependant(path_params=[], query_params=[], header_params=[], cookie_params=[], body_params=[ModelField(field_info=Body(Pydant...

  File "D:\__lybix__\_Codes\FAMS-NEPU\platform\server\services\svr_gateway\routes.py", line 213, in create_user
    logic.create_user(data)
    │     │           └ {'user_id': 0, 'username': '测试新增用户', 'nickname': 'test_insert_user', 'password': '$2b$12$fZkOn0U12BKXjfQy8Ocsw.ko18S3CGOHHWnZ...
    │     └ <function UserLogic.create_user at 0x000002090D502E80>
    └ <data.logic.user_logic.UserLogic object at 0x000002090E5C7550>

  File "D:\__lybix__\_Codes\FAMS-NEPU\platform\server\data\logic\user_logic.py", line 95, in create_user
    user_id = self.user_dao.insert_user(data)
              │    │        │           └ {'user_id': 0, 'username': '测试新增用户', 'nickname': 'test_insert_user', 'password': '$2b$12$fZkOn0U12BKXjfQy8Ocsw.ko18S3CGOHHWnZ...
              │    │        └ <function UserDAO.insert_user at 0x000002090D501F80>
              │    └ <data.basic.user_dao.UserDAO object at 0x000002090EB20D90>
              └ <data.logic.user_logic.UserLogic object at 0x000002090E5C7550>

  File "D:\__lybix__\_Codes\FAMS-NEPU\platform\server\data\basic\user_dao.py", line 61, in insert_user
    return self._execute_insert(sql, user)
           │    │               │    └ {'user_id': 0, 'username': '测试新增用户', 'nickname': 'test_insert_user', 'password': '$2b$12$fZkOn0U12BKXjfQy8Ocsw.ko18S3CGOHHWnZ...
           │    │               └ 'INSERT INTO sys_user (username, password, nickname, dept_id, phone, email,\n                                       repair_sp...
           │    └ <function BaseDAO._execute_insert at 0x000002090D4B5120>
           └ <data.basic.user_dao.UserDAO object at 0x000002090EB20D90>

  File "D:\__lybix__\_Codes\FAMS-NEPU\platform\server\data\basic\base_dao.py", line 65, in _execute_insert
    result = conn.execute(text(sql), params or {})
             │    │       │    │     └ {'user_id': 0, 'username': '测试新增用户', 'nickname': 'test_insert_user', 'password': '$2b$12$fZkOn0U12BKXjfQy8Ocsw.ko18S3CGOHHWnZ...
             │    │       │    └ 'INSERT INTO sys_user (username, password, nickname, dept_id, phone, email,\n                                       repair_sp...
             │    │       └ <function text at 0x000002090D3C4540>
             │    └ <function Connection.execute at 0x000002090D427240>
             └ <sqlalchemy.engine.base.Connection object at 0x000002090EB22290>

  File "D:\__lybix__\DEVTools\miniconda3\envs\fams\Lib\site-packages\sqlalchemy\engine\base.py", line 1421, in execute
    return meth(
           └ <bound method ClauseElement._execute_on_connection of <sqlalchemy.sql.elements.TextClause object at 0x000002090EECF0D0>>
  File "D:\__lybix__\DEVTools\miniconda3\envs\fams\Lib\site-packages\sqlalchemy\sql\elements.py", line 526, in _execute_on_connection
    return connection._execute_clauseelement(
           │          └ <function Connection._execute_clauseelement at 0x000002090D427560>
           └ <sqlalchemy.engine.base.Connection object at 0x000002090EB22290>
  File "D:\__lybix__\DEVTools\miniconda3\envs\fams\Lib\site-packages\sqlalchemy\engine\base.py", line 1643, in _execute_clauseelement
    ret = self._execute_context(
          │    └ <function Connection._execute_context at 0x000002090D427740>
          └ <sqlalchemy.engine.base.Connection object at 0x000002090EB22290>
  File "D:\__lybix__\DEVTools\miniconda3\envs\fams\Lib\site-packages\sqlalchemy\engine\base.py", line 1823, in _execute_context
    self._handle_dbapi_exception(
    │    └ <function Connection._handle_dbapi_exception at 0x000002090D427A60>
    └ <sqlalchemy.engine.base.Connection object at 0x000002090EB22290>
  File "D:\__lybix__\DEVTools\miniconda3\envs\fams\Lib\site-packages\sqlalchemy\engine\base.py", line 2365, in _handle_dbapi_exception
    raise sqlalchemy_exception.with_traceback(exc_info[2]) from e
          │                    │              │                 └ InvalidRequestError("A value is required for bind parameter 'repair_specialty'")
          │                    │              └ (<class 'sqlalchemy.exc.InvalidRequestError'>, InvalidRequestError("A value is required for bind parameter 'repair_specialty'...
          │                    └ <method 'with_traceback' of 'BaseException' objects>
          └ StatementError("(sqlalchemy.exc.InvalidRequestError) A value is required for bind parameter 'repair_specialty'")
  File "D:\__lybix__\DEVTools\miniconda3\envs\fams\Lib\site-packages\sqlalchemy\engine\base.py", line 1817, in _execute_context
    context = constructor(
              └ <bound method DefaultExecutionContext._init_compiled of <class 'sqlalchemy.dialects.mysql.mysqldb.MySQLExecutionContext_mysql...
  File "D:\__lybix__\DEVTools\miniconda3\envs\fams\Lib\site-packages\sqlalchemy\engine\default.py", line 1416, in _init_compiled
    self.compiled_parameters = [
    └ <sqlalchemy.dialects.mysql.mysqldb.MySQLExecutionContext_mysqldb object at 0x000002090EF1B690>
  File "D:\__lybix__\DEVTools\miniconda3\envs\fams\Lib\site-packages\sqlalchemy\engine\default.py", line 1417, in <listcomp>
    compiled.construct_params(
    │        └ <function SQLCompiler.construct_params at 0x000002090D3AAD40>
    └ <sqlalchemy.dialects.mysql.mysqldb.MySQLCompiler_mysqldb object at 0x000002090EF19D10>
  File "D:\__lybix__\DEVTools\miniconda3\envs\fams\Lib\site-packages\sqlalchemy\sql\compiler.py", line 1927, in construct_params
    raise exc.InvalidRequestError(
          │   └ <class 'sqlalchemy.exc.InvalidRequestError'>
          └ <module 'sqlalchemy.exc' from 'D:\\__lybix__\\DEVTools\\miniconda3\\envs\\fams\\Lib\\site-packages\\sqlalchemy\\exc.py'>

sqlalchemy.exc.StatementError: (sqlalchemy.exc.InvalidRequestError) A value is required for bind parameter 'repair_specialty'
[SQL: INSERT INTO sys_user (username, password, nickname, dept_id, phone, email,
                                       repair_specialty, status)
                 VALUES (%(username)s, %(password)s, %(nickname)s, %(dept_id)s, %(phone)s, %(email)s,
                         %(repair_specialty)s, %(status)s)]
[parameters: [{'user_id': 0, 'username': '测试新增用户', 'nickname': 'test_insert_user', 'password': '$2b$12$fZkOn0U12BKXjfQy8Ocsw.ko18S3CGOHHWnZMNTZQzCVArMmbqTDC', 'dept_id': 2, 'role_ids': [3], 'phone': '', 'email': '', 'status': 1}]]
(Background on this error at: https://sqlalche.me/e/20/cd3x)
2026-07-12 22:53:02.436 | ERROR    | __main__:global_exception_handler:50 - Unhandled exception on PUT /api/user
Traceback (most recent call last):

  File "D:\__lybix__\DEVTools\miniconda3\envs\fams\Lib\site-packages\sqlalchemy\engine\base.py", line 1817, in _execute_context
    context = constructor(
              └ <bound method DefaultExecutionContext._init_compiled of <class 'sqlalchemy.dialects.mysql.mysqldb.MySQLExecutionContext_mysql...
  File "D:\__lybix__\DEVTools\miniconda3\envs\fams\Lib\site-packages\sqlalchemy\engine\default.py", line 1416, in _init_compiled
    self.compiled_parameters = [
    └ <sqlalchemy.dialects.mysql.mysqldb.MySQLExecutionContext_mysqldb object at 0x00000249EC2A3BD0>
  File "D:\__lybix__\DEVTools\miniconda3\envs\fams\Lib\site-packages\sqlalchemy\engine\default.py", line 1417, in <listcomp>
    compiled.construct_params(
    │        └ <function SQLCompiler.construct_params at 0x00000249EA79A980>
    └ <sqlalchemy.dialects.mysql.mysqldb.MySQLCompiler_mysqldb object at 0x00000249EC2A3CD0>
  File "D:\__lybix__\DEVTools\miniconda3\envs\fams\Lib\site-packages\sqlalchemy\sql\compiler.py", line 1927, in construct_params
    raise exc.InvalidRequestError(
          │   └ <class 'sqlalchemy.exc.InvalidRequestError'>
          └ <module 'sqlalchemy.exc' from 'D:\\__lybix__\\DEVTools\\miniconda3\\envs\\fams\\Lib\\site-packages\\sqlalchemy\\exc.py'>

sqlalchemy.exc.InvalidRequestError: A value is required for bind parameter 'repair_specialty' (Background on this error at: https://sqlalche.me/e/20/cd3x)


The above exception was the direct cause of the following exception:


Traceback (most recent call last):

  File "D:\__lybix__\_Codes\FAMS-NEPU\platform\server\services\svr_gateway\main.py", line 64, in <module>
    uvicorn.run(app, host="0.0.0.0", port=gateway_config.HTTP_PORT)
    │       │   │                         │              └ 9900
    │       │   │                         └ <services.svr_gateway.config.GatewayConfig object at 0x00000249E9FD9190>
    │       │   └ <fastapi.applications.FastAPI object at 0x00000249EBF12F10>
    │       └ <function run at 0x00000249E8D6FD80>
    └ <module 'uvicorn' from 'D:\\__lybix__\\DEVTools\\miniconda3\\envs\\fams\\Lib\\site-packages\\uvicorn\\__init__.py'>

  File "D:\__lybix__\DEVTools\miniconda3\envs\fams\Lib\site-packages\uvicorn\main.py", line 621, in run
    server.run()
    │      └ <function Server.run at 0x00000249E8EE0860>
    └ <uvicorn.server.Server object at 0x00000249E8D6B190>
  File "D:\__lybix__\DEVTools\miniconda3\envs\fams\Lib\site-packages\uvicorn\server.py", line 74, in run
    return asyncio_run(self.serve(sockets=sockets), loop_factory=self.config.get_loop_factory())
           │           │    │             │                      │    │      └ <function Config.get_loop_factory at 0x00000249E8D6D1C0>
           │           │    │             │                      │    └ <uvicorn.config.Config object at 0x00000249EBD03710>
           │           │    │             │                      └ <uvicorn.server.Server object at 0x00000249E8D6B190>
           │           │    │             └ None
           │           │    └ <function Server.serve at 0x00000249E8EE0900>
           │           └ <uvicorn.server.Server object at 0x00000249E8D6B190>
           └ <function asyncio_run at 0x00000249E8CF7740>
  File "D:\__lybix__\DEVTools\miniconda3\envs\fams\Lib\site-packages\uvicorn\_compat.py", line 30, in asyncio_run
    return runner.run(main)
           │      │   └ <coroutine object Server.serve at 0x00000249EBF3C400>
           │      └ <function Runner.run at 0x00000249E8753560>
           └ <asyncio.runners.Runner object at 0x00000249EB9C8A90>
  File "D:\__lybix__\DEVTools\miniconda3\envs\fams\Lib\asyncio\runners.py", line 118, in run
    return self._loop.run_until_complete(task)
           │    │     │                  └ <Task pending name='Task-1' coro=<Server.serve() running at D:\__lybix__\DEVTools\miniconda3\envs\fams\Lib\site-packages\uvic...
           │    │     └ <function BaseEventLoop.run_until_complete at 0x00000249E8751120>
           │    └ <ProactorEventLoop running=True closed=False debug=False>
           └ <asyncio.runners.Runner object at 0x00000249EB9C8A90>
  File "D:\__lybix__\DEVTools\miniconda3\envs\fams\Lib\asyncio\base_events.py", line 637, in run_until_complete
    self.run_forever()
    │    └ <function ProactorEventLoop.run_forever at 0x00000249E8828860>
    └ <ProactorEventLoop running=True closed=False debug=False>
  File "D:\__lybix__\DEVTools\miniconda3\envs\fams\Lib\asyncio\windows_events.py", line 321, in run_forever
    super().run_forever()
  File "D:\__lybix__\DEVTools\miniconda3\envs\fams\Lib\asyncio\base_events.py", line 604, in run_forever
    self._run_once()
    │    └ <function BaseEventLoop._run_once at 0x00000249E8752E80>
    └ <ProactorEventLoop running=True closed=False debug=False>
  File "D:\__lybix__\DEVTools\miniconda3\envs\fams\Lib\asyncio\base_events.py", line 1909, in _run_once
    handle._run()
    │      └ <function Handle._run at 0x00000249E70653A0>
    └ <Handle Task.task_wakeup(<Future finished result=None>)>
  File "D:\__lybix__\DEVTools\miniconda3\envs\fams\Lib\asyncio\events.py", line 80, in _run
    self._context.run(self._callback, *self._args)
    │    │            │    │           │    └ <member '_args' of 'Handle' objects>
    │    │            │    │           └ <Handle Task.task_wakeup(<Future finished result=None>)>
    │    │            │    └ <member '_callback' of 'Handle' objects>
    │    │            └ <Handle Task.task_wakeup(<Future finished result=None>)>
    │    └ <member '_context' of 'Handle' objects>
    └ <Handle Task.task_wakeup(<Future finished result=None>)>
  File "D:\__lybix__\DEVTools\miniconda3\envs\fams\Lib\site-packages\uvicorn\protocols\http\httptools_impl.py", line 422, in run_asgi
    result = await app(  # type: ignore[func-returns-value]
                   └ <uvicorn.middleware.proxy_headers.ProxyHeadersMiddleware object at 0x00000249EBF151D0>
  File "D:\__lybix__\DEVTools\miniconda3\envs\fams\Lib\site-packages\uvicorn\middleware\proxy_headers.py", line 63, in __call__
    return await self.app(scope, receive, send)
                 │    │   │      │        └ <bound method RequestResponseCycle.send of <uvicorn.protocols.http.httptools_impl.RequestResponseCycle object at 0x00000249EC...
                 │    │   │      └ <bound method RequestResponseCycle.receive of <uvicorn.protocols.http.httptools_impl.RequestResponseCycle object at 0x0000024...
                 │    │   └ {'type': 'http', 'asgi': {'version': '3.0', 'spec_version': '2.3'}, 'http_version': '1.1', 'server': ('127.0.0.1', 9900), 'cl...
                 │    └ <fastapi.applications.FastAPI object at 0x00000249EBF12F10>
                 └ <uvicorn.middleware.proxy_headers.ProxyHeadersMiddleware object at 0x00000249EBF151D0>
  File "D:\__lybix__\DEVTools\miniconda3\envs\fams\Lib\site-packages\fastapi\applications.py", line 1163, in __call__
    await super().__call__(scope, receive, send)
                           │      │        └ <bound method RequestResponseCycle.send of <uvicorn.protocols.http.httptools_impl.RequestResponseCycle object at 0x00000249EC...
                           │      └ <bound method RequestResponseCycle.receive of <uvicorn.protocols.http.httptools_impl.RequestResponseCycle object at 0x0000024...
                           └ {'type': 'http', 'asgi': {'version': '3.0', 'spec_version': '2.3'}, 'http_version': '1.1', 'server': ('127.0.0.1', 9900), 'cl...
  File "D:\__lybix__\DEVTools\miniconda3\envs\fams\Lib\site-packages\starlette\applications.py", line 90, in __call__
    await self.middleware_stack(scope, receive, send)
          │    │                │      │        └ <bound method RequestResponseCycle.send of <uvicorn.protocols.http.httptools_impl.RequestResponseCycle object at 0x00000249EC...
          │    │                │      └ <bound method RequestResponseCycle.receive of <uvicorn.protocols.http.httptools_impl.RequestResponseCycle object at 0x0000024...
          │    │                └ {'type': 'http', 'asgi': {'version': '3.0', 'spec_version': '2.3'}, 'http_version': '1.1', 'server': ('127.0.0.1', 9900), 'cl...
          │    └ <starlette.middleware.errors.ServerErrorMiddleware object at 0x00000249EB9ACDD0>
          └ <fastapi.applications.FastAPI object at 0x00000249EBF12F10>
> File "D:\__lybix__\DEVTools\miniconda3\envs\fams\Lib\site-packages\starlette\middleware\errors.py", line 164, in __call__
    await self.app(scope, receive, _send)
          │    │   │      │        └ <function ServerErrorMiddleware.__call__.<locals>._send at 0x00000249EC036700>
          │    │   │      └ <bound method RequestResponseCycle.receive of <uvicorn.protocols.http.httptools_impl.RequestResponseCycle object at 0x0000024...
          │    │   └ {'type': 'http', 'asgi': {'version': '3.0', 'spec_version': '2.3'}, 'http_version': '1.1', 'server': ('127.0.0.1', 9900), 'cl...
          │    └ <starlette.middleware.base.BaseHTTPMiddleware object at 0x00000249EBF1C310>
          └ <starlette.middleware.errors.ServerErrorMiddleware object at 0x00000249EB9ACDD0>
  File "D:\__lybix__\DEVTools\miniconda3\envs\fams\Lib\contextlib.py", line 222, in __aexit__
    await self.gen.athrow(typ, value, traceback)
          │    │   │      │    │      └ <traceback object at 0x00000249EC2A0DC0>
          │    │   │      │    └ StatementError("(sqlalchemy.exc.InvalidRequestError) A value is required for bind parameter 'repair_specialty'")
          │    │   │      └ <class 'sqlalchemy.exc.StatementError'>
          │    │   └ <method 'athrow' of 'async_generator' objects>
          │    └ <async_generator object create_collapsing_task_group at 0x00000249EBF56C40>
          └ <contextlib._AsyncGeneratorContextManager object at 0x00000249EC2A9B10>
  File "D:\__lybix__\DEVTools\miniconda3\envs\fams\Lib\site-packages\starlette\_utils.py", line 93, in create_collapsing_task_group
    raise exc from exc.__cause__ or context
          │        │   │            └ None
          │        │   └ <attribute '__cause__' of 'BaseException' objects>
          │        └ StatementError("(sqlalchemy.exc.InvalidRequestError) A value is required for bind parameter 'repair_specialty'")
          └ StatementError("(sqlalchemy.exc.InvalidRequestError) A value is required for bind parameter 'repair_specialty'")
  File "D:\__lybix__\DEVTools\miniconda3\envs\fams\Lib\site-packages\starlette\_utils.py", line 86, in create_collapsing_task_group
    yield tg
          └ <anyio._backends._asyncio.TaskGroup object at 0x00000249EC2A97D0>
  File "D:\__lybix__\DEVTools\miniconda3\envs\fams\Lib\site-packages\starlette\middleware\base.py", line 193, in __call__
    response = await self.dispatch_func(request, call_next)
                     │    │             │        └ <function BaseHTTPMiddleware.__call__.<locals>.call_next at 0x00000249EC036660>
                     │    │             └ <starlette.middleware.base._CachedRequest object at 0x00000249EC2A8C90>
                     │    └ <function log_requests at 0x00000249EBF328E0>
                     └ <starlette.middleware.base.BaseHTTPMiddleware object at 0x00000249EBF1C310>

  File "D:\__lybix__\_Codes\FAMS-NEPU\platform\server\services\svr_gateway\main.py", line 42, in log_requests
    response = await call_next(request)
                     │         └ <starlette.middleware.base._CachedRequest object at 0x00000249EC2A8C90>
                     └ <function BaseHTTPMiddleware.__call__.<locals>.call_next at 0x00000249EC036660>

  File "D:\__lybix__\DEVTools\miniconda3\envs\fams\Lib\site-packages\starlette\middleware\base.py", line 168, in call_next
    raise app_exc from app_exc.__cause__ or app_exc.__context__
          │            │       │            │       └ <attribute '__context__' of 'BaseException' objects>
          │            │       │            └ StatementError("(sqlalchemy.exc.InvalidRequestError) A value is required for bind parameter 'repair_specialty'")
          │            │       └ <attribute '__cause__' of 'BaseException' objects>
          │            └ StatementError("(sqlalchemy.exc.InvalidRequestError) A value is required for bind parameter 'repair_specialty'")
          └ StatementError("(sqlalchemy.exc.InvalidRequestError) A value is required for bind parameter 'repair_specialty'")
  File "D:\__lybix__\DEVTools\miniconda3\envs\fams\Lib\site-packages\starlette\middleware\base.py", line 144, in coro
    await self.app(scope, receive_or_disconnect, send_no_error)
          │    │   │      │                      └ <function BaseHTTPMiddleware.__call__.<locals>.call_next.<locals>.send_no_error at 0x00000249EC26FD80>
          │    │   │      └ <function BaseHTTPMiddleware.__call__.<locals>.call_next.<locals>.receive_or_disconnect at 0x00000249EC26FE20>
          │    │   └ {'type': 'http', 'asgi': {'version': '3.0', 'spec_version': '2.3'}, 'http_version': '1.1', 'server': ('127.0.0.1', 9900), 'cl...
          │    └ <starlette.middleware.cors.CORSMiddleware object at 0x00000249EBCE58D0>
          └ <starlette.middleware.base.BaseHTTPMiddleware object at 0x00000249EBF1C310>
  File "D:\__lybix__\DEVTools\miniconda3\envs\fams\Lib\site-packages\starlette\middleware\cors.py", line 96, in __call__
    await self.simple_response(scope, receive, send, request_headers=headers)
          │    │               │      │        │                     └ Headers({'host': '127.0.0.1:9900', 'connection': 'close', 'content-length': '186', 'sec-ch-ua-platform': '"Windows"', 'author...
          │    │               │      │        └ <function BaseHTTPMiddleware.__call__.<locals>.call_next.<locals>.send_no_error at 0x00000249EC26FD80>
          │    │               │      └ <function BaseHTTPMiddleware.__call__.<locals>.call_next.<locals>.receive_or_disconnect at 0x00000249EC26FE20>
          │    │               └ {'type': 'http', 'asgi': {'version': '3.0', 'spec_version': '2.3'}, 'http_version': '1.1', 'server': ('127.0.0.1', 9900), 'cl...
          │    └ <function CORSMiddleware.simple_response at 0x00000249E9FCD080>
          └ <starlette.middleware.cors.CORSMiddleware object at 0x00000249EBCE58D0>
  File "D:\__lybix__\DEVTools\miniconda3\envs\fams\Lib\site-packages\starlette\middleware\cors.py", line 154, in simple_response
    await self.app(scope, receive, send)
          │    │   │      │        └ functools.partial(<bound method CORSMiddleware.send of <starlette.middleware.cors.CORSMiddleware object at 0x00000249EBCE58D0...
          │    │   │      └ <function BaseHTTPMiddleware.__call__.<locals>.call_next.<locals>.receive_or_disconnect at 0x00000249EC26FE20>
          │    │   └ {'type': 'http', 'asgi': {'version': '3.0', 'spec_version': '2.3'}, 'http_version': '1.1', 'server': ('127.0.0.1', 9900), 'cl...
          │    └ <starlette.middleware.exceptions.ExceptionMiddleware object at 0x00000249EB9A3810>
          └ <starlette.middleware.cors.CORSMiddleware object at 0x00000249EBCE58D0>
  File "D:\__lybix__\DEVTools\miniconda3\envs\fams\Lib\site-packages\starlette\middleware\exceptions.py", line 63, in __call__
    await wrap_app_handling_exceptions(self.app, conn)(scope, receive, send)
          │                            │    │    │     │      │        └ functools.partial(<bound method CORSMiddleware.send of <starlette.middleware.cors.CORSMiddleware object at 0x00000249EBCE58D0...
          │                            │    │    │     │      └ <function BaseHTTPMiddleware.__call__.<locals>.call_next.<locals>.receive_or_disconnect at 0x00000249EC26FE20>
          │                            │    │    │     └ {'type': 'http', 'asgi': {'version': '3.0', 'spec_version': '2.3'}, 'http_version': '1.1', 'server': ('127.0.0.1', 9900), 'cl...
          │                            │    │    └ <starlette.requests.Request object at 0x00000249EC2A96D0>
          │                            │    └ <fastapi.middleware.asyncexitstack.AsyncExitStackMiddleware object at 0x00000249EB9AD8D0>
          │                            └ <starlette.middleware.exceptions.ExceptionMiddleware object at 0x00000249EB9A3810>
          └ <function wrap_app_handling_exceptions at 0x00000249E9ECF100>
  File "D:\__lybix__\DEVTools\miniconda3\envs\fams\Lib\site-packages\starlette\_exception_handler.py", line 53, in wrapped_app
    raise exc
  File "D:\__lybix__\DEVTools\miniconda3\envs\fams\Lib\site-packages\starlette\_exception_handler.py", line 42, in wrapped_app
    await app(scope, receive, sender)
          │   │      │        └ <function wrap_app_handling_exceptions.<locals>.wrapped_app.<locals>.sender at 0x00000249EBFC1300>
          │   │      └ <function BaseHTTPMiddleware.__call__.<locals>.call_next.<locals>.receive_or_disconnect at 0x00000249EC26FE20>
          │   └ {'type': 'http', 'asgi': {'version': '3.0', 'spec_version': '2.3'}, 'http_version': '1.1', 'server': ('127.0.0.1', 9900), 'cl...
          └ <fastapi.middleware.asyncexitstack.AsyncExitStackMiddleware object at 0x00000249EB9AD8D0>
  File "D:\__lybix__\DEVTools\miniconda3\envs\fams\Lib\site-packages\fastapi\middleware\asyncexitstack.py", line 18, in __call__
    await self.app(scope, receive, send)
          │    │   │      │        └ <function wrap_app_handling_exceptions.<locals>.wrapped_app.<locals>.sender at 0x00000249EBFC1300>
          │    │   │      └ <function BaseHTTPMiddleware.__call__.<locals>.call_next.<locals>.receive_or_disconnect at 0x00000249EC26FE20>
          │    │   └ {'type': 'http', 'asgi': {'version': '3.0', 'spec_version': '2.3'}, 'http_version': '1.1', 'server': ('127.0.0.1', 9900), 'cl...
          │    └ <fastapi.routing.APIRouter object at 0x00000249EBF131D0>
          └ <fastapi.middleware.asyncexitstack.AsyncExitStackMiddleware object at 0x00000249EB9AD8D0>
  File "D:\__lybix__\DEVTools\miniconda3\envs\fams\Lib\site-packages\starlette\routing.py", line 660, in __call__
    await self.middleware_stack(scope, receive, send)
          │    │                │      │        └ <function wrap_app_handling_exceptions.<locals>.wrapped_app.<locals>.sender at 0x00000249EBFC1300>
          │    │                │      └ <function BaseHTTPMiddleware.__call__.<locals>.call_next.<locals>.receive_or_disconnect at 0x00000249EC26FE20>
          │    │                └ {'type': 'http', 'asgi': {'version': '3.0', 'spec_version': '2.3'}, 'http_version': '1.1', 'server': ('127.0.0.1', 9900), 'cl...
          │    └ <bound method APIRouter.app of <fastapi.routing.APIRouter object at 0x00000249EBF131D0>>
          └ <fastapi.routing.APIRouter object at 0x00000249EBF131D0>
  File "D:\__lybix__\DEVTools\miniconda3\envs\fams\Lib\site-packages\fastapi\routing.py", line 2683, in app
    await route.handle(scope, receive, send)
          │     │      │      │        └ <function wrap_app_handling_exceptions.<locals>.wrapped_app.<locals>.sender at 0x00000249EBFC1300>
          │     │      │      └ <function BaseHTTPMiddleware.__call__.<locals>.call_next.<locals>.receive_or_disconnect at 0x00000249EC26FE20>
          │     │      └ {'type': 'http', 'asgi': {'version': '3.0', 'spec_version': '2.3'}, 'http_version': '1.1', 'server': ('127.0.0.1', 9900), 'cl...
          │     └ <function _IncludedRouter.handle at 0x00000249E9F11BC0>
          └ _IncludedRouter(original_router=<fastapi.routing.APIRouter object at 0x00000249EB9A3990>, include_context=_RouterIncludeConte...
  File "D:\__lybix__\DEVTools\miniconda3\envs\fams\Lib\site-packages\fastapi\routing.py", line 1753, in handle
    await self.original_router.handle(scope, receive, send)
          │    │               │      │      │        └ <function wrap_app_handling_exceptions.<locals>.wrapped_app.<locals>.sender at 0x00000249EBFC1300>
          │    │               │      │      └ <function BaseHTTPMiddleware.__call__.<locals>.call_next.<locals>.receive_or_disconnect at 0x00000249EC26FE20>
          │    │               │      └ {'type': 'http', 'asgi': {'version': '3.0', 'spec_version': '2.3'}, 'http_version': '1.1', 'server': ('127.0.0.1', 9900), 'cl...
          │    │               └ <function APIRouter.handle at 0x00000249E9F13BA0>
          │    └ <fastapi.routing.APIRouter object at 0x00000249EB9A3990>
          └ _IncludedRouter(original_router=<fastapi.routing.APIRouter object at 0x00000249EB9A3990>, include_context=_RouterIncludeConte...
  File "D:\__lybix__\DEVTools\miniconda3\envs\fams\Lib\site-packages\fastapi\routing.py", line 2738, in handle
    await included_router._handle_selected(scope, receive, send)
          │               │                │      │        └ <function wrap_app_handling_exceptions.<locals>.wrapped_app.<locals>.sender at 0x00000249EBFC1300>
          │               │                │      └ <function BaseHTTPMiddleware.__call__.<locals>.call_next.<locals>.receive_or_disconnect at 0x00000249EC26FE20>
          │               │                └ {'type': 'http', 'asgi': {'version': '3.0', 'spec_version': '2.3'}, 'http_version': '1.1', 'server': ('127.0.0.1', 9900), 'cl...
          │               └ <function _IncludedRouter._handle_selected at 0x00000249E9F11C60>
          └ _IncludedRouter(original_router=<fastapi.routing.APIRouter object at 0x00000249EB9A3990>, include_context=_RouterIncludeConte...
  File "D:\__lybix__\DEVTools\miniconda3\envs\fams\Lib\site-packages\fastapi\routing.py", line 1773, in _handle_selected
    await original_route.handle(scope, receive, send)
          │              │      │      │        └ <function wrap_app_handling_exceptions.<locals>.wrapped_app.<locals>.sender at 0x00000249EBFC1300>
          │              │      │      └ <function BaseHTTPMiddleware.__call__.<locals>.call_next.<locals>.receive_or_disconnect at 0x00000249EC26FE20>
          │              │      └ {'type': 'http', 'asgi': {'version': '3.0', 'spec_version': '2.3'}, 'http_version': '1.1', 'server': ('127.0.0.1', 9900), 'cl...
          │              └ <function APIRoute.handle at 0x00000249E9EFFCE0>
          └ APIRoute(path='/api/user', name='update_user', methods=['PUT'])
  File "D:\__lybix__\DEVTools\miniconda3\envs\fams\Lib\site-packages\fastapi\routing.py", line 1264, in handle
    await app(scope, receive, send)
          │   │      │        └ <function wrap_app_handling_exceptions.<locals>.wrapped_app.<locals>.sender at 0x00000249EBFC1300>
          │   │      └ <function BaseHTTPMiddleware.__call__.<locals>.call_next.<locals>.receive_or_disconnect at 0x00000249EC26FE20>
          │   └ {'type': 'http', 'asgi': {'version': '3.0', 'spec_version': '2.3'}, 'http_version': '1.1', 'server': ('127.0.0.1', 9900), 'cl...
          └ <function request_response.<locals>.app at 0x00000249EBFC14E0>
  File "D:\__lybix__\DEVTools\miniconda3\envs\fams\Lib\site-packages\fastapi\routing.py", line 150, in app
    await wrap_app_handling_exceptions(app, request)(scope, receive, send)
          │                            │    │        │      │        └ <function wrap_app_handling_exceptions.<locals>.wrapped_app.<locals>.sender at 0x00000249EBFC1300>
          │                            │    │        │      └ <function BaseHTTPMiddleware.__call__.<locals>.call_next.<locals>.receive_or_disconnect at 0x00000249EC26FE20>
          │                            │    │        └ {'type': 'http', 'asgi': {'version': '3.0', 'spec_version': '2.3'}, 'http_version': '1.1', 'server': ('127.0.0.1', 9900), 'cl...
          │                            │    └ <starlette.requests.Request object at 0x00000249EC2A2010>
          │                            └ <function request_response.<locals>.app.<locals>.app at 0x00000249EBFC0680>
          └ <function wrap_app_handling_exceptions at 0x00000249E9ECF100>
  File "D:\__lybix__\DEVTools\miniconda3\envs\fams\Lib\site-packages\starlette\_exception_handler.py", line 53, in wrapped_app
    raise exc
  File "D:\__lybix__\DEVTools\miniconda3\envs\fams\Lib\site-packages\starlette\_exception_handler.py", line 42, in wrapped_app
    await app(scope, receive, sender)
          │   │      │        └ <function wrap_app_handling_exceptions.<locals>.wrapped_app.<locals>.sender at 0x00000249EBFC3F60>
          │   │      └ <function BaseHTTPMiddleware.__call__.<locals>.call_next.<locals>.receive_or_disconnect at 0x00000249EC26FE20>
          │   └ {'type': 'http', 'asgi': {'version': '3.0', 'spec_version': '2.3'}, 'http_version': '1.1', 'server': ('127.0.0.1', 9900), 'cl...
          └ <function request_response.<locals>.app.<locals>.app at 0x00000249EBFC0680>
  File "D:\__lybix__\DEVTools\miniconda3\envs\fams\Lib\site-packages\fastapi\routing.py", line 136, in app
    response = await f(request)
                     │ └ <starlette.requests.Request object at 0x00000249EC2A2010>
                     └ <function get_request_handler.<locals>.app at 0x00000249EBFC0180>
  File "D:\__lybix__\DEVTools\miniconda3\envs\fams\Lib\site-packages\fastapi\routing.py", line 690, in app
    raw_response = await run_endpoint_function(
                         └ <function run_endpoint_function at 0x00000249E9EFEF20>
  File "D:\__lybix__\DEVTools\miniconda3\envs\fams\Lib\site-packages\fastapi\routing.py", line 344, in run_endpoint_function
    return await dependant.call(**values)
                 │         │      └ {'current_user': {'user_id': 1, 'username': 'admin', 'dept_id': 1, 'role_keys': ['admin'], 'exp': 1783953906, 'iat': 17838675...
                 │         └ <function update_user at 0x00000249EBDEAC00>
                 └ Dependant(path_params=[], query_params=[], header_params=[], cookie_params=[], body_params=[ModelField(field_info=Body(Pydant...

  File "D:\__lybix__\_Codes\FAMS-NEPU\platform\server\services\svr_gateway\routes.py", line 226, in update_user
    if not logic.update_user(data):
           │     │           └ {'user_id': 12, 'username': 'test_insert_user', 'nickname': '测试修改用户', 'password': '', 'dept_id': 2, 'role_ids': [4], 'phone':...
           │     └ <function UserLogic.update_user at 0x00000249EB8C2B60>
           └ <data.logic.user_logic.UserLogic object at 0x00000249EB9C93D0>

  File "D:\__lybix__\_Codes\FAMS-NEPU\platform\server\data\logic\user_logic.py", line 107, in update_user
    self.user_dao.update_user(data)
    │    │        │           └ {'user_id': 12, 'username': 'test_insert_user', 'nickname': '测试修改用户', 'password': '', 'dept_id': 2, 'role_ids': [4], 'phone':...
    │    │        └ <function UserDAO.update_user at 0x00000249EB8C1C60>
    │    └ <data.basic.user_dao.UserDAO object at 0x00000249EB9C9FD0>
    └ <data.logic.user_logic.UserLogic object at 0x00000249EB9C93D0>

  File "D:\__lybix__\_Codes\FAMS-NEPU\platform\server\data\basic\user_dao.py", line 68, in update_user
    return self._execute_update(sql, user)
           │    │               │    └ {'user_id': 12, 'username': 'test_insert_user', 'nickname': '测试修改用户', 'password': '', 'dept_id': 2, 'role_ids': [4], 'phone':...
           │    │               └ 'UPDATE sys_user\n                 SET nickname = :nickname, dept_id = :dept_id, phone = :phone,\n                     email ...
           │    └ <function BaseDAO._execute_update at 0x00000249EA1CADE0>
           └ <data.basic.user_dao.UserDAO object at 0x00000249EB9C9FD0>

  File "D:\__lybix__\_Codes\FAMS-NEPU\platform\server\data\basic\base_dao.py", line 56, in _execute_update
    result = conn.execute(text(sql), params or {})
             │    │       │    │     └ {'user_id': 12, 'username': 'test_insert_user', 'nickname': '测试修改用户', 'password': '', 'dept_id': 2, 'role_ids': [4], 'phone':...
             │    │       │    └ 'UPDATE sys_user\n                 SET nickname = :nickname, dept_id = :dept_id, phone = :phone,\n                     email ...
             │    │       └ <function text at 0x00000249EA7B4180>
             │    └ <function Connection.execute at 0x00000249EB7E6E80>
             └ <sqlalchemy.engine.base.Connection object at 0x00000249EC2A3A90>

  File "D:\__lybix__\DEVTools\miniconda3\envs\fams\Lib\site-packages\sqlalchemy\engine\base.py", line 1421, in execute
    return meth(
           └ <bound method ClauseElement._execute_on_connection of <sqlalchemy.sql.elements.TextClause object at 0x00000249EC2A1D50>>
  File "D:\__lybix__\DEVTools\miniconda3\envs\fams\Lib\site-packages\sqlalchemy\sql\elements.py", line 526, in _execute_on_connection
    return connection._execute_clauseelement(
           │          └ <function Connection._execute_clauseelement at 0x00000249EB7E71A0>
           └ <sqlalchemy.engine.base.Connection object at 0x00000249EC2A3A90>
  File "D:\__lybix__\DEVTools\miniconda3\envs\fams\Lib\site-packages\sqlalchemy\engine\base.py", line 1643, in _execute_clauseelement
    ret = self._execute_context(
          │    └ <function Connection._execute_context at 0x00000249EB7E7380>
          └ <sqlalchemy.engine.base.Connection object at 0x00000249EC2A3A90>
  File "D:\__lybix__\DEVTools\miniconda3\envs\fams\Lib\site-packages\sqlalchemy\engine\base.py", line 1823, in _execute_context
    self._handle_dbapi_exception(
    │    └ <function Connection._handle_dbapi_exception at 0x00000249EB7E76A0>
    └ <sqlalchemy.engine.base.Connection object at 0x00000249EC2A3A90>
  File "D:\__lybix__\DEVTools\miniconda3\envs\fams\Lib\site-packages\sqlalchemy\engine\base.py", line 2365, in _handle_dbapi_exception
    raise sqlalchemy_exception.with_traceback(exc_info[2]) from e
          │                    │              │                 └ InvalidRequestError("A value is required for bind parameter 'repair_specialty'")
          │                    │              └ (<class 'sqlalchemy.exc.InvalidRequestError'>, InvalidRequestError("A value is required for bind parameter 'repair_specialty'...
          │                    └ <method 'with_traceback' of 'BaseException' objects>
          └ StatementError("(sqlalchemy.exc.InvalidRequestError) A value is required for bind parameter 'repair_specialty'")
  File "D:\__lybix__\DEVTools\miniconda3\envs\fams\Lib\site-packages\sqlalchemy\engine\base.py", line 1817, in _execute_context
    context = constructor(
              └ <bound method DefaultExecutionContext._init_compiled of <class 'sqlalchemy.dialects.mysql.mysqldb.MySQLExecutionContext_mysql...
  File "D:\__lybix__\DEVTools\miniconda3\envs\fams\Lib\site-packages\sqlalchemy\engine\default.py", line 1416, in _init_compiled
    self.compiled_parameters = [
    └ <sqlalchemy.dialects.mysql.mysqldb.MySQLExecutionContext_mysqldb object at 0x00000249EC2A3BD0>
  File "D:\__lybix__\DEVTools\miniconda3\envs\fams\Lib\site-packages\sqlalchemy\engine\default.py", line 1417, in <listcomp>
    compiled.construct_params(
    │        └ <function SQLCompiler.construct_params at 0x00000249EA79A980>
    └ <sqlalchemy.dialects.mysql.mysqldb.MySQLCompiler_mysqldb object at 0x00000249EC2A3CD0>
  File "D:\__lybix__\DEVTools\miniconda3\envs\fams\Lib\site-packages\sqlalchemy\sql\compiler.py", line 1927, in construct_params
    raise exc.InvalidRequestError(
          │   └ <class 'sqlalchemy.exc.InvalidRequestError'>
          └ <module 'sqlalchemy.exc' from 'D:\\__lybix__\\DEVTools\\miniconda3\\envs\\fams\\Lib\\site-packages\\sqlalchemy\\exc.py'>

sqlalchemy.exc.StatementError: (sqlalchemy.exc.InvalidRequestError) A value is required for bind parameter 'repair_specialty'
[SQL: UPDATE sys_user
                 SET nickname = %(nickname)s, dept_id = %(dept_id)s, phone = %(phone)s,
                     email = %(email)s, repair_specialty = %(repair_specialty)s, status = %(status)s
                 WHERE user_id = %(user_id)s]
[parameters: [{'user_id': 12, 'username': 'test_insert_user', 'nickname': '测试修改用户', 'password': '', 'dept_id': 2, 'role_ids': [4], 'phone': '123456789109', 'email': '123456789109@nepu.edu.cn', 'status': 1}]]
(Background on this error at: https://sqlalche.me/e/20/cd3x)

Traceback (most recent call last):

  File "D:\__lybix__\DEVTools\miniconda3\envs\fams\Lib\site-packages\sqlalchemy\engine\base.py", line 1817, in _execute_context
    context = constructor(
              └ <bound method DefaultExecutionContext._init_compiled of <class 'sqlalchemy.dialects.mysql.mysqldb.MySQLExecutionContext_mysql...
  File "D:\__lybix__\DEVTools\miniconda3\envs\fams\Lib\site-packages\sqlalchemy\engine\default.py", line 1416, in _init_compiled
    self.compiled_parameters = [
    └ <sqlalchemy.dialects.mysql.mysqldb.MySQLExecutionContext_mysqldb object at 0x00000249EC2A3BD0>
  File "D:\__lybix__\DEVTools\miniconda3\envs\fams\Lib\site-packages\sqlalchemy\engine\default.py", line 1417, in <listcomp>
    compiled.construct_params(
    │        └ <function SQLCompiler.construct_params at 0x00000249EA79A980>
    └ <sqlalchemy.dialects.mysql.mysqldb.MySQLCompiler_mysqldb object at 0x00000249EC2A3CD0>
  File "D:\__lybix__\DEVTools\miniconda3\envs\fams\Lib\site-packages\sqlalchemy\sql\compiler.py", line 1927, in construct_params
    raise exc.InvalidRequestError(
          │   └ <class 'sqlalchemy.exc.InvalidRequestError'>
          └ <module 'sqlalchemy.exc' from 'D:\\__lybix__\\DEVTools\\miniconda3\\envs\\fams\\Lib\\site-packages\\sqlalchemy\\exc.py'>

sqlalchemy.exc.InvalidRequestError: A value is required for bind parameter 'repair_specialty' (Background on this error at: https://sqlalche.me/e/20/cd3x)


The above exception was the direct cause of the following exception:


Traceback (most recent call last):

  File "D:\__lybix__\_Codes\FAMS-NEPU\platform\server\services\svr_gateway\main.py", line 64, in <module>
    uvicorn.run(app, host="0.0.0.0", port=gateway_config.HTTP_PORT)
    │       │   │                         │              └ 9900
    │       │   │                         └ <services.svr_gateway.config.GatewayConfig object at 0x00000249E9FD9190>
    │       │   └ <fastapi.applications.FastAPI object at 0x00000249EBF12F10>
    │       └ <function run at 0x00000249E8D6FD80>
    └ <module 'uvicorn' from 'D:\\__lybix__\\DEVTools\\miniconda3\\envs\\fams\\Lib\\site-packages\\uvicorn\\__init__.py'>

  File "D:\__lybix__\DEVTools\miniconda3\envs\fams\Lib\site-packages\uvicorn\main.py", line 621, in run
    server.run()
    │      └ <function Server.run at 0x00000249E8EE0860>
    └ <uvicorn.server.Server object at 0x00000249E8D6B190>
  File "D:\__lybix__\DEVTools\miniconda3\envs\fams\Lib\site-packages\uvicorn\server.py", line 74, in run
    return asyncio_run(self.serve(sockets=sockets), loop_factory=self.config.get_loop_factory())
           │           │    │             │                      │    │      └ <function Config.get_loop_factory at 0x00000249E8D6D1C0>
           │           │    │             │                      │    └ <uvicorn.config.Config object at 0x00000249EBD03710>
           │           │    │             │                      └ <uvicorn.server.Server object at 0x00000249E8D6B190>
           │           │    │             └ None
           │           │    └ <function Server.serve at 0x00000249E8EE0900>
           │           └ <uvicorn.server.Server object at 0x00000249E8D6B190>
           └ <function asyncio_run at 0x00000249E8CF7740>
  File "D:\__lybix__\DEVTools\miniconda3\envs\fams\Lib\site-packages\uvicorn\_compat.py", line 30, in asyncio_run
    return runner.run(main)
           │      │   └ <coroutine object Server.serve at 0x00000249EBF3C400>
           │      └ <function Runner.run at 0x00000249E8753560>
           └ <asyncio.runners.Runner object at 0x00000249EB9C8A90>
  File "D:\__lybix__\DEVTools\miniconda3\envs\fams\Lib\asyncio\runners.py", line 118, in run
    return self._loop.run_until_complete(task)
           │    │     │                  └ <Task pending name='Task-1' coro=<Server.serve() running at D:\__lybix__\DEVTools\miniconda3\envs\fams\Lib\site-packages\uvic...
           │    │     └ <function BaseEventLoop.run_until_complete at 0x00000249E8751120>
           │    └ <ProactorEventLoop running=True closed=False debug=False>
           └ <asyncio.runners.Runner object at 0x00000249EB9C8A90>
  File "D:\__lybix__\DEVTools\miniconda3\envs\fams\Lib\asyncio\base_events.py", line 637, in run_until_complete
    self.run_forever()
    │    └ <function ProactorEventLoop.run_forever at 0x00000249E8828860>
    └ <ProactorEventLoop running=True closed=False debug=False>
  File "D:\__lybix__\DEVTools\miniconda3\envs\fams\Lib\asyncio\windows_events.py", line 321, in run_forever
    super().run_forever()
  File "D:\__lybix__\DEVTools\miniconda3\envs\fams\Lib\asyncio\base_events.py", line 604, in run_forever
    self._run_once()
    │    └ <function BaseEventLoop._run_once at 0x00000249E8752E80>
    └ <ProactorEventLoop running=True closed=False debug=False>
  File "D:\__lybix__\DEVTools\miniconda3\envs\fams\Lib\asyncio\base_events.py", line 1909, in _run_once
    handle._run()
    │      └ <function Handle._run at 0x00000249E70653A0>
    └ <Handle Task.task_wakeup(<Future finished result=None>)>
  File "D:\__lybix__\DEVTools\miniconda3\envs\fams\Lib\asyncio\events.py", line 80, in _run
    self._context.run(self._callback, *self._args)
    │    │            │    │           │    └ <member '_args' of 'Handle' objects>
    │    │            │    │           └ <Handle Task.task_wakeup(<Future finished result=None>)>
    │    │            │    └ <member '_callback' of 'Handle' objects>
    │    │            └ <Handle Task.task_wakeup(<Future finished result=None>)>
    │    └ <member '_context' of 'Handle' objects>
    └ <Handle Task.task_wakeup(<Future finished result=None>)>
  File "D:\__lybix__\DEVTools\miniconda3\envs\fams\Lib\site-packages\uvicorn\protocols\http\httptools_impl.py", line 422, in run_asgi
    result = await app(  # type: ignore[func-returns-value]
                   └ <uvicorn.middleware.proxy_headers.ProxyHeadersMiddleware object at 0x00000249EBF151D0>
  File "D:\__lybix__\DEVTools\miniconda3\envs\fams\Lib\site-packages\uvicorn\middleware\proxy_headers.py", line 63, in __call__
    return await self.app(scope, receive, send)
                 │    │   │      │        └ <bound method RequestResponseCycle.send of <uvicorn.protocols.http.httptools_impl.RequestResponseCycle object at 0x00000249EC...
                 │    │   │      └ <bound method RequestResponseCycle.receive of <uvicorn.protocols.http.httptools_impl.RequestResponseCycle object at 0x0000024...
                 │    │   └ {'type': 'http', 'asgi': {'version': '3.0', 'spec_version': '2.3'}, 'http_version': '1.1', 'server': ('127.0.0.1', 9900), 'cl...
                 │    └ <fastapi.applications.FastAPI object at 0x00000249EBF12F10>
                 └ <uvicorn.middleware.proxy_headers.ProxyHeadersMiddleware object at 0x00000249EBF151D0>
  File "D:\__lybix__\DEVTools\miniconda3\envs\fams\Lib\site-packages\fastapi\applications.py", line 1163, in __call__
    await super().__call__(scope, receive, send)
                           │      │        └ <bound method RequestResponseCycle.send of <uvicorn.protocols.http.httptools_impl.RequestResponseCycle object at 0x00000249EC...
                           │      └ <bound method RequestResponseCycle.receive of <uvicorn.protocols.http.httptools_impl.RequestResponseCycle object at 0x0000024...
                           └ {'type': 'http', 'asgi': {'version': '3.0', 'spec_version': '2.3'}, 'http_version': '1.1', 'server': ('127.0.0.1', 9900), 'cl...
  File "D:\__lybix__\DEVTools\miniconda3\envs\fams\Lib\site-packages\starlette\applications.py", line 90, in __call__
    await self.middleware_stack(scope, receive, send)
          │    │                │      │        └ <bound method RequestResponseCycle.send of <uvicorn.protocols.http.httptools_impl.RequestResponseCycle object at 0x00000249EC...
          │    │                │      └ <bound method RequestResponseCycle.receive of <uvicorn.protocols.http.httptools_impl.RequestResponseCycle object at 0x0000024...
          │    │                └ {'type': 'http', 'asgi': {'version': '3.0', 'spec_version': '2.3'}, 'http_version': '1.1', 'server': ('127.0.0.1', 9900), 'cl...
          │    └ <starlette.middleware.errors.ServerErrorMiddleware object at 0x00000249EB9ACDD0>
          └ <fastapi.applications.FastAPI object at 0x00000249EBF12F10>
> File "D:\__lybix__\DEVTools\miniconda3\envs\fams\Lib\site-packages\starlette\middleware\errors.py", line 164, in __call__
    await self.app(scope, receive, _send)
          │    │   │      │        └ <function ServerErrorMiddleware.__call__.<locals>._send at 0x00000249EC036700>
          │    │   │      └ <bound method RequestResponseCycle.receive of <uvicorn.protocols.http.httptools_impl.RequestResponseCycle object at 0x0000024...
          │    │   └ {'type': 'http', 'asgi': {'version': '3.0', 'spec_version': '2.3'}, 'http_version': '1.1', 'server': ('127.0.0.1', 9900), 'cl...
          │    └ <starlette.middleware.base.BaseHTTPMiddleware object at 0x00000249EBF1C310>
          └ <starlette.middleware.errors.ServerErrorMiddleware object at 0x00000249EB9ACDD0>
  File "D:\__lybix__\DEVTools\miniconda3\envs\fams\Lib\contextlib.py", line 222, in __aexit__
    await self.gen.athrow(typ, value, traceback)
          │    │   │      │    │      └ <traceback object at 0x00000249EC2A0DC0>
          │    │   │      │    └ StatementError("(sqlalchemy.exc.InvalidRequestError) A value is required for bind parameter 'repair_specialty'")
          │    │   │      └ <class 'sqlalchemy.exc.StatementError'>
          │    │   └ <method 'athrow' of 'async_generator' objects>
          │    └ <async_generator object create_collapsing_task_group at 0x00000249EBF56C40>
          └ <contextlib._AsyncGeneratorContextManager object at 0x00000249EC2A9B10>
  File "D:\__lybix__\DEVTools\miniconda3\envs\fams\Lib\site-packages\starlette\_utils.py", line 93, in create_collapsing_task_group
    raise exc from exc.__cause__ or context
          │        │   │            └ None
          │        │   └ <attribute '__cause__' of 'BaseException' objects>
          │        └ StatementError("(sqlalchemy.exc.InvalidRequestError) A value is required for bind parameter 'repair_specialty'")
          └ StatementError("(sqlalchemy.exc.InvalidRequestError) A value is required for bind parameter 'repair_specialty'")
  File "D:\__lybix__\DEVTools\miniconda3\envs\fams\Lib\site-packages\starlette\_utils.py", line 86, in create_collapsing_task_group
    yield tg
          └ <anyio._backends._asyncio.TaskGroup object at 0x00000249EC2A97D0>
  File "D:\__lybix__\DEVTools\miniconda3\envs\fams\Lib\site-packages\starlette\middleware\base.py", line 193, in __call__
    response = await self.dispatch_func(request, call_next)
                     │    │             │        └ <function BaseHTTPMiddleware.__call__.<locals>.call_next at 0x00000249EC036660>
                     │    │             └ <starlette.middleware.base._CachedRequest object at 0x00000249EC2A8C90>
                     │    └ <function log_requests at 0x00000249EBF328E0>
                     └ <starlette.middleware.base.BaseHTTPMiddleware object at 0x00000249EBF1C310>

  File "D:\__lybix__\_Codes\FAMS-NEPU\platform\server\services\svr_gateway\main.py", line 42, in log_requests
    response = await call_next(request)
                     │         └ <starlette.middleware.base._CachedRequest object at 0x00000249EC2A8C90>
                     └ <function BaseHTTPMiddleware.__call__.<locals>.call_next at 0x00000249EC036660>

  File "D:\__lybix__\DEVTools\miniconda3\envs\fams\Lib\site-packages\starlette\middleware\base.py", line 168, in call_next
    raise app_exc from app_exc.__cause__ or app_exc.__context__
          │            │       │            │       └ <attribute '__context__' of 'BaseException' objects>
          │            │       │            └ StatementError("(sqlalchemy.exc.InvalidRequestError) A value is required for bind parameter 'repair_specialty'")
          │            │       └ <attribute '__cause__' of 'BaseException' objects>
          │            └ StatementError("(sqlalchemy.exc.InvalidRequestError) A value is required for bind parameter 'repair_specialty'")
          └ StatementError("(sqlalchemy.exc.InvalidRequestError) A value is required for bind parameter 'repair_specialty'")
  File "D:\__lybix__\DEVTools\miniconda3\envs\fams\Lib\site-packages\starlette\middleware\base.py", line 144, in coro
    await self.app(scope, receive_or_disconnect, send_no_error)
          │    │   │      │                      └ <function BaseHTTPMiddleware.__call__.<locals>.call_next.<locals>.send_no_error at 0x00000249EC26FD80>
          │    │   │      └ <function BaseHTTPMiddleware.__call__.<locals>.call_next.<locals>.receive_or_disconnect at 0x00000249EC26FE20>
          │    │   └ {'type': 'http', 'asgi': {'version': '3.0', 'spec_version': '2.3'}, 'http_version': '1.1', 'server': ('127.0.0.1', 9900), 'cl...
          │    └ <starlette.middleware.cors.CORSMiddleware object at 0x00000249EBCE58D0>
          └ <starlette.middleware.base.BaseHTTPMiddleware object at 0x00000249EBF1C310>
  File "D:\__lybix__\DEVTools\miniconda3\envs\fams\Lib\site-packages\starlette\middleware\cors.py", line 96, in __call__
    await self.simple_response(scope, receive, send, request_headers=headers)
          │    │               │      │        │                     └ Headers({'host': '127.0.0.1:9900', 'connection': 'close', 'content-length': '186', 'sec-ch-ua-platform': '"Windows"', 'author...
          │    │               │      │        └ <function BaseHTTPMiddleware.__call__.<locals>.call_next.<locals>.send_no_error at 0x00000249EC26FD80>
          │    │               │      └ <function BaseHTTPMiddleware.__call__.<locals>.call_next.<locals>.receive_or_disconnect at 0x00000249EC26FE20>
          │    │               └ {'type': 'http', 'asgi': {'version': '3.0', 'spec_version': '2.3'}, 'http_version': '1.1', 'server': ('127.0.0.1', 9900), 'cl...
          │    └ <function CORSMiddleware.simple_response at 0x00000249E9FCD080>
          └ <starlette.middleware.cors.CORSMiddleware object at 0x00000249EBCE58D0>
  File "D:\__lybix__\DEVTools\miniconda3\envs\fams\Lib\site-packages\starlette\middleware\cors.py", line 154, in simple_response
    await self.app(scope, receive, send)
          │    │   │      │        └ functools.partial(<bound method CORSMiddleware.send of <starlette.middleware.cors.CORSMiddleware object at 0x00000249EBCE58D0...
          │    │   │      └ <function BaseHTTPMiddleware.__call__.<locals>.call_next.<locals>.receive_or_disconnect at 0x00000249EC26FE20>
          │    │   └ {'type': 'http', 'asgi': {'version': '3.0', 'spec_version': '2.3'}, 'http_version': '1.1', 'server': ('127.0.0.1', 9900), 'cl...
          │    └ <starlette.middleware.exceptions.ExceptionMiddleware object at 0x00000249EB9A3810>
          └ <starlette.middleware.cors.CORSMiddleware object at 0x00000249EBCE58D0>
  File "D:\__lybix__\DEVTools\miniconda3\envs\fams\Lib\site-packages\starlette\middleware\exceptions.py", line 63, in __call__
    await wrap_app_handling_exceptions(self.app, conn)(scope, receive, send)
          │                            │    │    │     │      │        └ functools.partial(<bound method CORSMiddleware.send of <starlette.middleware.cors.CORSMiddleware object at 0x00000249EBCE58D0...
          │                            │    │    │     │      └ <function BaseHTTPMiddleware.__call__.<locals>.call_next.<locals>.receive_or_disconnect at 0x00000249EC26FE20>
          │                            │    │    │     └ {'type': 'http', 'asgi': {'version': '3.0', 'spec_version': '2.3'}, 'http_version': '1.1', 'server': ('127.0.0.1', 9900), 'cl...
          │                            │    │    └ <starlette.requests.Request object at 0x00000249EC2A96D0>
          │                            │    └ <fastapi.middleware.asyncexitstack.AsyncExitStackMiddleware object at 0x00000249EB9AD8D0>
          │                            └ <starlette.middleware.exceptions.ExceptionMiddleware object at 0x00000249EB9A3810>
          └ <function wrap_app_handling_exceptions at 0x00000249E9ECF100>
  File "D:\__lybix__\DEVTools\miniconda3\envs\fams\Lib\site-packages\starlette\_exception_handler.py", line 53, in wrapped_app
    raise exc
  File "D:\__lybix__\DEVTools\miniconda3\envs\fams\Lib\site-packages\starlette\_exception_handler.py", line 42, in wrapped_app
    await app(scope, receive, sender)
          │   │      │        └ <function wrap_app_handling_exceptions.<locals>.wrapped_app.<locals>.sender at 0x00000249EBFC1300>
          │   │      └ <function BaseHTTPMiddleware.__call__.<locals>.call_next.<locals>.receive_or_disconnect at 0x00000249EC26FE20>
          │   └ {'type': 'http', 'asgi': {'version': '3.0', 'spec_version': '2.3'}, 'http_version': '1.1', 'server': ('127.0.0.1', 9900), 'cl...
          └ <fastapi.middleware.asyncexitstack.AsyncExitStackMiddleware object at 0x00000249EB9AD8D0>
  File "D:\__lybix__\DEVTools\miniconda3\envs\fams\Lib\site-packages\fastapi\middleware\asyncexitstack.py", line 18, in __call__
    await self.app(scope, receive, send)
          │    │   │      │        └ <function wrap_app_handling_exceptions.<locals>.wrapped_app.<locals>.sender at 0x00000249EBFC1300>
          │    │   │      └ <function BaseHTTPMiddleware.__call__.<locals>.call_next.<locals>.receive_or_disconnect at 0x00000249EC26FE20>
          │    │   └ {'type': 'http', 'asgi': {'version': '3.0', 'spec_version': '2.3'}, 'http_version': '1.1', 'server': ('127.0.0.1', 9900), 'cl...
          │    └ <fastapi.routing.APIRouter object at 0x00000249EBF131D0>
          └ <fastapi.middleware.asyncexitstack.AsyncExitStackMiddleware object at 0x00000249EB9AD8D0>
  File "D:\__lybix__\DEVTools\miniconda3\envs\fams\Lib\site-packages\starlette\routing.py", line 660, in __call__
    await self.middleware_stack(scope, receive, send)
          │    │                │      │        └ <function wrap_app_handling_exceptions.<locals>.wrapped_app.<locals>.sender at 0x00000249EBFC1300>
          │    │                │      └ <function BaseHTTPMiddleware.__call__.<locals>.call_next.<locals>.receive_or_disconnect at 0x00000249EC26FE20>
          │    │                └ {'type': 'http', 'asgi': {'version': '3.0', 'spec_version': '2.3'}, 'http_version': '1.1', 'server': ('127.0.0.1', 9900), 'cl...
          │    └ <bound method APIRouter.app of <fastapi.routing.APIRouter object at 0x00000249EBF131D0>>
          └ <fastapi.routing.APIRouter object at 0x00000249EBF131D0>
  File "D:\__lybix__\DEVTools\miniconda3\envs\fams\Lib\site-packages\fastapi\routing.py", line 2683, in app
    await route.handle(scope, receive, send)
          │     │      │      │        └ <function wrap_app_handling_exceptions.<locals>.wrapped_app.<locals>.sender at 0x00000249EBFC1300>
          │     │      │      └ <function BaseHTTPMiddleware.__call__.<locals>.call_next.<locals>.receive_or_disconnect at 0x00000249EC26FE20>
          │     │      └ {'type': 'http', 'asgi': {'version': '3.0', 'spec_version': '2.3'}, 'http_version': '1.1', 'server': ('127.0.0.1', 9900), 'cl...
          │     └ <function _IncludedRouter.handle at 0x00000249E9F11BC0>
          └ _IncludedRouter(original_router=<fastapi.routing.APIRouter object at 0x00000249EB9A3990>, include_context=_RouterIncludeConte...
  File "D:\__lybix__\DEVTools\miniconda3\envs\fams\Lib\site-packages\fastapi\routing.py", line 1753, in handle
    await self.original_router.handle(scope, receive, send)
          │    │               │      │      │        └ <function wrap_app_handling_exceptions.<locals>.wrapped_app.<locals>.sender at 0x00000249EBFC1300>
          │    │               │      │      └ <function BaseHTTPMiddleware.__call__.<locals>.call_next.<locals>.receive_or_disconnect at 0x00000249EC26FE20>
          │    │               │      └ {'type': 'http', 'asgi': {'version': '3.0', 'spec_version': '2.3'}, 'http_version': '1.1', 'server': ('127.0.0.1', 9900), 'cl...
          │    │               └ <function APIRouter.handle at 0x00000249E9F13BA0>
          │    └ <fastapi.routing.APIRouter object at 0x00000249EB9A3990>
          └ _IncludedRouter(original_router=<fastapi.routing.APIRouter object at 0x00000249EB9A3990>, include_context=_RouterIncludeConte...
  File "D:\__lybix__\DEVTools\miniconda3\envs\fams\Lib\site-packages\fastapi\routing.py", line 2738, in handle
    await included_router._handle_selected(scope, receive, send)
          │               │                │      │        └ <function wrap_app_handling_exceptions.<locals>.wrapped_app.<locals>.sender at 0x00000249EBFC1300>
          │               │                │      └ <function BaseHTTPMiddleware.__call__.<locals>.call_next.<locals>.receive_or_disconnect at 0x00000249EC26FE20>
          │               │                └ {'type': 'http', 'asgi': {'version': '3.0', 'spec_version': '2.3'}, 'http_version': '1.1', 'server': ('127.0.0.1', 9900), 'cl...
          │               └ <function _IncludedRouter._handle_selected at 0x00000249E9F11C60>
          └ _IncludedRouter(original_router=<fastapi.routing.APIRouter object at 0x00000249EB9A3990>, include_context=_RouterIncludeConte...
  File "D:\__lybix__\DEVTools\miniconda3\envs\fams\Lib\site-packages\fastapi\routing.py", line 1773, in _handle_selected
    await original_route.handle(scope, receive, send)
          │              │      │      │        └ <function wrap_app_handling_exceptions.<locals>.wrapped_app.<locals>.sender at 0x00000249EBFC1300>
          │              │      │      └ <function BaseHTTPMiddleware.__call__.<locals>.call_next.<locals>.receive_or_disconnect at 0x00000249EC26FE20>
          │              │      └ {'type': 'http', 'asgi': {'version': '3.0', 'spec_version': '2.3'}, 'http_version': '1.1', 'server': ('127.0.0.1', 9900), 'cl...
          │              └ <function APIRoute.handle at 0x00000249E9EFFCE0>
          └ APIRoute(path='/api/user', name='update_user', methods=['PUT'])
  File "D:\__lybix__\DEVTools\miniconda3\envs\fams\Lib\site-packages\fastapi\routing.py", line 1264, in handle
    await app(scope, receive, send)
          │   │      │        └ <function wrap_app_handling_exceptions.<locals>.wrapped_app.<locals>.sender at 0x00000249EBFC1300>
          │   │      └ <function BaseHTTPMiddleware.__call__.<locals>.call_next.<locals>.receive_or_disconnect at 0x00000249EC26FE20>
          │   └ {'type': 'http', 'asgi': {'version': '3.0', 'spec_version': '2.3'}, 'http_version': '1.1', 'server': ('127.0.0.1', 9900), 'cl...
          └ <function request_response.<locals>.app at 0x00000249EBFC14E0>
  File "D:\__lybix__\DEVTools\miniconda3\envs\fams\Lib\site-packages\fastapi\routing.py", line 150, in app
    await wrap_app_handling_exceptions(app, request)(scope, receive, send)
          │                            │    │        │      │        └ <function wrap_app_handling_exceptions.<locals>.wrapped_app.<locals>.sender at 0x00000249EBFC1300>
          │                            │    │        │      └ <function BaseHTTPMiddleware.__call__.<locals>.call_next.<locals>.receive_or_disconnect at 0x00000249EC26FE20>
          │                            │    │        └ {'type': 'http', 'asgi': {'version': '3.0', 'spec_version': '2.3'}, 'http_version': '1.1', 'server': ('127.0.0.1', 9900), 'cl...
          │                            │    └ <starlette.requests.Request object at 0x00000249EC2A2010>
          │                            └ <function request_response.<locals>.app.<locals>.app at 0x00000249EBFC0680>
          └ <function wrap_app_handling_exceptions at 0x00000249E9ECF100>
  File "D:\__lybix__\DEVTools\miniconda3\envs\fams\Lib\site-packages\starlette\_exception_handler.py", line 53, in wrapped_app
    raise exc
  File "D:\__lybix__\DEVTools\miniconda3\envs\fams\Lib\site-packages\starlette\_exception_handler.py", line 42, in wrapped_app
    await app(scope, receive, sender)
          │   │      │        └ <function wrap_app_handling_exceptions.<locals>.wrapped_app.<locals>.sender at 0x00000249EBFC3F60>
          │   │      └ <function BaseHTTPMiddleware.__call__.<locals>.call_next.<locals>.receive_or_disconnect at 0x00000249EC26FE20>
          │   └ {'type': 'http', 'asgi': {'version': '3.0', 'spec_version': '2.3'}, 'http_version': '1.1', 'server': ('127.0.0.1', 9900), 'cl...
          └ <function request_response.<locals>.app.<locals>.app at 0x00000249EBFC0680>
  File "D:\__lybix__\DEVTools\miniconda3\envs\fams\Lib\site-packages\fastapi\routing.py", line 136, in app
    response = await f(request)
                     │ └ <starlette.requests.Request object at 0x00000249EC2A2010>
                     └ <function get_request_handler.<locals>.app at 0x00000249EBFC0180>
  File "D:\__lybix__\DEVTools\miniconda3\envs\fams\Lib\site-packages\fastapi\routing.py", line 690, in app
    raw_response = await run_endpoint_function(
                         └ <function run_endpoint_function at 0x00000249E9EFEF20>
  File "D:\__lybix__\DEVTools\miniconda3\envs\fams\Lib\site-packages\fastapi\routing.py", line 344, in run_endpoint_function
    return await dependant.call(**values)
                 │         │      └ {'current_user': {'user_id': 1, 'username': 'admin', 'dept_id': 1, 'role_keys': ['admin'], 'exp': 1783953906, 'iat': 17838675...
                 │         └ <function update_user at 0x00000249EBDEAC00>
                 └ Dependant(path_params=[], query_params=[], header_params=[], cookie_params=[], body_params=[ModelField(field_info=Body(Pydant...

  File "D:\__lybix__\_Codes\FAMS-NEPU\platform\server\services\svr_gateway\routes.py", line 226, in update_user
    if not logic.update_user(data):
           │     │           └ {'user_id': 12, 'username': 'test_insert_user', 'nickname': '测试修改用户', 'password': '', 'dept_id': 2, 'role_ids': [4], 'phone':...
           │     └ <function UserLogic.update_user at 0x00000249EB8C2B60>
           └ <data.logic.user_logic.UserLogic object at 0x00000249EB9C93D0>

  File "D:\__lybix__\_Codes\FAMS-NEPU\platform\server\data\logic\user_logic.py", line 107, in update_user
    self.user_dao.update_user(data)
    │    │        │           └ {'user_id': 12, 'username': 'test_insert_user', 'nickname': '测试修改用户', 'password': '', 'dept_id': 2, 'role_ids': [4], 'phone':...
    │    │        └ <function UserDAO.update_user at 0x00000249EB8C1C60>
    │    └ <data.basic.user_dao.UserDAO object at 0x00000249EB9C9FD0>
    └ <data.logic.user_logic.UserLogic object at 0x00000249EB9C93D0>

  File "D:\__lybix__\_Codes\FAMS-NEPU\platform\server\data\basic\user_dao.py", line 68, in update_user
    return self._execute_update(sql, user)
           │    │               │    └ {'user_id': 12, 'username': 'test_insert_user', 'nickname': '测试修改用户', 'password': '', 'dept_id': 2, 'role_ids': [4], 'phone':...
           │    │               └ 'UPDATE sys_user\n                 SET nickname = :nickname, dept_id = :dept_id, phone = :phone,\n                     email ...
           │    └ <function BaseDAO._execute_update at 0x00000249EA1CADE0>
           └ <data.basic.user_dao.UserDAO object at 0x00000249EB9C9FD0>

  File "D:\__lybix__\_Codes\FAMS-NEPU\platform\server\data\basic\base_dao.py", line 56, in _execute_update
    result = conn.execute(text(sql), params or {})
             │    │       │    │     └ {'user_id': 12, 'username': 'test_insert_user', 'nickname': '测试修改用户', 'password': '', 'dept_id': 2, 'role_ids': [4], 'phone':...
             │    │       │    └ 'UPDATE sys_user\n                 SET nickname = :nickname, dept_id = :dept_id, phone = :phone,\n                     email ...
             │    │       └ <function text at 0x00000249EA7B4180>
             │    └ <function Connection.execute at 0x00000249EB7E6E80>
             └ <sqlalchemy.engine.base.Connection object at 0x00000249EC2A3A90>

  File "D:\__lybix__\DEVTools\miniconda3\envs\fams\Lib\site-packages\sqlalchemy\engine\base.py", line 1421, in execute
    return meth(
           └ <bound method ClauseElement._execute_on_connection of <sqlalchemy.sql.elements.TextClause object at 0x00000249EC2A1D50>>
  File "D:\__lybix__\DEVTools\miniconda3\envs\fams\Lib\site-packages\sqlalchemy\sql\elements.py", line 526, in _execute_on_connection
    return connection._execute_clauseelement(
           │          └ <function Connection._execute_clauseelement at 0x00000249EB7E71A0>
           └ <sqlalchemy.engine.base.Connection object at 0x00000249EC2A3A90>
  File "D:\__lybix__\DEVTools\miniconda3\envs\fams\Lib\site-packages\sqlalchemy\engine\base.py", line 1643, in _execute_clauseelement
    ret = self._execute_context(
          │    └ <function Connection._execute_context at 0x00000249EB7E7380>
          └ <sqlalchemy.engine.base.Connection object at 0x00000249EC2A3A90>
  File "D:\__lybix__\DEVTools\miniconda3\envs\fams\Lib\site-packages\sqlalchemy\engine\base.py", line 1823, in _execute_context
    self._handle_dbapi_exception(
    │    └ <function Connection._handle_dbapi_exception at 0x00000249EB7E76A0>
    └ <sqlalchemy.engine.base.Connection object at 0x00000249EC2A3A90>
  File "D:\__lybix__\DEVTools\miniconda3\envs\fams\Lib\site-packages\sqlalchemy\engine\base.py", line 2365, in _handle_dbapi_exception
    raise sqlalchemy_exception.with_traceback(exc_info[2]) from e
          │                    │              │                 └ InvalidRequestError("A value is required for bind parameter 'repair_specialty'")
          │                    │              └ (<class 'sqlalchemy.exc.InvalidRequestError'>, InvalidRequestError("A value is required for bind parameter 'repair_specialty'...
          │                    └ <method 'with_traceback' of 'BaseException' objects>
          └ StatementError("(sqlalchemy.exc.InvalidRequestError) A value is required for bind parameter 'repair_specialty'")
  File "D:\__lybix__\DEVTools\miniconda3\envs\fams\Lib\site-packages\sqlalchemy\engine\base.py", line 1817, in _execute_context
    context = constructor(
              └ <bound method DefaultExecutionContext._init_compiled of <class 'sqlalchemy.dialects.mysql.mysqldb.MySQLExecutionContext_mysql...
  File "D:\__lybix__\DEVTools\miniconda3\envs\fams\Lib\site-packages\sqlalchemy\engine\default.py", line 1416, in _init_compiled
    self.compiled_parameters = [
    └ <sqlalchemy.dialects.mysql.mysqldb.MySQLExecutionContext_mysqldb object at 0x00000249EC2A3BD0>
  File "D:\__lybix__\DEVTools\miniconda3\envs\fams\Lib\site-packages\sqlalchemy\engine\default.py", line 1417, in <listcomp>
    compiled.construct_params(
    │        └ <function SQLCompiler.construct_params at 0x00000249EA79A980>
    └ <sqlalchemy.dialects.mysql.mysqldb.MySQLCompiler_mysqldb object at 0x00000249EC2A3CD0>
  File "D:\__lybix__\DEVTools\miniconda3\envs\fams\Lib\site-packages\sqlalchemy\sql\compiler.py", line 1927, in construct_params
    raise exc.InvalidRequestError(
          │   └ <class 'sqlalchemy.exc.InvalidRequestError'>
          └ <module 'sqlalchemy.exc' from 'D:\\__lybix__\\DEVTools\\miniconda3\\envs\\fams\\Lib\\site-packages\\sqlalchemy\\exc.py'>

sqlalchemy.exc.StatementError: (sqlalchemy.exc.InvalidRequestError) A value is required for bind parameter 'repair_specialty'
[SQL: UPDATE sys_user
                 SET nickname = %(nickname)s, dept_id = %(dept_id)s, phone = %(phone)s,
                     email = %(email)s, repair_specialty = %(repair_specialty)s, status = %(status)s
                 WHERE user_id = %(user_id)s]
[parameters: [{'user_id': 12, 'username': 'test_insert_user', 'nickname': '测试修改用户', 'password': '', 'dept_id': 2, 'role_ids': [4], 'phone': '123456789109', 'email': '123456789109@nepu.edu.cn', 'status': 1}]]
(Background on this error at: https://sqlalche.me/e/20/cd3x)
2026-07-12 23:08:01.617 | ERROR    | __main__:global_exception_handler:50 - Unhandled exception on PUT /api/asset
Traceback (most recent call last):

  File "D:\__lybix__\DEVTools\miniconda3\envs\fams\Lib\site-packages\sqlalchemy\engine\base.py", line 1817, in _execute_context
    context = constructor(
              └ <bound method DefaultExecutionContext._init_compiled of <class 'sqlalchemy.dialects.mysql.mysqldb.MySQLExecutionContext_mysql...
  File "D:\__lybix__\DEVTools\miniconda3\envs\fams\Lib\site-packages\sqlalchemy\engine\default.py", line 1416, in _init_compiled
    self.compiled_parameters = [
    └ <sqlalchemy.dialects.mysql.mysqldb.MySQLExecutionContext_mysqldb object at 0x000002A475EEE450>
  File "D:\__lybix__\DEVTools\miniconda3\envs\fams\Lib\site-packages\sqlalchemy\engine\default.py", line 1417, in <listcomp>
    compiled.construct_params(
    │        └ <function SQLCompiler.construct_params at 0x000002A47437AD40>
    └ <sqlalchemy.dialects.mysql.mysqldb.MySQLCompiler_mysqldb object at 0x000002A475EF94D0>
  File "D:\__lybix__\DEVTools\miniconda3\envs\fams\Lib\site-packages\sqlalchemy\sql\compiler.py", line 1927, in construct_params
    raise exc.InvalidRequestError(
          │   └ <class 'sqlalchemy.exc.InvalidRequestError'>
          └ <module 'sqlalchemy.exc' from 'D:\\__lybix__\\DEVTools\\miniconda3\\envs\\fams\\Lib\\site-packages\\sqlalchemy\\exc.py'>

sqlalchemy.exc.InvalidRequestError: A value is required for bind parameter 'version' (Background on this error at: https://sqlalche.me/e/20/cd3x)


The above exception was the direct cause of the following exception:


Traceback (most recent call last):

  File "D:\__lybix__\_Codes\FAMS-NEPU\platform\server\services\svr_gateway\main.py", line 64, in <module>
    uvicorn.run(app, host="0.0.0.0", port=gateway_config.HTTP_PORT)
    │       │   │                         │              └ 9900
    │       │   │                         └ <services.svr_gateway.config.GatewayConfig object at 0x000002A473BC2B50>
    │       │   └ <fastapi.applications.FastAPI object at 0x000002A475AF6C90>
    │       └ <function run at 0x000002A47295FD80>
    └ <module 'uvicorn' from 'D:\\__lybix__\\DEVTools\\miniconda3\\envs\\fams\\Lib\\site-packages\\uvicorn\\__init__.py'>

  File "D:\__lybix__\DEVTools\miniconda3\envs\fams\Lib\site-packages\uvicorn\main.py", line 621, in run
    server.run()
    │      └ <function Server.run at 0x000002A472AD0860>
    └ <uvicorn.server.Server object at 0x000002A4758CCA90>
  File "D:\__lybix__\DEVTools\miniconda3\envs\fams\Lib\site-packages\uvicorn\server.py", line 74, in run
    return asyncio_run(self.serve(sockets=sockets), loop_factory=self.config.get_loop_factory())
           │           │    │             │                      │    │      └ <function Config.get_loop_factory at 0x000002A47295D1C0>
           │           │    │             │                      │    └ <uvicorn.config.Config object at 0x000002A473E36550>
           │           │    │             │                      └ <uvicorn.server.Server object at 0x000002A4758CCA90>
           │           │    │             └ None
           │           │    └ <function Server.serve at 0x000002A472AD0900>
           │           └ <uvicorn.server.Server object at 0x000002A4758CCA90>
           └ <function asyncio_run at 0x000002A4728E7740>
  File "D:\__lybix__\DEVTools\miniconda3\envs\fams\Lib\site-packages\uvicorn\_compat.py", line 30, in asyncio_run
    return runner.run(main)
           │      │   └ <coroutine object Server.serve at 0x000002A475B14310>
           │      └ <function Runner.run at 0x000002A472343560>
           └ <asyncio.runners.Runner object at 0x000002A4739514D0>
  File "D:\__lybix__\DEVTools\miniconda3\envs\fams\Lib\asyncio\runners.py", line 118, in run
    return self._loop.run_until_complete(task)
           │    │     │                  └ <Task pending name='Task-1' coro=<Server.serve() running at D:\__lybix__\DEVTools\miniconda3\envs\fams\Lib\site-packages\uvic...
           │    │     └ <function BaseEventLoop.run_until_complete at 0x000002A472341120>
           │    └ <ProactorEventLoop running=True closed=False debug=False>
           └ <asyncio.runners.Runner object at 0x000002A4739514D0>
  File "D:\__lybix__\DEVTools\miniconda3\envs\fams\Lib\asyncio\base_events.py", line 637, in run_until_complete
    self.run_forever()
    │    └ <function ProactorEventLoop.run_forever at 0x000002A472418860>
    └ <ProactorEventLoop running=True closed=False debug=False>
  File "D:\__lybix__\DEVTools\miniconda3\envs\fams\Lib\asyncio\windows_events.py", line 321, in run_forever
    super().run_forever()
  File "D:\__lybix__\DEVTools\miniconda3\envs\fams\Lib\asyncio\base_events.py", line 604, in run_forever
    self._run_once()
    │    └ <function BaseEventLoop._run_once at 0x000002A472342E80>
    └ <ProactorEventLoop running=True closed=False debug=False>
  File "D:\__lybix__\DEVTools\miniconda3\envs\fams\Lib\asyncio\base_events.py", line 1909, in _run_once
    handle._run()
    │      └ <function Handle._run at 0x000002A4722853A0>
    └ <Handle Task.task_wakeup(<Future finished result=None>)>
  File "D:\__lybix__\DEVTools\miniconda3\envs\fams\Lib\asyncio\events.py", line 80, in _run
    self._context.run(self._callback, *self._args)
    │    │            │    │           │    └ <member '_args' of 'Handle' objects>
    │    │            │    │           └ <Handle Task.task_wakeup(<Future finished result=None>)>
    │    │            │    └ <member '_callback' of 'Handle' objects>
    │    │            └ <Handle Task.task_wakeup(<Future finished result=None>)>
    │    └ <member '_context' of 'Handle' objects>
    └ <Handle Task.task_wakeup(<Future finished result=None>)>
  File "D:\__lybix__\DEVTools\miniconda3\envs\fams\Lib\site-packages\uvicorn\protocols\http\httptools_impl.py", line 422, in run_asgi
    result = await app(  # type: ignore[func-returns-value]
                   └ <uvicorn.middleware.proxy_headers.ProxyHeadersMiddleware object at 0x000002A4759D6190>
  File "D:\__lybix__\DEVTools\miniconda3\envs\fams\Lib\site-packages\uvicorn\middleware\proxy_headers.py", line 63, in __call__
    return await self.app(scope, receive, send)
                 │    │   │      │        └ <bound method RequestResponseCycle.send of <uvicorn.protocols.http.httptools_impl.RequestResponseCycle object at 0x000002A475...
                 │    │   │      └ <bound method RequestResponseCycle.receive of <uvicorn.protocols.http.httptools_impl.RequestResponseCycle object at 0x000002A...
                 │    │   └ {'type': 'http', 'asgi': {'version': '3.0', 'spec_version': '2.3'}, 'http_version': '1.1', 'server': ('127.0.0.1', 9900), 'cl...
                 │    └ <fastapi.applications.FastAPI object at 0x000002A475AF6C90>
                 └ <uvicorn.middleware.proxy_headers.ProxyHeadersMiddleware object at 0x000002A4759D6190>
  File "D:\__lybix__\DEVTools\miniconda3\envs\fams\Lib\site-packages\fastapi\applications.py", line 1163, in __call__
    await super().__call__(scope, receive, send)
                           │      │        └ <bound method RequestResponseCycle.send of <uvicorn.protocols.http.httptools_impl.RequestResponseCycle object at 0x000002A475...
                           │      └ <bound method RequestResponseCycle.receive of <uvicorn.protocols.http.httptools_impl.RequestResponseCycle object at 0x000002A...
                           └ {'type': 'http', 'asgi': {'version': '3.0', 'spec_version': '2.3'}, 'http_version': '1.1', 'server': ('127.0.0.1', 9900), 'cl...
  File "D:\__lybix__\DEVTools\miniconda3\envs\fams\Lib\site-packages\starlette\applications.py", line 90, in __call__
    await self.middleware_stack(scope, receive, send)
          │    │                │      │        └ <bound method RequestResponseCycle.send of <uvicorn.protocols.http.httptools_impl.RequestResponseCycle object at 0x000002A475...
          │    │                │      └ <bound method RequestResponseCycle.receive of <uvicorn.protocols.http.httptools_impl.RequestResponseCycle object at 0x000002A...
          │    │                └ {'type': 'http', 'asgi': {'version': '3.0', 'spec_version': '2.3'}, 'http_version': '1.1', 'server': ('127.0.0.1', 9900), 'cl...
          │    └ <starlette.middleware.errors.ServerErrorMiddleware object at 0x000002A475B9E410>
          └ <fastapi.applications.FastAPI object at 0x000002A475AF6C90>
> File "D:\__lybix__\DEVTools\miniconda3\envs\fams\Lib\site-packages\starlette\middleware\errors.py", line 164, in __call__
    await self.app(scope, receive, _send)
          │    │   │      │        └ <function ServerErrorMiddleware.__call__.<locals>._send at 0x000002A475E7AF20>
          │    │   │      └ <bound method RequestResponseCycle.receive of <uvicorn.protocols.http.httptools_impl.RequestResponseCycle object at 0x000002A...
          │    │   └ {'type': 'http', 'asgi': {'version': '3.0', 'spec_version': '2.3'}, 'http_version': '1.1', 'server': ('127.0.0.1', 9900), 'cl...
          │    └ <starlette.middleware.base.BaseHTTPMiddleware object at 0x000002A475B9E190>
          └ <starlette.middleware.errors.ServerErrorMiddleware object at 0x000002A475B9E410>
  File "D:\__lybix__\DEVTools\miniconda3\envs\fams\Lib\contextlib.py", line 222, in __aexit__
    await self.gen.athrow(typ, value, traceback)
          │    │   │      │    │      └ <traceback object at 0x000002A475EF9F80>
          │    │   │      │    └ StatementError("(sqlalchemy.exc.InvalidRequestError) A value is required for bind parameter 'version'")
          │    │   │      └ <class 'sqlalchemy.exc.StatementError'>
          │    │   └ <method 'athrow' of 'async_generator' objects>
          │    └ <async_generator object create_collapsing_task_group at 0x000002A475CDC740>
          └ <contextlib._AsyncGeneratorContextManager object at 0x000002A475EEE290>
  File "D:\__lybix__\DEVTools\miniconda3\envs\fams\Lib\site-packages\starlette\_utils.py", line 93, in create_collapsing_task_group
    raise exc from exc.__cause__ or context
          │        │   │            └ None
          │        │   └ <attribute '__cause__' of 'BaseException' objects>
          │        └ StatementError("(sqlalchemy.exc.InvalidRequestError) A value is required for bind parameter 'version'")
          └ StatementError("(sqlalchemy.exc.InvalidRequestError) A value is required for bind parameter 'version'")
  File "D:\__lybix__\DEVTools\miniconda3\envs\fams\Lib\site-packages\starlette\_utils.py", line 86, in create_collapsing_task_group
    yield tg
          └ <anyio._backends._asyncio.TaskGroup object at 0x000002A475EED750>
  File "D:\__lybix__\DEVTools\miniconda3\envs\fams\Lib\site-packages\starlette\middleware\base.py", line 193, in __call__
    response = await self.dispatch_func(request, call_next)
                     │    │             │        └ <function BaseHTTPMiddleware.__call__.<locals>.call_next at 0x000002A475E7A660>
                     │    │             └ <starlette.middleware.base._CachedRequest object at 0x000002A475EDFF50>
                     │    └ <function log_requests at 0x000002A475B0AFC0>
                     └ <starlette.middleware.base.BaseHTTPMiddleware object at 0x000002A475B9E190>

  File "D:\__lybix__\_Codes\FAMS-NEPU\platform\server\services\svr_gateway\main.py", line 42, in log_requests
    response = await call_next(request)
                     │         └ <starlette.middleware.base._CachedRequest object at 0x000002A475EDFF50>
                     └ <function BaseHTTPMiddleware.__call__.<locals>.call_next at 0x000002A475E7A660>

  File "D:\__lybix__\DEVTools\miniconda3\envs\fams\Lib\site-packages\starlette\middleware\base.py", line 168, in call_next
    raise app_exc from app_exc.__cause__ or app_exc.__context__
          │            │       │            │       └ <attribute '__context__' of 'BaseException' objects>
          │            │       │            └ StatementError("(sqlalchemy.exc.InvalidRequestError) A value is required for bind parameter 'version'")
          │            │       └ <attribute '__cause__' of 'BaseException' objects>
          │            └ StatementError("(sqlalchemy.exc.InvalidRequestError) A value is required for bind parameter 'version'")
          └ StatementError("(sqlalchemy.exc.InvalidRequestError) A value is required for bind parameter 'version'")
  File "D:\__lybix__\DEVTools\miniconda3\envs\fams\Lib\site-packages\starlette\middleware\base.py", line 144, in coro
    await self.app(scope, receive_or_disconnect, send_no_error)
          │    │   │      │                      └ <function BaseHTTPMiddleware.__call__.<locals>.call_next.<locals>.send_no_error at 0x000002A475E7A020>
          │    │   │      └ <function BaseHTTPMiddleware.__call__.<locals>.call_next.<locals>.receive_or_disconnect at 0x000002A475E7A340>
          │    │   └ {'type': 'http', 'asgi': {'version': '3.0', 'spec_version': '2.3'}, 'http_version': '1.1', 'server': ('127.0.0.1', 9900), 'cl...
          │    └ <starlette.middleware.cors.CORSMiddleware object at 0x000002A475B9E0D0>
          └ <starlette.middleware.base.BaseHTTPMiddleware object at 0x000002A475B9E190>
  File "D:\__lybix__\DEVTools\miniconda3\envs\fams\Lib\site-packages\starlette\middleware\cors.py", line 96, in __call__
    await self.simple_response(scope, receive, send, request_headers=headers)
          │    │               │      │        │                     └ Headers({'host': '127.0.0.1:9900', 'connection': 'close', 'content-length': '318', 'sec-ch-ua-platform': '"Windows"', 'author...
          │    │               │      │        └ <function BaseHTTPMiddleware.__call__.<locals>.call_next.<locals>.send_no_error at 0x000002A475E7A020>
          │    │               │      └ <function BaseHTTPMiddleware.__call__.<locals>.call_next.<locals>.receive_or_disconnect at 0x000002A475E7A340>
          │    │               └ {'type': 'http', 'asgi': {'version': '3.0', 'spec_version': '2.3'}, 'http_version': '1.1', 'server': ('127.0.0.1', 9900), 'cl...
          │    └ <function CORSMiddleware.simple_response at 0x000002A473BAD080>
          └ <starlette.middleware.cors.CORSMiddleware object at 0x000002A475B9E0D0>
  File "D:\__lybix__\DEVTools\miniconda3\envs\fams\Lib\site-packages\starlette\middleware\cors.py", line 154, in simple_response
    await self.app(scope, receive, send)
          │    │   │      │        └ functools.partial(<bound method CORSMiddleware.send of <starlette.middleware.cors.CORSMiddleware object at 0x000002A475B9E0D0...
          │    │   │      └ <function BaseHTTPMiddleware.__call__.<locals>.call_next.<locals>.receive_or_disconnect at 0x000002A475E7A340>
          │    │   └ {'type': 'http', 'asgi': {'version': '3.0', 'spec_version': '2.3'}, 'http_version': '1.1', 'server': ('127.0.0.1', 9900), 'cl...
          │    └ <starlette.middleware.exceptions.ExceptionMiddleware object at 0x000002A475B9E050>
          └ <starlette.middleware.cors.CORSMiddleware object at 0x000002A475B9E0D0>
  File "D:\__lybix__\DEVTools\miniconda3\envs\fams\Lib\site-packages\starlette\middleware\exceptions.py", line 63, in __call__
    await wrap_app_handling_exceptions(self.app, conn)(scope, receive, send)
          │                            │    │    │     │      │        └ functools.partial(<bound method CORSMiddleware.send of <starlette.middleware.cors.CORSMiddleware object at 0x000002A475B9E0D0...
          │                            │    │    │     │      └ <function BaseHTTPMiddleware.__call__.<locals>.call_next.<locals>.receive_or_disconnect at 0x000002A475E7A340>
          │                            │    │    │     └ {'type': 'http', 'asgi': {'version': '3.0', 'spec_version': '2.3'}, 'http_version': '1.1', 'server': ('127.0.0.1', 9900), 'cl...
          │                            │    │    └ <starlette.requests.Request object at 0x000002A475EEF350>
          │                            │    └ <fastapi.middleware.asyncexitstack.AsyncExitStackMiddleware object at 0x000002A475B9DF50>
          │                            └ <starlette.middleware.exceptions.ExceptionMiddleware object at 0x000002A475B9E050>
          └ <function wrap_app_handling_exceptions at 0x000002A473AAF100>
  File "D:\__lybix__\DEVTools\miniconda3\envs\fams\Lib\site-packages\starlette\_exception_handler.py", line 53, in wrapped_app
    raise exc
  File "D:\__lybix__\DEVTools\miniconda3\envs\fams\Lib\site-packages\starlette\_exception_handler.py", line 42, in wrapped_app
    await app(scope, receive, sender)
          │   │      │        └ <function wrap_app_handling_exceptions.<locals>.wrapped_app.<locals>.sender at 0x000002A475E7A0C0>
          │   │      └ <function BaseHTTPMiddleware.__call__.<locals>.call_next.<locals>.receive_or_disconnect at 0x000002A475E7A340>
          │   └ {'type': 'http', 'asgi': {'version': '3.0', 'spec_version': '2.3'}, 'http_version': '1.1', 'server': ('127.0.0.1', 9900), 'cl...
          └ <fastapi.middleware.asyncexitstack.AsyncExitStackMiddleware object at 0x000002A475B9DF50>
  File "D:\__lybix__\DEVTools\miniconda3\envs\fams\Lib\site-packages\fastapi\middleware\asyncexitstack.py", line 18, in __call__
    await self.app(scope, receive, send)
          │    │   │      │        └ <function wrap_app_handling_exceptions.<locals>.wrapped_app.<locals>.sender at 0x000002A475E7A0C0>
          │    │   │      └ <function BaseHTTPMiddleware.__call__.<locals>.call_next.<locals>.receive_or_disconnect at 0x000002A475E7A340>
          │    │   └ {'type': 'http', 'asgi': {'version': '3.0', 'spec_version': '2.3'}, 'http_version': '1.1', 'server': ('127.0.0.1', 9900), 'cl...
          │    └ <fastapi.routing.APIRouter object at 0x000002A475AF6AD0>
          └ <fastapi.middleware.asyncexitstack.AsyncExitStackMiddleware object at 0x000002A475B9DF50>
  File "D:\__lybix__\DEVTools\miniconda3\envs\fams\Lib\site-packages\starlette\routing.py", line 660, in __call__
    await self.middleware_stack(scope, receive, send)
          │    │                │      │        └ <function wrap_app_handling_exceptions.<locals>.wrapped_app.<locals>.sender at 0x000002A475E7A0C0>
          │    │                │      └ <function BaseHTTPMiddleware.__call__.<locals>.call_next.<locals>.receive_or_disconnect at 0x000002A475E7A340>
          │    │                └ {'type': 'http', 'asgi': {'version': '3.0', 'spec_version': '2.3'}, 'http_version': '1.1', 'server': ('127.0.0.1', 9900), 'cl...
          │    └ <bound method APIRouter.app of <fastapi.routing.APIRouter object at 0x000002A475AF6AD0>>
          └ <fastapi.routing.APIRouter object at 0x000002A475AF6AD0>
  File "D:\__lybix__\DEVTools\miniconda3\envs\fams\Lib\site-packages\fastapi\routing.py", line 2683, in app
    await route.handle(scope, receive, send)
          │     │      │      │        └ <function wrap_app_handling_exceptions.<locals>.wrapped_app.<locals>.sender at 0x000002A475E7A0C0>
          │     │      │      └ <function BaseHTTPMiddleware.__call__.<locals>.call_next.<locals>.receive_or_disconnect at 0x000002A475E7A340>
          │     │      └ {'type': 'http', 'asgi': {'version': '3.0', 'spec_version': '2.3'}, 'http_version': '1.1', 'server': ('127.0.0.1', 9900), 'cl...
          │     └ <function _IncludedRouter.handle at 0x000002A473AF1BC0>
          └ _IncludedRouter(original_router=<fastapi.routing.APIRouter object at 0x000002A473BAA790>, include_context=_RouterIncludeConte...
  File "D:\__lybix__\DEVTools\miniconda3\envs\fams\Lib\site-packages\fastapi\routing.py", line 1753, in handle
    await self.original_router.handle(scope, receive, send)
          │    │               │      │      │        └ <function wrap_app_handling_exceptions.<locals>.wrapped_app.<locals>.sender at 0x000002A475E7A0C0>
          │    │               │      │      └ <function BaseHTTPMiddleware.__call__.<locals>.call_next.<locals>.receive_or_disconnect at 0x000002A475E7A340>
          │    │               │      └ {'type': 'http', 'asgi': {'version': '3.0', 'spec_version': '2.3'}, 'http_version': '1.1', 'server': ('127.0.0.1', 9900), 'cl...
          │    │               └ <function APIRouter.handle at 0x000002A473AF3BA0>
          │    └ <fastapi.routing.APIRouter object at 0x000002A473BAA790>
          └ _IncludedRouter(original_router=<fastapi.routing.APIRouter object at 0x000002A473BAA790>, include_context=_RouterIncludeConte...
  File "D:\__lybix__\DEVTools\miniconda3\envs\fams\Lib\site-packages\fastapi\routing.py", line 2738, in handle
    await included_router._handle_selected(scope, receive, send)
          │               │                │      │        └ <function wrap_app_handling_exceptions.<locals>.wrapped_app.<locals>.sender at 0x000002A475E7A0C0>
          │               │                │      └ <function BaseHTTPMiddleware.__call__.<locals>.call_next.<locals>.receive_or_disconnect at 0x000002A475E7A340>
          │               │                └ {'type': 'http', 'asgi': {'version': '3.0', 'spec_version': '2.3'}, 'http_version': '1.1', 'server': ('127.0.0.1', 9900), 'cl...
          │               └ <function _IncludedRouter._handle_selected at 0x000002A473AF1C60>
          └ _IncludedRouter(original_router=<fastapi.routing.APIRouter object at 0x000002A473BAA790>, include_context=_RouterIncludeConte...
  File "D:\__lybix__\DEVTools\miniconda3\envs\fams\Lib\site-packages\fastapi\routing.py", line 1773, in _handle_selected
    await original_route.handle(scope, receive, send)
          │              │      │      │        └ <function wrap_app_handling_exceptions.<locals>.wrapped_app.<locals>.sender at 0x000002A475E7A0C0>
          │              │      │      └ <function BaseHTTPMiddleware.__call__.<locals>.call_next.<locals>.receive_or_disconnect at 0x000002A475E7A340>
          │              │      └ {'type': 'http', 'asgi': {'version': '3.0', 'spec_version': '2.3'}, 'http_version': '1.1', 'server': ('127.0.0.1', 9900), 'cl...
          │              └ <function APIRoute.handle at 0x000002A473ADFCE0>
          └ APIRoute(path='/api/asset', name='update_asset', methods=['PUT'])
  File "D:\__lybix__\DEVTools\miniconda3\envs\fams\Lib\site-packages\fastapi\routing.py", line 1264, in handle
    await app(scope, receive, send)
          │   │      │        └ <function wrap_app_handling_exceptions.<locals>.wrapped_app.<locals>.sender at 0x000002A475E7A0C0>
          │   │      └ <function BaseHTTPMiddleware.__call__.<locals>.call_next.<locals>.receive_or_disconnect at 0x000002A475E7A340>
          │   └ {'type': 'http', 'asgi': {'version': '3.0', 'spec_version': '2.3'}, 'http_version': '1.1', 'server': ('127.0.0.1', 9900), 'cl...
          └ <function request_response.<locals>.app at 0x000002A475E7A480>
  File "D:\__lybix__\DEVTools\miniconda3\envs\fams\Lib\site-packages\fastapi\routing.py", line 150, in app
    await wrap_app_handling_exceptions(app, request)(scope, receive, send)
          │                            │    │        │      │        └ <function wrap_app_handling_exceptions.<locals>.wrapped_app.<locals>.sender at 0x000002A475E7A0C0>
          │                            │    │        │      └ <function BaseHTTPMiddleware.__call__.<locals>.call_next.<locals>.receive_or_disconnect at 0x000002A475E7A340>
          │                            │    │        └ {'type': 'http', 'asgi': {'version': '3.0', 'spec_version': '2.3'}, 'http_version': '1.1', 'server': ('127.0.0.1', 9900), 'cl...
          │                            │    └ <starlette.requests.Request object at 0x000002A475EEC650>
          │                            └ <function request_response.<locals>.app.<locals>.app at 0x000002A475E7AE80>
          └ <function wrap_app_handling_exceptions at 0x000002A473AAF100>
  File "D:\__lybix__\DEVTools\miniconda3\envs\fams\Lib\site-packages\starlette\_exception_handler.py", line 53, in wrapped_app
    raise exc
  File "D:\__lybix__\DEVTools\miniconda3\envs\fams\Lib\site-packages\starlette\_exception_handler.py", line 42, in wrapped_app
    await app(scope, receive, sender)
          │   │      │        └ <function wrap_app_handling_exceptions.<locals>.wrapped_app.<locals>.sender at 0x000002A475E7A200>
          │   │      └ <function BaseHTTPMiddleware.__call__.<locals>.call_next.<locals>.receive_or_disconnect at 0x000002A475E7A340>
          │   └ {'type': 'http', 'asgi': {'version': '3.0', 'spec_version': '2.3'}, 'http_version': '1.1', 'server': ('127.0.0.1', 9900), 'cl...
          └ <function request_response.<locals>.app.<locals>.app at 0x000002A475E7AE80>
  File "D:\__lybix__\DEVTools\miniconda3\envs\fams\Lib\site-packages\fastapi\routing.py", line 136, in app
    response = await f(request)
                     │ └ <starlette.requests.Request object at 0x000002A475EEC650>
                     └ <function get_request_handler.<locals>.app at 0x000002A475E7A700>
  File "D:\__lybix__\DEVTools\miniconda3\envs\fams\Lib\site-packages\fastapi\routing.py", line 690, in app
    raw_response = await run_endpoint_function(
                         └ <function run_endpoint_function at 0x000002A473ADEF20>
  File "D:\__lybix__\DEVTools\miniconda3\envs\fams\Lib\site-packages\fastapi\routing.py", line 344, in run_endpoint_function
    return await dependant.call(**values)
                 │         │      └ {'current_user': {'user_id': 2, 'username': 'cs_admin', 'dept_id': 2, 'role_keys': ['college_admin'], 'exp': 1783954786, 'iat...
                 │         └ <function update_asset at 0x000002A475A04EA0>
                 └ Dependant(path_params=[], query_params=[], header_params=[], cookie_params=[], body_params=[ModelField(field_info=Body(Pydant...

  File "D:\__lybix__\_Codes\FAMS-NEPU\platform\server\services\svr_gateway\routes.py", line 364, in update_asset
    result = logic.update_asset(data, current_user["user_id"])
             │     │            │     └ {'user_id': 2, 'username': 'cs_admin', 'dept_id': 2, 'role_keys': ['college_admin'], 'exp': 1783954786, 'iat': 1783868386}
             │     │            └ {'asset_id': 11, 'asset_code': 'nepu-2026-001-test-insert', 'asset_name': '李冰鑫的笔记本', 'category_id': 8, 'category_id_path': 8,...
             │     └ <function AssetLogic.update_asset at 0x000002A475813920>
             └ <data.logic.asset_logic.AssetLogic object at 0x000002A475E67B50>

  File "D:\__lybix__\_Codes\FAMS-NEPU\platform\server\data\logic\asset_logic.py", line 99, in update_asset
    self.asset_dao.update_asset(data)
    │    │         │            └ {'asset_id': 11, 'asset_code': 'nepu-2026-001-test-insert', 'asset_name': '李冰鑫的笔记本', 'category_id': 8, 'category_id_path': 8,...
    │    │         └ <function AssetDAO.update_asset at 0x000002A475813240>
    │    └ <data.basic.asset_dao.AssetDAO object at 0x000002A475E846D0>
    └ <data.logic.asset_logic.AssetLogic object at 0x000002A475E67B50>

  File "D:\__lybix__\_Codes\FAMS-NEPU\platform\server\data\basic\asset_dao.py", line 99, in update_asset
    return self._execute_update(sql, asset)
           │    │               │    └ {'asset_id': 11, 'asset_code': 'nepu-2026-001-test-insert', 'asset_name': '李冰鑫的笔记本', 'category_id': 8, 'category_id_path': 8,...
           │    │               └ 'UPDATE asset_info\n                 SET asset_name = :asset_name, spec = :spec, category_id = :category_id,\n               ...
           │    └ <function BaseDAO._execute_update at 0x000002A475470040>
           └ <data.basic.asset_dao.AssetDAO object at 0x000002A475E846D0>

  File "D:\__lybix__\_Codes\FAMS-NEPU\platform\server\data\basic\base_dao.py", line 56, in _execute_update
    result = conn.execute(text(sql), params or {})
             │    │       │    │     └ {'asset_id': 11, 'asset_code': 'nepu-2026-001-test-insert', 'asset_name': '李冰鑫的笔记本', 'category_id': 8, 'category_id_path': 8,...
             │    │       │    └ 'UPDATE asset_info\n                 SET asset_name = :asset_name, spec = :spec, category_id = :category_id,\n               ...
             │    │       └ <function text at 0x000002A474394540>
             │    └ <function Connection.execute at 0x000002A4753C7240>
             └ <sqlalchemy.engine.base.Connection object at 0x000002A475E92610>

  File "D:\__lybix__\DEVTools\miniconda3\envs\fams\Lib\site-packages\sqlalchemy\engine\base.py", line 1421, in execute
    return meth(
           └ <bound method ClauseElement._execute_on_connection of <sqlalchemy.sql.elements.TextClause object at 0x000002A475ECE910>>
  File "D:\__lybix__\DEVTools\miniconda3\envs\fams\Lib\site-packages\sqlalchemy\sql\elements.py", line 526, in _execute_on_connection
    return connection._execute_clauseelement(
           │          └ <function Connection._execute_clauseelement at 0x000002A4753C7560>
           └ <sqlalchemy.engine.base.Connection object at 0x000002A475E92610>
  File "D:\__lybix__\DEVTools\miniconda3\envs\fams\Lib\site-packages\sqlalchemy\engine\base.py", line 1643, in _execute_clauseelement
    ret = self._execute_context(
          │    └ <function Connection._execute_context at 0x000002A4753C7740>
          └ <sqlalchemy.engine.base.Connection object at 0x000002A475E92610>
  File "D:\__lybix__\DEVTools\miniconda3\envs\fams\Lib\site-packages\sqlalchemy\engine\base.py", line 1823, in _execute_context
    self._handle_dbapi_exception(
    │    └ <function Connection._handle_dbapi_exception at 0x000002A4753C7A60>
    └ <sqlalchemy.engine.base.Connection object at 0x000002A475E92610>
  File "D:\__lybix__\DEVTools\miniconda3\envs\fams\Lib\site-packages\sqlalchemy\engine\base.py", line 2365, in _handle_dbapi_exception
    raise sqlalchemy_exception.with_traceback(exc_info[2]) from e
          │                    │              │                 └ InvalidRequestError("A value is required for bind parameter 'version'")
          │                    │              └ (<class 'sqlalchemy.exc.InvalidRequestError'>, InvalidRequestError("A value is required for bind parameter 'version'"), <trac...
          │                    └ <method 'with_traceback' of 'BaseException' objects>
          └ StatementError("(sqlalchemy.exc.InvalidRequestError) A value is required for bind parameter 'version'")
  File "D:\__lybix__\DEVTools\miniconda3\envs\fams\Lib\site-packages\sqlalchemy\engine\base.py", line 1817, in _execute_context
    context = constructor(
              └ <bound method DefaultExecutionContext._init_compiled of <class 'sqlalchemy.dialects.mysql.mysqldb.MySQLExecutionContext_mysql...
  File "D:\__lybix__\DEVTools\miniconda3\envs\fams\Lib\site-packages\sqlalchemy\engine\default.py", line 1416, in _init_compiled
    self.compiled_parameters = [
    └ <sqlalchemy.dialects.mysql.mysqldb.MySQLExecutionContext_mysqldb object at 0x000002A475EEE450>
  File "D:\__lybix__\DEVTools\miniconda3\envs\fams\Lib\site-packages\sqlalchemy\engine\default.py", line 1417, in <listcomp>
    compiled.construct_params(
    │        └ <function SQLCompiler.construct_params at 0x000002A47437AD40>
    └ <sqlalchemy.dialects.mysql.mysqldb.MySQLCompiler_mysqldb object at 0x000002A475EF94D0>
  File "D:\__lybix__\DEVTools\miniconda3\envs\fams\Lib\site-packages\sqlalchemy\sql\compiler.py", line 1927, in construct_params
    raise exc.InvalidRequestError(
          │   └ <class 'sqlalchemy.exc.InvalidRequestError'>
          └ <module 'sqlalchemy.exc' from 'D:\\__lybix__\\DEVTools\\miniconda3\\envs\\fams\\Lib\\site-packages\\sqlalchemy\\exc.py'>

sqlalchemy.exc.StatementError: (sqlalchemy.exc.InvalidRequestError) A value is required for bind parameter 'version'
[SQL: UPDATE asset_info
                 SET asset_name = %(asset_name)s, spec = %(spec)s, category_id = %(category_id)s,
                     purchase_date = %(purchase_date)s, book_value = %(book_value)s,
                     location = %(location)s, dept_id = %(dept_id)s, user_id = %(user_id)s,
                     status = %(status)s, remark = %(remark)s, version = version + 1
                 WHERE asset_id = %(asset_id)s AND version = %(version)s]
[parameters: [{'asset_id': 11, 'asset_code': 'nepu-2026-001-test-insert', 'asset_name': '李冰鑫的笔记本', 'category_id': 8, 'category_id_path': 8, 'spec': '华硕天选3', 'dept_i ... (1 characters truncated) ... ': 2, 'location': '启智公寓213', 'book_value': 5000, 'purchase_date': '2023-06-01', 'user_name': '', 'status': 1, 'remark': '李冰鑫的笔记本，测试修改用', 'user_id': 0}]]
(Background on this error at: https://sqlalche.me/e/20/cd3x)

Traceback (most recent call last):

  File "D:\__lybix__\DEVTools\miniconda3\envs\fams\Lib\site-packages\sqlalchemy\engine\base.py", line 1817, in _execute_context
    context = constructor(
              └ <bound method DefaultExecutionContext._init_compiled of <class 'sqlalchemy.dialects.mysql.mysqldb.MySQLExecutionContext_mysql...
  File "D:\__lybix__\DEVTools\miniconda3\envs\fams\Lib\site-packages\sqlalchemy\engine\default.py", line 1416, in _init_compiled
    self.compiled_parameters = [
    └ <sqlalchemy.dialects.mysql.mysqldb.MySQLExecutionContext_mysqldb object at 0x000002A475EEE450>
  File "D:\__lybix__\DEVTools\miniconda3\envs\fams\Lib\site-packages\sqlalchemy\engine\default.py", line 1417, in <listcomp>
    compiled.construct_params(
    │        └ <function SQLCompiler.construct_params at 0x000002A47437AD40>
    └ <sqlalchemy.dialects.mysql.mysqldb.MySQLCompiler_mysqldb object at 0x000002A475EF94D0>
  File "D:\__lybix__\DEVTools\miniconda3\envs\fams\Lib\site-packages\sqlalchemy\sql\compiler.py", line 1927, in construct_params
    raise exc.InvalidRequestError(
          │   └ <class 'sqlalchemy.exc.InvalidRequestError'>
          └ <module 'sqlalchemy.exc' from 'D:\\__lybix__\\DEVTools\\miniconda3\\envs\\fams\\Lib\\site-packages\\sqlalchemy\\exc.py'>

sqlalchemy.exc.InvalidRequestError: A value is required for bind parameter 'version' (Background on this error at: https://sqlalche.me/e/20/cd3x)


The above exception was the direct cause of the following exception:


Traceback (most recent call last):

  File "D:\__lybix__\_Codes\FAMS-NEPU\platform\server\services\svr_gateway\main.py", line 64, in <module>
    uvicorn.run(app, host="0.0.0.0", port=gateway_config.HTTP_PORT)
    │       │   │                         │              └ 9900
    │       │   │                         └ <services.svr_gateway.config.GatewayConfig object at 0x000002A473BC2B50>
    │       │   └ <fastapi.applications.FastAPI object at 0x000002A475AF6C90>
    │       └ <function run at 0x000002A47295FD80>
    └ <module 'uvicorn' from 'D:\\__lybix__\\DEVTools\\miniconda3\\envs\\fams\\Lib\\site-packages\\uvicorn\\__init__.py'>

  File "D:\__lybix__\DEVTools\miniconda3\envs\fams\Lib\site-packages\uvicorn\main.py", line 621, in run
    server.run()
    │      └ <function Server.run at 0x000002A472AD0860>
    └ <uvicorn.server.Server object at 0x000002A4758CCA90>
  File "D:\__lybix__\DEVTools\miniconda3\envs\fams\Lib\site-packages\uvicorn\server.py", line 74, in run
    return asyncio_run(self.serve(sockets=sockets), loop_factory=self.config.get_loop_factory())
           │           │    │             │                      │    │      └ <function Config.get_loop_factory at 0x000002A47295D1C0>
           │           │    │             │                      │    └ <uvicorn.config.Config object at 0x000002A473E36550>
           │           │    │             │                      └ <uvicorn.server.Server object at 0x000002A4758CCA90>
           │           │    │             └ None
           │           │    └ <function Server.serve at 0x000002A472AD0900>
           │           └ <uvicorn.server.Server object at 0x000002A4758CCA90>
           └ <function asyncio_run at 0x000002A4728E7740>
  File "D:\__lybix__\DEVTools\miniconda3\envs\fams\Lib\site-packages\uvicorn\_compat.py", line 30, in asyncio_run
    return runner.run(main)
           │      │   └ <coroutine object Server.serve at 0x000002A475B14310>
           │      └ <function Runner.run at 0x000002A472343560>
           └ <asyncio.runners.Runner object at 0x000002A4739514D0>
  File "D:\__lybix__\DEVTools\miniconda3\envs\fams\Lib\asyncio\runners.py", line 118, in run
    return self._loop.run_until_complete(task)
           │    │     │                  └ <Task pending name='Task-1' coro=<Server.serve() running at D:\__lybix__\DEVTools\miniconda3\envs\fams\Lib\site-packages\uvic...
           │    │     └ <function BaseEventLoop.run_until_complete at 0x000002A472341120>
           │    └ <ProactorEventLoop running=True closed=False debug=False>
           └ <asyncio.runners.Runner object at 0x000002A4739514D0>
  File "D:\__lybix__\DEVTools\miniconda3\envs\fams\Lib\asyncio\base_events.py", line 637, in run_until_complete
    self.run_forever()
    │    └ <function ProactorEventLoop.run_forever at 0x000002A472418860>
    └ <ProactorEventLoop running=True closed=False debug=False>
  File "D:\__lybix__\DEVTools\miniconda3\envs\fams\Lib\asyncio\windows_events.py", line 321, in run_forever
    super().run_forever()
  File "D:\__lybix__\DEVTools\miniconda3\envs\fams\Lib\asyncio\base_events.py", line 604, in run_forever
    self._run_once()
    │    └ <function BaseEventLoop._run_once at 0x000002A472342E80>
    └ <ProactorEventLoop running=True closed=False debug=False>
  File "D:\__lybix__\DEVTools\miniconda3\envs\fams\Lib\asyncio\base_events.py", line 1909, in _run_once
    handle._run()
    │      └ <function Handle._run at 0x000002A4722853A0>
    └ <Handle Task.task_wakeup(<Future finished result=None>)>
  File "D:\__lybix__\DEVTools\miniconda3\envs\fams\Lib\asyncio\events.py", line 80, in _run
    self._context.run(self._callback, *self._args)
    │    │            │    │           │    └ <member '_args' of 'Handle' objects>
    │    │            │    │           └ <Handle Task.task_wakeup(<Future finished result=None>)>
    │    │            │    └ <member '_callback' of 'Handle' objects>
    │    │            └ <Handle Task.task_wakeup(<Future finished result=None>)>
    │    └ <member '_context' of 'Handle' objects>
    └ <Handle Task.task_wakeup(<Future finished result=None>)>
  File "D:\__lybix__\DEVTools\miniconda3\envs\fams\Lib\site-packages\uvicorn\protocols\http\httptools_impl.py", line 422, in run_asgi
    result = await app(  # type: ignore[func-returns-value]
                   └ <uvicorn.middleware.proxy_headers.ProxyHeadersMiddleware object at 0x000002A4759D6190>
  File "D:\__lybix__\DEVTools\miniconda3\envs\fams\Lib\site-packages\uvicorn\middleware\proxy_headers.py", line 63, in __call__
    return await self.app(scope, receive, send)
                 │    │   │      │        └ <bound method RequestResponseCycle.send of <uvicorn.protocols.http.httptools_impl.RequestResponseCycle object at 0x000002A475...
                 │    │   │      └ <bound method RequestResponseCycle.receive of <uvicorn.protocols.http.httptools_impl.RequestResponseCycle object at 0x000002A...
                 │    │   └ {'type': 'http', 'asgi': {'version': '3.0', 'spec_version': '2.3'}, 'http_version': '1.1', 'server': ('127.0.0.1', 9900), 'cl...
                 │    └ <fastapi.applications.FastAPI object at 0x000002A475AF6C90>
                 └ <uvicorn.middleware.proxy_headers.ProxyHeadersMiddleware object at 0x000002A4759D6190>
  File "D:\__lybix__\DEVTools\miniconda3\envs\fams\Lib\site-packages\fastapi\applications.py", line 1163, in __call__
    await super().__call__(scope, receive, send)
                           │      │        └ <bound method RequestResponseCycle.send of <uvicorn.protocols.http.httptools_impl.RequestResponseCycle object at 0x000002A475...
                           │      └ <bound method RequestResponseCycle.receive of <uvicorn.protocols.http.httptools_impl.RequestResponseCycle object at 0x000002A...
                           └ {'type': 'http', 'asgi': {'version': '3.0', 'spec_version': '2.3'}, 'http_version': '1.1', 'server': ('127.0.0.1', 9900), 'cl...
  File "D:\__lybix__\DEVTools\miniconda3\envs\fams\Lib\site-packages\starlette\applications.py", line 90, in __call__
    await self.middleware_stack(scope, receive, send)
          │    │                │      │        └ <bound method RequestResponseCycle.send of <uvicorn.protocols.http.httptools_impl.RequestResponseCycle object at 0x000002A475...
          │    │                │      └ <bound method RequestResponseCycle.receive of <uvicorn.protocols.http.httptools_impl.RequestResponseCycle object at 0x000002A...
          │    │                └ {'type': 'http', 'asgi': {'version': '3.0', 'spec_version': '2.3'}, 'http_version': '1.1', 'server': ('127.0.0.1', 9900), 'cl...
          │    └ <starlette.middleware.errors.ServerErrorMiddleware object at 0x000002A475B9E410>
          └ <fastapi.applications.FastAPI object at 0x000002A475AF6C90>
> File "D:\__lybix__\DEVTools\miniconda3\envs\fams\Lib\site-packages\starlette\middleware\errors.py", line 164, in __call__
    await self.app(scope, receive, _send)
          │    │   │      │        └ <function ServerErrorMiddleware.__call__.<locals>._send at 0x000002A475E7AF20>
          │    │   │      └ <bound method RequestResponseCycle.receive of <uvicorn.protocols.http.httptools_impl.RequestResponseCycle object at 0x000002A...
          │    │   └ {'type': 'http', 'asgi': {'version': '3.0', 'spec_version': '2.3'}, 'http_version': '1.1', 'server': ('127.0.0.1', 9900), 'cl...
          │    └ <starlette.middleware.base.BaseHTTPMiddleware object at 0x000002A475B9E190>
          └ <starlette.middleware.errors.ServerErrorMiddleware object at 0x000002A475B9E410>
  File "D:\__lybix__\DEVTools\miniconda3\envs\fams\Lib\contextlib.py", line 222, in __aexit__
    await self.gen.athrow(typ, value, traceback)
          │    │   │      │    │      └ <traceback object at 0x000002A475EF9F80>
          │    │   │      │    └ StatementError("(sqlalchemy.exc.InvalidRequestError) A value is required for bind parameter 'version'")
          │    │   │      └ <class 'sqlalchemy.exc.StatementError'>
          │    │   └ <method 'athrow' of 'async_generator' objects>
          │    └ <async_generator object create_collapsing_task_group at 0x000002A475CDC740>
          └ <contextlib._AsyncGeneratorContextManager object at 0x000002A475EEE290>
  File "D:\__lybix__\DEVTools\miniconda3\envs\fams\Lib\site-packages\starlette\_utils.py", line 93, in create_collapsing_task_group
    raise exc from exc.__cause__ or context
          │        │   │            └ None
          │        │   └ <attribute '__cause__' of 'BaseException' objects>
          │        └ StatementError("(sqlalchemy.exc.InvalidRequestError) A value is required for bind parameter 'version'")
          └ StatementError("(sqlalchemy.exc.InvalidRequestError) A value is required for bind parameter 'version'")
  File "D:\__lybix__\DEVTools\miniconda3\envs\fams\Lib\site-packages\starlette\_utils.py", line 86, in create_collapsing_task_group
    yield tg
          └ <anyio._backends._asyncio.TaskGroup object at 0x000002A475EED750>
  File "D:\__lybix__\DEVTools\miniconda3\envs\fams\Lib\site-packages\starlette\middleware\base.py", line 193, in __call__
    response = await self.dispatch_func(request, call_next)
                     │    │             │        └ <function BaseHTTPMiddleware.__call__.<locals>.call_next at 0x000002A475E7A660>
                     │    │             └ <starlette.middleware.base._CachedRequest object at 0x000002A475EDFF50>
                     │    └ <function log_requests at 0x000002A475B0AFC0>
                     └ <starlette.middleware.base.BaseHTTPMiddleware object at 0x000002A475B9E190>

  File "D:\__lybix__\_Codes\FAMS-NEPU\platform\server\services\svr_gateway\main.py", line 42, in log_requests
    response = await call_next(request)
                     │         └ <starlette.middleware.base._CachedRequest object at 0x000002A475EDFF50>
                     └ <function BaseHTTPMiddleware.__call__.<locals>.call_next at 0x000002A475E7A660>

  File "D:\__lybix__\DEVTools\miniconda3\envs\fams\Lib\site-packages\starlette\middleware\base.py", line 168, in call_next
    raise app_exc from app_exc.__cause__ or app_exc.__context__
          │            │       │            │       └ <attribute '__context__' of 'BaseException' objects>
          │            │       │            └ StatementError("(sqlalchemy.exc.InvalidRequestError) A value is required for bind parameter 'version'")
          │            │       └ <attribute '__cause__' of 'BaseException' objects>
          │            └ StatementError("(sqlalchemy.exc.InvalidRequestError) A value is required for bind parameter 'version'")
          └ StatementError("(sqlalchemy.exc.InvalidRequestError) A value is required for bind parameter 'version'")
  File "D:\__lybix__\DEVTools\miniconda3\envs\fams\Lib\site-packages\starlette\middleware\base.py", line 144, in coro
    await self.app(scope, receive_or_disconnect, send_no_error)
          │    │   │      │                      └ <function BaseHTTPMiddleware.__call__.<locals>.call_next.<locals>.send_no_error at 0x000002A475E7A020>
          │    │   │      └ <function BaseHTTPMiddleware.__call__.<locals>.call_next.<locals>.receive_or_disconnect at 0x000002A475E7A340>
          │    │   └ {'type': 'http', 'asgi': {'version': '3.0', 'spec_version': '2.3'}, 'http_version': '1.1', 'server': ('127.0.0.1', 9900), 'cl...
          │    └ <starlette.middleware.cors.CORSMiddleware object at 0x000002A475B9E0D0>
          └ <starlette.middleware.base.BaseHTTPMiddleware object at 0x000002A475B9E190>
  File "D:\__lybix__\DEVTools\miniconda3\envs\fams\Lib\site-packages\starlette\middleware\cors.py", line 96, in __call__
    await self.simple_response(scope, receive, send, request_headers=headers)
          │    │               │      │        │                     └ Headers({'host': '127.0.0.1:9900', 'connection': 'close', 'content-length': '318', 'sec-ch-ua-platform': '"Windows"', 'author...
          │    │               │      │        └ <function BaseHTTPMiddleware.__call__.<locals>.call_next.<locals>.send_no_error at 0x000002A475E7A020>
          │    │               │      └ <function BaseHTTPMiddleware.__call__.<locals>.call_next.<locals>.receive_or_disconnect at 0x000002A475E7A340>
          │    │               └ {'type': 'http', 'asgi': {'version': '3.0', 'spec_version': '2.3'}, 'http_version': '1.1', 'server': ('127.0.0.1', 9900), 'cl...
          │    └ <function CORSMiddleware.simple_response at 0x000002A473BAD080>
          └ <starlette.middleware.cors.CORSMiddleware object at 0x000002A475B9E0D0>
  File "D:\__lybix__\DEVTools\miniconda3\envs\fams\Lib\site-packages\starlette\middleware\cors.py", line 154, in simple_response
    await self.app(scope, receive, send)
          │    │   │      │        └ functools.partial(<bound method CORSMiddleware.send of <starlette.middleware.cors.CORSMiddleware object at 0x000002A475B9E0D0...
          │    │   │      └ <function BaseHTTPMiddleware.__call__.<locals>.call_next.<locals>.receive_or_disconnect at 0x000002A475E7A340>
          │    │   └ {'type': 'http', 'asgi': {'version': '3.0', 'spec_version': '2.3'}, 'http_version': '1.1', 'server': ('127.0.0.1', 9900), 'cl...
          │    └ <starlette.middleware.exceptions.ExceptionMiddleware object at 0x000002A475B9E050>
          └ <starlette.middleware.cors.CORSMiddleware object at 0x000002A475B9E0D0>
  File "D:\__lybix__\DEVTools\miniconda3\envs\fams\Lib\site-packages\starlette\middleware\exceptions.py", line 63, in __call__
    await wrap_app_handling_exceptions(self.app, conn)(scope, receive, send)
          │                            │    │    │     │      │        └ functools.partial(<bound method CORSMiddleware.send of <starlette.middleware.cors.CORSMiddleware object at 0x000002A475B9E0D0...
          │                            │    │    │     │      └ <function BaseHTTPMiddleware.__call__.<locals>.call_next.<locals>.receive_or_disconnect at 0x000002A475E7A340>
          │                            │    │    │     └ {'type': 'http', 'asgi': {'version': '3.0', 'spec_version': '2.3'}, 'http_version': '1.1', 'server': ('127.0.0.1', 9900), 'cl...
          │                            │    │    └ <starlette.requests.Request object at 0x000002A475EEF350>
          │                            │    └ <fastapi.middleware.asyncexitstack.AsyncExitStackMiddleware object at 0x000002A475B9DF50>
          │                            └ <starlette.middleware.exceptions.ExceptionMiddleware object at 0x000002A475B9E050>
          └ <function wrap_app_handling_exceptions at 0x000002A473AAF100>
  File "D:\__lybix__\DEVTools\miniconda3\envs\fams\Lib\site-packages\starlette\_exception_handler.py", line 53, in wrapped_app
    raise exc
  File "D:\__lybix__\DEVTools\miniconda3\envs\fams\Lib\site-packages\starlette\_exception_handler.py", line 42, in wrapped_app
    await app(scope, receive, sender)
          │   │      │        └ <function wrap_app_handling_exceptions.<locals>.wrapped_app.<locals>.sender at 0x000002A475E7A0C0>
          │   │      └ <function BaseHTTPMiddleware.__call__.<locals>.call_next.<locals>.receive_or_disconnect at 0x000002A475E7A340>
          │   └ {'type': 'http', 'asgi': {'version': '3.0', 'spec_version': '2.3'}, 'http_version': '1.1', 'server': ('127.0.0.1', 9900), 'cl...
          └ <fastapi.middleware.asyncexitstack.AsyncExitStackMiddleware object at 0x000002A475B9DF50>
  File "D:\__lybix__\DEVTools\miniconda3\envs\fams\Lib\site-packages\fastapi\middleware\asyncexitstack.py", line 18, in __call__
    await self.app(scope, receive, send)
          │    │   │      │        └ <function wrap_app_handling_exceptions.<locals>.wrapped_app.<locals>.sender at 0x000002A475E7A0C0>
          │    │   │      └ <function BaseHTTPMiddleware.__call__.<locals>.call_next.<locals>.receive_or_disconnect at 0x000002A475E7A340>
          │    │   └ {'type': 'http', 'asgi': {'version': '3.0', 'spec_version': '2.3'}, 'http_version': '1.1', 'server': ('127.0.0.1', 9900), 'cl...
          │    └ <fastapi.routing.APIRouter object at 0x000002A475AF6AD0>
          └ <fastapi.middleware.asyncexitstack.AsyncExitStackMiddleware object at 0x000002A475B9DF50>
  File "D:\__lybix__\DEVTools\miniconda3\envs\fams\Lib\site-packages\starlette\routing.py", line 660, in __call__
    await self.middleware_stack(scope, receive, send)
          │    │                │      │        └ <function wrap_app_handling_exceptions.<locals>.wrapped_app.<locals>.sender at 0x000002A475E7A0C0>
          │    │                │      └ <function BaseHTTPMiddleware.__call__.<locals>.call_next.<locals>.receive_or_disconnect at 0x000002A475E7A340>
          │    │                └ {'type': 'http', 'asgi': {'version': '3.0', 'spec_version': '2.3'}, 'http_version': '1.1', 'server': ('127.0.0.1', 9900), 'cl...
          │    └ <bound method APIRouter.app of <fastapi.routing.APIRouter object at 0x000002A475AF6AD0>>
          └ <fastapi.routing.APIRouter object at 0x000002A475AF6AD0>
  File "D:\__lybix__\DEVTools\miniconda3\envs\fams\Lib\site-packages\fastapi\routing.py", line 2683, in app
    await route.handle(scope, receive, send)
          │     │      │      │        └ <function wrap_app_handling_exceptions.<locals>.wrapped_app.<locals>.sender at 0x000002A475E7A0C0>
          │     │      │      └ <function BaseHTTPMiddleware.__call__.<locals>.call_next.<locals>.receive_or_disconnect at 0x000002A475E7A340>
          │     │      └ {'type': 'http', 'asgi': {'version': '3.0', 'spec_version': '2.3'}, 'http_version': '1.1', 'server': ('127.0.0.1', 9900), 'cl...
          │     └ <function _IncludedRouter.handle at 0x000002A473AF1BC0>
          └ _IncludedRouter(original_router=<fastapi.routing.APIRouter object at 0x000002A473BAA790>, include_context=_RouterIncludeConte...
  File "D:\__lybix__\DEVTools\miniconda3\envs\fams\Lib\site-packages\fastapi\routing.py", line 1753, in handle
    await self.original_router.handle(scope, receive, send)
          │    │               │      │      │        └ <function wrap_app_handling_exceptions.<locals>.wrapped_app.<locals>.sender at 0x000002A475E7A0C0>
          │    │               │      │      └ <function BaseHTTPMiddleware.__call__.<locals>.call_next.<locals>.receive_or_disconnect at 0x000002A475E7A340>
          │    │               │      └ {'type': 'http', 'asgi': {'version': '3.0', 'spec_version': '2.3'}, 'http_version': '1.1', 'server': ('127.0.0.1', 9900), 'cl...
          │    │               └ <function APIRouter.handle at 0x000002A473AF3BA0>
          │    └ <fastapi.routing.APIRouter object at 0x000002A473BAA790>
          └ _IncludedRouter(original_router=<fastapi.routing.APIRouter object at 0x000002A473BAA790>, include_context=_RouterIncludeConte...
  File "D:\__lybix__\DEVTools\miniconda3\envs\fams\Lib\site-packages\fastapi\routing.py", line 2738, in handle
    await included_router._handle_selected(scope, receive, send)
          │               │                │      │        └ <function wrap_app_handling_exceptions.<locals>.wrapped_app.<locals>.sender at 0x000002A475E7A0C0>
          │               │                │      └ <function BaseHTTPMiddleware.__call__.<locals>.call_next.<locals>.receive_or_disconnect at 0x000002A475E7A340>
          │               │                └ {'type': 'http', 'asgi': {'version': '3.0', 'spec_version': '2.3'}, 'http_version': '1.1', 'server': ('127.0.0.1', 9900), 'cl...
          │               └ <function _IncludedRouter._handle_selected at 0x000002A473AF1C60>
          └ _IncludedRouter(original_router=<fastapi.routing.APIRouter object at 0x000002A473BAA790>, include_context=_RouterIncludeConte...
  File "D:\__lybix__\DEVTools\miniconda3\envs\fams\Lib\site-packages\fastapi\routing.py", line 1773, in _handle_selected
    await original_route.handle(scope, receive, send)
          │              │      │      │        └ <function wrap_app_handling_exceptions.<locals>.wrapped_app.<locals>.sender at 0x000002A475E7A0C0>
          │              │      │      └ <function BaseHTTPMiddleware.__call__.<locals>.call_next.<locals>.receive_or_disconnect at 0x000002A475E7A340>
          │              │      └ {'type': 'http', 'asgi': {'version': '3.0', 'spec_version': '2.3'}, 'http_version': '1.1', 'server': ('127.0.0.1', 9900), 'cl...
          │              └ <function APIRoute.handle at 0x000002A473ADFCE0>
          └ APIRoute(path='/api/asset', name='update_asset', methods=['PUT'])
  File "D:\__lybix__\DEVTools\miniconda3\envs\fams\Lib\site-packages\fastapi\routing.py", line 1264, in handle
    await app(scope, receive, send)
          │   │      │        └ <function wrap_app_handling_exceptions.<locals>.wrapped_app.<locals>.sender at 0x000002A475E7A0C0>
          │   │      └ <function BaseHTTPMiddleware.__call__.<locals>.call_next.<locals>.receive_or_disconnect at 0x000002A475E7A340>
          │   └ {'type': 'http', 'asgi': {'version': '3.0', 'spec_version': '2.3'}, 'http_version': '1.1', 'server': ('127.0.0.1', 9900), 'cl...
          └ <function request_response.<locals>.app at 0x000002A475E7A480>
  File "D:\__lybix__\DEVTools\miniconda3\envs\fams\Lib\site-packages\fastapi\routing.py", line 150, in app
    await wrap_app_handling_exceptions(app, request)(scope, receive, send)
          │                            │    │        │      │        └ <function wrap_app_handling_exceptions.<locals>.wrapped_app.<locals>.sender at 0x000002A475E7A0C0>
          │                            │    │        │      └ <function BaseHTTPMiddleware.__call__.<locals>.call_next.<locals>.receive_or_disconnect at 0x000002A475E7A340>
          │                            │    │        └ {'type': 'http', 'asgi': {'version': '3.0', 'spec_version': '2.3'}, 'http_version': '1.1', 'server': ('127.0.0.1', 9900), 'cl...
          │                            │    └ <starlette.requests.Request object at 0x000002A475EEC650>
          │                            └ <function request_response.<locals>.app.<locals>.app at 0x000002A475E7AE80>
          └ <function wrap_app_handling_exceptions at 0x000002A473AAF100>
  File "D:\__lybix__\DEVTools\miniconda3\envs\fams\Lib\site-packages\starlette\_exception_handler.py", line 53, in wrapped_app
    raise exc
  File "D:\__lybix__\DEVTools\miniconda3\envs\fams\Lib\site-packages\starlette\_exception_handler.py", line 42, in wrapped_app
    await app(scope, receive, sender)
          │   │      │        └ <function wrap_app_handling_exceptions.<locals>.wrapped_app.<locals>.sender at 0x000002A475E7A200>
          │   │      └ <function BaseHTTPMiddleware.__call__.<locals>.call_next.<locals>.receive_or_disconnect at 0x000002A475E7A340>
          │   └ {'type': 'http', 'asgi': {'version': '3.0', 'spec_version': '2.3'}, 'http_version': '1.1', 'server': ('127.0.0.1', 9900), 'cl...
          └ <function request_response.<locals>.app.<locals>.app at 0x000002A475E7AE80>
  File "D:\__lybix__\DEVTools\miniconda3\envs\fams\Lib\site-packages\fastapi\routing.py", line 136, in app
    response = await f(request)
                     │ └ <starlette.requests.Request object at 0x000002A475EEC650>
                     └ <function get_request_handler.<locals>.app at 0x000002A475E7A700>
  File "D:\__lybix__\DEVTools\miniconda3\envs\fams\Lib\site-packages\fastapi\routing.py", line 690, in app
    raw_response = await run_endpoint_function(
                         └ <function run_endpoint_function at 0x000002A473ADEF20>
  File "D:\__lybix__\DEVTools\miniconda3\envs\fams\Lib\site-packages\fastapi\routing.py", line 344, in run_endpoint_function
    return await dependant.call(**values)
                 │         │      └ {'current_user': {'user_id': 2, 'username': 'cs_admin', 'dept_id': 2, 'role_keys': ['college_admin'], 'exp': 1783954786, 'iat...
                 │         └ <function update_asset at 0x000002A475A04EA0>
                 └ Dependant(path_params=[], query_params=[], header_params=[], cookie_params=[], body_params=[ModelField(field_info=Body(Pydant...

  File "D:\__lybix__\_Codes\FAMS-NEPU\platform\server\services\svr_gateway\routes.py", line 364, in update_asset
    result = logic.update_asset(data, current_user["user_id"])
             │     │            │     └ {'user_id': 2, 'username': 'cs_admin', 'dept_id': 2, 'role_keys': ['college_admin'], 'exp': 1783954786, 'iat': 1783868386}
             │     │            └ {'asset_id': 11, 'asset_code': 'nepu-2026-001-test-insert', 'asset_name': '李冰鑫的笔记本', 'category_id': 8, 'category_id_path': 8,...
             │     └ <function AssetLogic.update_asset at 0x000002A475813920>
             └ <data.logic.asset_logic.AssetLogic object at 0x000002A475E67B50>

  File "D:\__lybix__\_Codes\FAMS-NEPU\platform\server\data\logic\asset_logic.py", line 99, in update_asset
    self.asset_dao.update_asset(data)
    │    │         │            └ {'asset_id': 11, 'asset_code': 'nepu-2026-001-test-insert', 'asset_name': '李冰鑫的笔记本', 'category_id': 8, 'category_id_path': 8,...
    │    │         └ <function AssetDAO.update_asset at 0x000002A475813240>
    │    └ <data.basic.asset_dao.AssetDAO object at 0x000002A475E846D0>
    └ <data.logic.asset_logic.AssetLogic object at 0x000002A475E67B50>

  File "D:\__lybix__\_Codes\FAMS-NEPU\platform\server\data\basic\asset_dao.py", line 99, in update_asset
    return self._execute_update(sql, asset)
           │    │               │    └ {'asset_id': 11, 'asset_code': 'nepu-2026-001-test-insert', 'asset_name': '李冰鑫的笔记本', 'category_id': 8, 'category_id_path': 8,...
           │    │               └ 'UPDATE asset_info\n                 SET asset_name = :asset_name, spec = :spec, category_id = :category_id,\n               ...
           │    └ <function BaseDAO._execute_update at 0x000002A475470040>
           └ <data.basic.asset_dao.AssetDAO object at 0x000002A475E846D0>

  File "D:\__lybix__\_Codes\FAMS-NEPU\platform\server\data\basic\base_dao.py", line 56, in _execute_update
    result = conn.execute(text(sql), params or {})
             │    │       │    │     └ {'asset_id': 11, 'asset_code': 'nepu-2026-001-test-insert', 'asset_name': '李冰鑫的笔记本', 'category_id': 8, 'category_id_path': 8,...
             │    │       │    └ 'UPDATE asset_info\n                 SET asset_name = :asset_name, spec = :spec, category_id = :category_id,\n               ...
             │    │       └ <function text at 0x000002A474394540>
             │    └ <function Connection.execute at 0x000002A4753C7240>
             └ <sqlalchemy.engine.base.Connection object at 0x000002A475E92610>

  File "D:\__lybix__\DEVTools\miniconda3\envs\fams\Lib\site-packages\sqlalchemy\engine\base.py", line 1421, in execute
    return meth(
           └ <bound method ClauseElement._execute_on_connection of <sqlalchemy.sql.elements.TextClause object at 0x000002A475ECE910>>
  File "D:\__lybix__\DEVTools\miniconda3\envs\fams\Lib\site-packages\sqlalchemy\sql\elements.py", line 526, in _execute_on_connection
    return connection._execute_clauseelement(
           │          └ <function Connection._execute_clauseelement at 0x000002A4753C7560>
           └ <sqlalchemy.engine.base.Connection object at 0x000002A475E92610>
  File "D:\__lybix__\DEVTools\miniconda3\envs\fams\Lib\site-packages\sqlalchemy\engine\base.py", line 1643, in _execute_clauseelement
    ret = self._execute_context(
          │    └ <function Connection._execute_context at 0x000002A4753C7740>
          └ <sqlalchemy.engine.base.Connection object at 0x000002A475E92610>
  File "D:\__lybix__\DEVTools\miniconda3\envs\fams\Lib\site-packages\sqlalchemy\engine\base.py", line 1823, in _execute_context
    self._handle_dbapi_exception(
    │    └ <function Connection._handle_dbapi_exception at 0x000002A4753C7A60>
    └ <sqlalchemy.engine.base.Connection object at 0x000002A475E92610>
  File "D:\__lybix__\DEVTools\miniconda3\envs\fams\Lib\site-packages\sqlalchemy\engine\base.py", line 2365, in _handle_dbapi_exception
    raise sqlalchemy_exception.with_traceback(exc_info[2]) from e
          │                    │              │                 └ InvalidRequestError("A value is required for bind parameter 'version'")
          │                    │              └ (<class 'sqlalchemy.exc.InvalidRequestError'>, InvalidRequestError("A value is required for bind parameter 'version'"), <trac...
          │                    └ <method 'with_traceback' of 'BaseException' objects>
          └ StatementError("(sqlalchemy.exc.InvalidRequestError) A value is required for bind parameter 'version'")
  File "D:\__lybix__\DEVTools\miniconda3\envs\fams\Lib\site-packages\sqlalchemy\engine\base.py", line 1817, in _execute_context
    context = constructor(
              └ <bound method DefaultExecutionContext._init_compiled of <class 'sqlalchemy.dialects.mysql.mysqldb.MySQLExecutionContext_mysql...
  File "D:\__lybix__\DEVTools\miniconda3\envs\fams\Lib\site-packages\sqlalchemy\engine\default.py", line 1416, in _init_compiled
    self.compiled_parameters = [
    └ <sqlalchemy.dialects.mysql.mysqldb.MySQLExecutionContext_mysqldb object at 0x000002A475EEE450>
  File "D:\__lybix__\DEVTools\miniconda3\envs\fams\Lib\site-packages\sqlalchemy\engine\default.py", line 1417, in <listcomp>
    compiled.construct_params(
    │        └ <function SQLCompiler.construct_params at 0x000002A47437AD40>
    └ <sqlalchemy.dialects.mysql.mysqldb.MySQLCompiler_mysqldb object at 0x000002A475EF94D0>
  File "D:\__lybix__\DEVTools\miniconda3\envs\fams\Lib\site-packages\sqlalchemy\sql\compiler.py", line 1927, in construct_params
    raise exc.InvalidRequestError(
          │   └ <class 'sqlalchemy.exc.InvalidRequestError'>
          └ <module 'sqlalchemy.exc' from 'D:\\__lybix__\\DEVTools\\miniconda3\\envs\\fams\\Lib\\site-packages\\sqlalchemy\\exc.py'>

sqlalchemy.exc.StatementError: (sqlalchemy.exc.InvalidRequestError) A value is required for bind parameter 'version'
[SQL: UPDATE asset_info
                 SET asset_name = %(asset_name)s, spec = %(spec)s, category_id = %(category_id)s,
                     purchase_date = %(purchase_date)s, book_value = %(book_value)s,
                     location = %(location)s, dept_id = %(dept_id)s, user_id = %(user_id)s,
                     status = %(status)s, remark = %(remark)s, version = version + 1
                 WHERE asset_id = %(asset_id)s AND version = %(version)s]
[parameters: [{'asset_id': 11, 'asset_code': 'nepu-2026-001-test-insert', 'asset_name': '李冰鑫的笔记本', 'category_id': 8, 'category_id_path': 8, 'spec': '华硕天选3', 'dept_i ... (1 characters truncated) ... ': 2, 'location': '启智公寓213', 'book_value': 5000, 'purchase_date': '2023-06-01', 'user_name': '', 'status': 1, 'remark': '李冰鑫的笔记本，测试修改用', 'user_id': 0}]]
(Background on this error at: https://sqlalche.me/e/20/cd3x)
