2026-07-13 08:09:36.137 | ERROR    | __main__:global_exception_handler:50 - Unhandled exception on GET /api/check/diff/8
Traceback (most recent call last):

  File "D:\__lybix__\DEVTools\miniconda3\envs\fams\Lib\site-packages\sqlalchemy\engine\base.py", line 1969, in _exec_single_context
    self.dialect.do_execute(
    │    │       └ <function DefaultDialect.do_execute at 0x00000197A9DD6E80>
    │    └ <sqlalchemy.dialects.mysql.pymysql.MySQLDialect_pymysql object at 0x00000197AA7A5150>
    └ <sqlalchemy.engine.base.Connection object at 0x00000197AA4F3450>
  File "D:\__lybix__\DEVTools\miniconda3\envs\fams\Lib\site-packages\sqlalchemy\engine\default.py", line 952, in do_execute
    cursor.execute(statement, parameters)
    │      │       │          └ {'task_id': 8}
    │      │       └ 'SELECT report_id, task_id, task_status, task_name, total_items, matched_items, surplus_items, shortage_items,\n             ...
    │      └ <function Cursor.execute at 0x00000197AA785940>
    └ <pymysql.cursors.Cursor object at 0x00000197AA39BC50>
  File "D:\__lybix__\DEVTools\miniconda3\envs\fams\Lib\site-packages\pymysql\cursors.py", line 170, in execute
    result = self._query(query)
             │    │      └ 'SELECT report_id, task_id, task_status, task_name, total_items, matched_items, surplus_items, shortage_items,\n             ...
             │    └ <function Cursor._query at 0x00000197AA785E40>
             └ <pymysql.cursors.Cursor object at 0x00000197AA39BC50>
  File "D:\__lybix__\DEVTools\miniconda3\envs\fams\Lib\site-packages\pymysql\cursors.py", line 328, in _query
    conn.query(q)
    │    │     └ 'SELECT report_id, task_id, task_status, task_name, total_items, matched_items, surplus_items, shortage_items,\n             ...
    │    └ <function Connection.query at 0x00000197AA7A1A80>
    └ <pymysql.connections.Connection object at 0x00000197AA5D38D0>
  File "D:\__lybix__\DEVTools\miniconda3\envs\fams\Lib\site-packages\pymysql\connections.py", line 517, in query
    self._affected_rows = self._read_query_result(unbuffered=unbuffered)
    │    │                │    │                             └ False
    │    │                │    └ <function Connection._read_query_result at 0x00000197AA7A2160>
    │    │                └ <pymysql.connections.Connection object at 0x00000197AA5D38D0>
    │    └ 1
    └ <pymysql.connections.Connection object at 0x00000197AA5D38D0>
  File "D:\__lybix__\DEVTools\miniconda3\envs\fams\Lib\site-packages\pymysql\connections.py", line 732, in _read_query_result
    result.read()
    │      └ <function MySQLResult.read at 0x00000197AA7A2A20>
    └ <pymysql.connections.MySQLResult object at 0x00000197A9F04750>
  File "D:\__lybix__\DEVTools\miniconda3\envs\fams\Lib\site-packages\pymysql\connections.py", line 1075, in read
    first_packet = self.connection._read_packet()
                   │    └ None
                   └ <pymysql.connections.MySQLResult object at 0x00000197A9F04750>
  File "D:\__lybix__\DEVTools\miniconda3\envs\fams\Lib\site-packages\pymysql\connections.py", line 684, in _read_packet
    packet.check_error()
    │      └ <function MysqlPacket.check_error at 0x00000197AA787F60>
    └ <pymysql.protocol.MysqlPacket object at 0x00000197AA743F40>
  File "D:\__lybix__\DEVTools\miniconda3\envs\fams\Lib\site-packages\pymysql\protocol.py", line 220, in check_error
    err.raise_mysql_exception(self._data)
    │   │                     │    └ <member '_data' of 'MysqlPacket' objects>
    │   │                     └ <pymysql.protocol.MysqlPacket object at 0x00000197AA743F40>
    │   └ <function raise_mysql_exception at 0x00000197AA72F1A0>
    └ <module 'pymysql.err' from 'D:\\__lybix__\\DEVTools\\miniconda3\\envs\\fams\\Lib\\site-packages\\pymysql\\err.py'>
  File "D:\__lybix__\DEVTools\miniconda3\envs\fams\Lib\site-packages\pymysql\err.py", line 109, in raise_mysql_exception
    raise errorclass(errno, errval)
          │          │      └ "Unknown column 'task_status' in 'field list'"
          │          └ 1054
          └ <class 'pymysql.err.InternalError'>

pymysql.err.InternalError: (1054, "Unknown column 'task_status' in 'field list'")


The above exception was the direct cause of the following exception:


Traceback (most recent call last):

  File "D:\__lybix__\_Codes\FAMS-NEPU\platform\server\services\svr_gateway\main.py", line 64, in <module>
    uvicorn.run(app, host="0.0.0.0", port=gateway_config.HTTP_PORT)
    │       │   │                         │              └ 9900
    │       │   │                         └ <services.svr_gateway.config.GatewayConfig object at 0x00000197A8519C10>
    │       │   └ <fastapi.applications.FastAPI object at 0x00000197AA45BBD0>
    │       └ <function run at 0x00000197A72EFD80>
    └ <module 'uvicorn' from 'D:\\__lybix__\\DEVTools\\miniconda3\\envs\\fams\\Lib\\site-packages\\uvicorn\\__init__.py'>

  File "D:\__lybix__\DEVTools\miniconda3\envs\fams\Lib\site-packages\uvicorn\main.py", line 621, in run
    server.run()
    │      └ <function Server.run at 0x00000197A7460860>
    └ <uvicorn.server.Server object at 0x00000197A72EB1D0>
  File "D:\__lybix__\DEVTools\miniconda3\envs\fams\Lib\site-packages\uvicorn\server.py", line 74, in run
    return asyncio_run(self.serve(sockets=sockets), loop_factory=self.config.get_loop_factory())
           │           │    │             │                      │    │      └ <function Config.get_loop_factory at 0x00000197A72ED1C0>
           │           │    │             │                      │    └ <uvicorn.config.Config object at 0x00000197AA22A3D0>
           │           │    │             │                      └ <uvicorn.server.Server object at 0x00000197A72EB1D0>
           │           │    │             └ None
           │           │    └ <function Server.serve at 0x00000197A7460900>
           │           └ <uvicorn.server.Server object at 0x00000197A72EB1D0>
           └ <function asyncio_run at 0x00000197A7277740>
  File "D:\__lybix__\DEVTools\miniconda3\envs\fams\Lib\site-packages\uvicorn\_compat.py", line 30, in asyncio_run
    return runner.run(main)
           │      │   └ <coroutine object Server.serve at 0x00000197AA4707C0>
           │      └ <function Runner.run at 0x00000197A6CD3560>
           └ <asyncio.runners.Runner object at 0x00000197AA42B350>
  File "D:\__lybix__\DEVTools\miniconda3\envs\fams\Lib\asyncio\runners.py", line 118, in run
    return self._loop.run_until_complete(task)
           │    │     │                  └ <Task pending name='Task-1' coro=<Server.serve() running at D:\__lybix__\DEVTools\miniconda3\envs\fams\Lib\site-packages\uvic...
           │    │     └ <function BaseEventLoop.run_until_complete at 0x00000197A6CD1120>
           │    └ <ProactorEventLoop running=True closed=False debug=False>
           └ <asyncio.runners.Runner object at 0x00000197AA42B350>
  File "D:\__lybix__\DEVTools\miniconda3\envs\fams\Lib\asyncio\base_events.py", line 637, in run_until_complete
    self.run_forever()
    │    └ <function ProactorEventLoop.run_forever at 0x00000197A6DA8860>
    └ <ProactorEventLoop running=True closed=False debug=False>
  File "D:\__lybix__\DEVTools\miniconda3\envs\fams\Lib\asyncio\windows_events.py", line 321, in run_forever
    super().run_forever()
  File "D:\__lybix__\DEVTools\miniconda3\envs\fams\Lib\asyncio\base_events.py", line 604, in run_forever
    self._run_once()
    │    └ <function BaseEventLoop._run_once at 0x00000197A6CD2E80>
    └ <ProactorEventLoop running=True closed=False debug=False>
  File "D:\__lybix__\DEVTools\miniconda3\envs\fams\Lib\asyncio\base_events.py", line 1909, in _run_once
    handle._run()
    │      └ <function Handle._run at 0x00000197A6C153A0>
    └ <Handle Task.task_wakeup(<Future finished result=None>)>
  File "D:\__lybix__\DEVTools\miniconda3\envs\fams\Lib\asyncio\events.py", line 80, in _run
    self._context.run(self._callback, *self._args)
    │    │            │    │           │    └ <member '_args' of 'Handle' objects>
    │    │            │    │           └ <Handle Task.task_wakeup(<Future finished result=None>)>
    │    │            │    └ <member '_callback' of 'Handle' objects>
    │    │            └ <Handle Task.task_wakeup(<Future finished result=None>)>
    │    └ <member '_context' of 'Handle' objects>
    └ <Handle Task.task_wakeup(<Future finished result=None>)>
  File "D:\__lybix__\DEVTools\miniconda3\envs\fams\Lib\site-packages\uvicorn\protocols\http\httptools_impl.py", line 422, in run_asgi
    result = await app(  # type: ignore[func-returns-value]
                   └ <uvicorn.middleware.proxy_headers.ProxyHeadersMiddleware object at 0x00000197AA466F50>
  File "D:\__lybix__\DEVTools\miniconda3\envs\fams\Lib\site-packages\uvicorn\middleware\proxy_headers.py", line 63, in __call__
    return await self.app(scope, receive, send)
                 │    │   │      │        └ <bound method RequestResponseCycle.send of <uvicorn.protocols.http.httptools_impl.RequestResponseCycle object at 0x00000197AA...
                 │    │   │      └ <bound method RequestResponseCycle.receive of <uvicorn.protocols.http.httptools_impl.RequestResponseCycle object at 0x0000019...
                 │    │   └ {'type': 'http', 'asgi': {'version': '3.0', 'spec_version': '2.3'}, 'http_version': '1.1', 'server': ('127.0.0.1', 9900), 'cl...
                 │    └ <fastapi.applications.FastAPI object at 0x00000197AA45BBD0>
                 └ <uvicorn.middleware.proxy_headers.ProxyHeadersMiddleware object at 0x00000197AA466F50>
  File "D:\__lybix__\DEVTools\miniconda3\envs\fams\Lib\site-packages\fastapi\applications.py", line 1163, in __call__
    await super().__call__(scope, receive, send)
                           │      │        └ <bound method RequestResponseCycle.send of <uvicorn.protocols.http.httptools_impl.RequestResponseCycle object at 0x00000197AA...
                           │      └ <bound method RequestResponseCycle.receive of <uvicorn.protocols.http.httptools_impl.RequestResponseCycle object at 0x0000019...
                           └ {'type': 'http', 'asgi': {'version': '3.0', 'spec_version': '2.3'}, 'http_version': '1.1', 'server': ('127.0.0.1', 9900), 'cl...
  File "D:\__lybix__\DEVTools\miniconda3\envs\fams\Lib\site-packages\starlette\applications.py", line 90, in __call__
    await self.middleware_stack(scope, receive, send)
          │    │                │      │        └ <bound method RequestResponseCycle.send of <uvicorn.protocols.http.httptools_impl.RequestResponseCycle object at 0x00000197AA...
          │    │                │      └ <bound method RequestResponseCycle.receive of <uvicorn.protocols.http.httptools_impl.RequestResponseCycle object at 0x0000019...
          │    │                └ {'type': 'http', 'asgi': {'version': '3.0', 'spec_version': '2.3'}, 'http_version': '1.1', 'server': ('127.0.0.1', 9900), 'cl...
          │    └ <starlette.middleware.errors.ServerErrorMiddleware object at 0x00000197AA464310>
          └ <fastapi.applications.FastAPI object at 0x00000197AA45BBD0>
> File "D:\__lybix__\DEVTools\miniconda3\envs\fams\Lib\site-packages\starlette\middleware\errors.py", line 164, in __call__
    await self.app(scope, receive, _send)
          │    │   │      │        └ <function ServerErrorMiddleware.__call__.<locals>._send at 0x00000197AA5009A0>
          │    │   │      └ <bound method RequestResponseCycle.receive of <uvicorn.protocols.http.httptools_impl.RequestResponseCycle object at 0x0000019...
          │    │   └ {'type': 'http', 'asgi': {'version': '3.0', 'spec_version': '2.3'}, 'http_version': '1.1', 'server': ('127.0.0.1', 9900), 'cl...
          │    └ <starlette.middleware.base.BaseHTTPMiddleware object at 0x00000197AA42B310>
          └ <starlette.middleware.errors.ServerErrorMiddleware object at 0x00000197AA464310>
  File "D:\__lybix__\DEVTools\miniconda3\envs\fams\Lib\contextlib.py", line 222, in __aexit__
    await self.gen.athrow(typ, value, traceback)
          │    │   │      │    │      └ <traceback object at 0x00000197AA7C5040>
          │    │   │      │    └ InternalError('(pymysql.err.InternalError) (1054, "Unknown column \'task_status\' in \'field list\'")')
          │    │   │      └ <class 'sqlalchemy.exc.InternalError'>
          │    │   └ <method 'athrow' of 'async_generator' objects>
          │    └ <async_generator object create_collapsing_task_group at 0x00000197AA4B2540>
          └ <contextlib._AsyncGeneratorContextManager object at 0x00000197AA4F3C90>
  File "D:\__lybix__\DEVTools\miniconda3\envs\fams\Lib\site-packages\starlette\_utils.py", line 93, in create_collapsing_task_group
    raise exc from exc.__cause__ or context
          │        │   │            └ None
          │        │   └ <attribute '__cause__' of 'BaseException' objects>
          │        └ InternalError('(pymysql.err.InternalError) (1054, "Unknown column \'task_status\' in \'field list\'")')
          └ InternalError('(pymysql.err.InternalError) (1054, "Unknown column \'task_status\' in \'field list\'")')
  File "D:\__lybix__\DEVTools\miniconda3\envs\fams\Lib\site-packages\starlette\_utils.py", line 86, in create_collapsing_task_group
    yield tg
          └ <anyio._backends._asyncio.TaskGroup object at 0x00000197AA4F3CD0>
  File "D:\__lybix__\DEVTools\miniconda3\envs\fams\Lib\site-packages\starlette\middleware\base.py", line 193, in __call__
    response = await self.dispatch_func(request, call_next)
                     │    │             │        └ <function BaseHTTPMiddleware.__call__.<locals>.call_next at 0x00000197AA500AE0>
                     │    │             └ <starlette.middleware.base._CachedRequest object at 0x00000197A9EEE850>
                     │    └ <function log_requests at 0x00000197AA456FC0>
                     └ <starlette.middleware.base.BaseHTTPMiddleware object at 0x00000197AA42B310>

  File "D:\__lybix__\_Codes\FAMS-NEPU\platform\server\services\svr_gateway\main.py", line 42, in log_requests
    response = await call_next(request)
                     │         └ <starlette.middleware.base._CachedRequest object at 0x00000197A9EEE850>
                     └ <function BaseHTTPMiddleware.__call__.<locals>.call_next at 0x00000197AA500AE0>

  File "D:\__lybix__\DEVTools\miniconda3\envs\fams\Lib\site-packages\starlette\middleware\base.py", line 168, in call_next
    raise app_exc from app_exc.__cause__ or app_exc.__context__
          │            │       │            │       └ <attribute '__context__' of 'BaseException' objects>
          │            │       │            └ InternalError('(pymysql.err.InternalError) (1054, "Unknown column \'task_status\' in \'field list\'")')
          │            │       └ <attribute '__cause__' of 'BaseException' objects>
          │            └ InternalError('(pymysql.err.InternalError) (1054, "Unknown column \'task_status\' in \'field list\'")')
          └ InternalError('(pymysql.err.InternalError) (1054, "Unknown column \'task_status\' in \'field list\'")')
  File "D:\__lybix__\DEVTools\miniconda3\envs\fams\Lib\site-packages\starlette\middleware\base.py", line 144, in coro
    await self.app(scope, receive_or_disconnect, send_no_error)
          │    │   │      │                      └ <function BaseHTTPMiddleware.__call__.<locals>.call_next.<locals>.send_no_error at 0x00000197AA501BC0>
          │    │   │      └ <function BaseHTTPMiddleware.__call__.<locals>.call_next.<locals>.receive_or_disconnect at 0x00000197AA5019E0>
          │    │   └ {'type': 'http', 'asgi': {'version': '3.0', 'spec_version': '2.3'}, 'http_version': '1.1', 'server': ('127.0.0.1', 9900), 'cl...
          │    └ <starlette.middleware.cors.CORSMiddleware object at 0x00000197A9F10650>
          └ <starlette.middleware.base.BaseHTTPMiddleware object at 0x00000197AA42B310>
  File "D:\__lybix__\DEVTools\miniconda3\envs\fams\Lib\site-packages\starlette\middleware\cors.py", line 88, in __call__
    await self.app(scope, receive, send)
          │    │   │      │        └ <function BaseHTTPMiddleware.__call__.<locals>.call_next.<locals>.send_no_error at 0x00000197AA501BC0>
          │    │   │      └ <function BaseHTTPMiddleware.__call__.<locals>.call_next.<locals>.receive_or_disconnect at 0x00000197AA5019E0>
          │    │   └ {'type': 'http', 'asgi': {'version': '3.0', 'spec_version': '2.3'}, 'http_version': '1.1', 'server': ('127.0.0.1', 9900), 'cl...
          │    └ <starlette.middleware.exceptions.ExceptionMiddleware object at 0x00000197A874D990>
          └ <starlette.middleware.cors.CORSMiddleware object at 0x00000197A9F10650>
  File "D:\__lybix__\DEVTools\miniconda3\envs\fams\Lib\site-packages\starlette\middleware\exceptions.py", line 63, in __call__
    await wrap_app_handling_exceptions(self.app, conn)(scope, receive, send)
          │                            │    │    │     │      │        └ <function BaseHTTPMiddleware.__call__.<locals>.call_next.<locals>.send_no_error at 0x00000197AA501BC0>
          │                            │    │    │     │      └ <function BaseHTTPMiddleware.__call__.<locals>.call_next.<locals>.receive_or_disconnect at 0x00000197AA5019E0>
          │                            │    │    │     └ {'type': 'http', 'asgi': {'version': '3.0', 'spec_version': '2.3'}, 'http_version': '1.1', 'server': ('127.0.0.1', 9900), 'cl...
          │                            │    │    └ <starlette.requests.Request object at 0x00000197AA527850>
          │                            │    └ <fastapi.middleware.asyncexitstack.AsyncExitStackMiddleware object at 0x00000197A9EEBD50>
          │                            └ <starlette.middleware.exceptions.ExceptionMiddleware object at 0x00000197A874D990>
          └ <function wrap_app_handling_exceptions at 0x00000197A841F100>
  File "D:\__lybix__\DEVTools\miniconda3\envs\fams\Lib\site-packages\starlette\_exception_handler.py", line 53, in wrapped_app
    raise exc
  File "D:\__lybix__\DEVTools\miniconda3\envs\fams\Lib\site-packages\starlette\_exception_handler.py", line 42, in wrapped_app
    await app(scope, receive, sender)
          │   │      │        └ <function wrap_app_handling_exceptions.<locals>.wrapped_app.<locals>.sender at 0x00000197AA576DE0>
          │   │      └ <function BaseHTTPMiddleware.__call__.<locals>.call_next.<locals>.receive_or_disconnect at 0x00000197AA5019E0>
          │   └ {'type': 'http', 'asgi': {'version': '3.0', 'spec_version': '2.3'}, 'http_version': '1.1', 'server': ('127.0.0.1', 9900), 'cl...
          └ <fastapi.middleware.asyncexitstack.AsyncExitStackMiddleware object at 0x00000197A9EEBD50>
  File "D:\__lybix__\DEVTools\miniconda3\envs\fams\Lib\site-packages\fastapi\middleware\asyncexitstack.py", line 18, in __call__
    await self.app(scope, receive, send)
          │    │   │      │        └ <function wrap_app_handling_exceptions.<locals>.wrapped_app.<locals>.sender at 0x00000197AA576DE0>
          │    │   │      └ <function BaseHTTPMiddleware.__call__.<locals>.call_next.<locals>.receive_or_disconnect at 0x00000197AA5019E0>
          │    │   └ {'type': 'http', 'asgi': {'version': '3.0', 'spec_version': '2.3'}, 'http_version': '1.1', 'server': ('127.0.0.1', 9900), 'cl...
          │    └ <fastapi.routing.APIRouter object at 0x00000197AA45BD90>
          └ <fastapi.middleware.asyncexitstack.AsyncExitStackMiddleware object at 0x00000197A9EEBD50>
  File "D:\__lybix__\DEVTools\miniconda3\envs\fams\Lib\site-packages\starlette\routing.py", line 660, in __call__
    await self.middleware_stack(scope, receive, send)
          │    │                │      │        └ <function wrap_app_handling_exceptions.<locals>.wrapped_app.<locals>.sender at 0x00000197AA576DE0>
          │    │                │      └ <function BaseHTTPMiddleware.__call__.<locals>.call_next.<locals>.receive_or_disconnect at 0x00000197AA5019E0>
          │    │                └ {'type': 'http', 'asgi': {'version': '3.0', 'spec_version': '2.3'}, 'http_version': '1.1', 'server': ('127.0.0.1', 9900), 'cl...
          │    └ <bound method APIRouter.app of <fastapi.routing.APIRouter object at 0x00000197AA45BD90>>
          └ <fastapi.routing.APIRouter object at 0x00000197AA45BD90>
  File "D:\__lybix__\DEVTools\miniconda3\envs\fams\Lib\site-packages\fastapi\routing.py", line 2683, in app
    await route.handle(scope, receive, send)
          │     │      │      │        └ <function wrap_app_handling_exceptions.<locals>.wrapped_app.<locals>.sender at 0x00000197AA576DE0>
          │     │      │      └ <function BaseHTTPMiddleware.__call__.<locals>.call_next.<locals>.receive_or_disconnect at 0x00000197AA5019E0>
          │     │      └ {'type': 'http', 'asgi': {'version': '3.0', 'spec_version': '2.3'}, 'http_version': '1.1', 'server': ('127.0.0.1', 9900), 'cl...
          │     └ <function _IncludedRouter.handle at 0x00000197A8461BC0>
          └ _IncludedRouter(original_router=<fastapi.routing.APIRouter object at 0x00000197A8713150>, include_context=_RouterIncludeConte...
  File "D:\__lybix__\DEVTools\miniconda3\envs\fams\Lib\site-packages\fastapi\routing.py", line 1753, in handle
    await self.original_router.handle(scope, receive, send)
          │    │               │      │      │        └ <function wrap_app_handling_exceptions.<locals>.wrapped_app.<locals>.sender at 0x00000197AA576DE0>
          │    │               │      │      └ <function BaseHTTPMiddleware.__call__.<locals>.call_next.<locals>.receive_or_disconnect at 0x00000197AA5019E0>
          │    │               │      └ {'type': 'http', 'asgi': {'version': '3.0', 'spec_version': '2.3'}, 'http_version': '1.1', 'server': ('127.0.0.1', 9900), 'cl...
          │    │               └ <function APIRouter.handle at 0x00000197A8463BA0>
          │    └ <fastapi.routing.APIRouter object at 0x00000197A8713150>
          └ _IncludedRouter(original_router=<fastapi.routing.APIRouter object at 0x00000197A8713150>, include_context=_RouterIncludeConte...
  File "D:\__lybix__\DEVTools\miniconda3\envs\fams\Lib\site-packages\fastapi\routing.py", line 2738, in handle
    await included_router._handle_selected(scope, receive, send)
          │               │                │      │        └ <function wrap_app_handling_exceptions.<locals>.wrapped_app.<locals>.sender at 0x00000197AA576DE0>
          │               │                │      └ <function BaseHTTPMiddleware.__call__.<locals>.call_next.<locals>.receive_or_disconnect at 0x00000197AA5019E0>
          │               │                └ {'type': 'http', 'asgi': {'version': '3.0', 'spec_version': '2.3'}, 'http_version': '1.1', 'server': ('127.0.0.1', 9900), 'cl...
          │               └ <function _IncludedRouter._handle_selected at 0x00000197A8461C60>
          └ _IncludedRouter(original_router=<fastapi.routing.APIRouter object at 0x00000197A8713150>, include_context=_RouterIncludeConte...
  File "D:\__lybix__\DEVTools\miniconda3\envs\fams\Lib\site-packages\fastapi\routing.py", line 1773, in _handle_selected
    await original_route.handle(scope, receive, send)
          │              │      │      │        └ <function wrap_app_handling_exceptions.<locals>.wrapped_app.<locals>.sender at 0x00000197AA576DE0>
          │              │      │      └ <function BaseHTTPMiddleware.__call__.<locals>.call_next.<locals>.receive_or_disconnect at 0x00000197AA5019E0>
          │              │      └ {'type': 'http', 'asgi': {'version': '3.0', 'spec_version': '2.3'}, 'http_version': '1.1', 'server': ('127.0.0.1', 9900), 'cl...
          │              └ <function APIRoute.handle at 0x00000197A844FCE0>
          └ APIRoute(path='/api/check/diff/{task_id}', name='get_diff_report', methods=['GET'])
  File "D:\__lybix__\DEVTools\miniconda3\envs\fams\Lib\site-packages\fastapi\routing.py", line 1264, in handle
    await app(scope, receive, send)
          │   │      │        └ <function wrap_app_handling_exceptions.<locals>.wrapped_app.<locals>.sender at 0x00000197AA576DE0>
          │   │      └ <function BaseHTTPMiddleware.__call__.<locals>.call_next.<locals>.receive_or_disconnect at 0x00000197AA5019E0>
          │   └ {'type': 'http', 'asgi': {'version': '3.0', 'spec_version': '2.3'}, 'http_version': '1.1', 'server': ('127.0.0.1', 9900), 'cl...
          └ <function request_response.<locals>.app at 0x00000197AA577060>
  File "D:\__lybix__\DEVTools\miniconda3\envs\fams\Lib\site-packages\fastapi\routing.py", line 150, in app
    await wrap_app_handling_exceptions(app, request)(scope, receive, send)
          │                            │    │        │      │        └ <function wrap_app_handling_exceptions.<locals>.wrapped_app.<locals>.sender at 0x00000197AA576DE0>
          │                            │    │        │      └ <function BaseHTTPMiddleware.__call__.<locals>.call_next.<locals>.receive_or_disconnect at 0x00000197AA5019E0>
          │                            │    │        └ {'type': 'http', 'asgi': {'version': '3.0', 'spec_version': '2.3'}, 'http_version': '1.1', 'server': ('127.0.0.1', 9900), 'cl...
          │                            │    └ <starlette.requests.Request object at 0x00000197AA631A10>
          │                            └ <function request_response.<locals>.app.<locals>.app at 0x00000197AA576E80>
          └ <function wrap_app_handling_exceptions at 0x00000197A841F100>
  File "D:\__lybix__\DEVTools\miniconda3\envs\fams\Lib\site-packages\starlette\_exception_handler.py", line 53, in wrapped_app
    raise exc
  File "D:\__lybix__\DEVTools\miniconda3\envs\fams\Lib\site-packages\starlette\_exception_handler.py", line 42, in wrapped_app
    await app(scope, receive, sender)
          │   │      │        └ <function wrap_app_handling_exceptions.<locals>.wrapped_app.<locals>.sender at 0x00000197AA577240>
          │   │      └ <function BaseHTTPMiddleware.__call__.<locals>.call_next.<locals>.receive_or_disconnect at 0x00000197AA5019E0>
          │   └ {'type': 'http', 'asgi': {'version': '3.0', 'spec_version': '2.3'}, 'http_version': '1.1', 'server': ('127.0.0.1', 9900), 'cl...
          └ <function request_response.<locals>.app.<locals>.app at 0x00000197AA576E80>
  File "D:\__lybix__\DEVTools\miniconda3\envs\fams\Lib\site-packages\fastapi\routing.py", line 136, in app
    response = await f(request)
                     │ └ <starlette.requests.Request object at 0x00000197AA631A10>
                     └ <function get_request_handler.<locals>.app at 0x00000197AA577100>
  File "D:\__lybix__\DEVTools\miniconda3\envs\fams\Lib\site-packages\fastapi\routing.py", line 690, in app
    raw_response = await run_endpoint_function(
                         └ <function run_endpoint_function at 0x00000197A844EF20>
  File "D:\__lybix__\DEVTools\miniconda3\envs\fams\Lib\site-packages\fastapi\routing.py", line 344, in run_endpoint_function
    return await dependant.call(**values)
                 │         │      └ {'_auth': {'user_id': 1, 'username': 'admin', 'dept_id': 1, 'role_keys': ['admin'], 'exp': 1783956875, 'iat': 1783870475}, 'c...
                 │         └ <function get_diff_report at 0x00000197AA3E16C0>
                 └ Dependant(path_params=[ModelField(field_info=Path(PydanticUndefined), name='task_id', mode='validation', config=None)], query...

  File "D:\__lybix__\_Codes\FAMS-NEPU\platform\server\services\svr_gateway\routes.py", line 956, in get_diff_report
    report = logic.get_diff_report(task_id)
             │     │               └ 8
             │     └ <function CheckLogic.get_diff_report at 0x00000197AA1CC220>
             └ <data.logic.check_logic.CheckLogic object at 0x00000197A9EFD250>

  File "D:\__lybix__\_Codes\FAMS-NEPU\platform\server\data\logic\check_logic.py", line 353, in get_diff_report
    report = self.report_dao.get_by_task(task_id)
             │    │          │           └ 8
             │    │          └ <function CheckDiffReportDAO.get_by_task at 0x00000197AA18F9C0>
             │    └ <data.basic.check_dao.CheckDiffReportDAO object at 0x00000197AA663750>
             └ <data.logic.check_logic.CheckLogic object at 0x00000197A9EFD250>

  File "D:\__lybix__\_Codes\FAMS-NEPU\platform\server\data\basic\check_dao.py", line 262, in get_by_task
    return self._execute_one(sql, {"task_id": task_id})
           │    │            │                └ 8
           │    │            └ 'SELECT report_id, task_id, task_status, task_name, total_items, matched_items, surplus_items, shortage_items,\n             ...
           │    └ <function BaseDAO._execute_one at 0x00000197A870AAC0>
           └ <data.basic.check_dao.CheckDiffReportDAO object at 0x00000197AA663750>

  File "D:\__lybix__\_Codes\FAMS-NEPU\platform\server\data\basic\base_dao.py", line 47, in _execute_one
    rows = self._execute(sql, params)
           │    │        │    └ {'task_id': 8}
           │    │        └ 'SELECT report_id, task_id, task_status, task_name, total_items, matched_items, surplus_items, shortage_items,\n             ...
           │    └ <function BaseDAO._execute at 0x00000197A9DACC20>
           └ <data.basic.check_dao.CheckDiffReportDAO object at 0x00000197AA663750>

  File "D:\__lybix__\_Codes\FAMS-NEPU\platform\server\data\basic\base_dao.py", line 39, in _execute
    result = conn.execute(text(sql), params or {})
             │    │       │    │     └ {'task_id': 8}
             │    │       │    └ 'SELECT report_id, task_id, task_status, task_name, total_items, matched_items, surplus_items, shortage_items,\n             ...
             │    │       └ <function text at 0x00000197A8CF4040>
             │    └ <function Connection.execute at 0x00000197A9D2AD40>
             └ <sqlalchemy.engine.base.Connection object at 0x00000197AA4F3450>

  File "D:\__lybix__\DEVTools\miniconda3\envs\fams\Lib\site-packages\sqlalchemy\engine\base.py", line 1421, in execute
    return meth(
           └ <bound method ClauseElement._execute_on_connection of <sqlalchemy.sql.elements.TextClause object at 0x00000197A9EEBE10>>
  File "D:\__lybix__\DEVTools\miniconda3\envs\fams\Lib\site-packages\sqlalchemy\sql\elements.py", line 526, in _execute_on_connection
    return connection._execute_clauseelement(
           │          └ <function Connection._execute_clauseelement at 0x00000197A9D2B060>
           └ <sqlalchemy.engine.base.Connection object at 0x00000197AA4F3450>
  File "D:\__lybix__\DEVTools\miniconda3\envs\fams\Lib\site-packages\sqlalchemy\engine\base.py", line 1643, in _execute_clauseelement
    ret = self._execute_context(
          │    └ <function Connection._execute_context at 0x00000197A9D2B240>
          └ <sqlalchemy.engine.base.Connection object at 0x00000197AA4F3450>
  File "D:\__lybix__\DEVTools\miniconda3\envs\fams\Lib\site-packages\sqlalchemy\engine\base.py", line 1848, in _execute_context
    return self._exec_single_context(
           │    └ <function Connection._exec_single_context at 0x00000197A9D2B2E0>
           └ <sqlalchemy.engine.base.Connection object at 0x00000197AA4F3450>
  File "D:\__lybix__\DEVTools\miniconda3\envs\fams\Lib\site-packages\sqlalchemy\engine\base.py", line 1988, in _exec_single_context
    self._handle_dbapi_exception(
    │    └ <function Connection._handle_dbapi_exception at 0x00000197A9D2B560>
    └ <sqlalchemy.engine.base.Connection object at 0x00000197AA4F3450>
  File "D:\__lybix__\DEVTools\miniconda3\envs\fams\Lib\site-packages\sqlalchemy\engine\base.py", line 2365, in _handle_dbapi_exception
    raise sqlalchemy_exception.with_traceback(exc_info[2]) from e
          │                    │              │                 └ InternalError(1054, "Unknown column 'task_status' in 'field list'")
          │                    │              └ (<class 'pymysql.err.InternalError'>, InternalError(1054, "Unknown column 'task_status' in 'field list'"), <traceback object ...
          │                    └ <method 'with_traceback' of 'BaseException' objects>
          └ InternalError('(pymysql.err.InternalError) (1054, "Unknown column \'task_status\' in \'field list\'")')
  File "D:\__lybix__\DEVTools\miniconda3\envs\fams\Lib\site-packages\sqlalchemy\engine\base.py", line 1969, in _exec_single_context
    self.dialect.do_execute(
    │    │       └ <function DefaultDialect.do_execute at 0x00000197A9DD6E80>
    │    └ <sqlalchemy.dialects.mysql.pymysql.MySQLDialect_pymysql object at 0x00000197AA7A5150>
    └ <sqlalchemy.engine.base.Connection object at 0x00000197AA4F3450>
  File "D:\__lybix__\DEVTools\miniconda3\envs\fams\Lib\site-packages\sqlalchemy\engine\default.py", line 952, in do_execute
    cursor.execute(statement, parameters)
    │      │       │          └ {'task_id': 8}
    │      │       └ 'SELECT report_id, task_id, task_status, task_name, total_items, matched_items, surplus_items, shortage_items,\n             ...
    │      └ <function Cursor.execute at 0x00000197AA785940>
    └ <pymysql.cursors.Cursor object at 0x00000197AA39BC50>
  File "D:\__lybix__\DEVTools\miniconda3\envs\fams\Lib\site-packages\pymysql\cursors.py", line 170, in execute
    result = self._query(query)
             │    │      └ 'SELECT report_id, task_id, task_status, task_name, total_items, matched_items, surplus_items, shortage_items,\n             ...
             │    └ <function Cursor._query at 0x00000197AA785E40>
             └ <pymysql.cursors.Cursor object at 0x00000197AA39BC50>
  File "D:\__lybix__\DEVTools\miniconda3\envs\fams\Lib\site-packages\pymysql\cursors.py", line 328, in _query
    conn.query(q)
    │    │     └ 'SELECT report_id, task_id, task_status, task_name, total_items, matched_items, surplus_items, shortage_items,\n             ...
    │    └ <function Connection.query at 0x00000197AA7A1A80>
    └ <pymysql.connections.Connection object at 0x00000197AA5D38D0>
  File "D:\__lybix__\DEVTools\miniconda3\envs\fams\Lib\site-packages\pymysql\connections.py", line 517, in query
    self._affected_rows = self._read_query_result(unbuffered=unbuffered)
    │    │                │    │                             └ False
    │    │                │    └ <function Connection._read_query_result at 0x00000197AA7A2160>
    │    │                └ <pymysql.connections.Connection object at 0x00000197AA5D38D0>
    │    └ 1
    └ <pymysql.connections.Connection object at 0x00000197AA5D38D0>
  File "D:\__lybix__\DEVTools\miniconda3\envs\fams\Lib\site-packages\pymysql\connections.py", line 732, in _read_query_result
    result.read()
    │      └ <function MySQLResult.read at 0x00000197AA7A2A20>
    └ <pymysql.connections.MySQLResult object at 0x00000197A9F04750>
  File "D:\__lybix__\DEVTools\miniconda3\envs\fams\Lib\site-packages\pymysql\connections.py", line 1075, in read
    first_packet = self.connection._read_packet()
                   │    └ None
                   └ <pymysql.connections.MySQLResult object at 0x00000197A9F04750>
  File "D:\__lybix__\DEVTools\miniconda3\envs\fams\Lib\site-packages\pymysql\connections.py", line 684, in _read_packet
    packet.check_error()
    │      └ <function MysqlPacket.check_error at 0x00000197AA787F60>
    └ <pymysql.protocol.MysqlPacket object at 0x00000197AA743F40>
  File "D:\__lybix__\DEVTools\miniconda3\envs\fams\Lib\site-packages\pymysql\protocol.py", line 220, in check_error
    err.raise_mysql_exception(self._data)
    │   │                     │    └ <member '_data' of 'MysqlPacket' objects>
    │   │                     └ <pymysql.protocol.MysqlPacket object at 0x00000197AA743F40>
    │   └ <function raise_mysql_exception at 0x00000197AA72F1A0>
    └ <module 'pymysql.err' from 'D:\\__lybix__\\DEVTools\\miniconda3\\envs\\fams\\Lib\\site-packages\\pymysql\\err.py'>
  File "D:\__lybix__\DEVTools\miniconda3\envs\fams\Lib\site-packages\pymysql\err.py", line 109, in raise_mysql_exception
    raise errorclass(errno, errval)
          │          │      └ "Unknown column 'task_status' in 'field list'"
          │          └ 1054
          └ <class 'pymysql.err.InternalError'>

sqlalchemy.exc.InternalError: (pymysql.err.InternalError) (1054, "Unknown column 'task_status' in 'field list'")
[SQL: SELECT report_id, task_id, task_status, task_name, total_items, matched_items, surplus_items, shortage_items,
                     mismatch_items, llm_analysis, create_time
                 FROM check_diff_report
                 WHERE task_id = %(task_id)s]
[parameters: {'task_id': 8}]
(Background on this error at: https://sqlalche.me/e/20/2j85)

Traceback (most recent call last):

  File "D:\__lybix__\DEVTools\miniconda3\envs\fams\Lib\site-packages\sqlalchemy\engine\base.py", line 1969, in _exec_single_context
    self.dialect.do_execute(
    │    │       └ <function DefaultDialect.do_execute at 0x00000197A9DD6E80>
    │    └ <sqlalchemy.dialects.mysql.pymysql.MySQLDialect_pymysql object at 0x00000197AA7A5150>
    └ <sqlalchemy.engine.base.Connection object at 0x00000197AA4F3450>
  File "D:\__lybix__\DEVTools\miniconda3\envs\fams\Lib\site-packages\sqlalchemy\engine\default.py", line 952, in do_execute
    cursor.execute(statement, parameters)
    │      │       │          └ {'task_id': 8}
    │      │       └ 'SELECT report_id, task_id, task_status, task_name, total_items, matched_items, surplus_items, shortage_items,\n             ...
    │      └ <function Cursor.execute at 0x00000197AA785940>
    └ <pymysql.cursors.Cursor object at 0x00000197AA39BC50>
  File "D:\__lybix__\DEVTools\miniconda3\envs\fams\Lib\site-packages\pymysql\cursors.py", line 170, in execute
    result = self._query(query)
             │    │      └ 'SELECT report_id, task_id, task_status, task_name, total_items, matched_items, surplus_items, shortage_items,\n             ...
             │    └ <function Cursor._query at 0x00000197AA785E40>
             └ <pymysql.cursors.Cursor object at 0x00000197AA39BC50>
  File "D:\__lybix__\DEVTools\miniconda3\envs\fams\Lib\site-packages\pymysql\cursors.py", line 328, in _query
    conn.query(q)
    │    │     └ 'SELECT report_id, task_id, task_status, task_name, total_items, matched_items, surplus_items, shortage_items,\n             ...
    │    └ <function Connection.query at 0x00000197AA7A1A80>
    └ <pymysql.connections.Connection object at 0x00000197AA5D38D0>
  File "D:\__lybix__\DEVTools\miniconda3\envs\fams\Lib\site-packages\pymysql\connections.py", line 517, in query
    self._affected_rows = self._read_query_result(unbuffered=unbuffered)
    │    │                │    │                             └ False
    │    │                │    └ <function Connection._read_query_result at 0x00000197AA7A2160>
    │    │                └ <pymysql.connections.Connection object at 0x00000197AA5D38D0>
    │    └ 1
    └ <pymysql.connections.Connection object at 0x00000197AA5D38D0>
  File "D:\__lybix__\DEVTools\miniconda3\envs\fams\Lib\site-packages\pymysql\connections.py", line 732, in _read_query_result
    result.read()
    │      └ <function MySQLResult.read at 0x00000197AA7A2A20>
    └ <pymysql.connections.MySQLResult object at 0x00000197A9F04750>
  File "D:\__lybix__\DEVTools\miniconda3\envs\fams\Lib\site-packages\pymysql\connections.py", line 1075, in read
    first_packet = self.connection._read_packet()
                   │    └ None
                   └ <pymysql.connections.MySQLResult object at 0x00000197A9F04750>
  File "D:\__lybix__\DEVTools\miniconda3\envs\fams\Lib\site-packages\pymysql\connections.py", line 684, in _read_packet
    packet.check_error()
    │      └ <function MysqlPacket.check_error at 0x00000197AA787F60>
    └ <pymysql.protocol.MysqlPacket object at 0x00000197AA743F40>
  File "D:\__lybix__\DEVTools\miniconda3\envs\fams\Lib\site-packages\pymysql\protocol.py", line 220, in check_error
    err.raise_mysql_exception(self._data)
    │   │                     │    └ <member '_data' of 'MysqlPacket' objects>
    │   │                     └ <pymysql.protocol.MysqlPacket object at 0x00000197AA743F40>
    │   └ <function raise_mysql_exception at 0x00000197AA72F1A0>
    └ <module 'pymysql.err' from 'D:\\__lybix__\\DEVTools\\miniconda3\\envs\\fams\\Lib\\site-packages\\pymysql\\err.py'>
  File "D:\__lybix__\DEVTools\miniconda3\envs\fams\Lib\site-packages\pymysql\err.py", line 109, in raise_mysql_exception
    raise errorclass(errno, errval)
          │          │      └ "Unknown column 'task_status' in 'field list'"
          │          └ 1054
          └ <class 'pymysql.err.InternalError'>

pymysql.err.InternalError: (1054, "Unknown column 'task_status' in 'field list'")


The above exception was the direct cause of the following exception:


Traceback (most recent call last):

  File "D:\__lybix__\_Codes\FAMS-NEPU\platform\server\services\svr_gateway\main.py", line 64, in <module>
    uvicorn.run(app, host="0.0.0.0", port=gateway_config.HTTP_PORT)
    │       │   │                         │              └ 9900
    │       │   │                         └ <services.svr_gateway.config.GatewayConfig object at 0x00000197A8519C10>
    │       │   └ <fastapi.applications.FastAPI object at 0x00000197AA45BBD0>
    │       └ <function run at 0x00000197A72EFD80>
    └ <module 'uvicorn' from 'D:\\__lybix__\\DEVTools\\miniconda3\\envs\\fams\\Lib\\site-packages\\uvicorn\\__init__.py'>

  File "D:\__lybix__\DEVTools\miniconda3\envs\fams\Lib\site-packages\uvicorn\main.py", line 621, in run
    server.run()
    │      └ <function Server.run at 0x00000197A7460860>
    └ <uvicorn.server.Server object at 0x00000197A72EB1D0>
  File "D:\__lybix__\DEVTools\miniconda3\envs\fams\Lib\site-packages\uvicorn\server.py", line 74, in run
    return asyncio_run(self.serve(sockets=sockets), loop_factory=self.config.get_loop_factory())
           │           │    │             │                      │    │      └ <function Config.get_loop_factory at 0x00000197A72ED1C0>
           │           │    │             │                      │    └ <uvicorn.config.Config object at 0x00000197AA22A3D0>
           │           │    │             │                      └ <uvicorn.server.Server object at 0x00000197A72EB1D0>
           │           │    │             └ None
           │           │    └ <function Server.serve at 0x00000197A7460900>
           │           └ <uvicorn.server.Server object at 0x00000197A72EB1D0>
           └ <function asyncio_run at 0x00000197A7277740>
  File "D:\__lybix__\DEVTools\miniconda3\envs\fams\Lib\site-packages\uvicorn\_compat.py", line 30, in asyncio_run
    return runner.run(main)
           │      │   └ <coroutine object Server.serve at 0x00000197AA4707C0>
           │      └ <function Runner.run at 0x00000197A6CD3560>
           └ <asyncio.runners.Runner object at 0x00000197AA42B350>
  File "D:\__lybix__\DEVTools\miniconda3\envs\fams\Lib\asyncio\runners.py", line 118, in run
    return self._loop.run_until_complete(task)
           │    │     │                  └ <Task pending name='Task-1' coro=<Server.serve() running at D:\__lybix__\DEVTools\miniconda3\envs\fams\Lib\site-packages\uvic...
           │    │     └ <function BaseEventLoop.run_until_complete at 0x00000197A6CD1120>
           │    └ <ProactorEventLoop running=True closed=False debug=False>
           └ <asyncio.runners.Runner object at 0x00000197AA42B350>
  File "D:\__lybix__\DEVTools\miniconda3\envs\fams\Lib\asyncio\base_events.py", line 637, in run_until_complete
    self.run_forever()
    │    └ <function ProactorEventLoop.run_forever at 0x00000197A6DA8860>
    └ <ProactorEventLoop running=True closed=False debug=False>
  File "D:\__lybix__\DEVTools\miniconda3\envs\fams\Lib\asyncio\windows_events.py", line 321, in run_forever
    super().run_forever()
  File "D:\__lybix__\DEVTools\miniconda3\envs\fams\Lib\asyncio\base_events.py", line 604, in run_forever
    self._run_once()
    │    └ <function BaseEventLoop._run_once at 0x00000197A6CD2E80>
    └ <ProactorEventLoop running=True closed=False debug=False>
  File "D:\__lybix__\DEVTools\miniconda3\envs\fams\Lib\asyncio\base_events.py", line 1909, in _run_once
    handle._run()
    │      └ <function Handle._run at 0x00000197A6C153A0>
    └ <Handle Task.task_wakeup(<Future finished result=None>)>
  File "D:\__lybix__\DEVTools\miniconda3\envs\fams\Lib\asyncio\events.py", line 80, in _run
    self._context.run(self._callback, *self._args)
    │    │            │    │           │    └ <member '_args' of 'Handle' objects>
    │    │            │    │           └ <Handle Task.task_wakeup(<Future finished result=None>)>
    │    │            │    └ <member '_callback' of 'Handle' objects>
    │    │            └ <Handle Task.task_wakeup(<Future finished result=None>)>
    │    └ <member '_context' of 'Handle' objects>
    └ <Handle Task.task_wakeup(<Future finished result=None>)>
  File "D:\__lybix__\DEVTools\miniconda3\envs\fams\Lib\site-packages\uvicorn\protocols\http\httptools_impl.py", line 422, in run_asgi
    result = await app(  # type: ignore[func-returns-value]
                   └ <uvicorn.middleware.proxy_headers.ProxyHeadersMiddleware object at 0x00000197AA466F50>
  File "D:\__lybix__\DEVTools\miniconda3\envs\fams\Lib\site-packages\uvicorn\middleware\proxy_headers.py", line 63, in __call__
    return await self.app(scope, receive, send)
                 │    │   │      │        └ <bound method RequestResponseCycle.send of <uvicorn.protocols.http.httptools_impl.RequestResponseCycle object at 0x00000197AA...
                 │    │   │      └ <bound method RequestResponseCycle.receive of <uvicorn.protocols.http.httptools_impl.RequestResponseCycle object at 0x0000019...
                 │    │   └ {'type': 'http', 'asgi': {'version': '3.0', 'spec_version': '2.3'}, 'http_version': '1.1', 'server': ('127.0.0.1', 9900), 'cl...
                 │    └ <fastapi.applications.FastAPI object at 0x00000197AA45BBD0>
                 └ <uvicorn.middleware.proxy_headers.ProxyHeadersMiddleware object at 0x00000197AA466F50>
  File "D:\__lybix__\DEVTools\miniconda3\envs\fams\Lib\site-packages\fastapi\applications.py", line 1163, in __call__
    await super().__call__(scope, receive, send)
                           │      │        └ <bound method RequestResponseCycle.send of <uvicorn.protocols.http.httptools_impl.RequestResponseCycle object at 0x00000197AA...
                           │      └ <bound method RequestResponseCycle.receive of <uvicorn.protocols.http.httptools_impl.RequestResponseCycle object at 0x0000019...
                           └ {'type': 'http', 'asgi': {'version': '3.0', 'spec_version': '2.3'}, 'http_version': '1.1', 'server': ('127.0.0.1', 9900), 'cl...
  File "D:\__lybix__\DEVTools\miniconda3\envs\fams\Lib\site-packages\starlette\applications.py", line 90, in __call__
    await self.middleware_stack(scope, receive, send)
          │    │                │      │        └ <bound method RequestResponseCycle.send of <uvicorn.protocols.http.httptools_impl.RequestResponseCycle object at 0x00000197AA...
          │    │                │      └ <bound method RequestResponseCycle.receive of <uvicorn.protocols.http.httptools_impl.RequestResponseCycle object at 0x0000019...
          │    │                └ {'type': 'http', 'asgi': {'version': '3.0', 'spec_version': '2.3'}, 'http_version': '1.1', 'server': ('127.0.0.1', 9900), 'cl...
          │    └ <starlette.middleware.errors.ServerErrorMiddleware object at 0x00000197AA464310>
          └ <fastapi.applications.FastAPI object at 0x00000197AA45BBD0>
> File "D:\__lybix__\DEVTools\miniconda3\envs\fams\Lib\site-packages\starlette\middleware\errors.py", line 164, in __call__
    await self.app(scope, receive, _send)
          │    │   │      │        └ <function ServerErrorMiddleware.__call__.<locals>._send at 0x00000197AA5009A0>
          │    │   │      └ <bound method RequestResponseCycle.receive of <uvicorn.protocols.http.httptools_impl.RequestResponseCycle object at 0x0000019...
          │    │   └ {'type': 'http', 'asgi': {'version': '3.0', 'spec_version': '2.3'}, 'http_version': '1.1', 'server': ('127.0.0.1', 9900), 'cl...
          │    └ <starlette.middleware.base.BaseHTTPMiddleware object at 0x00000197AA42B310>
          └ <starlette.middleware.errors.ServerErrorMiddleware object at 0x00000197AA464310>
  File "D:\__lybix__\DEVTools\miniconda3\envs\fams\Lib\contextlib.py", line 222, in __aexit__
    await self.gen.athrow(typ, value, traceback)
          │    │   │      │    │      └ <traceback object at 0x00000197AA7C5040>
          │    │   │      │    └ InternalError('(pymysql.err.InternalError) (1054, "Unknown column \'task_status\' in \'field list\'")')
          │    │   │      └ <class 'sqlalchemy.exc.InternalError'>
          │    │   └ <method 'athrow' of 'async_generator' objects>
          │    └ <async_generator object create_collapsing_task_group at 0x00000197AA4B2540>
          └ <contextlib._AsyncGeneratorContextManager object at 0x00000197AA4F3C90>
  File "D:\__lybix__\DEVTools\miniconda3\envs\fams\Lib\site-packages\starlette\_utils.py", line 93, in create_collapsing_task_group
    raise exc from exc.__cause__ or context
          │        │   │            └ None
          │        │   └ <attribute '__cause__' of 'BaseException' objects>
          │        └ InternalError('(pymysql.err.InternalError) (1054, "Unknown column \'task_status\' in \'field list\'")')
          └ InternalError('(pymysql.err.InternalError) (1054, "Unknown column \'task_status\' in \'field list\'")')
  File "D:\__lybix__\DEVTools\miniconda3\envs\fams\Lib\site-packages\starlette\_utils.py", line 86, in create_collapsing_task_group
    yield tg
          └ <anyio._backends._asyncio.TaskGroup object at 0x00000197AA4F3CD0>
  File "D:\__lybix__\DEVTools\miniconda3\envs\fams\Lib\site-packages\starlette\middleware\base.py", line 193, in __call__
    response = await self.dispatch_func(request, call_next)
                     │    │             │        └ <function BaseHTTPMiddleware.__call__.<locals>.call_next at 0x00000197AA500AE0>
                     │    │             └ <starlette.middleware.base._CachedRequest object at 0x00000197A9EEE850>
                     │    └ <function log_requests at 0x00000197AA456FC0>
                     └ <starlette.middleware.base.BaseHTTPMiddleware object at 0x00000197AA42B310>

  File "D:\__lybix__\_Codes\FAMS-NEPU\platform\server\services\svr_gateway\main.py", line 42, in log_requests
    response = await call_next(request)
                     │         └ <starlette.middleware.base._CachedRequest object at 0x00000197A9EEE850>
                     └ <function BaseHTTPMiddleware.__call__.<locals>.call_next at 0x00000197AA500AE0>

  File "D:\__lybix__\DEVTools\miniconda3\envs\fams\Lib\site-packages\starlette\middleware\base.py", line 168, in call_next
    raise app_exc from app_exc.__cause__ or app_exc.__context__
          │            │       │            │       └ <attribute '__context__' of 'BaseException' objects>
          │            │       │            └ InternalError('(pymysql.err.InternalError) (1054, "Unknown column \'task_status\' in \'field list\'")')
          │            │       └ <attribute '__cause__' of 'BaseException' objects>
          │            └ InternalError('(pymysql.err.InternalError) (1054, "Unknown column \'task_status\' in \'field list\'")')
          └ InternalError('(pymysql.err.InternalError) (1054, "Unknown column \'task_status\' in \'field list\'")')
  File "D:\__lybix__\DEVTools\miniconda3\envs\fams\Lib\site-packages\starlette\middleware\base.py", line 144, in coro
    await self.app(scope, receive_or_disconnect, send_no_error)
          │    │   │      │                      └ <function BaseHTTPMiddleware.__call__.<locals>.call_next.<locals>.send_no_error at 0x00000197AA501BC0>
          │    │   │      └ <function BaseHTTPMiddleware.__call__.<locals>.call_next.<locals>.receive_or_disconnect at 0x00000197AA5019E0>
          │    │   └ {'type': 'http', 'asgi': {'version': '3.0', 'spec_version': '2.3'}, 'http_version': '1.1', 'server': ('127.0.0.1', 9900), 'cl...
          │    └ <starlette.middleware.cors.CORSMiddleware object at 0x00000197A9F10650>
          └ <starlette.middleware.base.BaseHTTPMiddleware object at 0x00000197AA42B310>
  File "D:\__lybix__\DEVTools\miniconda3\envs\fams\Lib\site-packages\starlette\middleware\cors.py", line 88, in __call__
    await self.app(scope, receive, send)
          │    │   │      │        └ <function BaseHTTPMiddleware.__call__.<locals>.call_next.<locals>.send_no_error at 0x00000197AA501BC0>
          │    │   │      └ <function BaseHTTPMiddleware.__call__.<locals>.call_next.<locals>.receive_or_disconnect at 0x00000197AA5019E0>
          │    │   └ {'type': 'http', 'asgi': {'version': '3.0', 'spec_version': '2.3'}, 'http_version': '1.1', 'server': ('127.0.0.1', 9900), 'cl...
          │    └ <starlette.middleware.exceptions.ExceptionMiddleware object at 0x00000197A874D990>
          └ <starlette.middleware.cors.CORSMiddleware object at 0x00000197A9F10650>
  File "D:\__lybix__\DEVTools\miniconda3\envs\fams\Lib\site-packages\starlette\middleware\exceptions.py", line 63, in __call__
    await wrap_app_handling_exceptions(self.app, conn)(scope, receive, send)
          │                            │    │    │     │      │        └ <function BaseHTTPMiddleware.__call__.<locals>.call_next.<locals>.send_no_error at 0x00000197AA501BC0>
          │                            │    │    │     │      └ <function BaseHTTPMiddleware.__call__.<locals>.call_next.<locals>.receive_or_disconnect at 0x00000197AA5019E0>
          │                            │    │    │     └ {'type': 'http', 'asgi': {'version': '3.0', 'spec_version': '2.3'}, 'http_version': '1.1', 'server': ('127.0.0.1', 9900), 'cl...
          │                            │    │    └ <starlette.requests.Request object at 0x00000197AA527850>
          │                            │    └ <fastapi.middleware.asyncexitstack.AsyncExitStackMiddleware object at 0x00000197A9EEBD50>
          │                            └ <starlette.middleware.exceptions.ExceptionMiddleware object at 0x00000197A874D990>
          └ <function wrap_app_handling_exceptions at 0x00000197A841F100>
  File "D:\__lybix__\DEVTools\miniconda3\envs\fams\Lib\site-packages\starlette\_exception_handler.py", line 53, in wrapped_app
    raise exc
  File "D:\__lybix__\DEVTools\miniconda3\envs\fams\Lib\site-packages\starlette\_exception_handler.py", line 42, in wrapped_app
    await app(scope, receive, sender)
          │   │      │        └ <function wrap_app_handling_exceptions.<locals>.wrapped_app.<locals>.sender at 0x00000197AA576DE0>
          │   │      └ <function BaseHTTPMiddleware.__call__.<locals>.call_next.<locals>.receive_or_disconnect at 0x00000197AA5019E0>
          │   └ {'type': 'http', 'asgi': {'version': '3.0', 'spec_version': '2.3'}, 'http_version': '1.1', 'server': ('127.0.0.1', 9900), 'cl...
          └ <fastapi.middleware.asyncexitstack.AsyncExitStackMiddleware object at 0x00000197A9EEBD50>
  File "D:\__lybix__\DEVTools\miniconda3\envs\fams\Lib\site-packages\fastapi\middleware\asyncexitstack.py", line 18, in __call__
    await self.app(scope, receive, send)
          │    │   │      │        └ <function wrap_app_handling_exceptions.<locals>.wrapped_app.<locals>.sender at 0x00000197AA576DE0>
          │    │   │      └ <function BaseHTTPMiddleware.__call__.<locals>.call_next.<locals>.receive_or_disconnect at 0x00000197AA5019E0>
          │    │   └ {'type': 'http', 'asgi': {'version': '3.0', 'spec_version': '2.3'}, 'http_version': '1.1', 'server': ('127.0.0.1', 9900), 'cl...
          │    └ <fastapi.routing.APIRouter object at 0x00000197AA45BD90>
          └ <fastapi.middleware.asyncexitstack.AsyncExitStackMiddleware object at 0x00000197A9EEBD50>
  File "D:\__lybix__\DEVTools\miniconda3\envs\fams\Lib\site-packages\starlette\routing.py", line 660, in __call__
    await self.middleware_stack(scope, receive, send)
          │    │                │      │        └ <function wrap_app_handling_exceptions.<locals>.wrapped_app.<locals>.sender at 0x00000197AA576DE0>
          │    │                │      └ <function BaseHTTPMiddleware.__call__.<locals>.call_next.<locals>.receive_or_disconnect at 0x00000197AA5019E0>
          │    │                └ {'type': 'http', 'asgi': {'version': '3.0', 'spec_version': '2.3'}, 'http_version': '1.1', 'server': ('127.0.0.1', 9900), 'cl...
          │    └ <bound method APIRouter.app of <fastapi.routing.APIRouter object at 0x00000197AA45BD90>>
          └ <fastapi.routing.APIRouter object at 0x00000197AA45BD90>
  File "D:\__lybix__\DEVTools\miniconda3\envs\fams\Lib\site-packages\fastapi\routing.py", line 2683, in app
    await route.handle(scope, receive, send)
          │     │      │      │        └ <function wrap_app_handling_exceptions.<locals>.wrapped_app.<locals>.sender at 0x00000197AA576DE0>
          │     │      │      └ <function BaseHTTPMiddleware.__call__.<locals>.call_next.<locals>.receive_or_disconnect at 0x00000197AA5019E0>
          │     │      └ {'type': 'http', 'asgi': {'version': '3.0', 'spec_version': '2.3'}, 'http_version': '1.1', 'server': ('127.0.0.1', 9900), 'cl...
          │     └ <function _IncludedRouter.handle at 0x00000197A8461BC0>
          └ _IncludedRouter(original_router=<fastapi.routing.APIRouter object at 0x00000197A8713150>, include_context=_RouterIncludeConte...
  File "D:\__lybix__\DEVTools\miniconda3\envs\fams\Lib\site-packages\fastapi\routing.py", line 1753, in handle
    await self.original_router.handle(scope, receive, send)
          │    │               │      │      │        └ <function wrap_app_handling_exceptions.<locals>.wrapped_app.<locals>.sender at 0x00000197AA576DE0>
          │    │               │      │      └ <function BaseHTTPMiddleware.__call__.<locals>.call_next.<locals>.receive_or_disconnect at 0x00000197AA5019E0>
          │    │               │      └ {'type': 'http', 'asgi': {'version': '3.0', 'spec_version': '2.3'}, 'http_version': '1.1', 'server': ('127.0.0.1', 9900), 'cl...
          │    │               └ <function APIRouter.handle at 0x00000197A8463BA0>
          │    └ <fastapi.routing.APIRouter object at 0x00000197A8713150>
          └ _IncludedRouter(original_router=<fastapi.routing.APIRouter object at 0x00000197A8713150>, include_context=_RouterIncludeConte...
  File "D:\__lybix__\DEVTools\miniconda3\envs\fams\Lib\site-packages\fastapi\routing.py", line 2738, in handle
    await included_router._handle_selected(scope, receive, send)
          │               │                │      │        └ <function wrap_app_handling_exceptions.<locals>.wrapped_app.<locals>.sender at 0x00000197AA576DE0>
          │               │                │      └ <function BaseHTTPMiddleware.__call__.<locals>.call_next.<locals>.receive_or_disconnect at 0x00000197AA5019E0>
          │               │                └ {'type': 'http', 'asgi': {'version': '3.0', 'spec_version': '2.3'}, 'http_version': '1.1', 'server': ('127.0.0.1', 9900), 'cl...
          │               └ <function _IncludedRouter._handle_selected at 0x00000197A8461C60>
          └ _IncludedRouter(original_router=<fastapi.routing.APIRouter object at 0x00000197A8713150>, include_context=_RouterIncludeConte...
  File "D:\__lybix__\DEVTools\miniconda3\envs\fams\Lib\site-packages\fastapi\routing.py", line 1773, in _handle_selected
    await original_route.handle(scope, receive, send)
          │              │      │      │        └ <function wrap_app_handling_exceptions.<locals>.wrapped_app.<locals>.sender at 0x00000197AA576DE0>
          │              │      │      └ <function BaseHTTPMiddleware.__call__.<locals>.call_next.<locals>.receive_or_disconnect at 0x00000197AA5019E0>
          │              │      └ {'type': 'http', 'asgi': {'version': '3.0', 'spec_version': '2.3'}, 'http_version': '1.1', 'server': ('127.0.0.1', 9900), 'cl...
          │              └ <function APIRoute.handle at 0x00000197A844FCE0>
          └ APIRoute(path='/api/check/diff/{task_id}', name='get_diff_report', methods=['GET'])
  File "D:\__lybix__\DEVTools\miniconda3\envs\fams\Lib\site-packages\fastapi\routing.py", line 1264, in handle
    await app(scope, receive, send)
          │   │      │        └ <function wrap_app_handling_exceptions.<locals>.wrapped_app.<locals>.sender at 0x00000197AA576DE0>
          │   │      └ <function BaseHTTPMiddleware.__call__.<locals>.call_next.<locals>.receive_or_disconnect at 0x00000197AA5019E0>
          │   └ {'type': 'http', 'asgi': {'version': '3.0', 'spec_version': '2.3'}, 'http_version': '1.1', 'server': ('127.0.0.1', 9900), 'cl...
          └ <function request_response.<locals>.app at 0x00000197AA577060>
  File "D:\__lybix__\DEVTools\miniconda3\envs\fams\Lib\site-packages\fastapi\routing.py", line 150, in app
    await wrap_app_handling_exceptions(app, request)(scope, receive, send)
          │                            │    │        │      │        └ <function wrap_app_handling_exceptions.<locals>.wrapped_app.<locals>.sender at 0x00000197AA576DE0>
          │                            │    │        │      └ <function BaseHTTPMiddleware.__call__.<locals>.call_next.<locals>.receive_or_disconnect at 0x00000197AA5019E0>
          │                            │    │        └ {'type': 'http', 'asgi': {'version': '3.0', 'spec_version': '2.3'}, 'http_version': '1.1', 'server': ('127.0.0.1', 9900), 'cl...
          │                            │    └ <starlette.requests.Request object at 0x00000197AA631A10>
          │                            └ <function request_response.<locals>.app.<locals>.app at 0x00000197AA576E80>
          └ <function wrap_app_handling_exceptions at 0x00000197A841F100>
  File "D:\__lybix__\DEVTools\miniconda3\envs\fams\Lib\site-packages\starlette\_exception_handler.py", line 53, in wrapped_app
    raise exc
  File "D:\__lybix__\DEVTools\miniconda3\envs\fams\Lib\site-packages\starlette\_exception_handler.py", line 42, in wrapped_app
    await app(scope, receive, sender)
          │   │      │        └ <function wrap_app_handling_exceptions.<locals>.wrapped_app.<locals>.sender at 0x00000197AA577240>
          │   │      └ <function BaseHTTPMiddleware.__call__.<locals>.call_next.<locals>.receive_or_disconnect at 0x00000197AA5019E0>
          │   └ {'type': 'http', 'asgi': {'version': '3.0', 'spec_version': '2.3'}, 'http_version': '1.1', 'server': ('127.0.0.1', 9900), 'cl...
          └ <function request_response.<locals>.app.<locals>.app at 0x00000197AA576E80>
  File "D:\__lybix__\DEVTools\miniconda3\envs\fams\Lib\site-packages\fastapi\routing.py", line 136, in app
    response = await f(request)
                     │ └ <starlette.requests.Request object at 0x00000197AA631A10>
                     └ <function get_request_handler.<locals>.app at 0x00000197AA577100>
  File "D:\__lybix__\DEVTools\miniconda3\envs\fams\Lib\site-packages\fastapi\routing.py", line 690, in app
    raw_response = await run_endpoint_function(
                         └ <function run_endpoint_function at 0x00000197A844EF20>
  File "D:\__lybix__\DEVTools\miniconda3\envs\fams\Lib\site-packages\fastapi\routing.py", line 344, in run_endpoint_function
    return await dependant.call(**values)
                 │         │      └ {'_auth': {'user_id': 1, 'username': 'admin', 'dept_id': 1, 'role_keys': ['admin'], 'exp': 1783956875, 'iat': 1783870475}, 'c...
                 │         └ <function get_diff_report at 0x00000197AA3E16C0>
                 └ Dependant(path_params=[ModelField(field_info=Path(PydanticUndefined), name='task_id', mode='validation', config=None)], query...

  File "D:\__lybix__\_Codes\FAMS-NEPU\platform\server\services\svr_gateway\routes.py", line 956, in get_diff_report
    report = logic.get_diff_report(task_id)
             │     │               └ 8
             │     └ <function CheckLogic.get_diff_report at 0x00000197AA1CC220>
             └ <data.logic.check_logic.CheckLogic object at 0x00000197A9EFD250>

  File "D:\__lybix__\_Codes\FAMS-NEPU\platform\server\data\logic\check_logic.py", line 353, in get_diff_report
    report = self.report_dao.get_by_task(task_id)
             │    │          │           └ 8
             │    │          └ <function CheckDiffReportDAO.get_by_task at 0x00000197AA18F9C0>
             │    └ <data.basic.check_dao.CheckDiffReportDAO object at 0x00000197AA663750>
             └ <data.logic.check_logic.CheckLogic object at 0x00000197A9EFD250>

  File "D:\__lybix__\_Codes\FAMS-NEPU\platform\server\data\basic\check_dao.py", line 262, in get_by_task
    return self._execute_one(sql, {"task_id": task_id})
           │    │            │                └ 8
           │    │            └ 'SELECT report_id, task_id, task_status, task_name, total_items, matched_items, surplus_items, shortage_items,\n             ...
           │    └ <function BaseDAO._execute_one at 0x00000197A870AAC0>
           └ <data.basic.check_dao.CheckDiffReportDAO object at 0x00000197AA663750>

  File "D:\__lybix__\_Codes\FAMS-NEPU\platform\server\data\basic\base_dao.py", line 47, in _execute_one
    rows = self._execute(sql, params)
           │    │        │    └ {'task_id': 8}
           │    │        └ 'SELECT report_id, task_id, task_status, task_name, total_items, matched_items, surplus_items, shortage_items,\n             ...
           │    └ <function BaseDAO._execute at 0x00000197A9DACC20>
           └ <data.basic.check_dao.CheckDiffReportDAO object at 0x00000197AA663750>

  File "D:\__lybix__\_Codes\FAMS-NEPU\platform\server\data\basic\base_dao.py", line 39, in _execute
    result = conn.execute(text(sql), params or {})
             │    │       │    │     └ {'task_id': 8}
             │    │       │    └ 'SELECT report_id, task_id, task_status, task_name, total_items, matched_items, surplus_items, shortage_items,\n             ...
             │    │       └ <function text at 0x00000197A8CF4040>
             │    └ <function Connection.execute at 0x00000197A9D2AD40>
             └ <sqlalchemy.engine.base.Connection object at 0x00000197AA4F3450>

  File "D:\__lybix__\DEVTools\miniconda3\envs\fams\Lib\site-packages\sqlalchemy\engine\base.py", line 1421, in execute
    return meth(
           └ <bound method ClauseElement._execute_on_connection of <sqlalchemy.sql.elements.TextClause object at 0x00000197A9EEBE10>>
  File "D:\__lybix__\DEVTools\miniconda3\envs\fams\Lib\site-packages\sqlalchemy\sql\elements.py", line 526, in _execute_on_connection
    return connection._execute_clauseelement(
           │          └ <function Connection._execute_clauseelement at 0x00000197A9D2B060>
           └ <sqlalchemy.engine.base.Connection object at 0x00000197AA4F3450>
  File "D:\__lybix__\DEVTools\miniconda3\envs\fams\Lib\site-packages\sqlalchemy\engine\base.py", line 1643, in _execute_clauseelement
    ret = self._execute_context(
          │    └ <function Connection._execute_context at 0x00000197A9D2B240>
          └ <sqlalchemy.engine.base.Connection object at 0x00000197AA4F3450>
  File "D:\__lybix__\DEVTools\miniconda3\envs\fams\Lib\site-packages\sqlalchemy\engine\base.py", line 1848, in _execute_context
    return self._exec_single_context(
           │    └ <function Connection._exec_single_context at 0x00000197A9D2B2E0>
           └ <sqlalchemy.engine.base.Connection object at 0x00000197AA4F3450>
  File "D:\__lybix__\DEVTools\miniconda3\envs\fams\Lib\site-packages\sqlalchemy\engine\base.py", line 1988, in _exec_single_context
    self._handle_dbapi_exception(
    │    └ <function Connection._handle_dbapi_exception at 0x00000197A9D2B560>
    └ <sqlalchemy.engine.base.Connection object at 0x00000197AA4F3450>
  File "D:\__lybix__\DEVTools\miniconda3\envs\fams\Lib\site-packages\sqlalchemy\engine\base.py", line 2365, in _handle_dbapi_exception
    raise sqlalchemy_exception.with_traceback(exc_info[2]) from e
          │                    │              │                 └ InternalError(1054, "Unknown column 'task_status' in 'field list'")
          │                    │              └ (<class 'pymysql.err.InternalError'>, InternalError(1054, "Unknown column 'task_status' in 'field list'"), <traceback object ...
          │                    └ <method 'with_traceback' of 'BaseException' objects>
          └ InternalError('(pymysql.err.InternalError) (1054, "Unknown column \'task_status\' in \'field list\'")')
  File "D:\__lybix__\DEVTools\miniconda3\envs\fams\Lib\site-packages\sqlalchemy\engine\base.py", line 1969, in _exec_single_context
    self.dialect.do_execute(
    │    │       └ <function DefaultDialect.do_execute at 0x00000197A9DD6E80>
    │    └ <sqlalchemy.dialects.mysql.pymysql.MySQLDialect_pymysql object at 0x00000197AA7A5150>
    └ <sqlalchemy.engine.base.Connection object at 0x00000197AA4F3450>
  File "D:\__lybix__\DEVTools\miniconda3\envs\fams\Lib\site-packages\sqlalchemy\engine\default.py", line 952, in do_execute
    cursor.execute(statement, parameters)
    │      │       │          └ {'task_id': 8}
    │      │       └ 'SELECT report_id, task_id, task_status, task_name, total_items, matched_items, surplus_items, shortage_items,\n             ...
    │      └ <function Cursor.execute at 0x00000197AA785940>
    └ <pymysql.cursors.Cursor object at 0x00000197AA39BC50>
  File "D:\__lybix__\DEVTools\miniconda3\envs\fams\Lib\site-packages\pymysql\cursors.py", line 170, in execute
    result = self._query(query)
             │    │      └ 'SELECT report_id, task_id, task_status, task_name, total_items, matched_items, surplus_items, shortage_items,\n             ...
             │    └ <function Cursor._query at 0x00000197AA785E40>
             └ <pymysql.cursors.Cursor object at 0x00000197AA39BC50>
  File "D:\__lybix__\DEVTools\miniconda3\envs\fams\Lib\site-packages\pymysql\cursors.py", line 328, in _query
    conn.query(q)
    │    │     └ 'SELECT report_id, task_id, task_status, task_name, total_items, matched_items, surplus_items, shortage_items,\n             ...
    │    └ <function Connection.query at 0x00000197AA7A1A80>
    └ <pymysql.connections.Connection object at 0x00000197AA5D38D0>
  File "D:\__lybix__\DEVTools\miniconda3\envs\fams\Lib\site-packages\pymysql\connections.py", line 517, in query
    self._affected_rows = self._read_query_result(unbuffered=unbuffered)
    │    │                │    │                             └ False
    │    │                │    └ <function Connection._read_query_result at 0x00000197AA7A2160>
    │    │                └ <pymysql.connections.Connection object at 0x00000197AA5D38D0>
    │    └ 1
    └ <pymysql.connections.Connection object at 0x00000197AA5D38D0>
  File "D:\__lybix__\DEVTools\miniconda3\envs\fams\Lib\site-packages\pymysql\connections.py", line 732, in _read_query_result
    result.read()
    │      └ <function MySQLResult.read at 0x00000197AA7A2A20>
    └ <pymysql.connections.MySQLResult object at 0x00000197A9F04750>
  File "D:\__lybix__\DEVTools\miniconda3\envs\fams\Lib\site-packages\pymysql\connections.py", line 1075, in read
    first_packet = self.connection._read_packet()
                   │    └ None
                   └ <pymysql.connections.MySQLResult object at 0x00000197A9F04750>
  File "D:\__lybix__\DEVTools\miniconda3\envs\fams\Lib\site-packages\pymysql\connections.py", line 684, in _read_packet
    packet.check_error()
    │      └ <function MysqlPacket.check_error at 0x00000197AA787F60>
    └ <pymysql.protocol.MysqlPacket object at 0x00000197AA743F40>
  File "D:\__lybix__\DEVTools\miniconda3\envs\fams\Lib\site-packages\pymysql\protocol.py", line 220, in check_error
    err.raise_mysql_exception(self._data)
    │   │                     │    └ <member '_data' of 'MysqlPacket' objects>
    │   │                     └ <pymysql.protocol.MysqlPacket object at 0x00000197AA743F40>
    │   └ <function raise_mysql_exception at 0x00000197AA72F1A0>
    └ <module 'pymysql.err' from 'D:\\__lybix__\\DEVTools\\miniconda3\\envs\\fams\\Lib\\site-packages\\pymysql\\err.py'>
  File "D:\__lybix__\DEVTools\miniconda3\envs\fams\Lib\site-packages\pymysql\err.py", line 109, in raise_mysql_exception
    raise errorclass(errno, errval)
          │          │      └ "Unknown column 'task_status' in 'field list'"
          │          └ 1054
          └ <class 'pymysql.err.InternalError'>

sqlalchemy.exc.InternalError: (pymysql.err.InternalError) (1054, "Unknown column 'task_status' in 'field list'")
[SQL: SELECT report_id, task_id, task_status, task_name, total_items, matched_items, surplus_items, shortage_items,
                     mismatch_items, llm_analysis, create_time
                 FROM check_diff_report
                 WHERE task_id = %(task_id)s]
[parameters: {'task_id': 8}]
(Background on this error at: https://sqlalche.me/e/20/2j85)
2026-07-13 08:09:43.230 | ERROR    | __main__:global_exception_handler:50 - Unhandled exception on GET /api/check/diff/8
Traceback (most recent call last):

  File "D:\__lybix__\DEVTools\miniconda3\envs\fams\Lib\site-packages\sqlalchemy\engine\base.py", line 1969, in _exec_single_context
    self.dialect.do_execute(
    │    │       └ <function DefaultDialect.do_execute at 0x00000197A9DD6E80>
    │    └ <sqlalchemy.dialects.mysql.pymysql.MySQLDialect_pymysql object at 0x00000197AA7A5150>
    └ <sqlalchemy.engine.base.Connection object at 0x00000197AAAC98D0>
  File "D:\__lybix__\DEVTools\miniconda3\envs\fams\Lib\site-packages\sqlalchemy\engine\default.py", line 952, in do_execute
    cursor.execute(statement, parameters)
    │      │       │          └ {'task_id': 8}
    │      │       └ 'SELECT report_id, task_id, task_status, task_name, total_items, matched_items, surplus_items, shortage_items,\n             ...
    │      └ <function Cursor.execute at 0x00000197AA785940>
    └ <pymysql.cursors.Cursor object at 0x00000197AAAC9950>
  File "D:\__lybix__\DEVTools\miniconda3\envs\fams\Lib\site-packages\pymysql\cursors.py", line 170, in execute
    result = self._query(query)
             │    │      └ 'SELECT report_id, task_id, task_status, task_name, total_items, matched_items, surplus_items, shortage_items,\n             ...
             │    └ <function Cursor._query at 0x00000197AA785E40>
             └ <pymysql.cursors.Cursor object at 0x00000197AAAC9950>
  File "D:\__lybix__\DEVTools\miniconda3\envs\fams\Lib\site-packages\pymysql\cursors.py", line 328, in _query
    conn.query(q)
    │    │     └ 'SELECT report_id, task_id, task_status, task_name, total_items, matched_items, surplus_items, shortage_items,\n             ...
    │    └ <function Connection.query at 0x00000197AA7A1A80>
    └ <pymysql.connections.Connection object at 0x00000197AA5D38D0>
  File "D:\__lybix__\DEVTools\miniconda3\envs\fams\Lib\site-packages\pymysql\connections.py", line 517, in query
    self._affected_rows = self._read_query_result(unbuffered=unbuffered)
    │    │                │    │                             └ False
    │    │                │    └ <function Connection._read_query_result at 0x00000197AA7A2160>
    │    │                └ <pymysql.connections.Connection object at 0x00000197AA5D38D0>
    │    └ 1
    └ <pymysql.connections.Connection object at 0x00000197AA5D38D0>
  File "D:\__lybix__\DEVTools\miniconda3\envs\fams\Lib\site-packages\pymysql\connections.py", line 732, in _read_query_result
    result.read()
    │      └ <function MySQLResult.read at 0x00000197AA7A2A20>
    └ <pymysql.connections.MySQLResult object at 0x00000197AAAC8C90>
  File "D:\__lybix__\DEVTools\miniconda3\envs\fams\Lib\site-packages\pymysql\connections.py", line 1075, in read
    first_packet = self.connection._read_packet()
                   │    └ None
                   └ <pymysql.connections.MySQLResult object at 0x00000197AAAC8C90>
  File "D:\__lybix__\DEVTools\miniconda3\envs\fams\Lib\site-packages\pymysql\connections.py", line 684, in _read_packet
    packet.check_error()
    │      └ <function MysqlPacket.check_error at 0x00000197AA787F60>
    └ <pymysql.protocol.MysqlPacket object at 0x00000197AAAAB3D0>
  File "D:\__lybix__\DEVTools\miniconda3\envs\fams\Lib\site-packages\pymysql\protocol.py", line 220, in check_error
    err.raise_mysql_exception(self._data)
    │   │                     │    └ <member '_data' of 'MysqlPacket' objects>
    │   │                     └ <pymysql.protocol.MysqlPacket object at 0x00000197AAAAB3D0>
    │   └ <function raise_mysql_exception at 0x00000197AA72F1A0>
    └ <module 'pymysql.err' from 'D:\\__lybix__\\DEVTools\\miniconda3\\envs\\fams\\Lib\\site-packages\\pymysql\\err.py'>
  File "D:\__lybix__\DEVTools\miniconda3\envs\fams\Lib\site-packages\pymysql\err.py", line 109, in raise_mysql_exception
    raise errorclass(errno, errval)
          │          │      └ "Unknown column 'task_status' in 'field list'"
          │          └ 1054
          └ <class 'pymysql.err.InternalError'>

pymysql.err.InternalError: (1054, "Unknown column 'task_status' in 'field list'")


The above exception was the direct cause of the following exception:


Traceback (most recent call last):

  File "D:\__lybix__\_Codes\FAMS-NEPU\platform\server\services\svr_gateway\main.py", line 64, in <module>
    uvicorn.run(app, host="0.0.0.0", port=gateway_config.HTTP_PORT)
    │       │   │                         │              └ 9900
    │       │   │                         └ <services.svr_gateway.config.GatewayConfig object at 0x00000197A8519C10>
    │       │   └ <fastapi.applications.FastAPI object at 0x00000197AA45BBD0>
    │       └ <function run at 0x00000197A72EFD80>
    └ <module 'uvicorn' from 'D:\\__lybix__\\DEVTools\\miniconda3\\envs\\fams\\Lib\\site-packages\\uvicorn\\__init__.py'>

  File "D:\__lybix__\DEVTools\miniconda3\envs\fams\Lib\site-packages\uvicorn\main.py", line 621, in run
    server.run()
    │      └ <function Server.run at 0x00000197A7460860>
    └ <uvicorn.server.Server object at 0x00000197A72EB1D0>
  File "D:\__lybix__\DEVTools\miniconda3\envs\fams\Lib\site-packages\uvicorn\server.py", line 74, in run
    return asyncio_run(self.serve(sockets=sockets), loop_factory=self.config.get_loop_factory())
           │           │    │             │                      │    │      └ <function Config.get_loop_factory at 0x00000197A72ED1C0>
           │           │    │             │                      │    └ <uvicorn.config.Config object at 0x00000197AA22A3D0>
           │           │    │             │                      └ <uvicorn.server.Server object at 0x00000197A72EB1D0>
           │           │    │             └ None
           │           │    └ <function Server.serve at 0x00000197A7460900>
           │           └ <uvicorn.server.Server object at 0x00000197A72EB1D0>
           └ <function asyncio_run at 0x00000197A7277740>
  File "D:\__lybix__\DEVTools\miniconda3\envs\fams\Lib\site-packages\uvicorn\_compat.py", line 30, in asyncio_run
    return runner.run(main)
           │      │   └ <coroutine object Server.serve at 0x00000197AA4707C0>
           │      └ <function Runner.run at 0x00000197A6CD3560>
           └ <asyncio.runners.Runner object at 0x00000197AA42B350>
  File "D:\__lybix__\DEVTools\miniconda3\envs\fams\Lib\asyncio\runners.py", line 118, in run
    return self._loop.run_until_complete(task)
           │    │     │                  └ <Task pending name='Task-1' coro=<Server.serve() running at D:\__lybix__\DEVTools\miniconda3\envs\fams\Lib\site-packages\uvic...
           │    │     └ <function BaseEventLoop.run_until_complete at 0x00000197A6CD1120>
           │    └ <ProactorEventLoop running=True closed=False debug=False>
           └ <asyncio.runners.Runner object at 0x00000197AA42B350>
  File "D:\__lybix__\DEVTools\miniconda3\envs\fams\Lib\asyncio\base_events.py", line 637, in run_until_complete
    self.run_forever()
    │    └ <function ProactorEventLoop.run_forever at 0x00000197A6DA8860>
    └ <ProactorEventLoop running=True closed=False debug=False>
  File "D:\__lybix__\DEVTools\miniconda3\envs\fams\Lib\asyncio\windows_events.py", line 321, in run_forever
    super().run_forever()
  File "D:\__lybix__\DEVTools\miniconda3\envs\fams\Lib\asyncio\base_events.py", line 604, in run_forever
    self._run_once()
    │    └ <function BaseEventLoop._run_once at 0x00000197A6CD2E80>
    └ <ProactorEventLoop running=True closed=False debug=False>
  File "D:\__lybix__\DEVTools\miniconda3\envs\fams\Lib\asyncio\base_events.py", line 1909, in _run_once
    handle._run()
    │      └ <function Handle._run at 0x00000197A6C153A0>
    └ <Handle Task.task_wakeup(<Future finished result=None>)>
  File "D:\__lybix__\DEVTools\miniconda3\envs\fams\Lib\asyncio\events.py", line 80, in _run
    self._context.run(self._callback, *self._args)
    │    │            │    │           │    └ <member '_args' of 'Handle' objects>
    │    │            │    │           └ <Handle Task.task_wakeup(<Future finished result=None>)>
    │    │            │    └ <member '_callback' of 'Handle' objects>
    │    │            └ <Handle Task.task_wakeup(<Future finished result=None>)>
    │    └ <member '_context' of 'Handle' objects>
    └ <Handle Task.task_wakeup(<Future finished result=None>)>
  File "D:\__lybix__\DEVTools\miniconda3\envs\fams\Lib\site-packages\uvicorn\protocols\http\httptools_impl.py", line 422, in run_asgi
    result = await app(  # type: ignore[func-returns-value]
                   └ <uvicorn.middleware.proxy_headers.ProxyHeadersMiddleware object at 0x00000197AA466F50>
  File "D:\__lybix__\DEVTools\miniconda3\envs\fams\Lib\site-packages\uvicorn\middleware\proxy_headers.py", line 63, in __call__
    return await self.app(scope, receive, send)
                 │    │   │      │        └ <bound method RequestResponseCycle.send of <uvicorn.protocols.http.httptools_impl.RequestResponseCycle object at 0x00000197AA...
                 │    │   │      └ <bound method RequestResponseCycle.receive of <uvicorn.protocols.http.httptools_impl.RequestResponseCycle object at 0x0000019...
                 │    │   └ {'type': 'http', 'asgi': {'version': '3.0', 'spec_version': '2.3'}, 'http_version': '1.1', 'server': ('127.0.0.1', 9900), 'cl...
                 │    └ <fastapi.applications.FastAPI object at 0x00000197AA45BBD0>
                 └ <uvicorn.middleware.proxy_headers.ProxyHeadersMiddleware object at 0x00000197AA466F50>
  File "D:\__lybix__\DEVTools\miniconda3\envs\fams\Lib\site-packages\fastapi\applications.py", line 1163, in __call__
    await super().__call__(scope, receive, send)
                           │      │        └ <bound method RequestResponseCycle.send of <uvicorn.protocols.http.httptools_impl.RequestResponseCycle object at 0x00000197AA...
                           │      └ <bound method RequestResponseCycle.receive of <uvicorn.protocols.http.httptools_impl.RequestResponseCycle object at 0x0000019...
                           └ {'type': 'http', 'asgi': {'version': '3.0', 'spec_version': '2.3'}, 'http_version': '1.1', 'server': ('127.0.0.1', 9900), 'cl...
  File "D:\__lybix__\DEVTools\miniconda3\envs\fams\Lib\site-packages\starlette\applications.py", line 90, in __call__
    await self.middleware_stack(scope, receive, send)
          │    │                │      │        └ <bound method RequestResponseCycle.send of <uvicorn.protocols.http.httptools_impl.RequestResponseCycle object at 0x00000197AA...
          │    │                │      └ <bound method RequestResponseCycle.receive of <uvicorn.protocols.http.httptools_impl.RequestResponseCycle object at 0x0000019...
          │    │                └ {'type': 'http', 'asgi': {'version': '3.0', 'spec_version': '2.3'}, 'http_version': '1.1', 'server': ('127.0.0.1', 9900), 'cl...
          │    └ <starlette.middleware.errors.ServerErrorMiddleware object at 0x00000197AA464310>
          └ <fastapi.applications.FastAPI object at 0x00000197AA45BBD0>
> File "D:\__lybix__\DEVTools\miniconda3\envs\fams\Lib\site-packages\starlette\middleware\errors.py", line 164, in __call__
    await self.app(scope, receive, _send)
          │    │   │      │        └ <function ServerErrorMiddleware.__call__.<locals>._send at 0x00000197AA7ABBA0>
          │    │   │      └ <bound method RequestResponseCycle.receive of <uvicorn.protocols.http.httptools_impl.RequestResponseCycle object at 0x0000019...
          │    │   └ {'type': 'http', 'asgi': {'version': '3.0', 'spec_version': '2.3'}, 'http_version': '1.1', 'server': ('127.0.0.1', 9900), 'cl...
          │    └ <starlette.middleware.base.BaseHTTPMiddleware object at 0x00000197AA42B310>
          └ <starlette.middleware.errors.ServerErrorMiddleware object at 0x00000197AA464310>
  File "D:\__lybix__\DEVTools\miniconda3\envs\fams\Lib\contextlib.py", line 222, in __aexit__
    await self.gen.athrow(typ, value, traceback)
          │    │   │      │    │      └ <traceback object at 0x00000197AAACA300>
          │    │   │      │    └ InternalError('(pymysql.err.InternalError) (1054, "Unknown column \'task_status\' in \'field list\'")')
          │    │   │      └ <class 'sqlalchemy.exc.InternalError'>
          │    │   └ <method 'athrow' of 'async_generator' objects>
          │    └ <async_generator object create_collapsing_task_group at 0x00000197AA7B3440>
          └ <contextlib._AsyncGeneratorContextManager object at 0x00000197AAAAD250>
  File "D:\__lybix__\DEVTools\miniconda3\envs\fams\Lib\site-packages\starlette\_utils.py", line 93, in create_collapsing_task_group
    raise exc from exc.__cause__ or context
          │        │   │            └ None
          │        │   └ <attribute '__cause__' of 'BaseException' objects>
          │        └ InternalError('(pymysql.err.InternalError) (1054, "Unknown column \'task_status\' in \'field list\'")')
          └ InternalError('(pymysql.err.InternalError) (1054, "Unknown column \'task_status\' in \'field list\'")')
  File "D:\__lybix__\DEVTools\miniconda3\envs\fams\Lib\site-packages\starlette\_utils.py", line 86, in create_collapsing_task_group
    yield tg
          └ <anyio._backends._asyncio.TaskGroup object at 0x00000197AAAACF10>
  File "D:\__lybix__\DEVTools\miniconda3\envs\fams\Lib\site-packages\starlette\middleware\base.py", line 193, in __call__
    response = await self.dispatch_func(request, call_next)
                     │    │             │        └ <function BaseHTTPMiddleware.__call__.<locals>.call_next at 0x00000197AAA2D940>
                     │    │             └ <starlette.middleware.base._CachedRequest object at 0x00000197AAABFAD0>
                     │    └ <function log_requests at 0x00000197AA456FC0>
                     └ <starlette.middleware.base.BaseHTTPMiddleware object at 0x00000197AA42B310>

  File "D:\__lybix__\_Codes\FAMS-NEPU\platform\server\services\svr_gateway\main.py", line 42, in log_requests
    response = await call_next(request)
                     │         └ <starlette.middleware.base._CachedRequest object at 0x00000197AAABFAD0>
                     └ <function BaseHTTPMiddleware.__call__.<locals>.call_next at 0x00000197AAA2D940>

  File "D:\__lybix__\DEVTools\miniconda3\envs\fams\Lib\site-packages\starlette\middleware\base.py", line 168, in call_next
    raise app_exc from app_exc.__cause__ or app_exc.__context__
          │            │       │            │       └ <attribute '__context__' of 'BaseException' objects>
          │            │       │            └ InternalError('(pymysql.err.InternalError) (1054, "Unknown column \'task_status\' in \'field list\'")')
          │            │       └ <attribute '__cause__' of 'BaseException' objects>
          │            └ InternalError('(pymysql.err.InternalError) (1054, "Unknown column \'task_status\' in \'field list\'")')
          └ InternalError('(pymysql.err.InternalError) (1054, "Unknown column \'task_status\' in \'field list\'")')
  File "D:\__lybix__\DEVTools\miniconda3\envs\fams\Lib\site-packages\starlette\middleware\base.py", line 144, in coro
    await self.app(scope, receive_or_disconnect, send_no_error)
          │    │   │      │                      └ <function BaseHTTPMiddleware.__call__.<locals>.call_next.<locals>.send_no_error at 0x00000197AAA2CA40>
          │    │   │      └ <function BaseHTTPMiddleware.__call__.<locals>.call_next.<locals>.receive_or_disconnect at 0x00000197AAA2D800>
          │    │   └ {'type': 'http', 'asgi': {'version': '3.0', 'spec_version': '2.3'}, 'http_version': '1.1', 'server': ('127.0.0.1', 9900), 'cl...
          │    └ <starlette.middleware.cors.CORSMiddleware object at 0x00000197A9F10650>
          └ <starlette.middleware.base.BaseHTTPMiddleware object at 0x00000197AA42B310>
  File "D:\__lybix__\DEVTools\miniconda3\envs\fams\Lib\site-packages\starlette\middleware\cors.py", line 88, in __call__
    await self.app(scope, receive, send)
          │    │   │      │        └ <function BaseHTTPMiddleware.__call__.<locals>.call_next.<locals>.send_no_error at 0x00000197AAA2CA40>
          │    │   │      └ <function BaseHTTPMiddleware.__call__.<locals>.call_next.<locals>.receive_or_disconnect at 0x00000197AAA2D800>
          │    │   └ {'type': 'http', 'asgi': {'version': '3.0', 'spec_version': '2.3'}, 'http_version': '1.1', 'server': ('127.0.0.1', 9900), 'cl...
          │    └ <starlette.middleware.exceptions.ExceptionMiddleware object at 0x00000197A874D990>
          └ <starlette.middleware.cors.CORSMiddleware object at 0x00000197A9F10650>
  File "D:\__lybix__\DEVTools\miniconda3\envs\fams\Lib\site-packages\starlette\middleware\exceptions.py", line 63, in __call__
    await wrap_app_handling_exceptions(self.app, conn)(scope, receive, send)
          │                            │    │    │     │      │        └ <function BaseHTTPMiddleware.__call__.<locals>.call_next.<locals>.send_no_error at 0x00000197AAA2CA40>
          │                            │    │    │     │      └ <function BaseHTTPMiddleware.__call__.<locals>.call_next.<locals>.receive_or_disconnect at 0x00000197AAA2D800>
          │                            │    │    │     └ {'type': 'http', 'asgi': {'version': '3.0', 'spec_version': '2.3'}, 'http_version': '1.1', 'server': ('127.0.0.1', 9900), 'cl...
          │                            │    │    └ <starlette.requests.Request object at 0x00000197AAAC9310>
          │                            │    └ <fastapi.middleware.asyncexitstack.AsyncExitStackMiddleware object at 0x00000197A9EEBD50>
          │                            └ <starlette.middleware.exceptions.ExceptionMiddleware object at 0x00000197A874D990>
          └ <function wrap_app_handling_exceptions at 0x00000197A841F100>
  File "D:\__lybix__\DEVTools\miniconda3\envs\fams\Lib\site-packages\starlette\_exception_handler.py", line 53, in wrapped_app
    raise exc
  File "D:\__lybix__\DEVTools\miniconda3\envs\fams\Lib\site-packages\starlette\_exception_handler.py", line 42, in wrapped_app
    await app(scope, receive, sender)
          │   │      │        └ <function wrap_app_handling_exceptions.<locals>.wrapped_app.<locals>.sender at 0x00000197AAA2D6C0>
          │   │      └ <function BaseHTTPMiddleware.__call__.<locals>.call_next.<locals>.receive_or_disconnect at 0x00000197AAA2D800>
          │   └ {'type': 'http', 'asgi': {'version': '3.0', 'spec_version': '2.3'}, 'http_version': '1.1', 'server': ('127.0.0.1', 9900), 'cl...
          └ <fastapi.middleware.asyncexitstack.AsyncExitStackMiddleware object at 0x00000197A9EEBD50>
  File "D:\__lybix__\DEVTools\miniconda3\envs\fams\Lib\site-packages\fastapi\middleware\asyncexitstack.py", line 18, in __call__
    await self.app(scope, receive, send)
          │    │   │      │        └ <function wrap_app_handling_exceptions.<locals>.wrapped_app.<locals>.sender at 0x00000197AAA2D6C0>
          │    │   │      └ <function BaseHTTPMiddleware.__call__.<locals>.call_next.<locals>.receive_or_disconnect at 0x00000197AAA2D800>
          │    │   └ {'type': 'http', 'asgi': {'version': '3.0', 'spec_version': '2.3'}, 'http_version': '1.1', 'server': ('127.0.0.1', 9900), 'cl...
          │    └ <fastapi.routing.APIRouter object at 0x00000197AA45BD90>
          └ <fastapi.middleware.asyncexitstack.AsyncExitStackMiddleware object at 0x00000197A9EEBD50>
  File "D:\__lybix__\DEVTools\miniconda3\envs\fams\Lib\site-packages\starlette\routing.py", line 660, in __call__
    await self.middleware_stack(scope, receive, send)
          │    │                │      │        └ <function wrap_app_handling_exceptions.<locals>.wrapped_app.<locals>.sender at 0x00000197AAA2D6C0>
          │    │                │      └ <function BaseHTTPMiddleware.__call__.<locals>.call_next.<locals>.receive_or_disconnect at 0x00000197AAA2D800>
          │    │                └ {'type': 'http', 'asgi': {'version': '3.0', 'spec_version': '2.3'}, 'http_version': '1.1', 'server': ('127.0.0.1', 9900), 'cl...
          │    └ <bound method APIRouter.app of <fastapi.routing.APIRouter object at 0x00000197AA45BD90>>
          └ <fastapi.routing.APIRouter object at 0x00000197AA45BD90>
  File "D:\__lybix__\DEVTools\miniconda3\envs\fams\Lib\site-packages\fastapi\routing.py", line 2683, in app
    await route.handle(scope, receive, send)
          │     │      │      │        └ <function wrap_app_handling_exceptions.<locals>.wrapped_app.<locals>.sender at 0x00000197AAA2D6C0>
          │     │      │      └ <function BaseHTTPMiddleware.__call__.<locals>.call_next.<locals>.receive_or_disconnect at 0x00000197AAA2D800>
          │     │      └ {'type': 'http', 'asgi': {'version': '3.0', 'spec_version': '2.3'}, 'http_version': '1.1', 'server': ('127.0.0.1', 9900), 'cl...
          │     └ <function _IncludedRouter.handle at 0x00000197A8461BC0>
          └ _IncludedRouter(original_router=<fastapi.routing.APIRouter object at 0x00000197A8713150>, include_context=_RouterIncludeConte...
  File "D:\__lybix__\DEVTools\miniconda3\envs\fams\Lib\site-packages\fastapi\routing.py", line 1753, in handle
    await self.original_router.handle(scope, receive, send)
          │    │               │      │      │        └ <function wrap_app_handling_exceptions.<locals>.wrapped_app.<locals>.sender at 0x00000197AAA2D6C0>
          │    │               │      │      └ <function BaseHTTPMiddleware.__call__.<locals>.call_next.<locals>.receive_or_disconnect at 0x00000197AAA2D800>
          │    │               │      └ {'type': 'http', 'asgi': {'version': '3.0', 'spec_version': '2.3'}, 'http_version': '1.1', 'server': ('127.0.0.1', 9900), 'cl...
          │    │               └ <function APIRouter.handle at 0x00000197A8463BA0>
          │    └ <fastapi.routing.APIRouter object at 0x00000197A8713150>
          └ _IncludedRouter(original_router=<fastapi.routing.APIRouter object at 0x00000197A8713150>, include_context=_RouterIncludeConte...
  File "D:\__lybix__\DEVTools\miniconda3\envs\fams\Lib\site-packages\fastapi\routing.py", line 2738, in handle
    await included_router._handle_selected(scope, receive, send)
          │               │                │      │        └ <function wrap_app_handling_exceptions.<locals>.wrapped_app.<locals>.sender at 0x00000197AAA2D6C0>
          │               │                │      └ <function BaseHTTPMiddleware.__call__.<locals>.call_next.<locals>.receive_or_disconnect at 0x00000197AAA2D800>
          │               │                └ {'type': 'http', 'asgi': {'version': '3.0', 'spec_version': '2.3'}, 'http_version': '1.1', 'server': ('127.0.0.1', 9900), 'cl...
          │               └ <function _IncludedRouter._handle_selected at 0x00000197A8461C60>
          └ _IncludedRouter(original_router=<fastapi.routing.APIRouter object at 0x00000197A8713150>, include_context=_RouterIncludeConte...
  File "D:\__lybix__\DEVTools\miniconda3\envs\fams\Lib\site-packages\fastapi\routing.py", line 1773, in _handle_selected
    await original_route.handle(scope, receive, send)
          │              │      │      │        └ <function wrap_app_handling_exceptions.<locals>.wrapped_app.<locals>.sender at 0x00000197AAA2D6C0>
          │              │      │      └ <function BaseHTTPMiddleware.__call__.<locals>.call_next.<locals>.receive_or_disconnect at 0x00000197AAA2D800>
          │              │      └ {'type': 'http', 'asgi': {'version': '3.0', 'spec_version': '2.3'}, 'http_version': '1.1', 'server': ('127.0.0.1', 9900), 'cl...
          │              └ <function APIRoute.handle at 0x00000197A844FCE0>
          └ APIRoute(path='/api/check/diff/{task_id}', name='get_diff_report', methods=['GET'])
  File "D:\__lybix__\DEVTools\miniconda3\envs\fams\Lib\site-packages\fastapi\routing.py", line 1264, in handle
    await app(scope, receive, send)
          │   │      │        └ <function wrap_app_handling_exceptions.<locals>.wrapped_app.<locals>.sender at 0x00000197AAA2D6C0>
          │   │      └ <function BaseHTTPMiddleware.__call__.<locals>.call_next.<locals>.receive_or_disconnect at 0x00000197AAA2D800>
          │   └ {'type': 'http', 'asgi': {'version': '3.0', 'spec_version': '2.3'}, 'http_version': '1.1', 'server': ('127.0.0.1', 9900), 'cl...
          └ <function request_response.<locals>.app at 0x00000197AAA2D260>
  File "D:\__lybix__\DEVTools\miniconda3\envs\fams\Lib\site-packages\fastapi\routing.py", line 150, in app
    await wrap_app_handling_exceptions(app, request)(scope, receive, send)
          │                            │    │        │      │        └ <function wrap_app_handling_exceptions.<locals>.wrapped_app.<locals>.sender at 0x00000197AAA2D6C0>
          │                            │    │        │      └ <function BaseHTTPMiddleware.__call__.<locals>.call_next.<locals>.receive_or_disconnect at 0x00000197AAA2D800>
          │                            │    │        └ {'type': 'http', 'asgi': {'version': '3.0', 'spec_version': '2.3'}, 'http_version': '1.1', 'server': ('127.0.0.1', 9900), 'cl...
          │                            │    └ <starlette.requests.Request object at 0x00000197AAAC9450>
          │                            └ <function request_response.<locals>.app.<locals>.app at 0x00000197AAA2D8A0>
          └ <function wrap_app_handling_exceptions at 0x00000197A841F100>
  File "D:\__lybix__\DEVTools\miniconda3\envs\fams\Lib\site-packages\starlette\_exception_handler.py", line 53, in wrapped_app
    raise exc
  File "D:\__lybix__\DEVTools\miniconda3\envs\fams\Lib\site-packages\starlette\_exception_handler.py", line 42, in wrapped_app
    await app(scope, receive, sender)
          │   │      │        └ <function wrap_app_handling_exceptions.<locals>.wrapped_app.<locals>.sender at 0x00000197AAA2D620>
          │   │      └ <function BaseHTTPMiddleware.__call__.<locals>.call_next.<locals>.receive_or_disconnect at 0x00000197AAA2D800>
          │   └ {'type': 'http', 'asgi': {'version': '3.0', 'spec_version': '2.3'}, 'http_version': '1.1', 'server': ('127.0.0.1', 9900), 'cl...
          └ <function request_response.<locals>.app.<locals>.app at 0x00000197AAA2D8A0>
  File "D:\__lybix__\DEVTools\miniconda3\envs\fams\Lib\site-packages\fastapi\routing.py", line 136, in app
    response = await f(request)
                     │ └ <starlette.requests.Request object at 0x00000197AAAC9450>
                     └ <function get_request_handler.<locals>.app at 0x00000197AAA2D300>
  File "D:\__lybix__\DEVTools\miniconda3\envs\fams\Lib\site-packages\fastapi\routing.py", line 690, in app
    raw_response = await run_endpoint_function(
                         └ <function run_endpoint_function at 0x00000197A844EF20>
  File "D:\__lybix__\DEVTools\miniconda3\envs\fams\Lib\site-packages\fastapi\routing.py", line 344, in run_endpoint_function
    return await dependant.call(**values)
                 │         │      └ {'_auth': {'user_id': 1, 'username': 'admin', 'dept_id': 1, 'role_keys': ['admin'], 'exp': 1783956875, 'iat': 1783870475}, 'c...
                 │         └ <function get_diff_report at 0x00000197AA3E16C0>
                 └ Dependant(path_params=[ModelField(field_info=Path(PydanticUndefined), name='task_id', mode='validation', config=None)], query...

  File "D:\__lybix__\_Codes\FAMS-NEPU\platform\server\services\svr_gateway\routes.py", line 956, in get_diff_report
    report = logic.get_diff_report(task_id)
             │     │               └ 8
             │     └ <function CheckLogic.get_diff_report at 0x00000197AA1CC220>
             └ <data.logic.check_logic.CheckLogic object at 0x00000197A9EFD250>

  File "D:\__lybix__\_Codes\FAMS-NEPU\platform\server\data\logic\check_logic.py", line 353, in get_diff_report
    report = self.report_dao.get_by_task(task_id)
             │    │          │           └ 8
             │    │          └ <function CheckDiffReportDAO.get_by_task at 0x00000197AA18F9C0>
             │    └ <data.basic.check_dao.CheckDiffReportDAO object at 0x00000197AA663750>
             └ <data.logic.check_logic.CheckLogic object at 0x00000197A9EFD250>

  File "D:\__lybix__\_Codes\FAMS-NEPU\platform\server\data\basic\check_dao.py", line 262, in get_by_task
    return self._execute_one(sql, {"task_id": task_id})
           │    │            │                └ 8
           │    │            └ 'SELECT report_id, task_id, task_status, task_name, total_items, matched_items, surplus_items, shortage_items,\n             ...
           │    └ <function BaseDAO._execute_one at 0x00000197A870AAC0>
           └ <data.basic.check_dao.CheckDiffReportDAO object at 0x00000197AA663750>

  File "D:\__lybix__\_Codes\FAMS-NEPU\platform\server\data\basic\base_dao.py", line 47, in _execute_one
    rows = self._execute(sql, params)
           │    │        │    └ {'task_id': 8}
           │    │        └ 'SELECT report_id, task_id, task_status, task_name, total_items, matched_items, surplus_items, shortage_items,\n             ...
           │    └ <function BaseDAO._execute at 0x00000197A9DACC20>
           └ <data.basic.check_dao.CheckDiffReportDAO object at 0x00000197AA663750>

  File "D:\__lybix__\_Codes\FAMS-NEPU\platform\server\data\basic\base_dao.py", line 39, in _execute
    result = conn.execute(text(sql), params or {})
             │    │       │    │     └ {'task_id': 8}
             │    │       │    └ 'SELECT report_id, task_id, task_status, task_name, total_items, matched_items, surplus_items, shortage_items,\n             ...
             │    │       └ <function text at 0x00000197A8CF4040>
             │    └ <function Connection.execute at 0x00000197A9D2AD40>
             └ <sqlalchemy.engine.base.Connection object at 0x00000197AAAC98D0>

  File "D:\__lybix__\DEVTools\miniconda3\envs\fams\Lib\site-packages\sqlalchemy\engine\base.py", line 1421, in execute
    return meth(
           └ <bound method ClauseElement._execute_on_connection of <sqlalchemy.sql.elements.TextClause object at 0x00000197AAAAD150>>
  File "D:\__lybix__\DEVTools\miniconda3\envs\fams\Lib\site-packages\sqlalchemy\sql\elements.py", line 526, in _execute_on_connection
    return connection._execute_clauseelement(
           │          └ <function Connection._execute_clauseelement at 0x00000197A9D2B060>
           └ <sqlalchemy.engine.base.Connection object at 0x00000197AAAC98D0>
  File "D:\__lybix__\DEVTools\miniconda3\envs\fams\Lib\site-packages\sqlalchemy\engine\base.py", line 1643, in _execute_clauseelement
    ret = self._execute_context(
          │    └ <function Connection._execute_context at 0x00000197A9D2B240>
          └ <sqlalchemy.engine.base.Connection object at 0x00000197AAAC98D0>
  File "D:\__lybix__\DEVTools\miniconda3\envs\fams\Lib\site-packages\sqlalchemy\engine\base.py", line 1848, in _execute_context
    return self._exec_single_context(
           │    └ <function Connection._exec_single_context at 0x00000197A9D2B2E0>
           └ <sqlalchemy.engine.base.Connection object at 0x00000197AAAC98D0>
  File "D:\__lybix__\DEVTools\miniconda3\envs\fams\Lib\site-packages\sqlalchemy\engine\base.py", line 1988, in _exec_single_context
    self._handle_dbapi_exception(
    │    └ <function Connection._handle_dbapi_exception at 0x00000197A9D2B560>
    └ <sqlalchemy.engine.base.Connection object at 0x00000197AAAC98D0>
  File "D:\__lybix__\DEVTools\miniconda3\envs\fams\Lib\site-packages\sqlalchemy\engine\base.py", line 2365, in _handle_dbapi_exception
    raise sqlalchemy_exception.with_traceback(exc_info[2]) from e
          │                    │              │                 └ InternalError(1054, "Unknown column 'task_status' in 'field list'")
          │                    │              └ (<class 'pymysql.err.InternalError'>, InternalError(1054, "Unknown column 'task_status' in 'field list'"), <traceback object ...
          │                    └ <method 'with_traceback' of 'BaseException' objects>
          └ InternalError('(pymysql.err.InternalError) (1054, "Unknown column \'task_status\' in \'field list\'")')
  File "D:\__lybix__\DEVTools\miniconda3\envs\fams\Lib\site-packages\sqlalchemy\engine\base.py", line 1969, in _exec_single_context
    self.dialect.do_execute(
    │    │       └ <function DefaultDialect.do_execute at 0x00000197A9DD6E80>
    │    └ <sqlalchemy.dialects.mysql.pymysql.MySQLDialect_pymysql object at 0x00000197AA7A5150>
    └ <sqlalchemy.engine.base.Connection object at 0x00000197AAAC98D0>
  File "D:\__lybix__\DEVTools\miniconda3\envs\fams\Lib\site-packages\sqlalchemy\engine\default.py", line 952, in do_execute
    cursor.execute(statement, parameters)
    │      │       │          └ {'task_id': 8}
    │      │       └ 'SELECT report_id, task_id, task_status, task_name, total_items, matched_items, surplus_items, shortage_items,\n             ...
    │      └ <function Cursor.execute at 0x00000197AA785940>
    └ <pymysql.cursors.Cursor object at 0x00000197AAAC9950>
  File "D:\__lybix__\DEVTools\miniconda3\envs\fams\Lib\site-packages\pymysql\cursors.py", line 170, in execute
    result = self._query(query)
             │    │      └ 'SELECT report_id, task_id, task_status, task_name, total_items, matched_items, surplus_items, shortage_items,\n             ...
             │    └ <function Cursor._query at 0x00000197AA785E40>
             └ <pymysql.cursors.Cursor object at 0x00000197AAAC9950>
  File "D:\__lybix__\DEVTools\miniconda3\envs\fams\Lib\site-packages\pymysql\cursors.py", line 328, in _query
    conn.query(q)
    │    │     └ 'SELECT report_id, task_id, task_status, task_name, total_items, matched_items, surplus_items, shortage_items,\n             ...
    │    └ <function Connection.query at 0x00000197AA7A1A80>
    └ <pymysql.connections.Connection object at 0x00000197AA5D38D0>
  File "D:\__lybix__\DEVTools\miniconda3\envs\fams\Lib\site-packages\pymysql\connections.py", line 517, in query
    self._affected_rows = self._read_query_result(unbuffered=unbuffered)
    │    │                │    │                             └ False
    │    │                │    └ <function Connection._read_query_result at 0x00000197AA7A2160>
    │    │                └ <pymysql.connections.Connection object at 0x00000197AA5D38D0>
    │    └ 1
    └ <pymysql.connections.Connection object at 0x00000197AA5D38D0>
  File "D:\__lybix__\DEVTools\miniconda3\envs\fams\Lib\site-packages\pymysql\connections.py", line 732, in _read_query_result
    result.read()
    │      └ <function MySQLResult.read at 0x00000197AA7A2A20>
    └ <pymysql.connections.MySQLResult object at 0x00000197AAAC8C90>
  File "D:\__lybix__\DEVTools\miniconda3\envs\fams\Lib\site-packages\pymysql\connections.py", line 1075, in read
    first_packet = self.connection._read_packet()
                   │    └ None
                   └ <pymysql.connections.MySQLResult object at 0x00000197AAAC8C90>
  File "D:\__lybix__\DEVTools\miniconda3\envs\fams\Lib\site-packages\pymysql\connections.py", line 684, in _read_packet
    packet.check_error()
    │      └ <function MysqlPacket.check_error at 0x00000197AA787F60>
    └ <pymysql.protocol.MysqlPacket object at 0x00000197AAAAB3D0>
  File "D:\__lybix__\DEVTools\miniconda3\envs\fams\Lib\site-packages\pymysql\protocol.py", line 220, in check_error
    err.raise_mysql_exception(self._data)
    │   │                     │    └ <member '_data' of 'MysqlPacket' objects>
    │   │                     └ <pymysql.protocol.MysqlPacket object at 0x00000197AAAAB3D0>
    │   └ <function raise_mysql_exception at 0x00000197AA72F1A0>
    └ <module 'pymysql.err' from 'D:\\__lybix__\\DEVTools\\miniconda3\\envs\\fams\\Lib\\site-packages\\pymysql\\err.py'>
  File "D:\__lybix__\DEVTools\miniconda3\envs\fams\Lib\site-packages\pymysql\err.py", line 109, in raise_mysql_exception
    raise errorclass(errno, errval)
          │          │      └ "Unknown column 'task_status' in 'field list'"
          │          └ 1054
          └ <class 'pymysql.err.InternalError'>

sqlalchemy.exc.InternalError: (pymysql.err.InternalError) (1054, "Unknown column 'task_status' in 'field list'")
[SQL: SELECT report_id, task_id, task_status, task_name, total_items, matched_items, surplus_items, shortage_items,
                     mismatch_items, llm_analysis, create_time
                 FROM check_diff_report
                 WHERE task_id = %(task_id)s]
[parameters: {'task_id': 8}]
(Background on this error at: https://sqlalche.me/e/20/2j85)

Traceback (most recent call last):

  File "D:\__lybix__\DEVTools\miniconda3\envs\fams\Lib\site-packages\sqlalchemy\engine\base.py", line 1969, in _exec_single_context
    self.dialect.do_execute(
    │    │       └ <function DefaultDialect.do_execute at 0x00000197A9DD6E80>
    │    └ <sqlalchemy.dialects.mysql.pymysql.MySQLDialect_pymysql object at 0x00000197AA7A5150>
    └ <sqlalchemy.engine.base.Connection object at 0x00000197AAAC98D0>
  File "D:\__lybix__\DEVTools\miniconda3\envs\fams\Lib\site-packages\sqlalchemy\engine\default.py", line 952, in do_execute
    cursor.execute(statement, parameters)
    │      │       │          └ {'task_id': 8}
    │      │       └ 'SELECT report_id, task_id, task_status, task_name, total_items, matched_items, surplus_items, shortage_items,\n             ...
    │      └ <function Cursor.execute at 0x00000197AA785940>
    └ <pymysql.cursors.Cursor object at 0x00000197AAAC9950>
  File "D:\__lybix__\DEVTools\miniconda3\envs\fams\Lib\site-packages\pymysql\cursors.py", line 170, in execute
    result = self._query(query)
             │    │      └ 'SELECT report_id, task_id, task_status, task_name, total_items, matched_items, surplus_items, shortage_items,\n             ...
             │    └ <function Cursor._query at 0x00000197AA785E40>
             └ <pymysql.cursors.Cursor object at 0x00000197AAAC9950>
  File "D:\__lybix__\DEVTools\miniconda3\envs\fams\Lib\site-packages\pymysql\cursors.py", line 328, in _query
    conn.query(q)
    │    │     └ 'SELECT report_id, task_id, task_status, task_name, total_items, matched_items, surplus_items, shortage_items,\n             ...
    │    └ <function Connection.query at 0x00000197AA7A1A80>
    └ <pymysql.connections.Connection object at 0x00000197AA5D38D0>
  File "D:\__lybix__\DEVTools\miniconda3\envs\fams\Lib\site-packages\pymysql\connections.py", line 517, in query
    self._affected_rows = self._read_query_result(unbuffered=unbuffered)
    │    │                │    │                             └ False
    │    │                │    └ <function Connection._read_query_result at 0x00000197AA7A2160>
    │    │                └ <pymysql.connections.Connection object at 0x00000197AA5D38D0>
    │    └ 1
    └ <pymysql.connections.Connection object at 0x00000197AA5D38D0>
  File "D:\__lybix__\DEVTools\miniconda3\envs\fams\Lib\site-packages\pymysql\connections.py", line 732, in _read_query_result
    result.read()
    │      └ <function MySQLResult.read at 0x00000197AA7A2A20>
    └ <pymysql.connections.MySQLResult object at 0x00000197AAAC8C90>
  File "D:\__lybix__\DEVTools\miniconda3\envs\fams\Lib\site-packages\pymysql\connections.py", line 1075, in read
    first_packet = self.connection._read_packet()
                   │    └ None
                   └ <pymysql.connections.MySQLResult object at 0x00000197AAAC8C90>
  File "D:\__lybix__\DEVTools\miniconda3\envs\fams\Lib\site-packages\pymysql\connections.py", line 684, in _read_packet
    packet.check_error()
    │      └ <function MysqlPacket.check_error at 0x00000197AA787F60>
    └ <pymysql.protocol.MysqlPacket object at 0x00000197AAAAB3D0>
  File "D:\__lybix__\DEVTools\miniconda3\envs\fams\Lib\site-packages\pymysql\protocol.py", line 220, in check_error
    err.raise_mysql_exception(self._data)
    │   │                     │    └ <member '_data' of 'MysqlPacket' objects>
    │   │                     └ <pymysql.protocol.MysqlPacket object at 0x00000197AAAAB3D0>
    │   └ <function raise_mysql_exception at 0x00000197AA72F1A0>
    └ <module 'pymysql.err' from 'D:\\__lybix__\\DEVTools\\miniconda3\\envs\\fams\\Lib\\site-packages\\pymysql\\err.py'>
  File "D:\__lybix__\DEVTools\miniconda3\envs\fams\Lib\site-packages\pymysql\err.py", line 109, in raise_mysql_exception
    raise errorclass(errno, errval)
          │          │      └ "Unknown column 'task_status' in 'field list'"
          │          └ 1054
          └ <class 'pymysql.err.InternalError'>

pymysql.err.InternalError: (1054, "Unknown column 'task_status' in 'field list'")


The above exception was the direct cause of the following exception:


Traceback (most recent call last):

  File "D:\__lybix__\_Codes\FAMS-NEPU\platform\server\services\svr_gateway\main.py", line 64, in <module>
    uvicorn.run(app, host="0.0.0.0", port=gateway_config.HTTP_PORT)
    │       │   │                         │              └ 9900
    │       │   │                         └ <services.svr_gateway.config.GatewayConfig object at 0x00000197A8519C10>
    │       │   └ <fastapi.applications.FastAPI object at 0x00000197AA45BBD0>
    │       └ <function run at 0x00000197A72EFD80>
    └ <module 'uvicorn' from 'D:\\__lybix__\\DEVTools\\miniconda3\\envs\\fams\\Lib\\site-packages\\uvicorn\\__init__.py'>

  File "D:\__lybix__\DEVTools\miniconda3\envs\fams\Lib\site-packages\uvicorn\main.py", line 621, in run
    server.run()
    │      └ <function Server.run at 0x00000197A7460860>
    └ <uvicorn.server.Server object at 0x00000197A72EB1D0>
  File "D:\__lybix__\DEVTools\miniconda3\envs\fams\Lib\site-packages\uvicorn\server.py", line 74, in run
    return asyncio_run(self.serve(sockets=sockets), loop_factory=self.config.get_loop_factory())
           │           │    │             │                      │    │      └ <function Config.get_loop_factory at 0x00000197A72ED1C0>
           │           │    │             │                      │    └ <uvicorn.config.Config object at 0x00000197AA22A3D0>
           │           │    │             │                      └ <uvicorn.server.Server object at 0x00000197A72EB1D0>
           │           │    │             └ None
           │           │    └ <function Server.serve at 0x00000197A7460900>
           │           └ <uvicorn.server.Server object at 0x00000197A72EB1D0>
           └ <function asyncio_run at 0x00000197A7277740>
  File "D:\__lybix__\DEVTools\miniconda3\envs\fams\Lib\site-packages\uvicorn\_compat.py", line 30, in asyncio_run
    return runner.run(main)
           │      │   └ <coroutine object Server.serve at 0x00000197AA4707C0>
           │      └ <function Runner.run at 0x00000197A6CD3560>
           └ <asyncio.runners.Runner object at 0x00000197AA42B350>
  File "D:\__lybix__\DEVTools\miniconda3\envs\fams\Lib\asyncio\runners.py", line 118, in run
    return self._loop.run_until_complete(task)
           │    │     │                  └ <Task pending name='Task-1' coro=<Server.serve() running at D:\__lybix__\DEVTools\miniconda3\envs\fams\Lib\site-packages\uvic...
           │    │     └ <function BaseEventLoop.run_until_complete at 0x00000197A6CD1120>
           │    └ <ProactorEventLoop running=True closed=False debug=False>
           └ <asyncio.runners.Runner object at 0x00000197AA42B350>
  File "D:\__lybix__\DEVTools\miniconda3\envs\fams\Lib\asyncio\base_events.py", line 637, in run_until_complete
    self.run_forever()
    │    └ <function ProactorEventLoop.run_forever at 0x00000197A6DA8860>
    └ <ProactorEventLoop running=True closed=False debug=False>
  File "D:\__lybix__\DEVTools\miniconda3\envs\fams\Lib\asyncio\windows_events.py", line 321, in run_forever
    super().run_forever()
  File "D:\__lybix__\DEVTools\miniconda3\envs\fams\Lib\asyncio\base_events.py", line 604, in run_forever
    self._run_once()
    │    └ <function BaseEventLoop._run_once at 0x00000197A6CD2E80>
    └ <ProactorEventLoop running=True closed=False debug=False>
  File "D:\__lybix__\DEVTools\miniconda3\envs\fams\Lib\asyncio\base_events.py", line 1909, in _run_once
    handle._run()
    │      └ <function Handle._run at 0x00000197A6C153A0>
    └ <Handle Task.task_wakeup(<Future finished result=None>)>
  File "D:\__lybix__\DEVTools\miniconda3\envs\fams\Lib\asyncio\events.py", line 80, in _run
    self._context.run(self._callback, *self._args)
    │    │            │    │           │    └ <member '_args' of 'Handle' objects>
    │    │            │    │           └ <Handle Task.task_wakeup(<Future finished result=None>)>
    │    │            │    └ <member '_callback' of 'Handle' objects>
    │    │            └ <Handle Task.task_wakeup(<Future finished result=None>)>
    │    └ <member '_context' of 'Handle' objects>
    └ <Handle Task.task_wakeup(<Future finished result=None>)>
  File "D:\__lybix__\DEVTools\miniconda3\envs\fams\Lib\site-packages\uvicorn\protocols\http\httptools_impl.py", line 422, in run_asgi
    result = await app(  # type: ignore[func-returns-value]
                   └ <uvicorn.middleware.proxy_headers.ProxyHeadersMiddleware object at 0x00000197AA466F50>
  File "D:\__lybix__\DEVTools\miniconda3\envs\fams\Lib\site-packages\uvicorn\middleware\proxy_headers.py", line 63, in __call__
    return await self.app(scope, receive, send)
                 │    │   │      │        └ <bound method RequestResponseCycle.send of <uvicorn.protocols.http.httptools_impl.RequestResponseCycle object at 0x00000197AA...
                 │    │   │      └ <bound method RequestResponseCycle.receive of <uvicorn.protocols.http.httptools_impl.RequestResponseCycle object at 0x0000019...
                 │    │   └ {'type': 'http', 'asgi': {'version': '3.0', 'spec_version': '2.3'}, 'http_version': '1.1', 'server': ('127.0.0.1', 9900), 'cl...
                 │    └ <fastapi.applications.FastAPI object at 0x00000197AA45BBD0>
                 └ <uvicorn.middleware.proxy_headers.ProxyHeadersMiddleware object at 0x00000197AA466F50>
  File "D:\__lybix__\DEVTools\miniconda3\envs\fams\Lib\site-packages\fastapi\applications.py", line 1163, in __call__
    await super().__call__(scope, receive, send)
                           │      │        └ <bound method RequestResponseCycle.send of <uvicorn.protocols.http.httptools_impl.RequestResponseCycle object at 0x00000197AA...
                           │      └ <bound method RequestResponseCycle.receive of <uvicorn.protocols.http.httptools_impl.RequestResponseCycle object at 0x0000019...
                           └ {'type': 'http', 'asgi': {'version': '3.0', 'spec_version': '2.3'}, 'http_version': '1.1', 'server': ('127.0.0.1', 9900), 'cl...
  File "D:\__lybix__\DEVTools\miniconda3\envs\fams\Lib\site-packages\starlette\applications.py", line 90, in __call__
    await self.middleware_stack(scope, receive, send)
          │    │                │      │        └ <bound method RequestResponseCycle.send of <uvicorn.protocols.http.httptools_impl.RequestResponseCycle object at 0x00000197AA...
          │    │                │      └ <bound method RequestResponseCycle.receive of <uvicorn.protocols.http.httptools_impl.RequestResponseCycle object at 0x0000019...
          │    │                └ {'type': 'http', 'asgi': {'version': '3.0', 'spec_version': '2.3'}, 'http_version': '1.1', 'server': ('127.0.0.1', 9900), 'cl...
          │    └ <starlette.middleware.errors.ServerErrorMiddleware object at 0x00000197AA464310>
          └ <fastapi.applications.FastAPI object at 0x00000197AA45BBD0>
> File "D:\__lybix__\DEVTools\miniconda3\envs\fams\Lib\site-packages\starlette\middleware\errors.py", line 164, in __call__
    await self.app(scope, receive, _send)
          │    │   │      │        └ <function ServerErrorMiddleware.__call__.<locals>._send at 0x00000197AA7ABBA0>
          │    │   │      └ <bound method RequestResponseCycle.receive of <uvicorn.protocols.http.httptools_impl.RequestResponseCycle object at 0x0000019...
          │    │   └ {'type': 'http', 'asgi': {'version': '3.0', 'spec_version': '2.3'}, 'http_version': '1.1', 'server': ('127.0.0.1', 9900), 'cl...
          │    └ <starlette.middleware.base.BaseHTTPMiddleware object at 0x00000197AA42B310>
          └ <starlette.middleware.errors.ServerErrorMiddleware object at 0x00000197AA464310>
  File "D:\__lybix__\DEVTools\miniconda3\envs\fams\Lib\contextlib.py", line 222, in __aexit__
    await self.gen.athrow(typ, value, traceback)
          │    │   │      │    │      └ <traceback object at 0x00000197AAACA300>
          │    │   │      │    └ InternalError('(pymysql.err.InternalError) (1054, "Unknown column \'task_status\' in \'field list\'")')
          │    │   │      └ <class 'sqlalchemy.exc.InternalError'>
          │    │   └ <method 'athrow' of 'async_generator' objects>
          │    └ <async_generator object create_collapsing_task_group at 0x00000197AA7B3440>
          └ <contextlib._AsyncGeneratorContextManager object at 0x00000197AAAAD250>
  File "D:\__lybix__\DEVTools\miniconda3\envs\fams\Lib\site-packages\starlette\_utils.py", line 93, in create_collapsing_task_group
    raise exc from exc.__cause__ or context
          │        │   │            └ None
          │        │   └ <attribute '__cause__' of 'BaseException' objects>
          │        └ InternalError('(pymysql.err.InternalError) (1054, "Unknown column \'task_status\' in \'field list\'")')
          └ InternalError('(pymysql.err.InternalError) (1054, "Unknown column \'task_status\' in \'field list\'")')
  File "D:\__lybix__\DEVTools\miniconda3\envs\fams\Lib\site-packages\starlette\_utils.py", line 86, in create_collapsing_task_group
    yield tg
          └ <anyio._backends._asyncio.TaskGroup object at 0x00000197AAAACF10>
  File "D:\__lybix__\DEVTools\miniconda3\envs\fams\Lib\site-packages\starlette\middleware\base.py", line 193, in __call__
    response = await self.dispatch_func(request, call_next)
                     │    │             │        └ <function BaseHTTPMiddleware.__call__.<locals>.call_next at 0x00000197AAA2D940>
                     │    │             └ <starlette.middleware.base._CachedRequest object at 0x00000197AAABFAD0>
                     │    └ <function log_requests at 0x00000197AA456FC0>
                     └ <starlette.middleware.base.BaseHTTPMiddleware object at 0x00000197AA42B310>

  File "D:\__lybix__\_Codes\FAMS-NEPU\platform\server\services\svr_gateway\main.py", line 42, in log_requests
    response = await call_next(request)
                     │         └ <starlette.middleware.base._CachedRequest object at 0x00000197AAABFAD0>
                     └ <function BaseHTTPMiddleware.__call__.<locals>.call_next at 0x00000197AAA2D940>

  File "D:\__lybix__\DEVTools\miniconda3\envs\fams\Lib\site-packages\starlette\middleware\base.py", line 168, in call_next
    raise app_exc from app_exc.__cause__ or app_exc.__context__
          │            │       │            │       └ <attribute '__context__' of 'BaseException' objects>
          │            │       │            └ InternalError('(pymysql.err.InternalError) (1054, "Unknown column \'task_status\' in \'field list\'")')
          │            │       └ <attribute '__cause__' of 'BaseException' objects>
          │            └ InternalError('(pymysql.err.InternalError) (1054, "Unknown column \'task_status\' in \'field list\'")')
          └ InternalError('(pymysql.err.InternalError) (1054, "Unknown column \'task_status\' in \'field list\'")')
  File "D:\__lybix__\DEVTools\miniconda3\envs\fams\Lib\site-packages\starlette\middleware\base.py", line 144, in coro
    await self.app(scope, receive_or_disconnect, send_no_error)
          │    │   │      │                      └ <function BaseHTTPMiddleware.__call__.<locals>.call_next.<locals>.send_no_error at 0x00000197AAA2CA40>
          │    │   │      └ <function BaseHTTPMiddleware.__call__.<locals>.call_next.<locals>.receive_or_disconnect at 0x00000197AAA2D800>
          │    │   └ {'type': 'http', 'asgi': {'version': '3.0', 'spec_version': '2.3'}, 'http_version': '1.1', 'server': ('127.0.0.1', 9900), 'cl...
          │    └ <starlette.middleware.cors.CORSMiddleware object at 0x00000197A9F10650>
          └ <starlette.middleware.base.BaseHTTPMiddleware object at 0x00000197AA42B310>
  File "D:\__lybix__\DEVTools\miniconda3\envs\fams\Lib\site-packages\starlette\middleware\cors.py", line 88, in __call__
    await self.app(scope, receive, send)
          │    │   │      │        └ <function BaseHTTPMiddleware.__call__.<locals>.call_next.<locals>.send_no_error at 0x00000197AAA2CA40>
          │    │   │      └ <function BaseHTTPMiddleware.__call__.<locals>.call_next.<locals>.receive_or_disconnect at 0x00000197AAA2D800>
          │    │   └ {'type': 'http', 'asgi': {'version': '3.0', 'spec_version': '2.3'}, 'http_version': '1.1', 'server': ('127.0.0.1', 9900), 'cl...
          │    └ <starlette.middleware.exceptions.ExceptionMiddleware object at 0x00000197A874D990>
          └ <starlette.middleware.cors.CORSMiddleware object at 0x00000197A9F10650>
  File "D:\__lybix__\DEVTools\miniconda3\envs\fams\Lib\site-packages\starlette\middleware\exceptions.py", line 63, in __call__
    await wrap_app_handling_exceptions(self.app, conn)(scope, receive, send)
          │                            │    │    │     │      │        └ <function BaseHTTPMiddleware.__call__.<locals>.call_next.<locals>.send_no_error at 0x00000197AAA2CA40>
          │                            │    │    │     │      └ <function BaseHTTPMiddleware.__call__.<locals>.call_next.<locals>.receive_or_disconnect at 0x00000197AAA2D800>
          │                            │    │    │     └ {'type': 'http', 'asgi': {'version': '3.0', 'spec_version': '2.3'}, 'http_version': '1.1', 'server': ('127.0.0.1', 9900), 'cl...
          │                            │    │    └ <starlette.requests.Request object at 0x00000197AAAC9310>
          │                            │    └ <fastapi.middleware.asyncexitstack.AsyncExitStackMiddleware object at 0x00000197A9EEBD50>
          │                            └ <starlette.middleware.exceptions.ExceptionMiddleware object at 0x00000197A874D990>
          └ <function wrap_app_handling_exceptions at 0x00000197A841F100>
  File "D:\__lybix__\DEVTools\miniconda3\envs\fams\Lib\site-packages\starlette\_exception_handler.py", line 53, in wrapped_app
    raise exc
  File "D:\__lybix__\DEVTools\miniconda3\envs\fams\Lib\site-packages\starlette\_exception_handler.py", line 42, in wrapped_app
    await app(scope, receive, sender)
          │   │      │        └ <function wrap_app_handling_exceptions.<locals>.wrapped_app.<locals>.sender at 0x00000197AAA2D6C0>
          │   │      └ <function BaseHTTPMiddleware.__call__.<locals>.call_next.<locals>.receive_or_disconnect at 0x00000197AAA2D800>
          │   └ {'type': 'http', 'asgi': {'version': '3.0', 'spec_version': '2.3'}, 'http_version': '1.1', 'server': ('127.0.0.1', 9900), 'cl...
          └ <fastapi.middleware.asyncexitstack.AsyncExitStackMiddleware object at 0x00000197A9EEBD50>
  File "D:\__lybix__\DEVTools\miniconda3\envs\fams\Lib\site-packages\fastapi\middleware\asyncexitstack.py", line 18, in __call__
    await self.app(scope, receive, send)
          │    │   │      │        └ <function wrap_app_handling_exceptions.<locals>.wrapped_app.<locals>.sender at 0x00000197AAA2D6C0>
          │    │   │      └ <function BaseHTTPMiddleware.__call__.<locals>.call_next.<locals>.receive_or_disconnect at 0x00000197AAA2D800>
          │    │   └ {'type': 'http', 'asgi': {'version': '3.0', 'spec_version': '2.3'}, 'http_version': '1.1', 'server': ('127.0.0.1', 9900), 'cl...
          │    └ <fastapi.routing.APIRouter object at 0x00000197AA45BD90>
          └ <fastapi.middleware.asyncexitstack.AsyncExitStackMiddleware object at 0x00000197A9EEBD50>
  File "D:\__lybix__\DEVTools\miniconda3\envs\fams\Lib\site-packages\starlette\routing.py", line 660, in __call__
    await self.middleware_stack(scope, receive, send)
          │    │                │      │        └ <function wrap_app_handling_exceptions.<locals>.wrapped_app.<locals>.sender at 0x00000197AAA2D6C0>
          │    │                │      └ <function BaseHTTPMiddleware.__call__.<locals>.call_next.<locals>.receive_or_disconnect at 0x00000197AAA2D800>
          │    │                └ {'type': 'http', 'asgi': {'version': '3.0', 'spec_version': '2.3'}, 'http_version': '1.1', 'server': ('127.0.0.1', 9900), 'cl...
          │    └ <bound method APIRouter.app of <fastapi.routing.APIRouter object at 0x00000197AA45BD90>>
          └ <fastapi.routing.APIRouter object at 0x00000197AA45BD90>
  File "D:\__lybix__\DEVTools\miniconda3\envs\fams\Lib\site-packages\fastapi\routing.py", line 2683, in app
    await route.handle(scope, receive, send)
          │     │      │      │        └ <function wrap_app_handling_exceptions.<locals>.wrapped_app.<locals>.sender at 0x00000197AAA2D6C0>
          │     │      │      └ <function BaseHTTPMiddleware.__call__.<locals>.call_next.<locals>.receive_or_disconnect at 0x00000197AAA2D800>
          │     │      └ {'type': 'http', 'asgi': {'version': '3.0', 'spec_version': '2.3'}, 'http_version': '1.1', 'server': ('127.0.0.1', 9900), 'cl...
          │     └ <function _IncludedRouter.handle at 0x00000197A8461BC0>
          └ _IncludedRouter(original_router=<fastapi.routing.APIRouter object at 0x00000197A8713150>, include_context=_RouterIncludeConte...
  File "D:\__lybix__\DEVTools\miniconda3\envs\fams\Lib\site-packages\fastapi\routing.py", line 1753, in handle
    await self.original_router.handle(scope, receive, send)
          │    │               │      │      │        └ <function wrap_app_handling_exceptions.<locals>.wrapped_app.<locals>.sender at 0x00000197AAA2D6C0>
          │    │               │      │      └ <function BaseHTTPMiddleware.__call__.<locals>.call_next.<locals>.receive_or_disconnect at 0x00000197AAA2D800>
          │    │               │      └ {'type': 'http', 'asgi': {'version': '3.0', 'spec_version': '2.3'}, 'http_version': '1.1', 'server': ('127.0.0.1', 9900), 'cl...
          │    │               └ <function APIRouter.handle at 0x00000197A8463BA0>
          │    └ <fastapi.routing.APIRouter object at 0x00000197A8713150>
          └ _IncludedRouter(original_router=<fastapi.routing.APIRouter object at 0x00000197A8713150>, include_context=_RouterIncludeConte...
  File "D:\__lybix__\DEVTools\miniconda3\envs\fams\Lib\site-packages\fastapi\routing.py", line 2738, in handle
    await included_router._handle_selected(scope, receive, send)
          │               │                │      │        └ <function wrap_app_handling_exceptions.<locals>.wrapped_app.<locals>.sender at 0x00000197AAA2D6C0>
          │               │                │      └ <function BaseHTTPMiddleware.__call__.<locals>.call_next.<locals>.receive_or_disconnect at 0x00000197AAA2D800>
          │               │                └ {'type': 'http', 'asgi': {'version': '3.0', 'spec_version': '2.3'}, 'http_version': '1.1', 'server': ('127.0.0.1', 9900), 'cl...
          │               └ <function _IncludedRouter._handle_selected at 0x00000197A8461C60>
          └ _IncludedRouter(original_router=<fastapi.routing.APIRouter object at 0x00000197A8713150>, include_context=_RouterIncludeConte...
  File "D:\__lybix__\DEVTools\miniconda3\envs\fams\Lib\site-packages\fastapi\routing.py", line 1773, in _handle_selected
    await original_route.handle(scope, receive, send)
          │              │      │      │        └ <function wrap_app_handling_exceptions.<locals>.wrapped_app.<locals>.sender at 0x00000197AAA2D6C0>
          │              │      │      └ <function BaseHTTPMiddleware.__call__.<locals>.call_next.<locals>.receive_or_disconnect at 0x00000197AAA2D800>
          │              │      └ {'type': 'http', 'asgi': {'version': '3.0', 'spec_version': '2.3'}, 'http_version': '1.1', 'server': ('127.0.0.1', 9900), 'cl...
          │              └ <function APIRoute.handle at 0x00000197A844FCE0>
          └ APIRoute(path='/api/check/diff/{task_id}', name='get_diff_report', methods=['GET'])
  File "D:\__lybix__\DEVTools\miniconda3\envs\fams\Lib\site-packages\fastapi\routing.py", line 1264, in handle
    await app(scope, receive, send)
          │   │      │        └ <function wrap_app_handling_exceptions.<locals>.wrapped_app.<locals>.sender at 0x00000197AAA2D6C0>
          │   │      └ <function BaseHTTPMiddleware.__call__.<locals>.call_next.<locals>.receive_or_disconnect at 0x00000197AAA2D800>
          │   └ {'type': 'http', 'asgi': {'version': '3.0', 'spec_version': '2.3'}, 'http_version': '1.1', 'server': ('127.0.0.1', 9900), 'cl...
          └ <function request_response.<locals>.app at 0x00000197AAA2D260>
  File "D:\__lybix__\DEVTools\miniconda3\envs\fams\Lib\site-packages\fastapi\routing.py", line 150, in app
    await wrap_app_handling_exceptions(app, request)(scope, receive, send)
          │                            │    │        │      │        └ <function wrap_app_handling_exceptions.<locals>.wrapped_app.<locals>.sender at 0x00000197AAA2D6C0>
          │                            │    │        │      └ <function BaseHTTPMiddleware.__call__.<locals>.call_next.<locals>.receive_or_disconnect at 0x00000197AAA2D800>
          │                            │    │        └ {'type': 'http', 'asgi': {'version': '3.0', 'spec_version': '2.3'}, 'http_version': '1.1', 'server': ('127.0.0.1', 9900), 'cl...
          │                            │    └ <starlette.requests.Request object at 0x00000197AAAC9450>
          │                            └ <function request_response.<locals>.app.<locals>.app at 0x00000197AAA2D8A0>
          └ <function wrap_app_handling_exceptions at 0x00000197A841F100>
  File "D:\__lybix__\DEVTools\miniconda3\envs\fams\Lib\site-packages\starlette\_exception_handler.py", line 53, in wrapped_app
    raise exc
  File "D:\__lybix__\DEVTools\miniconda3\envs\fams\Lib\site-packages\starlette\_exception_handler.py", line 42, in wrapped_app
    await app(scope, receive, sender)
          │   │      │        └ <function wrap_app_handling_exceptions.<locals>.wrapped_app.<locals>.sender at 0x00000197AAA2D620>
          │   │      └ <function BaseHTTPMiddleware.__call__.<locals>.call_next.<locals>.receive_or_disconnect at 0x00000197AAA2D800>
          │   └ {'type': 'http', 'asgi': {'version': '3.0', 'spec_version': '2.3'}, 'http_version': '1.1', 'server': ('127.0.0.1', 9900), 'cl...
          └ <function request_response.<locals>.app.<locals>.app at 0x00000197AAA2D8A0>
  File "D:\__lybix__\DEVTools\miniconda3\envs\fams\Lib\site-packages\fastapi\routing.py", line 136, in app
    response = await f(request)
                     │ └ <starlette.requests.Request object at 0x00000197AAAC9450>
                     └ <function get_request_handler.<locals>.app at 0x00000197AAA2D300>
  File "D:\__lybix__\DEVTools\miniconda3\envs\fams\Lib\site-packages\fastapi\routing.py", line 690, in app
    raw_response = await run_endpoint_function(
                         └ <function run_endpoint_function at 0x00000197A844EF20>
  File "D:\__lybix__\DEVTools\miniconda3\envs\fams\Lib\site-packages\fastapi\routing.py", line 344, in run_endpoint_function
    return await dependant.call(**values)
                 │         │      └ {'_auth': {'user_id': 1, 'username': 'admin', 'dept_id': 1, 'role_keys': ['admin'], 'exp': 1783956875, 'iat': 1783870475}, 'c...
                 │         └ <function get_diff_report at 0x00000197AA3E16C0>
                 └ Dependant(path_params=[ModelField(field_info=Path(PydanticUndefined), name='task_id', mode='validation', config=None)], query...

  File "D:\__lybix__\_Codes\FAMS-NEPU\platform\server\services\svr_gateway\routes.py", line 956, in get_diff_report
    report = logic.get_diff_report(task_id)
             │     │               └ 8
             │     └ <function CheckLogic.get_diff_report at 0x00000197AA1CC220>
             └ <data.logic.check_logic.CheckLogic object at 0x00000197A9EFD250>

  File "D:\__lybix__\_Codes\FAMS-NEPU\platform\server\data\logic\check_logic.py", line 353, in get_diff_report
    report = self.report_dao.get_by_task(task_id)
             │    │          │           └ 8
             │    │          └ <function CheckDiffReportDAO.get_by_task at 0x00000197AA18F9C0>
             │    └ <data.basic.check_dao.CheckDiffReportDAO object at 0x00000197AA663750>
             └ <data.logic.check_logic.CheckLogic object at 0x00000197A9EFD250>

  File "D:\__lybix__\_Codes\FAMS-NEPU\platform\server\data\basic\check_dao.py", line 262, in get_by_task
    return self._execute_one(sql, {"task_id": task_id})
           │    │            │                └ 8
           │    │            └ 'SELECT report_id, task_id, task_status, task_name, total_items, matched_items, surplus_items, shortage_items,\n             ...
           │    └ <function BaseDAO._execute_one at 0x00000197A870AAC0>
           └ <data.basic.check_dao.CheckDiffReportDAO object at 0x00000197AA663750>

  File "D:\__lybix__\_Codes\FAMS-NEPU\platform\server\data\basic\base_dao.py", line 47, in _execute_one
    rows = self._execute(sql, params)
           │    │        │    └ {'task_id': 8}
           │    │        └ 'SELECT report_id, task_id, task_status, task_name, total_items, matched_items, surplus_items, shortage_items,\n             ...
           │    └ <function BaseDAO._execute at 0x00000197A9DACC20>
           └ <data.basic.check_dao.CheckDiffReportDAO object at 0x00000197AA663750>

  File "D:\__lybix__\_Codes\FAMS-NEPU\platform\server\data\basic\base_dao.py", line 39, in _execute
    result = conn.execute(text(sql), params or {})
             │    │       │    │     └ {'task_id': 8}
             │    │       │    └ 'SELECT report_id, task_id, task_status, task_name, total_items, matched_items, surplus_items, shortage_items,\n             ...
             │    │       └ <function text at 0x00000197A8CF4040>
             │    └ <function Connection.execute at 0x00000197A9D2AD40>
             └ <sqlalchemy.engine.base.Connection object at 0x00000197AAAC98D0>

  File "D:\__lybix__\DEVTools\miniconda3\envs\fams\Lib\site-packages\sqlalchemy\engine\base.py", line 1421, in execute
    return meth(
           └ <bound method ClauseElement._execute_on_connection of <sqlalchemy.sql.elements.TextClause object at 0x00000197AAAAD150>>
  File "D:\__lybix__\DEVTools\miniconda3\envs\fams\Lib\site-packages\sqlalchemy\sql\elements.py", line 526, in _execute_on_connection
    return connection._execute_clauseelement(
           │          └ <function Connection._execute_clauseelement at 0x00000197A9D2B060>
           └ <sqlalchemy.engine.base.Connection object at 0x00000197AAAC98D0>
  File "D:\__lybix__\DEVTools\miniconda3\envs\fams\Lib\site-packages\sqlalchemy\engine\base.py", line 1643, in _execute_clauseelement
    ret = self._execute_context(
          │    └ <function Connection._execute_context at 0x00000197A9D2B240>
          └ <sqlalchemy.engine.base.Connection object at 0x00000197AAAC98D0>
  File "D:\__lybix__\DEVTools\miniconda3\envs\fams\Lib\site-packages\sqlalchemy\engine\base.py", line 1848, in _execute_context
    return self._exec_single_context(
           │    └ <function Connection._exec_single_context at 0x00000197A9D2B2E0>
           └ <sqlalchemy.engine.base.Connection object at 0x00000197AAAC98D0>
  File "D:\__lybix__\DEVTools\miniconda3\envs\fams\Lib\site-packages\sqlalchemy\engine\base.py", line 1988, in _exec_single_context
    self._handle_dbapi_exception(
    │    └ <function Connection._handle_dbapi_exception at 0x00000197A9D2B560>
    └ <sqlalchemy.engine.base.Connection object at 0x00000197AAAC98D0>
  File "D:\__lybix__\DEVTools\miniconda3\envs\fams\Lib\site-packages\sqlalchemy\engine\base.py", line 2365, in _handle_dbapi_exception
    raise sqlalchemy_exception.with_traceback(exc_info[2]) from e
          │                    │              │                 └ InternalError(1054, "Unknown column 'task_status' in 'field list'")
          │                    │              └ (<class 'pymysql.err.InternalError'>, InternalError(1054, "Unknown column 'task_status' in 'field list'"), <traceback object ...
          │                    └ <method 'with_traceback' of 'BaseException' objects>
          └ InternalError('(pymysql.err.InternalError) (1054, "Unknown column \'task_status\' in \'field list\'")')
  File "D:\__lybix__\DEVTools\miniconda3\envs\fams\Lib\site-packages\sqlalchemy\engine\base.py", line 1969, in _exec_single_context
    self.dialect.do_execute(
    │    │       └ <function DefaultDialect.do_execute at 0x00000197A9DD6E80>
    │    └ <sqlalchemy.dialects.mysql.pymysql.MySQLDialect_pymysql object at 0x00000197AA7A5150>
    └ <sqlalchemy.engine.base.Connection object at 0x00000197AAAC98D0>
  File "D:\__lybix__\DEVTools\miniconda3\envs\fams\Lib\site-packages\sqlalchemy\engine\default.py", line 952, in do_execute
    cursor.execute(statement, parameters)
    │      │       │          └ {'task_id': 8}
    │      │       └ 'SELECT report_id, task_id, task_status, task_name, total_items, matched_items, surplus_items, shortage_items,\n             ...
    │      └ <function Cursor.execute at 0x00000197AA785940>
    └ <pymysql.cursors.Cursor object at 0x00000197AAAC9950>
  File "D:\__lybix__\DEVTools\miniconda3\envs\fams\Lib\site-packages\pymysql\cursors.py", line 170, in execute
    result = self._query(query)
             │    │      └ 'SELECT report_id, task_id, task_status, task_name, total_items, matched_items, surplus_items, shortage_items,\n             ...
             │    └ <function Cursor._query at 0x00000197AA785E40>
             └ <pymysql.cursors.Cursor object at 0x00000197AAAC9950>
  File "D:\__lybix__\DEVTools\miniconda3\envs\fams\Lib\site-packages\pymysql\cursors.py", line 328, in _query
    conn.query(q)
    │    │     └ 'SELECT report_id, task_id, task_status, task_name, total_items, matched_items, surplus_items, shortage_items,\n             ...
    │    └ <function Connection.query at 0x00000197AA7A1A80>
    └ <pymysql.connections.Connection object at 0x00000197AA5D38D0>
  File "D:\__lybix__\DEVTools\miniconda3\envs\fams\Lib\site-packages\pymysql\connections.py", line 517, in query
    self._affected_rows = self._read_query_result(unbuffered=unbuffered)
    │    │                │    │                             └ False
    │    │                │    └ <function Connection._read_query_result at 0x00000197AA7A2160>
    │    │                └ <pymysql.connections.Connection object at 0x00000197AA5D38D0>
    │    └ 1
    └ <pymysql.connections.Connection object at 0x00000197AA5D38D0>
  File "D:\__lybix__\DEVTools\miniconda3\envs\fams\Lib\site-packages\pymysql\connections.py", line 732, in _read_query_result
    result.read()
    │      └ <function MySQLResult.read at 0x00000197AA7A2A20>
    └ <pymysql.connections.MySQLResult object at 0x00000197AAAC8C90>
  File "D:\__lybix__\DEVTools\miniconda3\envs\fams\Lib\site-packages\pymysql\connections.py", line 1075, in read
    first_packet = self.connection._read_packet()
                   │    └ None
                   └ <pymysql.connections.MySQLResult object at 0x00000197AAAC8C90>
  File "D:\__lybix__\DEVTools\miniconda3\envs\fams\Lib\site-packages\pymysql\connections.py", line 684, in _read_packet
    packet.check_error()
    │      └ <function MysqlPacket.check_error at 0x00000197AA787F60>
    └ <pymysql.protocol.MysqlPacket object at 0x00000197AAAAB3D0>
  File "D:\__lybix__\DEVTools\miniconda3\envs\fams\Lib\site-packages\pymysql\protocol.py", line 220, in check_error
    err.raise_mysql_exception(self._data)
    │   │                     │    └ <member '_data' of 'MysqlPacket' objects>
    │   │                     └ <pymysql.protocol.MysqlPacket object at 0x00000197AAAAB3D0>
    │   └ <function raise_mysql_exception at 0x00000197AA72F1A0>
    └ <module 'pymysql.err' from 'D:\\__lybix__\\DEVTools\\miniconda3\\envs\\fams\\Lib\\site-packages\\pymysql\\err.py'>
  File "D:\__lybix__\DEVTools\miniconda3\envs\fams\Lib\site-packages\pymysql\err.py", line 109, in raise_mysql_exception
    raise errorclass(errno, errval)
          │          │      └ "Unknown column 'task_status' in 'field list'"
          │          └ 1054
          └ <class 'pymysql.err.InternalError'>

sqlalchemy.exc.InternalError: (pymysql.err.InternalError) (1054, "Unknown column 'task_status' in 'field list'")
[SQL: SELECT report_id, task_id, task_status, task_name, total_items, matched_items, surplus_items, shortage_items,
                     mismatch_items, llm_analysis, create_time
                 FROM check_diff_report
                 WHERE task_id = %(task_id)s]
[parameters: {'task_id': 8}]
(Background on this error at: https://sqlalche.me/e/20/2j85)
2026-07-13 08:11:35.854 | ERROR    | __main__:global_exception_handler:50 - Unhandled exception on GET /api/check/diff/8
Traceback (most recent call last):

  File "D:\__lybix__\DEVTools\miniconda3\envs\fams\Lib\site-packages\sqlalchemy\engine\base.py", line 1969, in _exec_single_context
    self.dialect.do_execute(
    │    │       └ <function DefaultDialect.do_execute at 0x0000021435686E80>
    │    └ <sqlalchemy.dialects.mysql.pymysql.MySQLDialect_pymysql object at 0x0000021436054D50>
    └ <sqlalchemy.engine.base.Connection object at 0x0000021436054110>
  File "D:\__lybix__\DEVTools\miniconda3\envs\fams\Lib\site-packages\sqlalchemy\engine\default.py", line 952, in do_execute
    cursor.execute(statement, parameters)
    │      │       │          └ {'task_id': 8}
    │      │       └ 'SELECT report_id, task_id, t.task_status as status, task_name, total_items, matched_items, surplus_items, shortage_items,\n ...
    │      └ <function Cursor.execute at 0x0000021436031940>
    └ <pymysql.cursors.Cursor object at 0x000002143579A410>
  File "D:\__lybix__\DEVTools\miniconda3\envs\fams\Lib\site-packages\pymysql\cursors.py", line 170, in execute
    result = self._query(query)
             │    │      └ 'SELECT report_id, task_id, t.task_status as status, task_name, total_items, matched_items, surplus_items, shortage_items,\n ...
             │    └ <function Cursor._query at 0x0000021436031E40>
             └ <pymysql.cursors.Cursor object at 0x000002143579A410>
  File "D:\__lybix__\DEVTools\miniconda3\envs\fams\Lib\site-packages\pymysql\cursors.py", line 328, in _query
    conn.query(q)
    │    │     └ 'SELECT report_id, task_id, t.task_status as status, task_name, total_items, matched_items, surplus_items, shortage_items,\n ...
    │    └ <function Connection.query at 0x0000021436051A80>
    └ <pymysql.connections.Connection object at 0x00000214360553D0>
  File "D:\__lybix__\DEVTools\miniconda3\envs\fams\Lib\site-packages\pymysql\connections.py", line 517, in query
    self._affected_rows = self._read_query_result(unbuffered=unbuffered)
    │    │                │    │                             └ False
    │    │                │    └ <function Connection._read_query_result at 0x0000021436052160>
    │    │                └ <pymysql.connections.Connection object at 0x00000214360553D0>
    │    └ 1
    └ <pymysql.connections.Connection object at 0x00000214360553D0>
  File "D:\__lybix__\DEVTools\miniconda3\envs\fams\Lib\site-packages\pymysql\connections.py", line 732, in _read_query_result
    result.read()
    │      └ <function MySQLResult.read at 0x0000021436052A20>
    └ <pymysql.connections.MySQLResult object at 0x00000214357BA090>
  File "D:\__lybix__\DEVTools\miniconda3\envs\fams\Lib\site-packages\pymysql\connections.py", line 1075, in read
    first_packet = self.connection._read_packet()
                   │    └ None
                   └ <pymysql.connections.MySQLResult object at 0x00000214357BA090>
  File "D:\__lybix__\DEVTools\miniconda3\envs\fams\Lib\site-packages\pymysql\connections.py", line 684, in _read_packet
    packet.check_error()
    │      └ <function MysqlPacket.check_error at 0x0000021436033F60>
    └ <pymysql.protocol.MysqlPacket object at 0x0000021435FF3F40>
  File "D:\__lybix__\DEVTools\miniconda3\envs\fams\Lib\site-packages\pymysql\protocol.py", line 220, in check_error
    err.raise_mysql_exception(self._data)
    │   │                     │    └ <member '_data' of 'MysqlPacket' objects>
    │   │                     └ <pymysql.protocol.MysqlPacket object at 0x0000021435FF3F40>
    │   └ <function raise_mysql_exception at 0x0000021435FDF1A0>
    └ <module 'pymysql.err' from 'D:\\__lybix__\\DEVTools\\miniconda3\\envs\\fams\\Lib\\site-packages\\pymysql\\err.py'>
  File "D:\__lybix__\DEVTools\miniconda3\envs\fams\Lib\site-packages\pymysql\err.py", line 109, in raise_mysql_exception
    raise errorclass(errno, errval)
          │          │      └ "Column 'task_id' in field list is ambiguous"
          │          └ 1052
          └ <class 'pymysql.err.InternalError'>

pymysql.err.InternalError: (1052, "Column 'task_id' in field list is ambiguous")


The above exception was the direct cause of the following exception:


Traceback (most recent call last):

  File "D:\__lybix__\_Codes\FAMS-NEPU\platform\server\services\svr_gateway\main.py", line 64, in <module>
    uvicorn.run(app, host="0.0.0.0", port=gateway_config.HTTP_PORT)
    │       │   │                         │              └ 9900
    │       │   │                         └ <services.svr_gateway.config.GatewayConfig object at 0x0000021433DC9890>
    │       │   └ <fastapi.applications.FastAPI object at 0x0000021435D0B350>
    │       └ <function run at 0x0000021432B3FD80>
    └ <module 'uvicorn' from 'D:\\__lybix__\\DEVTools\\miniconda3\\envs\\fams\\Lib\\site-packages\\uvicorn\\__init__.py'>

  File "D:\__lybix__\DEVTools\miniconda3\envs\fams\Lib\site-packages\uvicorn\main.py", line 621, in run
    server.run()
    │      └ <function Server.run at 0x0000021432CD0860>
    └ <uvicorn.server.Server object at 0x0000021432B3B1D0>
  File "D:\__lybix__\DEVTools\miniconda3\envs\fams\Lib\site-packages\uvicorn\server.py", line 74, in run
    return asyncio_run(self.serve(sockets=sockets), loop_factory=self.config.get_loop_factory())
           │           │    │             │                      │    │      └ <function Config.get_loop_factory at 0x0000021432B3D1C0>
           │           │    │             │                      │    └ <uvicorn.config.Config object at 0x00000214357AED90>
           │           │    │             │                      └ <uvicorn.server.Server object at 0x0000021432B3B1D0>
           │           │    │             └ None
           │           │    └ <function Server.serve at 0x0000021432CD0900>
           │           └ <uvicorn.server.Server object at 0x0000021432B3B1D0>
           └ <function asyncio_run at 0x0000021432AB7740>
  File "D:\__lybix__\DEVTools\miniconda3\envs\fams\Lib\site-packages\uvicorn\_compat.py", line 30, in asyncio_run
    return runner.run(main)
           │      │   └ <coroutine object Server.serve at 0x0000021435D207C0>
           │      └ <function Runner.run at 0x00000214324F3560>
           └ <asyncio.runners.Runner object at 0x0000021435ABB7D0>
  File "D:\__lybix__\DEVTools\miniconda3\envs\fams\Lib\asyncio\runners.py", line 118, in run
    return self._loop.run_until_complete(task)
           │    │     │                  └ <Task pending name='Task-1' coro=<Server.serve() running at D:\__lybix__\DEVTools\miniconda3\envs\fams\Lib\site-packages\uvic...
           │    │     └ <function BaseEventLoop.run_until_complete at 0x00000214324F1120>
           │    └ <ProactorEventLoop running=True closed=False debug=False>
           └ <asyncio.runners.Runner object at 0x0000021435ABB7D0>
  File "D:\__lybix__\DEVTools\miniconda3\envs\fams\Lib\asyncio\base_events.py", line 637, in run_until_complete
    self.run_forever()
    │    └ <function ProactorEventLoop.run_forever at 0x00000214325C8860>
    └ <ProactorEventLoop running=True closed=False debug=False>
  File "D:\__lybix__\DEVTools\miniconda3\envs\fams\Lib\asyncio\windows_events.py", line 321, in run_forever
    super().run_forever()
  File "D:\__lybix__\DEVTools\miniconda3\envs\fams\Lib\asyncio\base_events.py", line 604, in run_forever
    self._run_once()
    │    └ <function BaseEventLoop._run_once at 0x00000214324F2E80>
    └ <ProactorEventLoop running=True closed=False debug=False>
  File "D:\__lybix__\DEVTools\miniconda3\envs\fams\Lib\asyncio\base_events.py", line 1909, in _run_once
    handle._run()
    │      └ <function Handle._run at 0x00000214324353A0>
    └ <Handle Task.task_wakeup(<Future finished result=None>)>
  File "D:\__lybix__\DEVTools\miniconda3\envs\fams\Lib\asyncio\events.py", line 80, in _run
    self._context.run(self._callback, *self._args)
    │    │            │    │           │    └ <member '_args' of 'Handle' objects>
    │    │            │    │           └ <Handle Task.task_wakeup(<Future finished result=None>)>
    │    │            │    └ <member '_callback' of 'Handle' objects>
    │    │            └ <Handle Task.task_wakeup(<Future finished result=None>)>
    │    └ <member '_context' of 'Handle' objects>
    └ <Handle Task.task_wakeup(<Future finished result=None>)>
  File "D:\__lybix__\DEVTools\miniconda3\envs\fams\Lib\site-packages\uvicorn\protocols\http\httptools_impl.py", line 422, in run_asgi
    result = await app(  # type: ignore[func-returns-value]
                   └ <uvicorn.middleware.proxy_headers.ProxyHeadersMiddleware object at 0x0000021435D0D290>
  File "D:\__lybix__\DEVTools\miniconda3\envs\fams\Lib\site-packages\uvicorn\middleware\proxy_headers.py", line 63, in __call__
    return await self.app(scope, receive, send)
                 │    │   │      │        └ <bound method RequestResponseCycle.send of <uvicorn.protocols.http.httptools_impl.RequestResponseCycle object at 0x0000021435...
                 │    │   │      └ <bound method RequestResponseCycle.receive of <uvicorn.protocols.http.httptools_impl.RequestResponseCycle object at 0x0000021...
                 │    │   └ {'type': 'http', 'asgi': {'version': '3.0', 'spec_version': '2.3'}, 'http_version': '1.1', 'server': ('127.0.0.1', 9900), 'cl...
                 │    └ <fastapi.applications.FastAPI object at 0x0000021435D0B350>
                 └ <uvicorn.middleware.proxy_headers.ProxyHeadersMiddleware object at 0x0000021435D0D290>
  File "D:\__lybix__\DEVTools\miniconda3\envs\fams\Lib\site-packages\fastapi\applications.py", line 1163, in __call__
    await super().__call__(scope, receive, send)
                           │      │        └ <bound method RequestResponseCycle.send of <uvicorn.protocols.http.httptools_impl.RequestResponseCycle object at 0x0000021435...
                           │      └ <bound method RequestResponseCycle.receive of <uvicorn.protocols.http.httptools_impl.RequestResponseCycle object at 0x0000021...
                           └ {'type': 'http', 'asgi': {'version': '3.0', 'spec_version': '2.3'}, 'http_version': '1.1', 'server': ('127.0.0.1', 9900), 'cl...
  File "D:\__lybix__\DEVTools\miniconda3\envs\fams\Lib\site-packages\starlette\applications.py", line 90, in __call__
    await self.middleware_stack(scope, receive, send)
          │    │                │      │        └ <bound method RequestResponseCycle.send of <uvicorn.protocols.http.httptools_impl.RequestResponseCycle object at 0x0000021435...
          │    │                │      └ <bound method RequestResponseCycle.receive of <uvicorn.protocols.http.httptools_impl.RequestResponseCycle object at 0x0000021...
          │    │                └ {'type': 'http', 'asgi': {'version': '3.0', 'spec_version': '2.3'}, 'http_version': '1.1', 'server': ('127.0.0.1', 9900), 'cl...
          │    └ <starlette.middleware.errors.ServerErrorMiddleware object at 0x0000021435DAF0D0>
          └ <fastapi.applications.FastAPI object at 0x0000021435D0B350>
> File "D:\__lybix__\DEVTools\miniconda3\envs\fams\Lib\site-packages\starlette\middleware\errors.py", line 164, in __call__
    await self.app(scope, receive, _send)
          │    │   │      │        └ <function ServerErrorMiddleware.__call__.<locals>._send at 0x0000021435DB0860>
          │    │   │      └ <bound method RequestResponseCycle.receive of <uvicorn.protocols.http.httptools_impl.RequestResponseCycle object at 0x0000021...
          │    │   └ {'type': 'http', 'asgi': {'version': '3.0', 'spec_version': '2.3'}, 'http_version': '1.1', 'server': ('127.0.0.1', 9900), 'cl...
          │    └ <starlette.middleware.base.BaseHTTPMiddleware object at 0x00000214357B5210>
          └ <starlette.middleware.errors.ServerErrorMiddleware object at 0x0000021435DAF0D0>
  File "D:\__lybix__\DEVTools\miniconda3\envs\fams\Lib\contextlib.py", line 222, in __aexit__
    await self.gen.athrow(typ, value, traceback)
          │    │   │      │    │      └ <traceback object at 0x0000021436079180>
          │    │   │      │    └ InternalError('(pymysql.err.InternalError) (1052, "Column \'task_id\' in field list is ambiguous")')
          │    │   │      └ <class 'sqlalchemy.exc.InternalError'>
          │    │   └ <method 'athrow' of 'async_generator' objects>
          │    └ <async_generator object create_collapsing_task_group at 0x0000021435D62540>
          └ <contextlib._AsyncGeneratorContextManager object at 0x000002143579D9D0>
  File "D:\__lybix__\DEVTools\miniconda3\envs\fams\Lib\site-packages\starlette\_utils.py", line 93, in create_collapsing_task_group
    raise exc from exc.__cause__ or context
          │        │   │            └ None
          │        │   └ <attribute '__cause__' of 'BaseException' objects>
          │        └ InternalError('(pymysql.err.InternalError) (1052, "Column \'task_id\' in field list is ambiguous")')
          └ InternalError('(pymysql.err.InternalError) (1052, "Column \'task_id\' in field list is ambiguous")')
  File "D:\__lybix__\DEVTools\miniconda3\envs\fams\Lib\site-packages\starlette\_utils.py", line 86, in create_collapsing_task_group
    yield tg
          └ <anyio._backends._asyncio.TaskGroup object at 0x0000021435DAFD50>
  File "D:\__lybix__\DEVTools\miniconda3\envs\fams\Lib\site-packages\starlette\middleware\base.py", line 193, in __call__
    response = await self.dispatch_func(request, call_next)
                     │    │             │        └ <function BaseHTTPMiddleware.__call__.<locals>.call_next at 0x0000021435DB0AE0>
                     │    │             └ <starlette.middleware.base._CachedRequest object at 0x0000021435C2D190>
                     │    └ <function log_requests at 0x0000021435D06FC0>
                     └ <starlette.middleware.base.BaseHTTPMiddleware object at 0x00000214357B5210>

  File "D:\__lybix__\_Codes\FAMS-NEPU\platform\server\services\svr_gateway\main.py", line 42, in log_requests
    response = await call_next(request)
                     │         └ <starlette.middleware.base._CachedRequest object at 0x0000021435C2D190>
                     └ <function BaseHTTPMiddleware.__call__.<locals>.call_next at 0x0000021435DB0AE0>

  File "D:\__lybix__\DEVTools\miniconda3\envs\fams\Lib\site-packages\starlette\middleware\base.py", line 168, in call_next
    raise app_exc from app_exc.__cause__ or app_exc.__context__
          │            │       │            │       └ <attribute '__context__' of 'BaseException' objects>
          │            │       │            └ InternalError('(pymysql.err.InternalError) (1052, "Column \'task_id\' in field list is ambiguous")')
          │            │       └ <attribute '__cause__' of 'BaseException' objects>
          │            └ InternalError('(pymysql.err.InternalError) (1052, "Column \'task_id\' in field list is ambiguous")')
          └ InternalError('(pymysql.err.InternalError) (1052, "Column \'task_id\' in field list is ambiguous")')
  File "D:\__lybix__\DEVTools\miniconda3\envs\fams\Lib\site-packages\starlette\middleware\base.py", line 144, in coro
    await self.app(scope, receive_or_disconnect, send_no_error)
          │    │   │      │                      └ <function BaseHTTPMiddleware.__call__.<locals>.call_next.<locals>.send_no_error at 0x0000021435DB1BC0>
          │    │   │      └ <function BaseHTTPMiddleware.__call__.<locals>.call_next.<locals>.receive_or_disconnect at 0x0000021435DB19E0>
          │    │   └ {'type': 'http', 'asgi': {'version': '3.0', 'spec_version': '2.3'}, 'http_version': '1.1', 'server': ('127.0.0.1', 9900), 'cl...
          │    └ <starlette.middleware.cors.CORSMiddleware object at 0x0000021435DAEDD0>
          └ <starlette.middleware.base.BaseHTTPMiddleware object at 0x00000214357B5210>
  File "D:\__lybix__\DEVTools\miniconda3\envs\fams\Lib\site-packages\starlette\middleware\cors.py", line 88, in __call__
    await self.app(scope, receive, send)
          │    │   │      │        └ <function BaseHTTPMiddleware.__call__.<locals>.call_next.<locals>.send_no_error at 0x0000021435DB1BC0>
          │    │   │      └ <function BaseHTTPMiddleware.__call__.<locals>.call_next.<locals>.receive_or_disconnect at 0x0000021435DB19E0>
          │    │   └ {'type': 'http', 'asgi': {'version': '3.0', 'spec_version': '2.3'}, 'http_version': '1.1', 'server': ('127.0.0.1', 9900), 'cl...
          │    └ <starlette.middleware.exceptions.ExceptionMiddleware object at 0x0000021435DAEE10>
          └ <starlette.middleware.cors.CORSMiddleware object at 0x0000021435DAEDD0>
  File "D:\__lybix__\DEVTools\miniconda3\envs\fams\Lib\site-packages\starlette\middleware\exceptions.py", line 63, in __call__
    await wrap_app_handling_exceptions(self.app, conn)(scope, receive, send)
          │                            │    │    │     │      │        └ <function BaseHTTPMiddleware.__call__.<locals>.call_next.<locals>.send_no_error at 0x0000021435DB1BC0>
          │                            │    │    │     │      └ <function BaseHTTPMiddleware.__call__.<locals>.call_next.<locals>.receive_or_disconnect at 0x0000021435DB19E0>
          │                            │    │    │     └ {'type': 'http', 'asgi': {'version': '3.0', 'spec_version': '2.3'}, 'http_version': '1.1', 'server': ('127.0.0.1', 9900), 'cl...
          │                            │    │    └ <starlette.requests.Request object at 0x0000021435DB8950>
          │                            │    └ <fastapi.middleware.asyncexitstack.AsyncExitStackMiddleware object at 0x0000021435DAED90>
          │                            └ <starlette.middleware.exceptions.ExceptionMiddleware object at 0x0000021435DAEE10>
          └ <function wrap_app_handling_exceptions at 0x0000021433CBF100>
  File "D:\__lybix__\DEVTools\miniconda3\envs\fams\Lib\site-packages\starlette\_exception_handler.py", line 53, in wrapped_app
    raise exc
  File "D:\__lybix__\DEVTools\miniconda3\envs\fams\Lib\site-packages\starlette\_exception_handler.py", line 42, in wrapped_app
    await app(scope, receive, sender)
          │   │      │        └ <function wrap_app_handling_exceptions.<locals>.wrapped_app.<locals>.sender at 0x0000021435E26DE0>
          │   │      └ <function BaseHTTPMiddleware.__call__.<locals>.call_next.<locals>.receive_or_disconnect at 0x0000021435DB19E0>
          │   └ {'type': 'http', 'asgi': {'version': '3.0', 'spec_version': '2.3'}, 'http_version': '1.1', 'server': ('127.0.0.1', 9900), 'cl...
          └ <fastapi.middleware.asyncexitstack.AsyncExitStackMiddleware object at 0x0000021435DAED90>
  File "D:\__lybix__\DEVTools\miniconda3\envs\fams\Lib\site-packages\fastapi\middleware\asyncexitstack.py", line 18, in __call__
    await self.app(scope, receive, send)
          │    │   │      │        └ <function wrap_app_handling_exceptions.<locals>.wrapped_app.<locals>.sender at 0x0000021435E26DE0>
          │    │   │      └ <function BaseHTTPMiddleware.__call__.<locals>.call_next.<locals>.receive_or_disconnect at 0x0000021435DB19E0>
          │    │   └ {'type': 'http', 'asgi': {'version': '3.0', 'spec_version': '2.3'}, 'http_version': '1.1', 'server': ('127.0.0.1', 9900), 'cl...
          │    └ <fastapi.routing.APIRouter object at 0x0000021435D0B190>
          └ <fastapi.middleware.asyncexitstack.AsyncExitStackMiddleware object at 0x0000021435DAED90>
  File "D:\__lybix__\DEVTools\miniconda3\envs\fams\Lib\site-packages\starlette\routing.py", line 660, in __call__
    await self.middleware_stack(scope, receive, send)
          │    │                │      │        └ <function wrap_app_handling_exceptions.<locals>.wrapped_app.<locals>.sender at 0x0000021435E26DE0>
          │    │                │      └ <function BaseHTTPMiddleware.__call__.<locals>.call_next.<locals>.receive_or_disconnect at 0x0000021435DB19E0>
          │    │                └ {'type': 'http', 'asgi': {'version': '3.0', 'spec_version': '2.3'}, 'http_version': '1.1', 'server': ('127.0.0.1', 9900), 'cl...
          │    └ <bound method APIRouter.app of <fastapi.routing.APIRouter object at 0x0000021435D0B190>>
          └ <fastapi.routing.APIRouter object at 0x0000021435D0B190>
  File "D:\__lybix__\DEVTools\miniconda3\envs\fams\Lib\site-packages\fastapi\routing.py", line 2683, in app
    await route.handle(scope, receive, send)
          │     │      │      │        └ <function wrap_app_handling_exceptions.<locals>.wrapped_app.<locals>.sender at 0x0000021435E26DE0>
          │     │      │      └ <function BaseHTTPMiddleware.__call__.<locals>.call_next.<locals>.receive_or_disconnect at 0x0000021435DB19E0>
          │     │      └ {'type': 'http', 'asgi': {'version': '3.0', 'spec_version': '2.3'}, 'http_version': '1.1', 'server': ('127.0.0.1', 9900), 'cl...
          │     └ <function _IncludedRouter.handle at 0x0000021433D01BC0>
          └ _IncludedRouter(original_router=<fastapi.routing.APIRouter object at 0x0000021430484650>, include_context=_RouterIncludeConte...
  File "D:\__lybix__\DEVTools\miniconda3\envs\fams\Lib\site-packages\fastapi\routing.py", line 1753, in handle
    await self.original_router.handle(scope, receive, send)
          │    │               │      │      │        └ <function wrap_app_handling_exceptions.<locals>.wrapped_app.<locals>.sender at 0x0000021435E26DE0>
          │    │               │      │      └ <function BaseHTTPMiddleware.__call__.<locals>.call_next.<locals>.receive_or_disconnect at 0x0000021435DB19E0>
          │    │               │      └ {'type': 'http', 'asgi': {'version': '3.0', 'spec_version': '2.3'}, 'http_version': '1.1', 'server': ('127.0.0.1', 9900), 'cl...
          │    │               └ <function APIRouter.handle at 0x0000021433D03BA0>
          │    └ <fastapi.routing.APIRouter object at 0x0000021430484650>
          └ _IncludedRouter(original_router=<fastapi.routing.APIRouter object at 0x0000021430484650>, include_context=_RouterIncludeConte...
  File "D:\__lybix__\DEVTools\miniconda3\envs\fams\Lib\site-packages\fastapi\routing.py", line 2738, in handle
    await included_router._handle_selected(scope, receive, send)
          │               │                │      │        └ <function wrap_app_handling_exceptions.<locals>.wrapped_app.<locals>.sender at 0x0000021435E26DE0>
          │               │                │      └ <function BaseHTTPMiddleware.__call__.<locals>.call_next.<locals>.receive_or_disconnect at 0x0000021435DB19E0>
          │               │                └ {'type': 'http', 'asgi': {'version': '3.0', 'spec_version': '2.3'}, 'http_version': '1.1', 'server': ('127.0.0.1', 9900), 'cl...
          │               └ <function _IncludedRouter._handle_selected at 0x0000021433D01C60>
          └ _IncludedRouter(original_router=<fastapi.routing.APIRouter object at 0x0000021430484650>, include_context=_RouterIncludeConte...
  File "D:\__lybix__\DEVTools\miniconda3\envs\fams\Lib\site-packages\fastapi\routing.py", line 1773, in _handle_selected
    await original_route.handle(scope, receive, send)
          │              │      │      │        └ <function wrap_app_handling_exceptions.<locals>.wrapped_app.<locals>.sender at 0x0000021435E26DE0>
          │              │      │      └ <function BaseHTTPMiddleware.__call__.<locals>.call_next.<locals>.receive_or_disconnect at 0x0000021435DB19E0>
          │              │      └ {'type': 'http', 'asgi': {'version': '3.0', 'spec_version': '2.3'}, 'http_version': '1.1', 'server': ('127.0.0.1', 9900), 'cl...
          │              └ <function APIRoute.handle at 0x0000021433CEFCE0>
          └ APIRoute(path='/api/check/diff/{task_id}', name='get_diff_report', methods=['GET'])
  File "D:\__lybix__\DEVTools\miniconda3\envs\fams\Lib\site-packages\fastapi\routing.py", line 1264, in handle
    await app(scope, receive, send)
          │   │      │        └ <function wrap_app_handling_exceptions.<locals>.wrapped_app.<locals>.sender at 0x0000021435E26DE0>
          │   │      └ <function BaseHTTPMiddleware.__call__.<locals>.call_next.<locals>.receive_or_disconnect at 0x0000021435DB19E0>
          │   └ {'type': 'http', 'asgi': {'version': '3.0', 'spec_version': '2.3'}, 'http_version': '1.1', 'server': ('127.0.0.1', 9900), 'cl...
          └ <function request_response.<locals>.app at 0x0000021435E27060>
  File "D:\__lybix__\DEVTools\miniconda3\envs\fams\Lib\site-packages\fastapi\routing.py", line 150, in app
    await wrap_app_handling_exceptions(app, request)(scope, receive, send)
          │                            │    │        │      │        └ <function wrap_app_handling_exceptions.<locals>.wrapped_app.<locals>.sender at 0x0000021435E26DE0>
          │                            │    │        │      └ <function BaseHTTPMiddleware.__call__.<locals>.call_next.<locals>.receive_or_disconnect at 0x0000021435DB19E0>
          │                            │    │        └ {'type': 'http', 'asgi': {'version': '3.0', 'spec_version': '2.3'}, 'http_version': '1.1', 'server': ('127.0.0.1', 9900), 'cl...
          │                            │    └ <starlette.requests.Request object at 0x0000021435EE1510>
          │                            └ <function request_response.<locals>.app.<locals>.app at 0x0000021435E26E80>
          └ <function wrap_app_handling_exceptions at 0x0000021433CBF100>
  File "D:\__lybix__\DEVTools\miniconda3\envs\fams\Lib\site-packages\starlette\_exception_handler.py", line 53, in wrapped_app
    raise exc
  File "D:\__lybix__\DEVTools\miniconda3\envs\fams\Lib\site-packages\starlette\_exception_handler.py", line 42, in wrapped_app
    await app(scope, receive, sender)
          │   │      │        └ <function wrap_app_handling_exceptions.<locals>.wrapped_app.<locals>.sender at 0x0000021435E27240>
          │   │      └ <function BaseHTTPMiddleware.__call__.<locals>.call_next.<locals>.receive_or_disconnect at 0x0000021435DB19E0>
          │   └ {'type': 'http', 'asgi': {'version': '3.0', 'spec_version': '2.3'}, 'http_version': '1.1', 'server': ('127.0.0.1', 9900), 'cl...
          └ <function request_response.<locals>.app.<locals>.app at 0x0000021435E26E80>
  File "D:\__lybix__\DEVTools\miniconda3\envs\fams\Lib\site-packages\fastapi\routing.py", line 136, in app
    response = await f(request)
                     │ └ <starlette.requests.Request object at 0x0000021435EE1510>
                     └ <function get_request_handler.<locals>.app at 0x0000021435E27100>
  File "D:\__lybix__\DEVTools\miniconda3\envs\fams\Lib\site-packages\fastapi\routing.py", line 690, in app
    raw_response = await run_endpoint_function(
                         └ <function run_endpoint_function at 0x0000021433CEEF20>
  File "D:\__lybix__\DEVTools\miniconda3\envs\fams\Lib\site-packages\fastapi\routing.py", line 344, in run_endpoint_function
    return await dependant.call(**values)
                 │         │      └ {'_auth': {'user_id': 1, 'username': 'admin', 'dept_id': 1, 'role_keys': ['admin'], 'exp': 1783956875, 'iat': 1783870475}, 'c...
                 │         └ <function get_diff_report at 0x0000021435C916C0>
                 └ Dependant(path_params=[ModelField(field_info=Path(PydanticUndefined), name='task_id', mode='validation', config=None)], query...

  File "D:\__lybix__\_Codes\FAMS-NEPU\platform\server\services\svr_gateway\routes.py", line 956, in get_diff_report
    report = logic.get_diff_report(task_id)
             │     │               └ 8
             │     └ <function CheckLogic.get_diff_report at 0x0000021435A7C220>
             └ <data.logic.check_logic.CheckLogic object at 0x0000021435BE7690>

  File "D:\__lybix__\_Codes\FAMS-NEPU\platform\server\data\logic\check_logic.py", line 353, in get_diff_report
    report = self.report_dao.get_by_task(task_id)
             │    │          │           └ 8
             │    │          └ <function CheckDiffReportDAO.get_by_task at 0x0000021435A3F9C0>
             │    └ <data.basic.check_dao.CheckDiffReportDAO object at 0x0000021435F13D50>
             └ <data.logic.check_logic.CheckLogic object at 0x0000021435BE7690>

  File "D:\__lybix__\_Codes\FAMS-NEPU\platform\server\data\basic\check_dao.py", line 263, in get_by_task
    return self._execute_one(sql, {"task_id": task_id})
           │    │            │                └ 8
           │    │            └ 'SELECT report_id, task_id, t.task_status as status, task_name, total_items, matched_items, surplus_items, shortage_items,\n ...
           │    └ <function BaseDAO._execute_one at 0x0000021433FBAAC0>
           └ <data.basic.check_dao.CheckDiffReportDAO object at 0x0000021435F13D50>

  File "D:\__lybix__\_Codes\FAMS-NEPU\platform\server\data\basic\base_dao.py", line 47, in _execute_one
    rows = self._execute(sql, params)
           │    │        │    └ {'task_id': 8}
           │    │        └ 'SELECT report_id, task_id, t.task_status as status, task_name, total_items, matched_items, surplus_items, shortage_items,\n ...
           │    └ <function BaseDAO._execute at 0x0000021435658C20>
           └ <data.basic.check_dao.CheckDiffReportDAO object at 0x0000021435F13D50>

  File "D:\__lybix__\_Codes\FAMS-NEPU\platform\server\data\basic\base_dao.py", line 39, in _execute
    result = conn.execute(text(sql), params or {})
             │    │       │    │     └ {'task_id': 8}
             │    │       │    └ 'SELECT report_id, task_id, t.task_status as status, task_name, total_items, matched_items, surplus_items, shortage_items,\n ...
             │    │       └ <function text at 0x00000214345A4040>
             │    └ <function Connection.execute at 0x00000214355DAD40>
             └ <sqlalchemy.engine.base.Connection object at 0x0000021436054110>

  File "D:\__lybix__\DEVTools\miniconda3\envs\fams\Lib\site-packages\sqlalchemy\engine\base.py", line 1421, in execute
    return meth(
           └ <bound method ClauseElement._execute_on_connection of <sqlalchemy.sql.elements.TextClause object at 0x0000021435C2EC10>>
  File "D:\__lybix__\DEVTools\miniconda3\envs\fams\Lib\site-packages\sqlalchemy\sql\elements.py", line 526, in _execute_on_connection
    return connection._execute_clauseelement(
           │          └ <function Connection._execute_clauseelement at 0x00000214355DB060>
           └ <sqlalchemy.engine.base.Connection object at 0x0000021436054110>
  File "D:\__lybix__\DEVTools\miniconda3\envs\fams\Lib\site-packages\sqlalchemy\engine\base.py", line 1643, in _execute_clauseelement
    ret = self._execute_context(
          │    └ <function Connection._execute_context at 0x00000214355DB240>
          └ <sqlalchemy.engine.base.Connection object at 0x0000021436054110>
  File "D:\__lybix__\DEVTools\miniconda3\envs\fams\Lib\site-packages\sqlalchemy\engine\base.py", line 1848, in _execute_context
    return self._exec_single_context(
           │    └ <function Connection._exec_single_context at 0x00000214355DB2E0>
           └ <sqlalchemy.engine.base.Connection object at 0x0000021436054110>
  File "D:\__lybix__\DEVTools\miniconda3\envs\fams\Lib\site-packages\sqlalchemy\engine\base.py", line 1988, in _exec_single_context
    self._handle_dbapi_exception(
    │    └ <function Connection._handle_dbapi_exception at 0x00000214355DB560>
    └ <sqlalchemy.engine.base.Connection object at 0x0000021436054110>
  File "D:\__lybix__\DEVTools\miniconda3\envs\fams\Lib\site-packages\sqlalchemy\engine\base.py", line 2365, in _handle_dbapi_exception
    raise sqlalchemy_exception.with_traceback(exc_info[2]) from e
          │                    │              │                 └ InternalError(1052, "Column 'task_id' in field list is ambiguous")
          │                    │              └ (<class 'pymysql.err.InternalError'>, InternalError(1052, "Column 'task_id' in field list is ambiguous"), <traceback object a...
          │                    └ <method 'with_traceback' of 'BaseException' objects>
          └ InternalError('(pymysql.err.InternalError) (1052, "Column \'task_id\' in field list is ambiguous")')
  File "D:\__lybix__\DEVTools\miniconda3\envs\fams\Lib\site-packages\sqlalchemy\engine\base.py", line 1969, in _exec_single_context
    self.dialect.do_execute(
    │    │       └ <function DefaultDialect.do_execute at 0x0000021435686E80>
    │    └ <sqlalchemy.dialects.mysql.pymysql.MySQLDialect_pymysql object at 0x0000021436054D50>
    └ <sqlalchemy.engine.base.Connection object at 0x0000021436054110>
  File "D:\__lybix__\DEVTools\miniconda3\envs\fams\Lib\site-packages\sqlalchemy\engine\default.py", line 952, in do_execute
    cursor.execute(statement, parameters)
    │      │       │          └ {'task_id': 8}
    │      │       └ 'SELECT report_id, task_id, t.task_status as status, task_name, total_items, matched_items, surplus_items, shortage_items,\n ...
    │      └ <function Cursor.execute at 0x0000021436031940>
    └ <pymysql.cursors.Cursor object at 0x000002143579A410>
  File "D:\__lybix__\DEVTools\miniconda3\envs\fams\Lib\site-packages\pymysql\cursors.py", line 170, in execute
    result = self._query(query)
             │    │      └ 'SELECT report_id, task_id, t.task_status as status, task_name, total_items, matched_items, surplus_items, shortage_items,\n ...
             │    └ <function Cursor._query at 0x0000021436031E40>
             └ <pymysql.cursors.Cursor object at 0x000002143579A410>
  File "D:\__lybix__\DEVTools\miniconda3\envs\fams\Lib\site-packages\pymysql\cursors.py", line 328, in _query
    conn.query(q)
    │    │     └ 'SELECT report_id, task_id, t.task_status as status, task_name, total_items, matched_items, surplus_items, shortage_items,\n ...
    │    └ <function Connection.query at 0x0000021436051A80>
    └ <pymysql.connections.Connection object at 0x00000214360553D0>
  File "D:\__lybix__\DEVTools\miniconda3\envs\fams\Lib\site-packages\pymysql\connections.py", line 517, in query
    self._affected_rows = self._read_query_result(unbuffered=unbuffered)
    │    │                │    │                             └ False
    │    │                │    └ <function Connection._read_query_result at 0x0000021436052160>
    │    │                └ <pymysql.connections.Connection object at 0x00000214360553D0>
    │    └ 1
    └ <pymysql.connections.Connection object at 0x00000214360553D0>
  File "D:\__lybix__\DEVTools\miniconda3\envs\fams\Lib\site-packages\pymysql\connections.py", line 732, in _read_query_result
    result.read()
    │      └ <function MySQLResult.read at 0x0000021436052A20>
    └ <pymysql.connections.MySQLResult object at 0x00000214357BA090>
  File "D:\__lybix__\DEVTools\miniconda3\envs\fams\Lib\site-packages\pymysql\connections.py", line 1075, in read
    first_packet = self.connection._read_packet()
                   │    └ None
                   └ <pymysql.connections.MySQLResult object at 0x00000214357BA090>
  File "D:\__lybix__\DEVTools\miniconda3\envs\fams\Lib\site-packages\pymysql\connections.py", line 684, in _read_packet
    packet.check_error()
    │      └ <function MysqlPacket.check_error at 0x0000021436033F60>
    └ <pymysql.protocol.MysqlPacket object at 0x0000021435FF3F40>
  File "D:\__lybix__\DEVTools\miniconda3\envs\fams\Lib\site-packages\pymysql\protocol.py", line 220, in check_error
    err.raise_mysql_exception(self._data)
    │   │                     │    └ <member '_data' of 'MysqlPacket' objects>
    │   │                     └ <pymysql.protocol.MysqlPacket object at 0x0000021435FF3F40>
    │   └ <function raise_mysql_exception at 0x0000021435FDF1A0>
    └ <module 'pymysql.err' from 'D:\\__lybix__\\DEVTools\\miniconda3\\envs\\fams\\Lib\\site-packages\\pymysql\\err.py'>
  File "D:\__lybix__\DEVTools\miniconda3\envs\fams\Lib\site-packages\pymysql\err.py", line 109, in raise_mysql_exception
    raise errorclass(errno, errval)
          │          │      └ "Column 'task_id' in field list is ambiguous"
          │          └ 1052
          └ <class 'pymysql.err.InternalError'>

sqlalchemy.exc.InternalError: (pymysql.err.InternalError) (1052, "Column 'task_id' in field list is ambiguous")
[SQL: SELECT report_id, task_id, t.task_status as status, task_name, total_items, matched_items, surplus_items, shortage_items,
                     mismatch_items, llm_analysis, create_time
                 FROM check_diff_report
                 LEFT JOIN check_task t ON t.task_id = check_diff_report.task_id
                 WHERE task_id = %(task_id)s]
[parameters: {'task_id': 8}]
(Background on this error at: https://sqlalche.me/e/20/2j85)

Traceback (most recent call last):

  File "D:\__lybix__\DEVTools\miniconda3\envs\fams\Lib\site-packages\sqlalchemy\engine\base.py", line 1969, in _exec_single_context
    self.dialect.do_execute(
    │    │       └ <function DefaultDialect.do_execute at 0x0000021435686E80>
    │    └ <sqlalchemy.dialects.mysql.pymysql.MySQLDialect_pymysql object at 0x0000021436054D50>
    └ <sqlalchemy.engine.base.Connection object at 0x0000021436054110>
  File "D:\__lybix__\DEVTools\miniconda3\envs\fams\Lib\site-packages\sqlalchemy\engine\default.py", line 952, in do_execute
    cursor.execute(statement, parameters)
    │      │       │          └ {'task_id': 8}
    │      │       └ 'SELECT report_id, task_id, t.task_status as status, task_name, total_items, matched_items, surplus_items, shortage_items,\n ...
    │      └ <function Cursor.execute at 0x0000021436031940>
    └ <pymysql.cursors.Cursor object at 0x000002143579A410>
  File "D:\__lybix__\DEVTools\miniconda3\envs\fams\Lib\site-packages\pymysql\cursors.py", line 170, in execute
    result = self._query(query)
             │    │      └ 'SELECT report_id, task_id, t.task_status as status, task_name, total_items, matched_items, surplus_items, shortage_items,\n ...
             │    └ <function Cursor._query at 0x0000021436031E40>
             └ <pymysql.cursors.Cursor object at 0x000002143579A410>
  File "D:\__lybix__\DEVTools\miniconda3\envs\fams\Lib\site-packages\pymysql\cursors.py", line 328, in _query
    conn.query(q)
    │    │     └ 'SELECT report_id, task_id, t.task_status as status, task_name, total_items, matched_items, surplus_items, shortage_items,\n ...
    │    └ <function Connection.query at 0x0000021436051A80>
    └ <pymysql.connections.Connection object at 0x00000214360553D0>
  File "D:\__lybix__\DEVTools\miniconda3\envs\fams\Lib\site-packages\pymysql\connections.py", line 517, in query
    self._affected_rows = self._read_query_result(unbuffered=unbuffered)
    │    │                │    │                             └ False
    │    │                │    └ <function Connection._read_query_result at 0x0000021436052160>
    │    │                └ <pymysql.connections.Connection object at 0x00000214360553D0>
    │    └ 1
    └ <pymysql.connections.Connection object at 0x00000214360553D0>
  File "D:\__lybix__\DEVTools\miniconda3\envs\fams\Lib\site-packages\pymysql\connections.py", line 732, in _read_query_result
    result.read()
    │      └ <function MySQLResult.read at 0x0000021436052A20>
    └ <pymysql.connections.MySQLResult object at 0x00000214357BA090>
  File "D:\__lybix__\DEVTools\miniconda3\envs\fams\Lib\site-packages\pymysql\connections.py", line 1075, in read
    first_packet = self.connection._read_packet()
                   │    └ None
                   └ <pymysql.connections.MySQLResult object at 0x00000214357BA090>
  File "D:\__lybix__\DEVTools\miniconda3\envs\fams\Lib\site-packages\pymysql\connections.py", line 684, in _read_packet
    packet.check_error()
    │      └ <function MysqlPacket.check_error at 0x0000021436033F60>
    └ <pymysql.protocol.MysqlPacket object at 0x0000021435FF3F40>
  File "D:\__lybix__\DEVTools\miniconda3\envs\fams\Lib\site-packages\pymysql\protocol.py", line 220, in check_error
    err.raise_mysql_exception(self._data)
    │   │                     │    └ <member '_data' of 'MysqlPacket' objects>
    │   │                     └ <pymysql.protocol.MysqlPacket object at 0x0000021435FF3F40>
    │   └ <function raise_mysql_exception at 0x0000021435FDF1A0>
    └ <module 'pymysql.err' from 'D:\\__lybix__\\DEVTools\\miniconda3\\envs\\fams\\Lib\\site-packages\\pymysql\\err.py'>
  File "D:\__lybix__\DEVTools\miniconda3\envs\fams\Lib\site-packages\pymysql\err.py", line 109, in raise_mysql_exception
    raise errorclass(errno, errval)
          │          │      └ "Column 'task_id' in field list is ambiguous"
          │          └ 1052
          └ <class 'pymysql.err.InternalError'>

pymysql.err.InternalError: (1052, "Column 'task_id' in field list is ambiguous")


The above exception was the direct cause of the following exception:


Traceback (most recent call last):

  File "D:\__lybix__\_Codes\FAMS-NEPU\platform\server\services\svr_gateway\main.py", line 64, in <module>
    uvicorn.run(app, host="0.0.0.0", port=gateway_config.HTTP_PORT)
    │       │   │                         │              └ 9900
    │       │   │                         └ <services.svr_gateway.config.GatewayConfig object at 0x0000021433DC9890>
    │       │   └ <fastapi.applications.FastAPI object at 0x0000021435D0B350>
    │       └ <function run at 0x0000021432B3FD80>
    └ <module 'uvicorn' from 'D:\\__lybix__\\DEVTools\\miniconda3\\envs\\fams\\Lib\\site-packages\\uvicorn\\__init__.py'>

  File "D:\__lybix__\DEVTools\miniconda3\envs\fams\Lib\site-packages\uvicorn\main.py", line 621, in run
    server.run()
    │      └ <function Server.run at 0x0000021432CD0860>
    └ <uvicorn.server.Server object at 0x0000021432B3B1D0>
  File "D:\__lybix__\DEVTools\miniconda3\envs\fams\Lib\site-packages\uvicorn\server.py", line 74, in run
    return asyncio_run(self.serve(sockets=sockets), loop_factory=self.config.get_loop_factory())
           │           │    │             │                      │    │      └ <function Config.get_loop_factory at 0x0000021432B3D1C0>
           │           │    │             │                      │    └ <uvicorn.config.Config object at 0x00000214357AED90>
           │           │    │             │                      └ <uvicorn.server.Server object at 0x0000021432B3B1D0>
           │           │    │             └ None
           │           │    └ <function Server.serve at 0x0000021432CD0900>
           │           └ <uvicorn.server.Server object at 0x0000021432B3B1D0>
           └ <function asyncio_run at 0x0000021432AB7740>
  File "D:\__lybix__\DEVTools\miniconda3\envs\fams\Lib\site-packages\uvicorn\_compat.py", line 30, in asyncio_run
    return runner.run(main)
           │      │   └ <coroutine object Server.serve at 0x0000021435D207C0>
           │      └ <function Runner.run at 0x00000214324F3560>
           └ <asyncio.runners.Runner object at 0x0000021435ABB7D0>
  File "D:\__lybix__\DEVTools\miniconda3\envs\fams\Lib\asyncio\runners.py", line 118, in run
    return self._loop.run_until_complete(task)
           │    │     │                  └ <Task pending name='Task-1' coro=<Server.serve() running at D:\__lybix__\DEVTools\miniconda3\envs\fams\Lib\site-packages\uvic...
           │    │     └ <function BaseEventLoop.run_until_complete at 0x00000214324F1120>
           │    └ <ProactorEventLoop running=True closed=False debug=False>
           └ <asyncio.runners.Runner object at 0x0000021435ABB7D0>
  File "D:\__lybix__\DEVTools\miniconda3\envs\fams\Lib\asyncio\base_events.py", line 637, in run_until_complete
    self.run_forever()
    │    └ <function ProactorEventLoop.run_forever at 0x00000214325C8860>
    └ <ProactorEventLoop running=True closed=False debug=False>
  File "D:\__lybix__\DEVTools\miniconda3\envs\fams\Lib\asyncio\windows_events.py", line 321, in run_forever
    super().run_forever()
  File "D:\__lybix__\DEVTools\miniconda3\envs\fams\Lib\asyncio\base_events.py", line 604, in run_forever
    self._run_once()
    │    └ <function BaseEventLoop._run_once at 0x00000214324F2E80>
    └ <ProactorEventLoop running=True closed=False debug=False>
  File "D:\__lybix__\DEVTools\miniconda3\envs\fams\Lib\asyncio\base_events.py", line 1909, in _run_once
    handle._run()
    │      └ <function Handle._run at 0x00000214324353A0>
    └ <Handle Task.task_wakeup(<Future finished result=None>)>
  File "D:\__lybix__\DEVTools\miniconda3\envs\fams\Lib\asyncio\events.py", line 80, in _run
    self._context.run(self._callback, *self._args)
    │    │            │    │           │    └ <member '_args' of 'Handle' objects>
    │    │            │    │           └ <Handle Task.task_wakeup(<Future finished result=None>)>
    │    │            │    └ <member '_callback' of 'Handle' objects>
    │    │            └ <Handle Task.task_wakeup(<Future finished result=None>)>
    │    └ <member '_context' of 'Handle' objects>
    └ <Handle Task.task_wakeup(<Future finished result=None>)>
  File "D:\__lybix__\DEVTools\miniconda3\envs\fams\Lib\site-packages\uvicorn\protocols\http\httptools_impl.py", line 422, in run_asgi
    result = await app(  # type: ignore[func-returns-value]
                   └ <uvicorn.middleware.proxy_headers.ProxyHeadersMiddleware object at 0x0000021435D0D290>
  File "D:\__lybix__\DEVTools\miniconda3\envs\fams\Lib\site-packages\uvicorn\middleware\proxy_headers.py", line 63, in __call__
    return await self.app(scope, receive, send)
                 │    │   │      │        └ <bound method RequestResponseCycle.send of <uvicorn.protocols.http.httptools_impl.RequestResponseCycle object at 0x0000021435...
                 │    │   │      └ <bound method RequestResponseCycle.receive of <uvicorn.protocols.http.httptools_impl.RequestResponseCycle object at 0x0000021...
                 │    │   └ {'type': 'http', 'asgi': {'version': '3.0', 'spec_version': '2.3'}, 'http_version': '1.1', 'server': ('127.0.0.1', 9900), 'cl...
                 │    └ <fastapi.applications.FastAPI object at 0x0000021435D0B350>
                 └ <uvicorn.middleware.proxy_headers.ProxyHeadersMiddleware object at 0x0000021435D0D290>
  File "D:\__lybix__\DEVTools\miniconda3\envs\fams\Lib\site-packages\fastapi\applications.py", line 1163, in __call__
    await super().__call__(scope, receive, send)
                           │      │        └ <bound method RequestResponseCycle.send of <uvicorn.protocols.http.httptools_impl.RequestResponseCycle object at 0x0000021435...
                           │      └ <bound method RequestResponseCycle.receive of <uvicorn.protocols.http.httptools_impl.RequestResponseCycle object at 0x0000021...
                           └ {'type': 'http', 'asgi': {'version': '3.0', 'spec_version': '2.3'}, 'http_version': '1.1', 'server': ('127.0.0.1', 9900), 'cl...
  File "D:\__lybix__\DEVTools\miniconda3\envs\fams\Lib\site-packages\starlette\applications.py", line 90, in __call__
    await self.middleware_stack(scope, receive, send)
          │    │                │      │        └ <bound method RequestResponseCycle.send of <uvicorn.protocols.http.httptools_impl.RequestResponseCycle object at 0x0000021435...
          │    │                │      └ <bound method RequestResponseCycle.receive of <uvicorn.protocols.http.httptools_impl.RequestResponseCycle object at 0x0000021...
          │    │                └ {'type': 'http', 'asgi': {'version': '3.0', 'spec_version': '2.3'}, 'http_version': '1.1', 'server': ('127.0.0.1', 9900), 'cl...
          │    └ <starlette.middleware.errors.ServerErrorMiddleware object at 0x0000021435DAF0D0>
          └ <fastapi.applications.FastAPI object at 0x0000021435D0B350>
> File "D:\__lybix__\DEVTools\miniconda3\envs\fams\Lib\site-packages\starlette\middleware\errors.py", line 164, in __call__
    await self.app(scope, receive, _send)
          │    │   │      │        └ <function ServerErrorMiddleware.__call__.<locals>._send at 0x0000021435DB0860>
          │    │   │      └ <bound method RequestResponseCycle.receive of <uvicorn.protocols.http.httptools_impl.RequestResponseCycle object at 0x0000021...
          │    │   └ {'type': 'http', 'asgi': {'version': '3.0', 'spec_version': '2.3'}, 'http_version': '1.1', 'server': ('127.0.0.1', 9900), 'cl...
          │    └ <starlette.middleware.base.BaseHTTPMiddleware object at 0x00000214357B5210>
          └ <starlette.middleware.errors.ServerErrorMiddleware object at 0x0000021435DAF0D0>
  File "D:\__lybix__\DEVTools\miniconda3\envs\fams\Lib\contextlib.py", line 222, in __aexit__
    await self.gen.athrow(typ, value, traceback)
          │    │   │      │    │      └ <traceback object at 0x0000021436079180>
          │    │   │      │    └ InternalError('(pymysql.err.InternalError) (1052, "Column \'task_id\' in field list is ambiguous")')
          │    │   │      └ <class 'sqlalchemy.exc.InternalError'>
          │    │   └ <method 'athrow' of 'async_generator' objects>
          │    └ <async_generator object create_collapsing_task_group at 0x0000021435D62540>
          └ <contextlib._AsyncGeneratorContextManager object at 0x000002143579D9D0>
  File "D:\__lybix__\DEVTools\miniconda3\envs\fams\Lib\site-packages\starlette\_utils.py", line 93, in create_collapsing_task_group
    raise exc from exc.__cause__ or context
          │        │   │            └ None
          │        │   └ <attribute '__cause__' of 'BaseException' objects>
          │        └ InternalError('(pymysql.err.InternalError) (1052, "Column \'task_id\' in field list is ambiguous")')
          └ InternalError('(pymysql.err.InternalError) (1052, "Column \'task_id\' in field list is ambiguous")')
  File "D:\__lybix__\DEVTools\miniconda3\envs\fams\Lib\site-packages\starlette\_utils.py", line 86, in create_collapsing_task_group
    yield tg
          └ <anyio._backends._asyncio.TaskGroup object at 0x0000021435DAFD50>
  File "D:\__lybix__\DEVTools\miniconda3\envs\fams\Lib\site-packages\starlette\middleware\base.py", line 193, in __call__
    response = await self.dispatch_func(request, call_next)
                     │    │             │        └ <function BaseHTTPMiddleware.__call__.<locals>.call_next at 0x0000021435DB0AE0>
                     │    │             └ <starlette.middleware.base._CachedRequest object at 0x0000021435C2D190>
                     │    └ <function log_requests at 0x0000021435D06FC0>
                     └ <starlette.middleware.base.BaseHTTPMiddleware object at 0x00000214357B5210>

  File "D:\__lybix__\_Codes\FAMS-NEPU\platform\server\services\svr_gateway\main.py", line 42, in log_requests
    response = await call_next(request)
                     │         └ <starlette.middleware.base._CachedRequest object at 0x0000021435C2D190>
                     └ <function BaseHTTPMiddleware.__call__.<locals>.call_next at 0x0000021435DB0AE0>

  File "D:\__lybix__\DEVTools\miniconda3\envs\fams\Lib\site-packages\starlette\middleware\base.py", line 168, in call_next
    raise app_exc from app_exc.__cause__ or app_exc.__context__
          │            │       │            │       └ <attribute '__context__' of 'BaseException' objects>
          │            │       │            └ InternalError('(pymysql.err.InternalError) (1052, "Column \'task_id\' in field list is ambiguous")')
          │            │       └ <attribute '__cause__' of 'BaseException' objects>
          │            └ InternalError('(pymysql.err.InternalError) (1052, "Column \'task_id\' in field list is ambiguous")')
          └ InternalError('(pymysql.err.InternalError) (1052, "Column \'task_id\' in field list is ambiguous")')
  File "D:\__lybix__\DEVTools\miniconda3\envs\fams\Lib\site-packages\starlette\middleware\base.py", line 144, in coro
    await self.app(scope, receive_or_disconnect, send_no_error)
          │    │   │      │                      └ <function BaseHTTPMiddleware.__call__.<locals>.call_next.<locals>.send_no_error at 0x0000021435DB1BC0>
          │    │   │      └ <function BaseHTTPMiddleware.__call__.<locals>.call_next.<locals>.receive_or_disconnect at 0x0000021435DB19E0>
          │    │   └ {'type': 'http', 'asgi': {'version': '3.0', 'spec_version': '2.3'}, 'http_version': '1.1', 'server': ('127.0.0.1', 9900), 'cl...
          │    └ <starlette.middleware.cors.CORSMiddleware object at 0x0000021435DAEDD0>
          └ <starlette.middleware.base.BaseHTTPMiddleware object at 0x00000214357B5210>
  File "D:\__lybix__\DEVTools\miniconda3\envs\fams\Lib\site-packages\starlette\middleware\cors.py", line 88, in __call__
    await self.app(scope, receive, send)
          │    │   │      │        └ <function BaseHTTPMiddleware.__call__.<locals>.call_next.<locals>.send_no_error at 0x0000021435DB1BC0>
          │    │   │      └ <function BaseHTTPMiddleware.__call__.<locals>.call_next.<locals>.receive_or_disconnect at 0x0000021435DB19E0>
          │    │   └ {'type': 'http', 'asgi': {'version': '3.0', 'spec_version': '2.3'}, 'http_version': '1.1', 'server': ('127.0.0.1', 9900), 'cl...
          │    └ <starlette.middleware.exceptions.ExceptionMiddleware object at 0x0000021435DAEE10>
          └ <starlette.middleware.cors.CORSMiddleware object at 0x0000021435DAEDD0>
  File "D:\__lybix__\DEVTools\miniconda3\envs\fams\Lib\site-packages\starlette\middleware\exceptions.py", line 63, in __call__
    await wrap_app_handling_exceptions(self.app, conn)(scope, receive, send)
          │                            │    │    │     │      │        └ <function BaseHTTPMiddleware.__call__.<locals>.call_next.<locals>.send_no_error at 0x0000021435DB1BC0>
          │                            │    │    │     │      └ <function BaseHTTPMiddleware.__call__.<locals>.call_next.<locals>.receive_or_disconnect at 0x0000021435DB19E0>
          │                            │    │    │     └ {'type': 'http', 'asgi': {'version': '3.0', 'spec_version': '2.3'}, 'http_version': '1.1', 'server': ('127.0.0.1', 9900), 'cl...
          │                            │    │    └ <starlette.requests.Request object at 0x0000021435DB8950>
          │                            │    └ <fastapi.middleware.asyncexitstack.AsyncExitStackMiddleware object at 0x0000021435DAED90>
          │                            └ <starlette.middleware.exceptions.ExceptionMiddleware object at 0x0000021435DAEE10>
          └ <function wrap_app_handling_exceptions at 0x0000021433CBF100>
  File "D:\__lybix__\DEVTools\miniconda3\envs\fams\Lib\site-packages\starlette\_exception_handler.py", line 53, in wrapped_app
    raise exc
  File "D:\__lybix__\DEVTools\miniconda3\envs\fams\Lib\site-packages\starlette\_exception_handler.py", line 42, in wrapped_app
    await app(scope, receive, sender)
          │   │      │        └ <function wrap_app_handling_exceptions.<locals>.wrapped_app.<locals>.sender at 0x0000021435E26DE0>
          │   │      └ <function BaseHTTPMiddleware.__call__.<locals>.call_next.<locals>.receive_or_disconnect at 0x0000021435DB19E0>
          │   └ {'type': 'http', 'asgi': {'version': '3.0', 'spec_version': '2.3'}, 'http_version': '1.1', 'server': ('127.0.0.1', 9900), 'cl...
          └ <fastapi.middleware.asyncexitstack.AsyncExitStackMiddleware object at 0x0000021435DAED90>
  File "D:\__lybix__\DEVTools\miniconda3\envs\fams\Lib\site-packages\fastapi\middleware\asyncexitstack.py", line 18, in __call__
    await self.app(scope, receive, send)
          │    │   │      │        └ <function wrap_app_handling_exceptions.<locals>.wrapped_app.<locals>.sender at 0x0000021435E26DE0>
          │    │   │      └ <function BaseHTTPMiddleware.__call__.<locals>.call_next.<locals>.receive_or_disconnect at 0x0000021435DB19E0>
          │    │   └ {'type': 'http', 'asgi': {'version': '3.0', 'spec_version': '2.3'}, 'http_version': '1.1', 'server': ('127.0.0.1', 9900), 'cl...
          │    └ <fastapi.routing.APIRouter object at 0x0000021435D0B190>
          └ <fastapi.middleware.asyncexitstack.AsyncExitStackMiddleware object at 0x0000021435DAED90>
  File "D:\__lybix__\DEVTools\miniconda3\envs\fams\Lib\site-packages\starlette\routing.py", line 660, in __call__
    await self.middleware_stack(scope, receive, send)
          │    │                │      │        └ <function wrap_app_handling_exceptions.<locals>.wrapped_app.<locals>.sender at 0x0000021435E26DE0>
          │    │                │      └ <function BaseHTTPMiddleware.__call__.<locals>.call_next.<locals>.receive_or_disconnect at 0x0000021435DB19E0>
          │    │                └ {'type': 'http', 'asgi': {'version': '3.0', 'spec_version': '2.3'}, 'http_version': '1.1', 'server': ('127.0.0.1', 9900), 'cl...
          │    └ <bound method APIRouter.app of <fastapi.routing.APIRouter object at 0x0000021435D0B190>>
          └ <fastapi.routing.APIRouter object at 0x0000021435D0B190>
  File "D:\__lybix__\DEVTools\miniconda3\envs\fams\Lib\site-packages\fastapi\routing.py", line 2683, in app
    await route.handle(scope, receive, send)
          │     │      │      │        └ <function wrap_app_handling_exceptions.<locals>.wrapped_app.<locals>.sender at 0x0000021435E26DE0>
          │     │      │      └ <function BaseHTTPMiddleware.__call__.<locals>.call_next.<locals>.receive_or_disconnect at 0x0000021435DB19E0>
          │     │      └ {'type': 'http', 'asgi': {'version': '3.0', 'spec_version': '2.3'}, 'http_version': '1.1', 'server': ('127.0.0.1', 9900), 'cl...
          │     └ <function _IncludedRouter.handle at 0x0000021433D01BC0>
          └ _IncludedRouter(original_router=<fastapi.routing.APIRouter object at 0x0000021430484650>, include_context=_RouterIncludeConte...
  File "D:\__lybix__\DEVTools\miniconda3\envs\fams\Lib\site-packages\fastapi\routing.py", line 1753, in handle
    await self.original_router.handle(scope, receive, send)
          │    │               │      │      │        └ <function wrap_app_handling_exceptions.<locals>.wrapped_app.<locals>.sender at 0x0000021435E26DE0>
          │    │               │      │      └ <function BaseHTTPMiddleware.__call__.<locals>.call_next.<locals>.receive_or_disconnect at 0x0000021435DB19E0>
          │    │               │      └ {'type': 'http', 'asgi': {'version': '3.0', 'spec_version': '2.3'}, 'http_version': '1.1', 'server': ('127.0.0.1', 9900), 'cl...
          │    │               └ <function APIRouter.handle at 0x0000021433D03BA0>
          │    └ <fastapi.routing.APIRouter object at 0x0000021430484650>
          └ _IncludedRouter(original_router=<fastapi.routing.APIRouter object at 0x0000021430484650>, include_context=_RouterIncludeConte...
  File "D:\__lybix__\DEVTools\miniconda3\envs\fams\Lib\site-packages\fastapi\routing.py", line 2738, in handle
    await included_router._handle_selected(scope, receive, send)
          │               │                │      │        └ <function wrap_app_handling_exceptions.<locals>.wrapped_app.<locals>.sender at 0x0000021435E26DE0>
          │               │                │      └ <function BaseHTTPMiddleware.__call__.<locals>.call_next.<locals>.receive_or_disconnect at 0x0000021435DB19E0>
          │               │                └ {'type': 'http', 'asgi': {'version': '3.0', 'spec_version': '2.3'}, 'http_version': '1.1', 'server': ('127.0.0.1', 9900), 'cl...
          │               └ <function _IncludedRouter._handle_selected at 0x0000021433D01C60>
          └ _IncludedRouter(original_router=<fastapi.routing.APIRouter object at 0x0000021430484650>, include_context=_RouterIncludeConte...
  File "D:\__lybix__\DEVTools\miniconda3\envs\fams\Lib\site-packages\fastapi\routing.py", line 1773, in _handle_selected
    await original_route.handle(scope, receive, send)
          │              │      │      │        └ <function wrap_app_handling_exceptions.<locals>.wrapped_app.<locals>.sender at 0x0000021435E26DE0>
          │              │      │      └ <function BaseHTTPMiddleware.__call__.<locals>.call_next.<locals>.receive_or_disconnect at 0x0000021435DB19E0>
          │              │      └ {'type': 'http', 'asgi': {'version': '3.0', 'spec_version': '2.3'}, 'http_version': '1.1', 'server': ('127.0.0.1', 9900), 'cl...
          │              └ <function APIRoute.handle at 0x0000021433CEFCE0>
          └ APIRoute(path='/api/check/diff/{task_id}', name='get_diff_report', methods=['GET'])
  File "D:\__lybix__\DEVTools\miniconda3\envs\fams\Lib\site-packages\fastapi\routing.py", line 1264, in handle
    await app(scope, receive, send)
          │   │      │        └ <function wrap_app_handling_exceptions.<locals>.wrapped_app.<locals>.sender at 0x0000021435E26DE0>
          │   │      └ <function BaseHTTPMiddleware.__call__.<locals>.call_next.<locals>.receive_or_disconnect at 0x0000021435DB19E0>
          │   └ {'type': 'http', 'asgi': {'version': '3.0', 'spec_version': '2.3'}, 'http_version': '1.1', 'server': ('127.0.0.1', 9900), 'cl...
          └ <function request_response.<locals>.app at 0x0000021435E27060>
  File "D:\__lybix__\DEVTools\miniconda3\envs\fams\Lib\site-packages\fastapi\routing.py", line 150, in app
    await wrap_app_handling_exceptions(app, request)(scope, receive, send)
          │                            │    │        │      │        └ <function wrap_app_handling_exceptions.<locals>.wrapped_app.<locals>.sender at 0x0000021435E26DE0>
          │                            │    │        │      └ <function BaseHTTPMiddleware.__call__.<locals>.call_next.<locals>.receive_or_disconnect at 0x0000021435DB19E0>
          │                            │    │        └ {'type': 'http', 'asgi': {'version': '3.0', 'spec_version': '2.3'}, 'http_version': '1.1', 'server': ('127.0.0.1', 9900), 'cl...
          │                            │    └ <starlette.requests.Request object at 0x0000021435EE1510>
          │                            └ <function request_response.<locals>.app.<locals>.app at 0x0000021435E26E80>
          └ <function wrap_app_handling_exceptions at 0x0000021433CBF100>
  File "D:\__lybix__\DEVTools\miniconda3\envs\fams\Lib\site-packages\starlette\_exception_handler.py", line 53, in wrapped_app
    raise exc
  File "D:\__lybix__\DEVTools\miniconda3\envs\fams\Lib\site-packages\starlette\_exception_handler.py", line 42, in wrapped_app
    await app(scope, receive, sender)
          │   │      │        └ <function wrap_app_handling_exceptions.<locals>.wrapped_app.<locals>.sender at 0x0000021435E27240>
          │   │      └ <function BaseHTTPMiddleware.__call__.<locals>.call_next.<locals>.receive_or_disconnect at 0x0000021435DB19E0>
          │   └ {'type': 'http', 'asgi': {'version': '3.0', 'spec_version': '2.3'}, 'http_version': '1.1', 'server': ('127.0.0.1', 9900), 'cl...
          └ <function request_response.<locals>.app.<locals>.app at 0x0000021435E26E80>
  File "D:\__lybix__\DEVTools\miniconda3\envs\fams\Lib\site-packages\fastapi\routing.py", line 136, in app
    response = await f(request)
                     │ └ <starlette.requests.Request object at 0x0000021435EE1510>
                     └ <function get_request_handler.<locals>.app at 0x0000021435E27100>
  File "D:\__lybix__\DEVTools\miniconda3\envs\fams\Lib\site-packages\fastapi\routing.py", line 690, in app
    raw_response = await run_endpoint_function(
                         └ <function run_endpoint_function at 0x0000021433CEEF20>
  File "D:\__lybix__\DEVTools\miniconda3\envs\fams\Lib\site-packages\fastapi\routing.py", line 344, in run_endpoint_function
    return await dependant.call(**values)
                 │         │      └ {'_auth': {'user_id': 1, 'username': 'admin', 'dept_id': 1, 'role_keys': ['admin'], 'exp': 1783956875, 'iat': 1783870475}, 'c...
                 │         └ <function get_diff_report at 0x0000021435C916C0>
                 └ Dependant(path_params=[ModelField(field_info=Path(PydanticUndefined), name='task_id', mode='validation', config=None)], query...

  File "D:\__lybix__\_Codes\FAMS-NEPU\platform\server\services\svr_gateway\routes.py", line 956, in get_diff_report
    report = logic.get_diff_report(task_id)
             │     │               └ 8
             │     └ <function CheckLogic.get_diff_report at 0x0000021435A7C220>
             └ <data.logic.check_logic.CheckLogic object at 0x0000021435BE7690>

  File "D:\__lybix__\_Codes\FAMS-NEPU\platform\server\data\logic\check_logic.py", line 353, in get_diff_report
    report = self.report_dao.get_by_task(task_id)
             │    │          │           └ 8
             │    │          └ <function CheckDiffReportDAO.get_by_task at 0x0000021435A3F9C0>
             │    └ <data.basic.check_dao.CheckDiffReportDAO object at 0x0000021435F13D50>
             └ <data.logic.check_logic.CheckLogic object at 0x0000021435BE7690>

  File "D:\__lybix__\_Codes\FAMS-NEPU\platform\server\data\basic\check_dao.py", line 263, in get_by_task
    return self._execute_one(sql, {"task_id": task_id})
           │    │            │                └ 8
           │    │            └ 'SELECT report_id, task_id, t.task_status as status, task_name, total_items, matched_items, surplus_items, shortage_items,\n ...
           │    └ <function BaseDAO._execute_one at 0x0000021433FBAAC0>
           └ <data.basic.check_dao.CheckDiffReportDAO object at 0x0000021435F13D50>

  File "D:\__lybix__\_Codes\FAMS-NEPU\platform\server\data\basic\base_dao.py", line 47, in _execute_one
    rows = self._execute(sql, params)
           │    │        │    └ {'task_id': 8}
           │    │        └ 'SELECT report_id, task_id, t.task_status as status, task_name, total_items, matched_items, surplus_items, shortage_items,\n ...
           │    └ <function BaseDAO._execute at 0x0000021435658C20>
           └ <data.basic.check_dao.CheckDiffReportDAO object at 0x0000021435F13D50>

  File "D:\__lybix__\_Codes\FAMS-NEPU\platform\server\data\basic\base_dao.py", line 39, in _execute
    result = conn.execute(text(sql), params or {})
             │    │       │    │     └ {'task_id': 8}
             │    │       │    └ 'SELECT report_id, task_id, t.task_status as status, task_name, total_items, matched_items, surplus_items, shortage_items,\n ...
             │    │       └ <function text at 0x00000214345A4040>
             │    └ <function Connection.execute at 0x00000214355DAD40>
             └ <sqlalchemy.engine.base.Connection object at 0x0000021436054110>

  File "D:\__lybix__\DEVTools\miniconda3\envs\fams\Lib\site-packages\sqlalchemy\engine\base.py", line 1421, in execute
    return meth(
           └ <bound method ClauseElement._execute_on_connection of <sqlalchemy.sql.elements.TextClause object at 0x0000021435C2EC10>>
  File "D:\__lybix__\DEVTools\miniconda3\envs\fams\Lib\site-packages\sqlalchemy\sql\elements.py", line 526, in _execute_on_connection
    return connection._execute_clauseelement(
           │          └ <function Connection._execute_clauseelement at 0x00000214355DB060>
           └ <sqlalchemy.engine.base.Connection object at 0x0000021436054110>
  File "D:\__lybix__\DEVTools\miniconda3\envs\fams\Lib\site-packages\sqlalchemy\engine\base.py", line 1643, in _execute_clauseelement
    ret = self._execute_context(
          │    └ <function Connection._execute_context at 0x00000214355DB240>
          └ <sqlalchemy.engine.base.Connection object at 0x0000021436054110>
  File "D:\__lybix__\DEVTools\miniconda3\envs\fams\Lib\site-packages\sqlalchemy\engine\base.py", line 1848, in _execute_context
    return self._exec_single_context(
           │    └ <function Connection._exec_single_context at 0x00000214355DB2E0>
           └ <sqlalchemy.engine.base.Connection object at 0x0000021436054110>
  File "D:\__lybix__\DEVTools\miniconda3\envs\fams\Lib\site-packages\sqlalchemy\engine\base.py", line 1988, in _exec_single_context
    self._handle_dbapi_exception(
    │    └ <function Connection._handle_dbapi_exception at 0x00000214355DB560>
    └ <sqlalchemy.engine.base.Connection object at 0x0000021436054110>
  File "D:\__lybix__\DEVTools\miniconda3\envs\fams\Lib\site-packages\sqlalchemy\engine\base.py", line 2365, in _handle_dbapi_exception
    raise sqlalchemy_exception.with_traceback(exc_info[2]) from e
          │                    │              │                 └ InternalError(1052, "Column 'task_id' in field list is ambiguous")
          │                    │              └ (<class 'pymysql.err.InternalError'>, InternalError(1052, "Column 'task_id' in field list is ambiguous"), <traceback object a...
          │                    └ <method 'with_traceback' of 'BaseException' objects>
          └ InternalError('(pymysql.err.InternalError) (1052, "Column \'task_id\' in field list is ambiguous")')
  File "D:\__lybix__\DEVTools\miniconda3\envs\fams\Lib\site-packages\sqlalchemy\engine\base.py", line 1969, in _exec_single_context
    self.dialect.do_execute(
    │    │       └ <function DefaultDialect.do_execute at 0x0000021435686E80>
    │    └ <sqlalchemy.dialects.mysql.pymysql.MySQLDialect_pymysql object at 0x0000021436054D50>
    └ <sqlalchemy.engine.base.Connection object at 0x0000021436054110>
  File "D:\__lybix__\DEVTools\miniconda3\envs\fams\Lib\site-packages\sqlalchemy\engine\default.py", line 952, in do_execute
    cursor.execute(statement, parameters)
    │      │       │          └ {'task_id': 8}
    │      │       └ 'SELECT report_id, task_id, t.task_status as status, task_name, total_items, matched_items, surplus_items, shortage_items,\n ...
    │      └ <function Cursor.execute at 0x0000021436031940>
    └ <pymysql.cursors.Cursor object at 0x000002143579A410>
  File "D:\__lybix__\DEVTools\miniconda3\envs\fams\Lib\site-packages\pymysql\cursors.py", line 170, in execute
    result = self._query(query)
             │    │      └ 'SELECT report_id, task_id, t.task_status as status, task_name, total_items, matched_items, surplus_items, shortage_items,\n ...
             │    └ <function Cursor._query at 0x0000021436031E40>
             └ <pymysql.cursors.Cursor object at 0x000002143579A410>
  File "D:\__lybix__\DEVTools\miniconda3\envs\fams\Lib\site-packages\pymysql\cursors.py", line 328, in _query
    conn.query(q)
    │    │     └ 'SELECT report_id, task_id, t.task_status as status, task_name, total_items, matched_items, surplus_items, shortage_items,\n ...
    │    └ <function Connection.query at 0x0000021436051A80>
    └ <pymysql.connections.Connection object at 0x00000214360553D0>
  File "D:\__lybix__\DEVTools\miniconda3\envs\fams\Lib\site-packages\pymysql\connections.py", line 517, in query
    self._affected_rows = self._read_query_result(unbuffered=unbuffered)
    │    │                │    │                             └ False
    │    │                │    └ <function Connection._read_query_result at 0x0000021436052160>
    │    │                └ <pymysql.connections.Connection object at 0x00000214360553D0>
    │    └ 1
    └ <pymysql.connections.Connection object at 0x00000214360553D0>
  File "D:\__lybix__\DEVTools\miniconda3\envs\fams\Lib\site-packages\pymysql\connections.py", line 732, in _read_query_result
    result.read()
    │      └ <function MySQLResult.read at 0x0000021436052A20>
    └ <pymysql.connections.MySQLResult object at 0x00000214357BA090>
  File "D:\__lybix__\DEVTools\miniconda3\envs\fams\Lib\site-packages\pymysql\connections.py", line 1075, in read
    first_packet = self.connection._read_packet()
                   │    └ None
                   └ <pymysql.connections.MySQLResult object at 0x00000214357BA090>
  File "D:\__lybix__\DEVTools\miniconda3\envs\fams\Lib\site-packages\pymysql\connections.py", line 684, in _read_packet
    packet.check_error()
    │      └ <function MysqlPacket.check_error at 0x0000021436033F60>
    └ <pymysql.protocol.MysqlPacket object at 0x0000021435FF3F40>
  File "D:\__lybix__\DEVTools\miniconda3\envs\fams\Lib\site-packages\pymysql\protocol.py", line 220, in check_error
    err.raise_mysql_exception(self._data)
    │   │                     │    └ <member '_data' of 'MysqlPacket' objects>
    │   │                     └ <pymysql.protocol.MysqlPacket object at 0x0000021435FF3F40>
    │   └ <function raise_mysql_exception at 0x0000021435FDF1A0>
    └ <module 'pymysql.err' from 'D:\\__lybix__\\DEVTools\\miniconda3\\envs\\fams\\Lib\\site-packages\\pymysql\\err.py'>
  File "D:\__lybix__\DEVTools\miniconda3\envs\fams\Lib\site-packages\pymysql\err.py", line 109, in raise_mysql_exception
    raise errorclass(errno, errval)
          │          │      └ "Column 'task_id' in field list is ambiguous"
          │          └ 1052
          └ <class 'pymysql.err.InternalError'>

sqlalchemy.exc.InternalError: (pymysql.err.InternalError) (1052, "Column 'task_id' in field list is ambiguous")
[SQL: SELECT report_id, task_id, t.task_status as status, task_name, total_items, matched_items, surplus_items, shortage_items,
                     mismatch_items, llm_analysis, create_time
                 FROM check_diff_report
                 LEFT JOIN check_task t ON t.task_id = check_diff_report.task_id
                 WHERE task_id = %(task_id)s]
[parameters: {'task_id': 8}]
(Background on this error at: https://sqlalche.me/e/20/2j85)
2026-07-13 08:12:43.245 | ERROR    | __main__:global_exception_handler:50 - Unhandled exception on GET /api/check/diff/8
Traceback (most recent call last):

  File "D:\__lybix__\DEVTools\miniconda3\envs\fams\Lib\site-packages\sqlalchemy\engine\base.py", line 1969, in _exec_single_context
    self.dialect.do_execute(
    │    │       └ <function DefaultDialect.do_execute at 0x0000025D0B646E80>
    │    └ <sqlalchemy.dialects.mysql.pymysql.MySQLDialect_pymysql object at 0x0000025D0C05E6D0>
    └ <sqlalchemy.engine.base.Connection object at 0x0000025D0BBA7D10>
  File "D:\__lybix__\DEVTools\miniconda3\envs\fams\Lib\site-packages\sqlalchemy\engine\default.py", line 952, in do_execute
    cursor.execute(statement, parameters)
    │      │       │          └ {'task_id': 8}
    │      │       └ 'SELECT diff.report_id, diff.task_id, t.task_status as status, diff.task_name, \n                        diff.total_items, di...
    │      └ <function Cursor.execute at 0x0000025D0BFF63E0>
    └ <pymysql.cursors.Cursor object at 0x0000025D0C064A90>
  File "D:\__lybix__\DEVTools\miniconda3\envs\fams\Lib\site-packages\pymysql\cursors.py", line 170, in execute
    result = self._query(query)
             │    │      └ 'SELECT diff.report_id, diff.task_id, t.task_status as status, diff.task_name, \n                        diff.total_items, di...
             │    └ <function Cursor._query at 0x0000025D0BFF68E0>
             └ <pymysql.cursors.Cursor object at 0x0000025D0C064A90>
  File "D:\__lybix__\DEVTools\miniconda3\envs\fams\Lib\site-packages\pymysql\cursors.py", line 328, in _query
    conn.query(q)
    │    │     └ 'SELECT diff.report_id, diff.task_id, t.task_status as status, diff.task_name, \n                        diff.total_items, di...
    │    └ <function Connection.query at 0x0000025D0C032520>
    └ <pymysql.connections.Connection object at 0x0000025D0C05F9D0>
  File "D:\__lybix__\DEVTools\miniconda3\envs\fams\Lib\site-packages\pymysql\connections.py", line 517, in query
    self._affected_rows = self._read_query_result(unbuffered=unbuffered)
    │    │                │    │                             └ False
    │    │                │    └ <function Connection._read_query_result at 0x0000025D0C032C00>
    │    │                └ <pymysql.connections.Connection object at 0x0000025D0C05F9D0>
    │    └ 1
    └ <pymysql.connections.Connection object at 0x0000025D0C05F9D0>
  File "D:\__lybix__\DEVTools\miniconda3\envs\fams\Lib\site-packages\pymysql\connections.py", line 732, in _read_query_result
    result.read()
    │      └ <function MySQLResult.read at 0x0000025D0C0334C0>
    └ <pymysql.connections.MySQLResult object at 0x0000025D0C064B50>
  File "D:\__lybix__\DEVTools\miniconda3\envs\fams\Lib\site-packages\pymysql\connections.py", line 1075, in read
    first_packet = self.connection._read_packet()
                   │    └ None
                   └ <pymysql.connections.MySQLResult object at 0x0000025D0C064B50>
  File "D:\__lybix__\DEVTools\miniconda3\envs\fams\Lib\site-packages\pymysql\connections.py", line 684, in _read_packet
    packet.check_error()
    │      └ <function MysqlPacket.check_error at 0x0000025D0C030A40>
    └ <pymysql.protocol.MysqlPacket object at 0x0000025D0C036890>
  File "D:\__lybix__\DEVTools\miniconda3\envs\fams\Lib\site-packages\pymysql\protocol.py", line 220, in check_error
    err.raise_mysql_exception(self._data)
    │   │                     │    └ <member '_data' of 'MysqlPacket' objects>
    │   │                     └ <pymysql.protocol.MysqlPacket object at 0x0000025D0C036890>
    │   └ <function raise_mysql_exception at 0x0000025D0BFA3C40>
    └ <module 'pymysql.err' from 'D:\\__lybix__\\DEVTools\\miniconda3\\envs\\fams\\Lib\\site-packages\\pymysql\\err.py'>
  File "D:\__lybix__\DEVTools\miniconda3\envs\fams\Lib\site-packages\pymysql\err.py", line 109, in raise_mysql_exception
    raise errorclass(errno, errval)
          │          │      └ "Unknown column 't.task_status' in 'field list'"
          │          └ 1054
          └ <class 'pymysql.err.InternalError'>

pymysql.err.InternalError: (1054, "Unknown column 't.task_status' in 'field list'")


The above exception was the direct cause of the following exception:


Traceback (most recent call last):

  File "D:\__lybix__\_Codes\FAMS-NEPU\platform\server\services\svr_gateway\main.py", line 64, in <module>
    uvicorn.run(app, host="0.0.0.0", port=gateway_config.HTTP_PORT)
    │       │   │                         │              └ 9900
    │       │   │                         └ <services.svr_gateway.config.GatewayConfig object at 0x0000025D09D89A50>
    │       │   └ <fastapi.applications.FastAPI object at 0x0000025D0BCCB790>
    │       └ <function run at 0x0000025D08AFFD80>
    └ <module 'uvicorn' from 'D:\\__lybix__\\DEVTools\\miniconda3\\envs\\fams\\Lib\\site-packages\\uvicorn\\__init__.py'>

  File "D:\__lybix__\DEVTools\miniconda3\envs\fams\Lib\site-packages\uvicorn\main.py", line 621, in run
    server.run()
    │      └ <function Server.run at 0x0000025D08C90860>
    └ <uvicorn.server.Server object at 0x0000025D08AFB1D0>
  File "D:\__lybix__\DEVTools\miniconda3\envs\fams\Lib\site-packages\uvicorn\server.py", line 74, in run
    return asyncio_run(self.serve(sockets=sockets), loop_factory=self.config.get_loop_factory())
           │           │    │             │                      │    │      └ <function Config.get_loop_factory at 0x0000025D08AFD1C0>
           │           │    │             │                      │    └ <uvicorn.config.Config object at 0x0000025D0B754C50>
           │           │    │             │                      └ <uvicorn.server.Server object at 0x0000025D08AFB1D0>
           │           │    │             └ None
           │           │    └ <function Server.serve at 0x0000025D08C90900>
           │           └ <uvicorn.server.Server object at 0x0000025D08AFB1D0>
           └ <function asyncio_run at 0x0000025D08A77740>
  File "D:\__lybix__\DEVTools\miniconda3\envs\fams\Lib\site-packages\uvicorn\_compat.py", line 30, in asyncio_run
    return runner.run(main)
           │      │   └ <coroutine object Server.serve at 0x0000025D0BCE07C0>
           │      └ <function Runner.run at 0x0000025D084A3560>
           └ <asyncio.runners.Runner object at 0x0000025D0B774950>
  File "D:\__lybix__\DEVTools\miniconda3\envs\fams\Lib\asyncio\runners.py", line 118, in run
    return self._loop.run_until_complete(task)
           │    │     │                  └ <Task pending name='Task-1' coro=<Server.serve() running at D:\__lybix__\DEVTools\miniconda3\envs\fams\Lib\site-packages\uvic...
           │    │     └ <function BaseEventLoop.run_until_complete at 0x0000025D084A1120>
           │    └ <ProactorEventLoop running=True closed=False debug=False>
           └ <asyncio.runners.Runner object at 0x0000025D0B774950>
  File "D:\__lybix__\DEVTools\miniconda3\envs\fams\Lib\asyncio\base_events.py", line 637, in run_until_complete
    self.run_forever()
    │    └ <function ProactorEventLoop.run_forever at 0x0000025D08578860>
    └ <ProactorEventLoop running=True closed=False debug=False>
  File "D:\__lybix__\DEVTools\miniconda3\envs\fams\Lib\asyncio\windows_events.py", line 321, in run_forever
    super().run_forever()
  File "D:\__lybix__\DEVTools\miniconda3\envs\fams\Lib\asyncio\base_events.py", line 604, in run_forever
    self._run_once()
    │    └ <function BaseEventLoop._run_once at 0x0000025D084A2E80>
    └ <ProactorEventLoop running=True closed=False debug=False>
  File "D:\__lybix__\DEVTools\miniconda3\envs\fams\Lib\asyncio\base_events.py", line 1909, in _run_once
    handle._run()
    │      └ <function Handle._run at 0x0000025D06E153A0>
    └ <Handle Task.task_wakeup(<Future finished result=None>)>
  File "D:\__lybix__\DEVTools\miniconda3\envs\fams\Lib\asyncio\events.py", line 80, in _run
    self._context.run(self._callback, *self._args)
    │    │            │    │           │    └ <member '_args' of 'Handle' objects>
    │    │            │    │           └ <Handle Task.task_wakeup(<Future finished result=None>)>
    │    │            │    └ <member '_callback' of 'Handle' objects>
    │    │            └ <Handle Task.task_wakeup(<Future finished result=None>)>
    │    └ <member '_context' of 'Handle' objects>
    └ <Handle Task.task_wakeup(<Future finished result=None>)>
  File "D:\__lybix__\DEVTools\miniconda3\envs\fams\Lib\site-packages\uvicorn\protocols\http\httptools_impl.py", line 422, in run_asgi
    result = await app(  # type: ignore[func-returns-value]
                   └ <uvicorn.middleware.proxy_headers.ProxyHeadersMiddleware object at 0x0000025D0BCCD8D0>
  File "D:\__lybix__\DEVTools\miniconda3\envs\fams\Lib\site-packages\uvicorn\middleware\proxy_headers.py", line 63, in __call__
    return await self.app(scope, receive, send)
                 │    │   │      │        └ <bound method RequestResponseCycle.send of <uvicorn.protocols.http.httptools_impl.RequestResponseCycle object at 0x0000025D0B...
                 │    │   │      └ <bound method RequestResponseCycle.receive of <uvicorn.protocols.http.httptools_impl.RequestResponseCycle object at 0x0000025...
                 │    │   └ {'type': 'http', 'asgi': {'version': '3.0', 'spec_version': '2.3'}, 'http_version': '1.1', 'server': ('127.0.0.1', 9900), 'cl...
                 │    └ <fastapi.applications.FastAPI object at 0x0000025D0BCCB790>
                 └ <uvicorn.middleware.proxy_headers.ProxyHeadersMiddleware object at 0x0000025D0BCCD8D0>
  File "D:\__lybix__\DEVTools\miniconda3\envs\fams\Lib\site-packages\fastapi\applications.py", line 1163, in __call__
    await super().__call__(scope, receive, send)
                           │      │        └ <bound method RequestResponseCycle.send of <uvicorn.protocols.http.httptools_impl.RequestResponseCycle object at 0x0000025D0B...
                           │      └ <bound method RequestResponseCycle.receive of <uvicorn.protocols.http.httptools_impl.RequestResponseCycle object at 0x0000025...
                           └ {'type': 'http', 'asgi': {'version': '3.0', 'spec_version': '2.3'}, 'http_version': '1.1', 'server': ('127.0.0.1', 9900), 'cl...
  File "D:\__lybix__\DEVTools\miniconda3\envs\fams\Lib\site-packages\starlette\applications.py", line 90, in __call__
    await self.middleware_stack(scope, receive, send)
          │    │                │      │        └ <bound method RequestResponseCycle.send of <uvicorn.protocols.http.httptools_impl.RequestResponseCycle object at 0x0000025D0B...
          │    │                │      └ <bound method RequestResponseCycle.receive of <uvicorn.protocols.http.httptools_impl.RequestResponseCycle object at 0x0000025...
          │    │                └ {'type': 'http', 'asgi': {'version': '3.0', 'spec_version': '2.3'}, 'http_version': '1.1', 'server': ('127.0.0.1', 9900), 'cl...
          │    └ <starlette.middleware.errors.ServerErrorMiddleware object at 0x0000025D0BD6B090>
          └ <fastapi.applications.FastAPI object at 0x0000025D0BCCB790>
> File "D:\__lybix__\DEVTools\miniconda3\envs\fams\Lib\site-packages\starlette\middleware\errors.py", line 164, in __call__
    await self.app(scope, receive, _send)
          │    │   │      │        └ <function ServerErrorMiddleware.__call__.<locals>._send at 0x0000025D0BEBD440>
          │    │   │      └ <bound method RequestResponseCycle.receive of <uvicorn.protocols.http.httptools_impl.RequestResponseCycle object at 0x0000025...
          │    │   └ {'type': 'http', 'asgi': {'version': '3.0', 'spec_version': '2.3'}, 'http_version': '1.1', 'server': ('127.0.0.1', 9900), 'cl...
          │    └ <starlette.middleware.base.BaseHTTPMiddleware object at 0x0000025D0BBB0A10>
          └ <starlette.middleware.errors.ServerErrorMiddleware object at 0x0000025D0BD6B090>
  File "D:\__lybix__\DEVTools\miniconda3\envs\fams\Lib\contextlib.py", line 222, in __aexit__
    await self.gen.athrow(typ, value, traceback)
          │    │   │      │    │      └ <traceback object at 0x0000025D0C065800>
          │    │   │      │    └ InternalError('(pymysql.err.InternalError) (1054, "Unknown column \'t.task_status\' in \'field list\'")')
          │    │   │      └ <class 'sqlalchemy.exc.InternalError'>
          │    │   └ <method 'athrow' of 'async_generator' objects>
          │    └ <async_generator object create_collapsing_task_group at 0x0000025D0BE8FB40>
          └ <contextlib._AsyncGeneratorContextManager object at 0x0000025D0BED14D0>
  File "D:\__lybix__\DEVTools\miniconda3\envs\fams\Lib\site-packages\starlette\_utils.py", line 93, in create_collapsing_task_group
    raise exc from exc.__cause__ or context
          │        │   │            └ None
          │        │   └ <attribute '__cause__' of 'BaseException' objects>
          │        └ InternalError('(pymysql.err.InternalError) (1054, "Unknown column \'t.task_status\' in \'field list\'")')
          └ InternalError('(pymysql.err.InternalError) (1054, "Unknown column \'t.task_status\' in \'field list\'")')
  File "D:\__lybix__\DEVTools\miniconda3\envs\fams\Lib\site-packages\starlette\_utils.py", line 86, in create_collapsing_task_group
    yield tg
          └ <anyio._backends._asyncio.TaskGroup object at 0x0000025D0BED1390>
  File "D:\__lybix__\DEVTools\miniconda3\envs\fams\Lib\site-packages\starlette\middleware\base.py", line 193, in __call__
    response = await self.dispatch_func(request, call_next)
                     │    │             │        └ <function BaseHTTPMiddleware.__call__.<locals>.call_next at 0x0000025D0BEBD6C0>
                     │    │             └ <starlette.middleware.base._CachedRequest object at 0x0000025D0BED0BD0>
                     │    └ <function log_requests at 0x0000025D0BCC6FC0>
                     └ <starlette.middleware.base.BaseHTTPMiddleware object at 0x0000025D0BBB0A10>

  File "D:\__lybix__\_Codes\FAMS-NEPU\platform\server\services\svr_gateway\main.py", line 42, in log_requests
    response = await call_next(request)
                     │         └ <starlette.middleware.base._CachedRequest object at 0x0000025D0BED0BD0>
                     └ <function BaseHTTPMiddleware.__call__.<locals>.call_next at 0x0000025D0BEBD6C0>

  File "D:\__lybix__\DEVTools\miniconda3\envs\fams\Lib\site-packages\starlette\middleware\base.py", line 168, in call_next
    raise app_exc from app_exc.__cause__ or app_exc.__context__
          │            │       │            │       └ <attribute '__context__' of 'BaseException' objects>
          │            │       │            └ InternalError('(pymysql.err.InternalError) (1054, "Unknown column \'t.task_status\' in \'field list\'")')
          │            │       └ <attribute '__cause__' of 'BaseException' objects>
          │            └ InternalError('(pymysql.err.InternalError) (1054, "Unknown column \'t.task_status\' in \'field list\'")')
          └ InternalError('(pymysql.err.InternalError) (1054, "Unknown column \'t.task_status\' in \'field list\'")')
  File "D:\__lybix__\DEVTools\miniconda3\envs\fams\Lib\site-packages\starlette\middleware\base.py", line 144, in coro
    await self.app(scope, receive_or_disconnect, send_no_error)
          │    │   │      │                      └ <function BaseHTTPMiddleware.__call__.<locals>.call_next.<locals>.send_no_error at 0x0000025D0BEBD8A0>
          │    │   │      └ <function BaseHTTPMiddleware.__call__.<locals>.call_next.<locals>.receive_or_disconnect at 0x0000025D0BEBD800>
          │    │   └ {'type': 'http', 'asgi': {'version': '3.0', 'spec_version': '2.3'}, 'http_version': '1.1', 'server': ('127.0.0.1', 9900), 'cl...
          │    └ <starlette.middleware.cors.CORSMiddleware object at 0x0000025D0BD6B010>
          └ <starlette.middleware.base.BaseHTTPMiddleware object at 0x0000025D0BBB0A10>
  File "D:\__lybix__\DEVTools\miniconda3\envs\fams\Lib\site-packages\starlette\middleware\cors.py", line 88, in __call__
    await self.app(scope, receive, send)
          │    │   │      │        └ <function BaseHTTPMiddleware.__call__.<locals>.call_next.<locals>.send_no_error at 0x0000025D0BEBD8A0>
          │    │   │      └ <function BaseHTTPMiddleware.__call__.<locals>.call_next.<locals>.receive_or_disconnect at 0x0000025D0BEBD800>
          │    │   └ {'type': 'http', 'asgi': {'version': '3.0', 'spec_version': '2.3'}, 'http_version': '1.1', 'server': ('127.0.0.1', 9900), 'cl...
          │    └ <starlette.middleware.exceptions.ExceptionMiddleware object at 0x0000025D0BD6AE50>
          └ <starlette.middleware.cors.CORSMiddleware object at 0x0000025D0BD6B010>
  File "D:\__lybix__\DEVTools\miniconda3\envs\fams\Lib\site-packages\starlette\middleware\exceptions.py", line 63, in __call__
    await wrap_app_handling_exceptions(self.app, conn)(scope, receive, send)
          │                            │    │    │     │      │        └ <function BaseHTTPMiddleware.__call__.<locals>.call_next.<locals>.send_no_error at 0x0000025D0BEBD8A0>
          │                            │    │    │     │      └ <function BaseHTTPMiddleware.__call__.<locals>.call_next.<locals>.receive_or_disconnect at 0x0000025D0BEBD800>
          │                            │    │    │     └ {'type': 'http', 'asgi': {'version': '3.0', 'spec_version': '2.3'}, 'http_version': '1.1', 'server': ('127.0.0.1', 9900), 'cl...
          │                            │    │    └ <starlette.requests.Request object at 0x0000025D0BD937D0>
          │                            │    └ <fastapi.middleware.asyncexitstack.AsyncExitStackMiddleware object at 0x0000025D0BBB0950>
          │                            └ <starlette.middleware.exceptions.ExceptionMiddleware object at 0x0000025D0BD6AE50>
          └ <function wrap_app_handling_exceptions at 0x0000025D09C7F100>
  File "D:\__lybix__\DEVTools\miniconda3\envs\fams\Lib\site-packages\starlette\_exception_handler.py", line 53, in wrapped_app
    raise exc
  File "D:\__lybix__\DEVTools\miniconda3\envs\fams\Lib\site-packages\starlette\_exception_handler.py", line 42, in wrapped_app
    await app(scope, receive, sender)
          │   │      │        └ <function wrap_app_handling_exceptions.<locals>.wrapped_app.<locals>.sender at 0x0000025D0BEBD9E0>
          │   │      └ <function BaseHTTPMiddleware.__call__.<locals>.call_next.<locals>.receive_or_disconnect at 0x0000025D0BEBD800>
          │   └ {'type': 'http', 'asgi': {'version': '3.0', 'spec_version': '2.3'}, 'http_version': '1.1', 'server': ('127.0.0.1', 9900), 'cl...
          └ <fastapi.middleware.asyncexitstack.AsyncExitStackMiddleware object at 0x0000025D0BBB0950>
  File "D:\__lybix__\DEVTools\miniconda3\envs\fams\Lib\site-packages\fastapi\middleware\asyncexitstack.py", line 18, in __call__
    await self.app(scope, receive, send)
          │    │   │      │        └ <function wrap_app_handling_exceptions.<locals>.wrapped_app.<locals>.sender at 0x0000025D0BEBD9E0>
          │    │   │      └ <function BaseHTTPMiddleware.__call__.<locals>.call_next.<locals>.receive_or_disconnect at 0x0000025D0BEBD800>
          │    │   └ {'type': 'http', 'asgi': {'version': '3.0', 'spec_version': '2.3'}, 'http_version': '1.1', 'server': ('127.0.0.1', 9900), 'cl...
          │    └ <fastapi.routing.APIRouter object at 0x0000025D0BCCBA10>
          └ <fastapi.middleware.asyncexitstack.AsyncExitStackMiddleware object at 0x0000025D0BBB0950>
  File "D:\__lybix__\DEVTools\miniconda3\envs\fams\Lib\site-packages\starlette\routing.py", line 660, in __call__
    await self.middleware_stack(scope, receive, send)
          │    │                │      │        └ <function wrap_app_handling_exceptions.<locals>.wrapped_app.<locals>.sender at 0x0000025D0BEBD9E0>
          │    │                │      └ <function BaseHTTPMiddleware.__call__.<locals>.call_next.<locals>.receive_or_disconnect at 0x0000025D0BEBD800>
          │    │                └ {'type': 'http', 'asgi': {'version': '3.0', 'spec_version': '2.3'}, 'http_version': '1.1', 'server': ('127.0.0.1', 9900), 'cl...
          │    └ <bound method APIRouter.app of <fastapi.routing.APIRouter object at 0x0000025D0BCCBA10>>
          └ <fastapi.routing.APIRouter object at 0x0000025D0BCCBA10>
  File "D:\__lybix__\DEVTools\miniconda3\envs\fams\Lib\site-packages\fastapi\routing.py", line 2683, in app
    await route.handle(scope, receive, send)
          │     │      │      │        └ <function wrap_app_handling_exceptions.<locals>.wrapped_app.<locals>.sender at 0x0000025D0BEBD9E0>
          │     │      │      └ <function BaseHTTPMiddleware.__call__.<locals>.call_next.<locals>.receive_or_disconnect at 0x0000025D0BEBD800>
          │     │      └ {'type': 'http', 'asgi': {'version': '3.0', 'spec_version': '2.3'}, 'http_version': '1.1', 'server': ('127.0.0.1', 9900), 'cl...
          │     └ <function _IncludedRouter.handle at 0x0000025D09CC1BC0>
          └ _IncludedRouter(original_router=<fastapi.routing.APIRouter object at 0x0000025D09F83150>, include_context=_RouterIncludeConte...
  File "D:\__lybix__\DEVTools\miniconda3\envs\fams\Lib\site-packages\fastapi\routing.py", line 1753, in handle
    await self.original_router.handle(scope, receive, send)
          │    │               │      │      │        └ <function wrap_app_handling_exceptions.<locals>.wrapped_app.<locals>.sender at 0x0000025D0BEBD9E0>
          │    │               │      │      └ <function BaseHTTPMiddleware.__call__.<locals>.call_next.<locals>.receive_or_disconnect at 0x0000025D0BEBD800>
          │    │               │      └ {'type': 'http', 'asgi': {'version': '3.0', 'spec_version': '2.3'}, 'http_version': '1.1', 'server': ('127.0.0.1', 9900), 'cl...
          │    │               └ <function APIRouter.handle at 0x0000025D09CC3BA0>
          │    └ <fastapi.routing.APIRouter object at 0x0000025D09F83150>
          └ _IncludedRouter(original_router=<fastapi.routing.APIRouter object at 0x0000025D09F83150>, include_context=_RouterIncludeConte...
  File "D:\__lybix__\DEVTools\miniconda3\envs\fams\Lib\site-packages\fastapi\routing.py", line 2738, in handle
    await included_router._handle_selected(scope, receive, send)
          │               │                │      │        └ <function wrap_app_handling_exceptions.<locals>.wrapped_app.<locals>.sender at 0x0000025D0BEBD9E0>
          │               │                │      └ <function BaseHTTPMiddleware.__call__.<locals>.call_next.<locals>.receive_or_disconnect at 0x0000025D0BEBD800>
          │               │                └ {'type': 'http', 'asgi': {'version': '3.0', 'spec_version': '2.3'}, 'http_version': '1.1', 'server': ('127.0.0.1', 9900), 'cl...
          │               └ <function _IncludedRouter._handle_selected at 0x0000025D09CC1C60>
          └ _IncludedRouter(original_router=<fastapi.routing.APIRouter object at 0x0000025D09F83150>, include_context=_RouterIncludeConte...
  File "D:\__lybix__\DEVTools\miniconda3\envs\fams\Lib\site-packages\fastapi\routing.py", line 1773, in _handle_selected
    await original_route.handle(scope, receive, send)
          │              │      │      │        └ <function wrap_app_handling_exceptions.<locals>.wrapped_app.<locals>.sender at 0x0000025D0BEBD9E0>
          │              │      │      └ <function BaseHTTPMiddleware.__call__.<locals>.call_next.<locals>.receive_or_disconnect at 0x0000025D0BEBD800>
          │              │      └ {'type': 'http', 'asgi': {'version': '3.0', 'spec_version': '2.3'}, 'http_version': '1.1', 'server': ('127.0.0.1', 9900), 'cl...
          │              └ <function APIRoute.handle at 0x0000025D09CAFCE0>
          └ APIRoute(path='/api/check/diff/{task_id}', name='get_diff_report', methods=['GET'])
  File "D:\__lybix__\DEVTools\miniconda3\envs\fams\Lib\site-packages\fastapi\routing.py", line 1264, in handle
    await app(scope, receive, send)
          │   │      │        └ <function wrap_app_handling_exceptions.<locals>.wrapped_app.<locals>.sender at 0x0000025D0BEBD9E0>
          │   │      └ <function BaseHTTPMiddleware.__call__.<locals>.call_next.<locals>.receive_or_disconnect at 0x0000025D0BEBD800>
          │   └ {'type': 'http', 'asgi': {'version': '3.0', 'spec_version': '2.3'}, 'http_version': '1.1', 'server': ('127.0.0.1', 9900), 'cl...
          └ <function request_response.<locals>.app at 0x0000025D0BEBDB20>
  File "D:\__lybix__\DEVTools\miniconda3\envs\fams\Lib\site-packages\fastapi\routing.py", line 150, in app
    await wrap_app_handling_exceptions(app, request)(scope, receive, send)
          │                            │    │        │      │        └ <function wrap_app_handling_exceptions.<locals>.wrapped_app.<locals>.sender at 0x0000025D0BEBD9E0>
          │                            │    │        │      └ <function BaseHTTPMiddleware.__call__.<locals>.call_next.<locals>.receive_or_disconnect at 0x0000025D0BEBD800>
          │                            │    │        └ {'type': 'http', 'asgi': {'version': '3.0', 'spec_version': '2.3'}, 'http_version': '1.1', 'server': ('127.0.0.1', 9900), 'cl...
          │                            │    └ <starlette.requests.Request object at 0x0000025D0C05FED0>
          │                            └ <function request_response.<locals>.app.<locals>.app at 0x0000025D0BEBDA80>
          └ <function wrap_app_handling_exceptions at 0x0000025D09C7F100>
  File "D:\__lybix__\DEVTools\miniconda3\envs\fams\Lib\site-packages\starlette\_exception_handler.py", line 53, in wrapped_app
    raise exc
  File "D:\__lybix__\DEVTools\miniconda3\envs\fams\Lib\site-packages\starlette\_exception_handler.py", line 42, in wrapped_app
    await app(scope, receive, sender)
          │   │      │        └ <function wrap_app_handling_exceptions.<locals>.wrapped_app.<locals>.sender at 0x0000025D0BEBD260>
          │   │      └ <function BaseHTTPMiddleware.__call__.<locals>.call_next.<locals>.receive_or_disconnect at 0x0000025D0BEBD800>
          │   └ {'type': 'http', 'asgi': {'version': '3.0', 'spec_version': '2.3'}, 'http_version': '1.1', 'server': ('127.0.0.1', 9900), 'cl...
          └ <function request_response.<locals>.app.<locals>.app at 0x0000025D0BEBDA80>
  File "D:\__lybix__\DEVTools\miniconda3\envs\fams\Lib\site-packages\fastapi\routing.py", line 136, in app
    response = await f(request)
                     │ └ <starlette.requests.Request object at 0x0000025D0C05FED0>
                     └ <function get_request_handler.<locals>.app at 0x0000025D0BEBD940>
  File "D:\__lybix__\DEVTools\miniconda3\envs\fams\Lib\site-packages\fastapi\routing.py", line 690, in app
    raw_response = await run_endpoint_function(
                         └ <function run_endpoint_function at 0x0000025D09CAEF20>
  File "D:\__lybix__\DEVTools\miniconda3\envs\fams\Lib\site-packages\fastapi\routing.py", line 344, in run_endpoint_function
    return await dependant.call(**values)
                 │         │      └ {'_auth': {'user_id': 1, 'username': 'admin', 'dept_id': 1, 'role_keys': ['admin'], 'exp': 1783956875, 'iat': 1783870475}, 'c...
                 │         └ <function get_diff_report at 0x0000025D0BC516C0>
                 └ Dependant(path_params=[ModelField(field_info=Path(PydanticUndefined), name='task_id', mode='validation', config=None)], query...

  File "D:\__lybix__\_Codes\FAMS-NEPU\platform\server\services\svr_gateway\routes.py", line 956, in get_diff_report
    report = logic.get_diff_report(task_id)
             │     │               └ 8
             │     └ <function CheckLogic.get_diff_report at 0x0000025D0BA3C220>
             └ <data.logic.check_logic.CheckLogic object at 0x0000025D0BBB0BD0>

  File "D:\__lybix__\_Codes\FAMS-NEPU\platform\server\data\logic\check_logic.py", line 353, in get_diff_report
    report = self.report_dao.get_by_task(task_id)
             │    │          │           └ 8
             │    │          └ <function CheckDiffReportDAO.get_by_task at 0x0000025D0B9FF9C0>
             │    └ <data.basic.check_dao.CheckDiffReportDAO object at 0x0000025D0C05CD10>
             └ <data.logic.check_logic.CheckLogic object at 0x0000025D0BBB0BD0>

  File "D:\__lybix__\_Codes\FAMS-NEPU\platform\server\data\basic\check_dao.py", line 264, in get_by_task
    return self._execute_one(sql, {"task_id": task_id})
           │    │            │                └ 8
           │    │            └ 'SELECT diff.report_id, diff.task_id, t.task_status as status, diff.task_name, \n                        diff.total_items, di...
           │    └ <function BaseDAO._execute_one at 0x0000025D09F7AAC0>
           └ <data.basic.check_dao.CheckDiffReportDAO object at 0x0000025D0C05CD10>

  File "D:\__lybix__\_Codes\FAMS-NEPU\platform\server\data\basic\base_dao.py", line 47, in _execute_one
    rows = self._execute(sql, params)
           │    │        │    └ {'task_id': 8}
           │    │        └ 'SELECT diff.report_id, diff.task_id, t.task_status as status, diff.task_name, \n                        diff.total_items, di...
           │    └ <function BaseDAO._execute at 0x0000025D0B61CC20>
           └ <data.basic.check_dao.CheckDiffReportDAO object at 0x0000025D0C05CD10>

  File "D:\__lybix__\_Codes\FAMS-NEPU\platform\server\data\basic\base_dao.py", line 39, in _execute
    result = conn.execute(text(sql), params or {})
             │    │       │    │     └ {'task_id': 8}
             │    │       │    └ 'SELECT diff.report_id, diff.task_id, t.task_status as status, diff.task_name, \n                        diff.total_items, di...
             │    │       └ <function text at 0x0000025D0B534040>
             │    └ <function Connection.execute at 0x0000025D0B59AD40>
             └ <sqlalchemy.engine.base.Connection object at 0x0000025D0BBA7D10>

  File "D:\__lybix__\DEVTools\miniconda3\envs\fams\Lib\site-packages\sqlalchemy\engine\base.py", line 1421, in execute
    return meth(
           └ <bound method ClauseElement._execute_on_connection of <sqlalchemy.sql.elements.TextClause object at 0x0000025D0C05FFD0>>
  File "D:\__lybix__\DEVTools\miniconda3\envs\fams\Lib\site-packages\sqlalchemy\sql\elements.py", line 526, in _execute_on_connection
    return connection._execute_clauseelement(
           │          └ <function Connection._execute_clauseelement at 0x0000025D0B59B060>
           └ <sqlalchemy.engine.base.Connection object at 0x0000025D0BBA7D10>
  File "D:\__lybix__\DEVTools\miniconda3\envs\fams\Lib\site-packages\sqlalchemy\engine\base.py", line 1643, in _execute_clauseelement
    ret = self._execute_context(
          │    └ <function Connection._execute_context at 0x0000025D0B59B240>
          └ <sqlalchemy.engine.base.Connection object at 0x0000025D0BBA7D10>
  File "D:\__lybix__\DEVTools\miniconda3\envs\fams\Lib\site-packages\sqlalchemy\engine\base.py", line 1848, in _execute_context
    return self._exec_single_context(
           │    └ <function Connection._exec_single_context at 0x0000025D0B59B2E0>
           └ <sqlalchemy.engine.base.Connection object at 0x0000025D0BBA7D10>
  File "D:\__lybix__\DEVTools\miniconda3\envs\fams\Lib\site-packages\sqlalchemy\engine\base.py", line 1988, in _exec_single_context
    self._handle_dbapi_exception(
    │    └ <function Connection._handle_dbapi_exception at 0x0000025D0B59B560>
    └ <sqlalchemy.engine.base.Connection object at 0x0000025D0BBA7D10>
  File "D:\__lybix__\DEVTools\miniconda3\envs\fams\Lib\site-packages\sqlalchemy\engine\base.py", line 2365, in _handle_dbapi_exception
    raise sqlalchemy_exception.with_traceback(exc_info[2]) from e
          │                    │              │                 └ InternalError(1054, "Unknown column 't.task_status' in 'field list'")
          │                    │              └ (<class 'pymysql.err.InternalError'>, InternalError(1054, "Unknown column 't.task_status' in 'field list'"), <traceback objec...
          │                    └ <method 'with_traceback' of 'BaseException' objects>
          └ InternalError('(pymysql.err.InternalError) (1054, "Unknown column \'t.task_status\' in \'field list\'")')
  File "D:\__lybix__\DEVTools\miniconda3\envs\fams\Lib\site-packages\sqlalchemy\engine\base.py", line 1969, in _exec_single_context
    self.dialect.do_execute(
    │    │       └ <function DefaultDialect.do_execute at 0x0000025D0B646E80>
    │    └ <sqlalchemy.dialects.mysql.pymysql.MySQLDialect_pymysql object at 0x0000025D0C05E6D0>
    └ <sqlalchemy.engine.base.Connection object at 0x0000025D0BBA7D10>
  File "D:\__lybix__\DEVTools\miniconda3\envs\fams\Lib\site-packages\sqlalchemy\engine\default.py", line 952, in do_execute
    cursor.execute(statement, parameters)
    │      │       │          └ {'task_id': 8}
    │      │       └ 'SELECT diff.report_id, diff.task_id, t.task_status as status, diff.task_name, \n                        diff.total_items, di...
    │      └ <function Cursor.execute at 0x0000025D0BFF63E0>
    └ <pymysql.cursors.Cursor object at 0x0000025D0C064A90>
  File "D:\__lybix__\DEVTools\miniconda3\envs\fams\Lib\site-packages\pymysql\cursors.py", line 170, in execute
    result = self._query(query)
             │    │      └ 'SELECT diff.report_id, diff.task_id, t.task_status as status, diff.task_name, \n                        diff.total_items, di...
             │    └ <function Cursor._query at 0x0000025D0BFF68E0>
             └ <pymysql.cursors.Cursor object at 0x0000025D0C064A90>
  File "D:\__lybix__\DEVTools\miniconda3\envs\fams\Lib\site-packages\pymysql\cursors.py", line 328, in _query
    conn.query(q)
    │    │     └ 'SELECT diff.report_id, diff.task_id, t.task_status as status, diff.task_name, \n                        diff.total_items, di...
    │    └ <function Connection.query at 0x0000025D0C032520>
    └ <pymysql.connections.Connection object at 0x0000025D0C05F9D0>
  File "D:\__lybix__\DEVTools\miniconda3\envs\fams\Lib\site-packages\pymysql\connections.py", line 517, in query
    self._affected_rows = self._read_query_result(unbuffered=unbuffered)
    │    │                │    │                             └ False
    │    │                │    └ <function Connection._read_query_result at 0x0000025D0C032C00>
    │    │                └ <pymysql.connections.Connection object at 0x0000025D0C05F9D0>
    │    └ 1
    └ <pymysql.connections.Connection object at 0x0000025D0C05F9D0>
  File "D:\__lybix__\DEVTools\miniconda3\envs\fams\Lib\site-packages\pymysql\connections.py", line 732, in _read_query_result
    result.read()
    │      └ <function MySQLResult.read at 0x0000025D0C0334C0>
    └ <pymysql.connections.MySQLResult object at 0x0000025D0C064B50>
  File "D:\__lybix__\DEVTools\miniconda3\envs\fams\Lib\site-packages\pymysql\connections.py", line 1075, in read
    first_packet = self.connection._read_packet()
                   │    └ None
                   └ <pymysql.connections.MySQLResult object at 0x0000025D0C064B50>
  File "D:\__lybix__\DEVTools\miniconda3\envs\fams\Lib\site-packages\pymysql\connections.py", line 684, in _read_packet
    packet.check_error()
    │      └ <function MysqlPacket.check_error at 0x0000025D0C030A40>
    └ <pymysql.protocol.MysqlPacket object at 0x0000025D0C036890>
  File "D:\__lybix__\DEVTools\miniconda3\envs\fams\Lib\site-packages\pymysql\protocol.py", line 220, in check_error
    err.raise_mysql_exception(self._data)
    │   │                     │    └ <member '_data' of 'MysqlPacket' objects>
    │   │                     └ <pymysql.protocol.MysqlPacket object at 0x0000025D0C036890>
    │   └ <function raise_mysql_exception at 0x0000025D0BFA3C40>
    └ <module 'pymysql.err' from 'D:\\__lybix__\\DEVTools\\miniconda3\\envs\\fams\\Lib\\site-packages\\pymysql\\err.py'>
  File "D:\__lybix__\DEVTools\miniconda3\envs\fams\Lib\site-packages\pymysql\err.py", line 109, in raise_mysql_exception
    raise errorclass(errno, errval)
          │          │      └ "Unknown column 't.task_status' in 'field list'"
          │          └ 1054
          └ <class 'pymysql.err.InternalError'>

sqlalchemy.exc.InternalError: (pymysql.err.InternalError) (1054, "Unknown column 't.task_status' in 'field list'")
[SQL: SELECT diff.report_id, diff.task_id, t.task_status as status, diff.task_name, 
                        diff.total_items, diff.matched_items, diff.surplus_items, diff.shortage_items,
                        diff.mismatch_items, diff.llm_analysis, diff.create_time
                 FROM check_diff_report diff
                 LEFT JOIN check_task t ON t.task_id = check_diff_report.task_id
                 WHERE task_id = %(task_id)s]
[parameters: {'task_id': 8}]
(Background on this error at: https://sqlalche.me/e/20/2j85)

Traceback (most recent call last):

  File "D:\__lybix__\DEVTools\miniconda3\envs\fams\Lib\site-packages\sqlalchemy\engine\base.py", line 1969, in _exec_single_context
    self.dialect.do_execute(
    │    │       └ <function DefaultDialect.do_execute at 0x0000025D0B646E80>
    │    └ <sqlalchemy.dialects.mysql.pymysql.MySQLDialect_pymysql object at 0x0000025D0C05E6D0>
    └ <sqlalchemy.engine.base.Connection object at 0x0000025D0BBA7D10>
  File "D:\__lybix__\DEVTools\miniconda3\envs\fams\Lib\site-packages\sqlalchemy\engine\default.py", line 952, in do_execute
    cursor.execute(statement, parameters)
    │      │       │          └ {'task_id': 8}
    │      │       └ 'SELECT diff.report_id, diff.task_id, t.task_status as status, diff.task_name, \n                        diff.total_items, di...
    │      └ <function Cursor.execute at 0x0000025D0BFF63E0>
    └ <pymysql.cursors.Cursor object at 0x0000025D0C064A90>
  File "D:\__lybix__\DEVTools\miniconda3\envs\fams\Lib\site-packages\pymysql\cursors.py", line 170, in execute
    result = self._query(query)
             │    │      └ 'SELECT diff.report_id, diff.task_id, t.task_status as status, diff.task_name, \n                        diff.total_items, di...
             │    └ <function Cursor._query at 0x0000025D0BFF68E0>
             └ <pymysql.cursors.Cursor object at 0x0000025D0C064A90>
  File "D:\__lybix__\DEVTools\miniconda3\envs\fams\Lib\site-packages\pymysql\cursors.py", line 328, in _query
    conn.query(q)
    │    │     └ 'SELECT diff.report_id, diff.task_id, t.task_status as status, diff.task_name, \n                        diff.total_items, di...
    │    └ <function Connection.query at 0x0000025D0C032520>
    └ <pymysql.connections.Connection object at 0x0000025D0C05F9D0>
  File "D:\__lybix__\DEVTools\miniconda3\envs\fams\Lib\site-packages\pymysql\connections.py", line 517, in query
    self._affected_rows = self._read_query_result(unbuffered=unbuffered)
    │    │                │    │                             └ False
    │    │                │    └ <function Connection._read_query_result at 0x0000025D0C032C00>
    │    │                └ <pymysql.connections.Connection object at 0x0000025D0C05F9D0>
    │    └ 1
    └ <pymysql.connections.Connection object at 0x0000025D0C05F9D0>
  File "D:\__lybix__\DEVTools\miniconda3\envs\fams\Lib\site-packages\pymysql\connections.py", line 732, in _read_query_result
    result.read()
    │      └ <function MySQLResult.read at 0x0000025D0C0334C0>
    └ <pymysql.connections.MySQLResult object at 0x0000025D0C064B50>
  File "D:\__lybix__\DEVTools\miniconda3\envs\fams\Lib\site-packages\pymysql\connections.py", line 1075, in read
    first_packet = self.connection._read_packet()
                   │    └ None
                   └ <pymysql.connections.MySQLResult object at 0x0000025D0C064B50>
  File "D:\__lybix__\DEVTools\miniconda3\envs\fams\Lib\site-packages\pymysql\connections.py", line 684, in _read_packet
    packet.check_error()
    │      └ <function MysqlPacket.check_error at 0x0000025D0C030A40>
    └ <pymysql.protocol.MysqlPacket object at 0x0000025D0C036890>
  File "D:\__lybix__\DEVTools\miniconda3\envs\fams\Lib\site-packages\pymysql\protocol.py", line 220, in check_error
    err.raise_mysql_exception(self._data)
    │   │                     │    └ <member '_data' of 'MysqlPacket' objects>
    │   │                     └ <pymysql.protocol.MysqlPacket object at 0x0000025D0C036890>
    │   └ <function raise_mysql_exception at 0x0000025D0BFA3C40>
    └ <module 'pymysql.err' from 'D:\\__lybix__\\DEVTools\\miniconda3\\envs\\fams\\Lib\\site-packages\\pymysql\\err.py'>
  File "D:\__lybix__\DEVTools\miniconda3\envs\fams\Lib\site-packages\pymysql\err.py", line 109, in raise_mysql_exception
    raise errorclass(errno, errval)
          │          │      └ "Unknown column 't.task_status' in 'field list'"
          │          └ 1054
          └ <class 'pymysql.err.InternalError'>

pymysql.err.InternalError: (1054, "Unknown column 't.task_status' in 'field list'")


The above exception was the direct cause of the following exception:


Traceback (most recent call last):

  File "D:\__lybix__\_Codes\FAMS-NEPU\platform\server\services\svr_gateway\main.py", line 64, in <module>
    uvicorn.run(app, host="0.0.0.0", port=gateway_config.HTTP_PORT)
    │       │   │                         │              └ 9900
    │       │   │                         └ <services.svr_gateway.config.GatewayConfig object at 0x0000025D09D89A50>
    │       │   └ <fastapi.applications.FastAPI object at 0x0000025D0BCCB790>
    │       └ <function run at 0x0000025D08AFFD80>
    └ <module 'uvicorn' from 'D:\\__lybix__\\DEVTools\\miniconda3\\envs\\fams\\Lib\\site-packages\\uvicorn\\__init__.py'>

  File "D:\__lybix__\DEVTools\miniconda3\envs\fams\Lib\site-packages\uvicorn\main.py", line 621, in run
    server.run()
    │      └ <function Server.run at 0x0000025D08C90860>
    └ <uvicorn.server.Server object at 0x0000025D08AFB1D0>
  File "D:\__lybix__\DEVTools\miniconda3\envs\fams\Lib\site-packages\uvicorn\server.py", line 74, in run
    return asyncio_run(self.serve(sockets=sockets), loop_factory=self.config.get_loop_factory())
           │           │    │             │                      │    │      └ <function Config.get_loop_factory at 0x0000025D08AFD1C0>
           │           │    │             │                      │    └ <uvicorn.config.Config object at 0x0000025D0B754C50>
           │           │    │             │                      └ <uvicorn.server.Server object at 0x0000025D08AFB1D0>
           │           │    │             └ None
           │           │    └ <function Server.serve at 0x0000025D08C90900>
           │           └ <uvicorn.server.Server object at 0x0000025D08AFB1D0>
           └ <function asyncio_run at 0x0000025D08A77740>
  File "D:\__lybix__\DEVTools\miniconda3\envs\fams\Lib\site-packages\uvicorn\_compat.py", line 30, in asyncio_run
    return runner.run(main)
           │      │   └ <coroutine object Server.serve at 0x0000025D0BCE07C0>
           │      └ <function Runner.run at 0x0000025D084A3560>
           └ <asyncio.runners.Runner object at 0x0000025D0B774950>
  File "D:\__lybix__\DEVTools\miniconda3\envs\fams\Lib\asyncio\runners.py", line 118, in run
    return self._loop.run_until_complete(task)
           │    │     │                  └ <Task pending name='Task-1' coro=<Server.serve() running at D:\__lybix__\DEVTools\miniconda3\envs\fams\Lib\site-packages\uvic...
           │    │     └ <function BaseEventLoop.run_until_complete at 0x0000025D084A1120>
           │    └ <ProactorEventLoop running=True closed=False debug=False>
           └ <asyncio.runners.Runner object at 0x0000025D0B774950>
  File "D:\__lybix__\DEVTools\miniconda3\envs\fams\Lib\asyncio\base_events.py", line 637, in run_until_complete
    self.run_forever()
    │    └ <function ProactorEventLoop.run_forever at 0x0000025D08578860>
    └ <ProactorEventLoop running=True closed=False debug=False>
  File "D:\__lybix__\DEVTools\miniconda3\envs\fams\Lib\asyncio\windows_events.py", line 321, in run_forever
    super().run_forever()
  File "D:\__lybix__\DEVTools\miniconda3\envs\fams\Lib\asyncio\base_events.py", line 604, in run_forever
    self._run_once()
    │    └ <function BaseEventLoop._run_once at 0x0000025D084A2E80>
    └ <ProactorEventLoop running=True closed=False debug=False>
  File "D:\__lybix__\DEVTools\miniconda3\envs\fams\Lib\asyncio\base_events.py", line 1909, in _run_once
    handle._run()
    │      └ <function Handle._run at 0x0000025D06E153A0>
    └ <Handle Task.task_wakeup(<Future finished result=None>)>
  File "D:\__lybix__\DEVTools\miniconda3\envs\fams\Lib\asyncio\events.py", line 80, in _run
    self._context.run(self._callback, *self._args)
    │    │            │    │           │    └ <member '_args' of 'Handle' objects>
    │    │            │    │           └ <Handle Task.task_wakeup(<Future finished result=None>)>
    │    │            │    └ <member '_callback' of 'Handle' objects>
    │    │            └ <Handle Task.task_wakeup(<Future finished result=None>)>
    │    └ <member '_context' of 'Handle' objects>
    └ <Handle Task.task_wakeup(<Future finished result=None>)>
  File "D:\__lybix__\DEVTools\miniconda3\envs\fams\Lib\site-packages\uvicorn\protocols\http\httptools_impl.py", line 422, in run_asgi
    result = await app(  # type: ignore[func-returns-value]
                   └ <uvicorn.middleware.proxy_headers.ProxyHeadersMiddleware object at 0x0000025D0BCCD8D0>
  File "D:\__lybix__\DEVTools\miniconda3\envs\fams\Lib\site-packages\uvicorn\middleware\proxy_headers.py", line 63, in __call__
    return await self.app(scope, receive, send)
                 │    │   │      │        └ <bound method RequestResponseCycle.send of <uvicorn.protocols.http.httptools_impl.RequestResponseCycle object at 0x0000025D0B...
                 │    │   │      └ <bound method RequestResponseCycle.receive of <uvicorn.protocols.http.httptools_impl.RequestResponseCycle object at 0x0000025...
                 │    │   └ {'type': 'http', 'asgi': {'version': '3.0', 'spec_version': '2.3'}, 'http_version': '1.1', 'server': ('127.0.0.1', 9900), 'cl...
                 │    └ <fastapi.applications.FastAPI object at 0x0000025D0BCCB790>
                 └ <uvicorn.middleware.proxy_headers.ProxyHeadersMiddleware object at 0x0000025D0BCCD8D0>
  File "D:\__lybix__\DEVTools\miniconda3\envs\fams\Lib\site-packages\fastapi\applications.py", line 1163, in __call__
    await super().__call__(scope, receive, send)
                           │      │        └ <bound method RequestResponseCycle.send of <uvicorn.protocols.http.httptools_impl.RequestResponseCycle object at 0x0000025D0B...
                           │      └ <bound method RequestResponseCycle.receive of <uvicorn.protocols.http.httptools_impl.RequestResponseCycle object at 0x0000025...
                           └ {'type': 'http', 'asgi': {'version': '3.0', 'spec_version': '2.3'}, 'http_version': '1.1', 'server': ('127.0.0.1', 9900), 'cl...
  File "D:\__lybix__\DEVTools\miniconda3\envs\fams\Lib\site-packages\starlette\applications.py", line 90, in __call__
    await self.middleware_stack(scope, receive, send)
          │    │                │      │        └ <bound method RequestResponseCycle.send of <uvicorn.protocols.http.httptools_impl.RequestResponseCycle object at 0x0000025D0B...
          │    │                │      └ <bound method RequestResponseCycle.receive of <uvicorn.protocols.http.httptools_impl.RequestResponseCycle object at 0x0000025...
          │    │                └ {'type': 'http', 'asgi': {'version': '3.0', 'spec_version': '2.3'}, 'http_version': '1.1', 'server': ('127.0.0.1', 9900), 'cl...
          │    └ <starlette.middleware.errors.ServerErrorMiddleware object at 0x0000025D0BD6B090>
          └ <fastapi.applications.FastAPI object at 0x0000025D0BCCB790>
> File "D:\__lybix__\DEVTools\miniconda3\envs\fams\Lib\site-packages\starlette\middleware\errors.py", line 164, in __call__
    await self.app(scope, receive, _send)
          │    │   │      │        └ <function ServerErrorMiddleware.__call__.<locals>._send at 0x0000025D0BEBD440>
          │    │   │      └ <bound method RequestResponseCycle.receive of <uvicorn.protocols.http.httptools_impl.RequestResponseCycle object at 0x0000025...
          │    │   └ {'type': 'http', 'asgi': {'version': '3.0', 'spec_version': '2.3'}, 'http_version': '1.1', 'server': ('127.0.0.1', 9900), 'cl...
          │    └ <starlette.middleware.base.BaseHTTPMiddleware object at 0x0000025D0BBB0A10>
          └ <starlette.middleware.errors.ServerErrorMiddleware object at 0x0000025D0BD6B090>
  File "D:\__lybix__\DEVTools\miniconda3\envs\fams\Lib\contextlib.py", line 222, in __aexit__
    await self.gen.athrow(typ, value, traceback)
          │    │   │      │    │      └ <traceback object at 0x0000025D0C065800>
          │    │   │      │    └ InternalError('(pymysql.err.InternalError) (1054, "Unknown column \'t.task_status\' in \'field list\'")')
          │    │   │      └ <class 'sqlalchemy.exc.InternalError'>
          │    │   └ <method 'athrow' of 'async_generator' objects>
          │    └ <async_generator object create_collapsing_task_group at 0x0000025D0BE8FB40>
          └ <contextlib._AsyncGeneratorContextManager object at 0x0000025D0BED14D0>
  File "D:\__lybix__\DEVTools\miniconda3\envs\fams\Lib\site-packages\starlette\_utils.py", line 93, in create_collapsing_task_group
    raise exc from exc.__cause__ or context
          │        │   │            └ None
          │        │   └ <attribute '__cause__' of 'BaseException' objects>
          │        └ InternalError('(pymysql.err.InternalError) (1054, "Unknown column \'t.task_status\' in \'field list\'")')
          └ InternalError('(pymysql.err.InternalError) (1054, "Unknown column \'t.task_status\' in \'field list\'")')
  File "D:\__lybix__\DEVTools\miniconda3\envs\fams\Lib\site-packages\starlette\_utils.py", line 86, in create_collapsing_task_group
    yield tg
          └ <anyio._backends._asyncio.TaskGroup object at 0x0000025D0BED1390>
  File "D:\__lybix__\DEVTools\miniconda3\envs\fams\Lib\site-packages\starlette\middleware\base.py", line 193, in __call__
    response = await self.dispatch_func(request, call_next)
                     │    │             │        └ <function BaseHTTPMiddleware.__call__.<locals>.call_next at 0x0000025D0BEBD6C0>
                     │    │             └ <starlette.middleware.base._CachedRequest object at 0x0000025D0BED0BD0>
                     │    └ <function log_requests at 0x0000025D0BCC6FC0>
                     └ <starlette.middleware.base.BaseHTTPMiddleware object at 0x0000025D0BBB0A10>

  File "D:\__lybix__\_Codes\FAMS-NEPU\platform\server\services\svr_gateway\main.py", line 42, in log_requests
    response = await call_next(request)
                     │         └ <starlette.middleware.base._CachedRequest object at 0x0000025D0BED0BD0>
                     └ <function BaseHTTPMiddleware.__call__.<locals>.call_next at 0x0000025D0BEBD6C0>

  File "D:\__lybix__\DEVTools\miniconda3\envs\fams\Lib\site-packages\starlette\middleware\base.py", line 168, in call_next
    raise app_exc from app_exc.__cause__ or app_exc.__context__
          │            │       │            │       └ <attribute '__context__' of 'BaseException' objects>
          │            │       │            └ InternalError('(pymysql.err.InternalError) (1054, "Unknown column \'t.task_status\' in \'field list\'")')
          │            │       └ <attribute '__cause__' of 'BaseException' objects>
          │            └ InternalError('(pymysql.err.InternalError) (1054, "Unknown column \'t.task_status\' in \'field list\'")')
          └ InternalError('(pymysql.err.InternalError) (1054, "Unknown column \'t.task_status\' in \'field list\'")')
  File "D:\__lybix__\DEVTools\miniconda3\envs\fams\Lib\site-packages\starlette\middleware\base.py", line 144, in coro
    await self.app(scope, receive_or_disconnect, send_no_error)
          │    │   │      │                      └ <function BaseHTTPMiddleware.__call__.<locals>.call_next.<locals>.send_no_error at 0x0000025D0BEBD8A0>
          │    │   │      └ <function BaseHTTPMiddleware.__call__.<locals>.call_next.<locals>.receive_or_disconnect at 0x0000025D0BEBD800>
          │    │   └ {'type': 'http', 'asgi': {'version': '3.0', 'spec_version': '2.3'}, 'http_version': '1.1', 'server': ('127.0.0.1', 9900), 'cl...
          │    └ <starlette.middleware.cors.CORSMiddleware object at 0x0000025D0BD6B010>
          └ <starlette.middleware.base.BaseHTTPMiddleware object at 0x0000025D0BBB0A10>
  File "D:\__lybix__\DEVTools\miniconda3\envs\fams\Lib\site-packages\starlette\middleware\cors.py", line 88, in __call__
    await self.app(scope, receive, send)
          │    │   │      │        └ <function BaseHTTPMiddleware.__call__.<locals>.call_next.<locals>.send_no_error at 0x0000025D0BEBD8A0>
          │    │   │      └ <function BaseHTTPMiddleware.__call__.<locals>.call_next.<locals>.receive_or_disconnect at 0x0000025D0BEBD800>
          │    │   └ {'type': 'http', 'asgi': {'version': '3.0', 'spec_version': '2.3'}, 'http_version': '1.1', 'server': ('127.0.0.1', 9900), 'cl...
          │    └ <starlette.middleware.exceptions.ExceptionMiddleware object at 0x0000025D0BD6AE50>
          └ <starlette.middleware.cors.CORSMiddleware object at 0x0000025D0BD6B010>
  File "D:\__lybix__\DEVTools\miniconda3\envs\fams\Lib\site-packages\starlette\middleware\exceptions.py", line 63, in __call__
    await wrap_app_handling_exceptions(self.app, conn)(scope, receive, send)
          │                            │    │    │     │      │        └ <function BaseHTTPMiddleware.__call__.<locals>.call_next.<locals>.send_no_error at 0x0000025D0BEBD8A0>
          │                            │    │    │     │      └ <function BaseHTTPMiddleware.__call__.<locals>.call_next.<locals>.receive_or_disconnect at 0x0000025D0BEBD800>
          │                            │    │    │     └ {'type': 'http', 'asgi': {'version': '3.0', 'spec_version': '2.3'}, 'http_version': '1.1', 'server': ('127.0.0.1', 9900), 'cl...
          │                            │    │    └ <starlette.requests.Request object at 0x0000025D0BD937D0>
          │                            │    └ <fastapi.middleware.asyncexitstack.AsyncExitStackMiddleware object at 0x0000025D0BBB0950>
          │                            └ <starlette.middleware.exceptions.ExceptionMiddleware object at 0x0000025D0BD6AE50>
          └ <function wrap_app_handling_exceptions at 0x0000025D09C7F100>
  File "D:\__lybix__\DEVTools\miniconda3\envs\fams\Lib\site-packages\starlette\_exception_handler.py", line 53, in wrapped_app
    raise exc
  File "D:\__lybix__\DEVTools\miniconda3\envs\fams\Lib\site-packages\starlette\_exception_handler.py", line 42, in wrapped_app
    await app(scope, receive, sender)
          │   │      │        └ <function wrap_app_handling_exceptions.<locals>.wrapped_app.<locals>.sender at 0x0000025D0BEBD9E0>
          │   │      └ <function BaseHTTPMiddleware.__call__.<locals>.call_next.<locals>.receive_or_disconnect at 0x0000025D0BEBD800>
          │   └ {'type': 'http', 'asgi': {'version': '3.0', 'spec_version': '2.3'}, 'http_version': '1.1', 'server': ('127.0.0.1', 9900), 'cl...
          └ <fastapi.middleware.asyncexitstack.AsyncExitStackMiddleware object at 0x0000025D0BBB0950>
  File "D:\__lybix__\DEVTools\miniconda3\envs\fams\Lib\site-packages\fastapi\middleware\asyncexitstack.py", line 18, in __call__
    await self.app(scope, receive, send)
          │    │   │      │        └ <function wrap_app_handling_exceptions.<locals>.wrapped_app.<locals>.sender at 0x0000025D0BEBD9E0>
          │    │   │      └ <function BaseHTTPMiddleware.__call__.<locals>.call_next.<locals>.receive_or_disconnect at 0x0000025D0BEBD800>
          │    │   └ {'type': 'http', 'asgi': {'version': '3.0', 'spec_version': '2.3'}, 'http_version': '1.1', 'server': ('127.0.0.1', 9900), 'cl...
          │    └ <fastapi.routing.APIRouter object at 0x0000025D0BCCBA10>
          └ <fastapi.middleware.asyncexitstack.AsyncExitStackMiddleware object at 0x0000025D0BBB0950>
  File "D:\__lybix__\DEVTools\miniconda3\envs\fams\Lib\site-packages\starlette\routing.py", line 660, in __call__
    await self.middleware_stack(scope, receive, send)
          │    │                │      │        └ <function wrap_app_handling_exceptions.<locals>.wrapped_app.<locals>.sender at 0x0000025D0BEBD9E0>
          │    │                │      └ <function BaseHTTPMiddleware.__call__.<locals>.call_next.<locals>.receive_or_disconnect at 0x0000025D0BEBD800>
          │    │                └ {'type': 'http', 'asgi': {'version': '3.0', 'spec_version': '2.3'}, 'http_version': '1.1', 'server': ('127.0.0.1', 9900), 'cl...
          │    └ <bound method APIRouter.app of <fastapi.routing.APIRouter object at 0x0000025D0BCCBA10>>
          └ <fastapi.routing.APIRouter object at 0x0000025D0BCCBA10>
  File "D:\__lybix__\DEVTools\miniconda3\envs\fams\Lib\site-packages\fastapi\routing.py", line 2683, in app
    await route.handle(scope, receive, send)
          │     │      │      │        └ <function wrap_app_handling_exceptions.<locals>.wrapped_app.<locals>.sender at 0x0000025D0BEBD9E0>
          │     │      │      └ <function BaseHTTPMiddleware.__call__.<locals>.call_next.<locals>.receive_or_disconnect at 0x0000025D0BEBD800>
          │     │      └ {'type': 'http', 'asgi': {'version': '3.0', 'spec_version': '2.3'}, 'http_version': '1.1', 'server': ('127.0.0.1', 9900), 'cl...
          │     └ <function _IncludedRouter.handle at 0x0000025D09CC1BC0>
          └ _IncludedRouter(original_router=<fastapi.routing.APIRouter object at 0x0000025D09F83150>, include_context=_RouterIncludeConte...
  File "D:\__lybix__\DEVTools\miniconda3\envs\fams\Lib\site-packages\fastapi\routing.py", line 1753, in handle
    await self.original_router.handle(scope, receive, send)
          │    │               │      │      │        └ <function wrap_app_handling_exceptions.<locals>.wrapped_app.<locals>.sender at 0x0000025D0BEBD9E0>
          │    │               │      │      └ <function BaseHTTPMiddleware.__call__.<locals>.call_next.<locals>.receive_or_disconnect at 0x0000025D0BEBD800>
          │    │               │      └ {'type': 'http', 'asgi': {'version': '3.0', 'spec_version': '2.3'}, 'http_version': '1.1', 'server': ('127.0.0.1', 9900), 'cl...
          │    │               └ <function APIRouter.handle at 0x0000025D09CC3BA0>
          │    └ <fastapi.routing.APIRouter object at 0x0000025D09F83150>
          └ _IncludedRouter(original_router=<fastapi.routing.APIRouter object at 0x0000025D09F83150>, include_context=_RouterIncludeConte...
  File "D:\__lybix__\DEVTools\miniconda3\envs\fams\Lib\site-packages\fastapi\routing.py", line 2738, in handle
    await included_router._handle_selected(scope, receive, send)
          │               │                │      │        └ <function wrap_app_handling_exceptions.<locals>.wrapped_app.<locals>.sender at 0x0000025D0BEBD9E0>
          │               │                │      └ <function BaseHTTPMiddleware.__call__.<locals>.call_next.<locals>.receive_or_disconnect at 0x0000025D0BEBD800>
          │               │                └ {'type': 'http', 'asgi': {'version': '3.0', 'spec_version': '2.3'}, 'http_version': '1.1', 'server': ('127.0.0.1', 9900), 'cl...
          │               └ <function _IncludedRouter._handle_selected at 0x0000025D09CC1C60>
          └ _IncludedRouter(original_router=<fastapi.routing.APIRouter object at 0x0000025D09F83150>, include_context=_RouterIncludeConte...
  File "D:\__lybix__\DEVTools\miniconda3\envs\fams\Lib\site-packages\fastapi\routing.py", line 1773, in _handle_selected
    await original_route.handle(scope, receive, send)
          │              │      │      │        └ <function wrap_app_handling_exceptions.<locals>.wrapped_app.<locals>.sender at 0x0000025D0BEBD9E0>
          │              │      │      └ <function BaseHTTPMiddleware.__call__.<locals>.call_next.<locals>.receive_or_disconnect at 0x0000025D0BEBD800>
          │              │      └ {'type': 'http', 'asgi': {'version': '3.0', 'spec_version': '2.3'}, 'http_version': '1.1', 'server': ('127.0.0.1', 9900), 'cl...
          │              └ <function APIRoute.handle at 0x0000025D09CAFCE0>
          └ APIRoute(path='/api/check/diff/{task_id}', name='get_diff_report', methods=['GET'])
  File "D:\__lybix__\DEVTools\miniconda3\envs\fams\Lib\site-packages\fastapi\routing.py", line 1264, in handle
    await app(scope, receive, send)
          │   │      │        └ <function wrap_app_handling_exceptions.<locals>.wrapped_app.<locals>.sender at 0x0000025D0BEBD9E0>
          │   │      └ <function BaseHTTPMiddleware.__call__.<locals>.call_next.<locals>.receive_or_disconnect at 0x0000025D0BEBD800>
          │   └ {'type': 'http', 'asgi': {'version': '3.0', 'spec_version': '2.3'}, 'http_version': '1.1', 'server': ('127.0.0.1', 9900), 'cl...
          └ <function request_response.<locals>.app at 0x0000025D0BEBDB20>
  File "D:\__lybix__\DEVTools\miniconda3\envs\fams\Lib\site-packages\fastapi\routing.py", line 150, in app
    await wrap_app_handling_exceptions(app, request)(scope, receive, send)
          │                            │    │        │      │        └ <function wrap_app_handling_exceptions.<locals>.wrapped_app.<locals>.sender at 0x0000025D0BEBD9E0>
          │                            │    │        │      └ <function BaseHTTPMiddleware.__call__.<locals>.call_next.<locals>.receive_or_disconnect at 0x0000025D0BEBD800>
          │                            │    │        └ {'type': 'http', 'asgi': {'version': '3.0', 'spec_version': '2.3'}, 'http_version': '1.1', 'server': ('127.0.0.1', 9900), 'cl...
          │                            │    └ <starlette.requests.Request object at 0x0000025D0C05FED0>
          │                            └ <function request_response.<locals>.app.<locals>.app at 0x0000025D0BEBDA80>
          └ <function wrap_app_handling_exceptions at 0x0000025D09C7F100>
  File "D:\__lybix__\DEVTools\miniconda3\envs\fams\Lib\site-packages\starlette\_exception_handler.py", line 53, in wrapped_app
    raise exc
  File "D:\__lybix__\DEVTools\miniconda3\envs\fams\Lib\site-packages\starlette\_exception_handler.py", line 42, in wrapped_app
    await app(scope, receive, sender)
          │   │      │        └ <function wrap_app_handling_exceptions.<locals>.wrapped_app.<locals>.sender at 0x0000025D0BEBD260>
          │   │      └ <function BaseHTTPMiddleware.__call__.<locals>.call_next.<locals>.receive_or_disconnect at 0x0000025D0BEBD800>
          │   └ {'type': 'http', 'asgi': {'version': '3.0', 'spec_version': '2.3'}, 'http_version': '1.1', 'server': ('127.0.0.1', 9900), 'cl...
          └ <function request_response.<locals>.app.<locals>.app at 0x0000025D0BEBDA80>
  File "D:\__lybix__\DEVTools\miniconda3\envs\fams\Lib\site-packages\fastapi\routing.py", line 136, in app
    response = await f(request)
                     │ └ <starlette.requests.Request object at 0x0000025D0C05FED0>
                     └ <function get_request_handler.<locals>.app at 0x0000025D0BEBD940>
  File "D:\__lybix__\DEVTools\miniconda3\envs\fams\Lib\site-packages\fastapi\routing.py", line 690, in app
    raw_response = await run_endpoint_function(
                         └ <function run_endpoint_function at 0x0000025D09CAEF20>
  File "D:\__lybix__\DEVTools\miniconda3\envs\fams\Lib\site-packages\fastapi\routing.py", line 344, in run_endpoint_function
    return await dependant.call(**values)
                 │         │      └ {'_auth': {'user_id': 1, 'username': 'admin', 'dept_id': 1, 'role_keys': ['admin'], 'exp': 1783956875, 'iat': 1783870475}, 'c...
                 │         └ <function get_diff_report at 0x0000025D0BC516C0>
                 └ Dependant(path_params=[ModelField(field_info=Path(PydanticUndefined), name='task_id', mode='validation', config=None)], query...

  File "D:\__lybix__\_Codes\FAMS-NEPU\platform\server\services\svr_gateway\routes.py", line 956, in get_diff_report
    report = logic.get_diff_report(task_id)
             │     │               └ 8
             │     └ <function CheckLogic.get_diff_report at 0x0000025D0BA3C220>
             └ <data.logic.check_logic.CheckLogic object at 0x0000025D0BBB0BD0>

  File "D:\__lybix__\_Codes\FAMS-NEPU\platform\server\data\logic\check_logic.py", line 353, in get_diff_report
    report = self.report_dao.get_by_task(task_id)
             │    │          │           └ 8
             │    │          └ <function CheckDiffReportDAO.get_by_task at 0x0000025D0B9FF9C0>
             │    └ <data.basic.check_dao.CheckDiffReportDAO object at 0x0000025D0C05CD10>
             └ <data.logic.check_logic.CheckLogic object at 0x0000025D0BBB0BD0>

  File "D:\__lybix__\_Codes\FAMS-NEPU\platform\server\data\basic\check_dao.py", line 264, in get_by_task
    return self._execute_one(sql, {"task_id": task_id})
           │    │            │                └ 8
           │    │            └ 'SELECT diff.report_id, diff.task_id, t.task_status as status, diff.task_name, \n                        diff.total_items, di...
           │    └ <function BaseDAO._execute_one at 0x0000025D09F7AAC0>
           └ <data.basic.check_dao.CheckDiffReportDAO object at 0x0000025D0C05CD10>

  File "D:\__lybix__\_Codes\FAMS-NEPU\platform\server\data\basic\base_dao.py", line 47, in _execute_one
    rows = self._execute(sql, params)
           │    │        │    └ {'task_id': 8}
           │    │        └ 'SELECT diff.report_id, diff.task_id, t.task_status as status, diff.task_name, \n                        diff.total_items, di...
           │    └ <function BaseDAO._execute at 0x0000025D0B61CC20>
           └ <data.basic.check_dao.CheckDiffReportDAO object at 0x0000025D0C05CD10>

  File "D:\__lybix__\_Codes\FAMS-NEPU\platform\server\data\basic\base_dao.py", line 39, in _execute
    result = conn.execute(text(sql), params or {})
             │    │       │    │     └ {'task_id': 8}
             │    │       │    └ 'SELECT diff.report_id, diff.task_id, t.task_status as status, diff.task_name, \n                        diff.total_items, di...
             │    │       └ <function text at 0x0000025D0B534040>
             │    └ <function Connection.execute at 0x0000025D0B59AD40>
             └ <sqlalchemy.engine.base.Connection object at 0x0000025D0BBA7D10>

  File "D:\__lybix__\DEVTools\miniconda3\envs\fams\Lib\site-packages\sqlalchemy\engine\base.py", line 1421, in execute
    return meth(
           └ <bound method ClauseElement._execute_on_connection of <sqlalchemy.sql.elements.TextClause object at 0x0000025D0C05FFD0>>
  File "D:\__lybix__\DEVTools\miniconda3\envs\fams\Lib\site-packages\sqlalchemy\sql\elements.py", line 526, in _execute_on_connection
    return connection._execute_clauseelement(
           │          └ <function Connection._execute_clauseelement at 0x0000025D0B59B060>
           └ <sqlalchemy.engine.base.Connection object at 0x0000025D0BBA7D10>
  File "D:\__lybix__\DEVTools\miniconda3\envs\fams\Lib\site-packages\sqlalchemy\engine\base.py", line 1643, in _execute_clauseelement
    ret = self._execute_context(
          │    └ <function Connection._execute_context at 0x0000025D0B59B240>
          └ <sqlalchemy.engine.base.Connection object at 0x0000025D0BBA7D10>
  File "D:\__lybix__\DEVTools\miniconda3\envs\fams\Lib\site-packages\sqlalchemy\engine\base.py", line 1848, in _execute_context
    return self._exec_single_context(
           │    └ <function Connection._exec_single_context at 0x0000025D0B59B2E0>
           └ <sqlalchemy.engine.base.Connection object at 0x0000025D0BBA7D10>
  File "D:\__lybix__\DEVTools\miniconda3\envs\fams\Lib\site-packages\sqlalchemy\engine\base.py", line 1988, in _exec_single_context
    self._handle_dbapi_exception(
    │    └ <function Connection._handle_dbapi_exception at 0x0000025D0B59B560>
    └ <sqlalchemy.engine.base.Connection object at 0x0000025D0BBA7D10>
  File "D:\__lybix__\DEVTools\miniconda3\envs\fams\Lib\site-packages\sqlalchemy\engine\base.py", line 2365, in _handle_dbapi_exception
    raise sqlalchemy_exception.with_traceback(exc_info[2]) from e
          │                    │              │                 └ InternalError(1054, "Unknown column 't.task_status' in 'field list'")
          │                    │              └ (<class 'pymysql.err.InternalError'>, InternalError(1054, "Unknown column 't.task_status' in 'field list'"), <traceback objec...
          │                    └ <method 'with_traceback' of 'BaseException' objects>
          └ InternalError('(pymysql.err.InternalError) (1054, "Unknown column \'t.task_status\' in \'field list\'")')
  File "D:\__lybix__\DEVTools\miniconda3\envs\fams\Lib\site-packages\sqlalchemy\engine\base.py", line 1969, in _exec_single_context
    self.dialect.do_execute(
    │    │       └ <function DefaultDialect.do_execute at 0x0000025D0B646E80>
    │    └ <sqlalchemy.dialects.mysql.pymysql.MySQLDialect_pymysql object at 0x0000025D0C05E6D0>
    └ <sqlalchemy.engine.base.Connection object at 0x0000025D0BBA7D10>
  File "D:\__lybix__\DEVTools\miniconda3\envs\fams\Lib\site-packages\sqlalchemy\engine\default.py", line 952, in do_execute
    cursor.execute(statement, parameters)
    │      │       │          └ {'task_id': 8}
    │      │       └ 'SELECT diff.report_id, diff.task_id, t.task_status as status, diff.task_name, \n                        diff.total_items, di...
    │      └ <function Cursor.execute at 0x0000025D0BFF63E0>
    └ <pymysql.cursors.Cursor object at 0x0000025D0C064A90>
  File "D:\__lybix__\DEVTools\miniconda3\envs\fams\Lib\site-packages\pymysql\cursors.py", line 170, in execute
    result = self._query(query)
             │    │      └ 'SELECT diff.report_id, diff.task_id, t.task_status as status, diff.task_name, \n                        diff.total_items, di...
             │    └ <function Cursor._query at 0x0000025D0BFF68E0>
             └ <pymysql.cursors.Cursor object at 0x0000025D0C064A90>
  File "D:\__lybix__\DEVTools\miniconda3\envs\fams\Lib\site-packages\pymysql\cursors.py", line 328, in _query
    conn.query(q)
    │    │     └ 'SELECT diff.report_id, diff.task_id, t.task_status as status, diff.task_name, \n                        diff.total_items, di...
    │    └ <function Connection.query at 0x0000025D0C032520>
    └ <pymysql.connections.Connection object at 0x0000025D0C05F9D0>
  File "D:\__lybix__\DEVTools\miniconda3\envs\fams\Lib\site-packages\pymysql\connections.py", line 517, in query
    self._affected_rows = self._read_query_result(unbuffered=unbuffered)
    │    │                │    │                             └ False
    │    │                │    └ <function Connection._read_query_result at 0x0000025D0C032C00>
    │    │                └ <pymysql.connections.Connection object at 0x0000025D0C05F9D0>
    │    └ 1
    └ <pymysql.connections.Connection object at 0x0000025D0C05F9D0>
  File "D:\__lybix__\DEVTools\miniconda3\envs\fams\Lib\site-packages\pymysql\connections.py", line 732, in _read_query_result
    result.read()
    │      └ <function MySQLResult.read at 0x0000025D0C0334C0>
    └ <pymysql.connections.MySQLResult object at 0x0000025D0C064B50>
  File "D:\__lybix__\DEVTools\miniconda3\envs\fams\Lib\site-packages\pymysql\connections.py", line 1075, in read
    first_packet = self.connection._read_packet()
                   │    └ None
                   └ <pymysql.connections.MySQLResult object at 0x0000025D0C064B50>
  File "D:\__lybix__\DEVTools\miniconda3\envs\fams\Lib\site-packages\pymysql\connections.py", line 684, in _read_packet
    packet.check_error()
    │      └ <function MysqlPacket.check_error at 0x0000025D0C030A40>
    └ <pymysql.protocol.MysqlPacket object at 0x0000025D0C036890>
  File "D:\__lybix__\DEVTools\miniconda3\envs\fams\Lib\site-packages\pymysql\protocol.py", line 220, in check_error
    err.raise_mysql_exception(self._data)
    │   │                     │    └ <member '_data' of 'MysqlPacket' objects>
    │   │                     └ <pymysql.protocol.MysqlPacket object at 0x0000025D0C036890>
    │   └ <function raise_mysql_exception at 0x0000025D0BFA3C40>
    └ <module 'pymysql.err' from 'D:\\__lybix__\\DEVTools\\miniconda3\\envs\\fams\\Lib\\site-packages\\pymysql\\err.py'>
  File "D:\__lybix__\DEVTools\miniconda3\envs\fams\Lib\site-packages\pymysql\err.py", line 109, in raise_mysql_exception
    raise errorclass(errno, errval)
          │          │      └ "Unknown column 't.task_status' in 'field list'"
          │          └ 1054
          └ <class 'pymysql.err.InternalError'>

sqlalchemy.exc.InternalError: (pymysql.err.InternalError) (1054, "Unknown column 't.task_status' in 'field list'")
[SQL: SELECT diff.report_id, diff.task_id, t.task_status as status, diff.task_name, 
                        diff.total_items, diff.matched_items, diff.surplus_items, diff.shortage_items,
                        diff.mismatch_items, diff.llm_analysis, diff.create_time
                 FROM check_diff_report diff
                 LEFT JOIN check_task t ON t.task_id = check_diff_report.task_id
                 WHERE task_id = %(task_id)s]
[parameters: {'task_id': 8}]
(Background on this error at: https://sqlalche.me/e/20/2j85)
2026-07-13 08:13:15.164 | ERROR    | __main__:global_exception_handler:50 - Unhandled exception on GET /api/check/diff/8
Traceback (most recent call last):

  File "D:\__lybix__\DEVTools\miniconda3\envs\fams\Lib\site-packages\sqlalchemy\engine\base.py", line 1969, in _exec_single_context
    self.dialect.do_execute(
    │    │       └ <function DefaultDialect.do_execute at 0x0000020327F26E80>
    │    └ <sqlalchemy.dialects.mysql.pymysql.MySQLDialect_pymysql object at 0x000002032892ACD0>
    └ <sqlalchemy.engine.base.Connection object at 0x000002032892A2D0>
  File "D:\__lybix__\DEVTools\miniconda3\envs\fams\Lib\site-packages\sqlalchemy\engine\default.py", line 952, in do_execute
    cursor.execute(statement, parameters)
    │      │       │          └ {'task_id': 8}
    │      │       └ 'SELECT diff.report_id, diff.task_id, t.status as status, diff.task_name, \n                        diff.total_items, diff.ma...
    │      └ <function Cursor.execute at 0x00000203288D1940>
    └ <pymysql.cursors.Cursor object at 0x000002032892BB50>
  File "D:\__lybix__\DEVTools\miniconda3\envs\fams\Lib\site-packages\pymysql\cursors.py", line 170, in execute
    result = self._query(query)
             │    │      └ 'SELECT diff.report_id, diff.task_id, t.status as status, diff.task_name, \n                        diff.total_items, diff.ma...
             │    └ <function Cursor._query at 0x00000203288D1E40>
             └ <pymysql.cursors.Cursor object at 0x000002032892BB50>
  File "D:\__lybix__\DEVTools\miniconda3\envs\fams\Lib\site-packages\pymysql\cursors.py", line 328, in _query
    conn.query(q)
    │    │     └ 'SELECT diff.report_id, diff.task_id, t.status as status, diff.task_name, \n                        diff.total_items, diff.ma...
    │    └ <function Connection.query at 0x00000203288F1A80>
    └ <pymysql.connections.Connection object at 0x000002032892B2D0>
  File "D:\__lybix__\DEVTools\miniconda3\envs\fams\Lib\site-packages\pymysql\connections.py", line 517, in query
    self._affected_rows = self._read_query_result(unbuffered=unbuffered)
    │    │                │    │                             └ False
    │    │                │    └ <function Connection._read_query_result at 0x00000203288F2160>
    │    │                └ <pymysql.connections.Connection object at 0x000002032892B2D0>
    │    └ 1
    └ <pymysql.connections.Connection object at 0x000002032892B2D0>
  File "D:\__lybix__\DEVTools\miniconda3\envs\fams\Lib\site-packages\pymysql\connections.py", line 732, in _read_query_result
    result.read()
    │      └ <function MySQLResult.read at 0x00000203288F2A20>
    └ <pymysql.connections.MySQLResult object at 0x000002032892BB90>
  File "D:\__lybix__\DEVTools\miniconda3\envs\fams\Lib\site-packages\pymysql\connections.py", line 1075, in read
    first_packet = self.connection._read_packet()
                   │    └ None
                   └ <pymysql.connections.MySQLResult object at 0x000002032892BB90>
  File "D:\__lybix__\DEVTools\miniconda3\envs\fams\Lib\site-packages\pymysql\connections.py", line 684, in _read_packet
    packet.check_error()
    │      └ <function MysqlPacket.check_error at 0x00000203288D3F60>
    └ <pymysql.protocol.MysqlPacket object at 0x000002032891CAC0>
  File "D:\__lybix__\DEVTools\miniconda3\envs\fams\Lib\site-packages\pymysql\protocol.py", line 220, in check_error
    err.raise_mysql_exception(self._data)
    │   │                     │    └ <member '_data' of 'MysqlPacket' objects>
    │   │                     └ <pymysql.protocol.MysqlPacket object at 0x000002032891CAC0>
    │   └ <function raise_mysql_exception at 0x000002032887B1A0>
    └ <module 'pymysql.err' from 'D:\\__lybix__\\DEVTools\\miniconda3\\envs\\fams\\Lib\\site-packages\\pymysql\\err.py'>
  File "D:\__lybix__\DEVTools\miniconda3\envs\fams\Lib\site-packages\pymysql\err.py", line 109, in raise_mysql_exception
    raise errorclass(errno, errval)
          │          │      └ "Column 'task_id' in where clause is ambiguous"
          │          └ 1052
          └ <class 'pymysql.err.InternalError'>

pymysql.err.InternalError: (1052, "Column 'task_id' in where clause is ambiguous")


The above exception was the direct cause of the following exception:


Traceback (most recent call last):

  File "D:\__lybix__\_Codes\FAMS-NEPU\platform\server\services\svr_gateway\main.py", line 64, in <module>
    uvicorn.run(app, host="0.0.0.0", port=gateway_config.HTTP_PORT)
    │       │   │                         │              └ 9900
    │       │   │                         └ <services.svr_gateway.config.GatewayConfig object at 0x0000020326669A50>
    │       │   └ <fastapi.applications.FastAPI object at 0x00000203285ABC50>
    │       └ <function run at 0x00000203253DFD80>
    └ <module 'uvicorn' from 'D:\\__lybix__\\DEVTools\\miniconda3\\envs\\fams\\Lib\\site-packages\\uvicorn\\__init__.py'>

  File "D:\__lybix__\DEVTools\miniconda3\envs\fams\Lib\site-packages\uvicorn\main.py", line 621, in run
    server.run()
    │      └ <function Server.run at 0x0000020325570860>
    └ <uvicorn.server.Server object at 0x00000203253DB1D0>
  File "D:\__lybix__\DEVTools\miniconda3\envs\fams\Lib\site-packages\uvicorn\server.py", line 74, in run
    return asyncio_run(self.serve(sockets=sockets), loop_factory=self.config.get_loop_factory())
           │           │    │             │                      │    │      └ <function Config.get_loop_factory at 0x00000203253DD1C0>
           │           │    │             │                      │    └ <uvicorn.config.Config object at 0x000002032837A3D0>
           │           │    │             │                      └ <uvicorn.server.Server object at 0x00000203253DB1D0>
           │           │    │             └ None
           │           │    └ <function Server.serve at 0x0000020325570900>
           │           └ <uvicorn.server.Server object at 0x00000203253DB1D0>
           └ <function asyncio_run at 0x0000020325367740>
  File "D:\__lybix__\DEVTools\miniconda3\envs\fams\Lib\site-packages\uvicorn\_compat.py", line 30, in asyncio_run
    return runner.run(main)
           │      │   └ <coroutine object Server.serve at 0x00000203285C07C0>
           │      └ <function Runner.run at 0x0000020324DC3560>
           └ <asyncio.runners.Runner object at 0x00000203285AD3D0>
  File "D:\__lybix__\DEVTools\miniconda3\envs\fams\Lib\asyncio\runners.py", line 118, in run
    return self._loop.run_until_complete(task)
           │    │     │                  └ <Task pending name='Task-1' coro=<Server.serve() running at D:\__lybix__\DEVTools\miniconda3\envs\fams\Lib\site-packages\uvic...
           │    │     └ <function BaseEventLoop.run_until_complete at 0x0000020324DC1120>
           │    └ <ProactorEventLoop running=True closed=False debug=False>
           └ <asyncio.runners.Runner object at 0x00000203285AD3D0>
  File "D:\__lybix__\DEVTools\miniconda3\envs\fams\Lib\asyncio\base_events.py", line 637, in run_until_complete
    self.run_forever()
    │    └ <function ProactorEventLoop.run_forever at 0x0000020324E98860>
    └ <ProactorEventLoop running=True closed=False debug=False>
  File "D:\__lybix__\DEVTools\miniconda3\envs\fams\Lib\asyncio\windows_events.py", line 321, in run_forever
    super().run_forever()
  File "D:\__lybix__\DEVTools\miniconda3\envs\fams\Lib\asyncio\base_events.py", line 604, in run_forever
    self._run_once()
    │    └ <function BaseEventLoop._run_once at 0x0000020324DC2E80>
    └ <ProactorEventLoop running=True closed=False debug=False>
  File "D:\__lybix__\DEVTools\miniconda3\envs\fams\Lib\asyncio\base_events.py", line 1909, in _run_once
    handle._run()
    │      └ <function Handle._run at 0x0000020324D053A0>
    └ <Handle Task.task_wakeup(<Future finished result=None>)>
  File "D:\__lybix__\DEVTools\miniconda3\envs\fams\Lib\asyncio\events.py", line 80, in _run
    self._context.run(self._callback, *self._args)
    │    │            │    │           │    └ <member '_args' of 'Handle' objects>
    │    │            │    │           └ <Handle Task.task_wakeup(<Future finished result=None>)>
    │    │            │    └ <member '_callback' of 'Handle' objects>
    │    │            └ <Handle Task.task_wakeup(<Future finished result=None>)>
    │    └ <member '_context' of 'Handle' objects>
    └ <Handle Task.task_wakeup(<Future finished result=None>)>
  File "D:\__lybix__\DEVTools\miniconda3\envs\fams\Lib\site-packages\uvicorn\protocols\http\httptools_impl.py", line 422, in run_asgi
    result = await app(  # type: ignore[func-returns-value]
                   └ <uvicorn.middleware.proxy_headers.ProxyHeadersMiddleware object at 0x00000203285B70D0>
  File "D:\__lybix__\DEVTools\miniconda3\envs\fams\Lib\site-packages\uvicorn\middleware\proxy_headers.py", line 63, in __call__
    return await self.app(scope, receive, send)
                 │    │   │      │        └ <bound method RequestResponseCycle.send of <uvicorn.protocols.http.httptools_impl.RequestResponseCycle object at 0x0000020328...
                 │    │   │      └ <bound method RequestResponseCycle.receive of <uvicorn.protocols.http.httptools_impl.RequestResponseCycle object at 0x0000020...
                 │    │   └ {'type': 'http', 'asgi': {'version': '3.0', 'spec_version': '2.3'}, 'http_version': '1.1', 'server': ('127.0.0.1', 9900), 'cl...
                 │    └ <fastapi.applications.FastAPI object at 0x00000203285ABC50>
                 └ <uvicorn.middleware.proxy_headers.ProxyHeadersMiddleware object at 0x00000203285B70D0>
  File "D:\__lybix__\DEVTools\miniconda3\envs\fams\Lib\site-packages\fastapi\applications.py", line 1163, in __call__
    await super().__call__(scope, receive, send)
                           │      │        └ <bound method RequestResponseCycle.send of <uvicorn.protocols.http.httptools_impl.RequestResponseCycle object at 0x0000020328...
                           │      └ <bound method RequestResponseCycle.receive of <uvicorn.protocols.http.httptools_impl.RequestResponseCycle object at 0x0000020...
                           └ {'type': 'http', 'asgi': {'version': '3.0', 'spec_version': '2.3'}, 'http_version': '1.1', 'server': ('127.0.0.1', 9900), 'cl...
  File "D:\__lybix__\DEVTools\miniconda3\envs\fams\Lib\site-packages\starlette\applications.py", line 90, in __call__
    await self.middleware_stack(scope, receive, send)
          │    │                │      │        └ <bound method RequestResponseCycle.send of <uvicorn.protocols.http.httptools_impl.RequestResponseCycle object at 0x0000020328...
          │    │                │      └ <bound method RequestResponseCycle.receive of <uvicorn.protocols.http.httptools_impl.RequestResponseCycle object at 0x0000020...
          │    │                └ {'type': 'http', 'asgi': {'version': '3.0', 'spec_version': '2.3'}, 'http_version': '1.1', 'server': ('127.0.0.1', 9900), 'cl...
          │    └ <starlette.middleware.errors.ServerErrorMiddleware object at 0x0000020328054E90>
          └ <fastapi.applications.FastAPI object at 0x00000203285ABC50>
> File "D:\__lybix__\DEVTools\miniconda3\envs\fams\Lib\site-packages\starlette\middleware\errors.py", line 164, in __call__
    await self.app(scope, receive, _send)
          │    │   │      │        └ <function ServerErrorMiddleware.__call__.<locals>._send at 0x00000203286C71A0>
          │    │   │      └ <bound method RequestResponseCycle.receive of <uvicorn.protocols.http.httptools_impl.RequestResponseCycle object at 0x0000020...
          │    │   └ {'type': 'http', 'asgi': {'version': '3.0', 'spec_version': '2.3'}, 'http_version': '1.1', 'server': ('127.0.0.1', 9900), 'cl...
          │    └ <starlette.middleware.base.BaseHTTPMiddleware object at 0x0000020328034AD0>
          └ <starlette.middleware.errors.ServerErrorMiddleware object at 0x0000020328054E90>
  File "D:\__lybix__\DEVTools\miniconda3\envs\fams\Lib\contextlib.py", line 222, in __aexit__
    await self.gen.athrow(typ, value, traceback)
          │    │   │      │    │      └ <traceback object at 0x000002032803BFC0>
          │    │   │      │    └ InternalError('(pymysql.err.InternalError) (1052, "Column \'task_id\' in where clause is ambiguous")')
          │    │   │      └ <class 'sqlalchemy.exc.InternalError'>
          │    │   └ <method 'athrow' of 'async_generator' objects>
          │    └ <async_generator object create_collapsing_task_group at 0x00000203288FD240>
          └ <contextlib._AsyncGeneratorContextManager object at 0x000002032890E250>
  File "D:\__lybix__\DEVTools\miniconda3\envs\fams\Lib\site-packages\starlette\_utils.py", line 93, in create_collapsing_task_group
    raise exc from exc.__cause__ or context
          │        │   │            └ None
          │        │   └ <attribute '__cause__' of 'BaseException' objects>
          │        └ InternalError('(pymysql.err.InternalError) (1052, "Column \'task_id\' in where clause is ambiguous")')
          └ InternalError('(pymysql.err.InternalError) (1052, "Column \'task_id\' in where clause is ambiguous")')
  File "D:\__lybix__\DEVTools\miniconda3\envs\fams\Lib\site-packages\starlette\_utils.py", line 86, in create_collapsing_task_group
    yield tg
          └ <anyio._backends._asyncio.TaskGroup object at 0x000002032890E690>
  File "D:\__lybix__\DEVTools\miniconda3\envs\fams\Lib\site-packages\starlette\middleware\base.py", line 193, in __call__
    response = await self.dispatch_func(request, call_next)
                     │    │             │        └ <function BaseHTTPMiddleware.__call__.<locals>.call_next at 0x00000203286C6E80>
                     │    │             └ <starlette.middleware.base._CachedRequest object at 0x0000020328677750>
                     │    └ <function log_requests at 0x00000203285A6FC0>
                     └ <starlette.middleware.base.BaseHTTPMiddleware object at 0x0000020328034AD0>

  File "D:\__lybix__\_Codes\FAMS-NEPU\platform\server\services\svr_gateway\main.py", line 42, in log_requests
    response = await call_next(request)
                     │         └ <starlette.middleware.base._CachedRequest object at 0x0000020328677750>
                     └ <function BaseHTTPMiddleware.__call__.<locals>.call_next at 0x00000203286C6E80>

  File "D:\__lybix__\DEVTools\miniconda3\envs\fams\Lib\site-packages\starlette\middleware\base.py", line 168, in call_next
    raise app_exc from app_exc.__cause__ or app_exc.__context__
          │            │       │            │       └ <attribute '__context__' of 'BaseException' objects>
          │            │       │            └ InternalError('(pymysql.err.InternalError) (1052, "Column \'task_id\' in where clause is ambiguous")')
          │            │       └ <attribute '__cause__' of 'BaseException' objects>
          │            └ InternalError('(pymysql.err.InternalError) (1052, "Column \'task_id\' in where clause is ambiguous")')
          └ InternalError('(pymysql.err.InternalError) (1052, "Column \'task_id\' in where clause is ambiguous")')
  File "D:\__lybix__\DEVTools\miniconda3\envs\fams\Lib\site-packages\starlette\middleware\base.py", line 144, in coro
    await self.app(scope, receive_or_disconnect, send_no_error)
          │    │   │      │                      └ <function BaseHTTPMiddleware.__call__.<locals>.call_next.<locals>.send_no_error at 0x00000203285A6700>
          │    │   │      └ <function BaseHTTPMiddleware.__call__.<locals>.call_next.<locals>.receive_or_disconnect at 0x00000203286C7240>
          │    │   └ {'type': 'http', 'asgi': {'version': '3.0', 'spec_version': '2.3'}, 'http_version': '1.1', 'server': ('127.0.0.1', 9900), 'cl...
          │    └ <starlette.middleware.cors.CORSMiddleware object at 0x0000020328060650>
          └ <starlette.middleware.base.BaseHTTPMiddleware object at 0x0000020328034AD0>
  File "D:\__lybix__\DEVTools\miniconda3\envs\fams\Lib\site-packages\starlette\middleware\cors.py", line 88, in __call__
    await self.app(scope, receive, send)
          │    │   │      │        └ <function BaseHTTPMiddleware.__call__.<locals>.call_next.<locals>.send_no_error at 0x00000203285A6700>
          │    │   │      └ <function BaseHTTPMiddleware.__call__.<locals>.call_next.<locals>.receive_or_disconnect at 0x00000203286C7240>
          │    │   └ {'type': 'http', 'asgi': {'version': '3.0', 'spec_version': '2.3'}, 'http_version': '1.1', 'server': ('127.0.0.1', 9900), 'cl...
          │    └ <starlette.middleware.exceptions.ExceptionMiddleware object at 0x0000020328490BD0>
          └ <starlette.middleware.cors.CORSMiddleware object at 0x0000020328060650>
  File "D:\__lybix__\DEVTools\miniconda3\envs\fams\Lib\site-packages\starlette\middleware\exceptions.py", line 63, in __call__
    await wrap_app_handling_exceptions(self.app, conn)(scope, receive, send)
          │                            │    │    │     │      │        └ <function BaseHTTPMiddleware.__call__.<locals>.call_next.<locals>.send_no_error at 0x00000203285A6700>
          │                            │    │    │     │      └ <function BaseHTTPMiddleware.__call__.<locals>.call_next.<locals>.receive_or_disconnect at 0x00000203286C7240>
          │                            │    │    │     └ {'type': 'http', 'asgi': {'version': '3.0', 'spec_version': '2.3'}, 'http_version': '1.1', 'server': ('127.0.0.1', 9900), 'cl...
          │                            │    │    └ <starlette.requests.Request object at 0x0000020328928A90>
          │                            │    └ <fastapi.middleware.asyncexitstack.AsyncExitStackMiddleware object at 0x00000203284F3690>
          │                            └ <starlette.middleware.exceptions.ExceptionMiddleware object at 0x0000020328490BD0>
          └ <function wrap_app_handling_exceptions at 0x000002032655F100>
  File "D:\__lybix__\DEVTools\miniconda3\envs\fams\Lib\site-packages\starlette\_exception_handler.py", line 53, in wrapped_app
    raise exc
  File "D:\__lybix__\DEVTools\miniconda3\envs\fams\Lib\site-packages\starlette\_exception_handler.py", line 42, in wrapped_app
    await app(scope, receive, sender)
          │   │      │        └ <function wrap_app_handling_exceptions.<locals>.wrapped_app.<locals>.sender at 0x00000203286507C0>
          │   │      └ <function BaseHTTPMiddleware.__call__.<locals>.call_next.<locals>.receive_or_disconnect at 0x00000203286C7240>
          │   └ {'type': 'http', 'asgi': {'version': '3.0', 'spec_version': '2.3'}, 'http_version': '1.1', 'server': ('127.0.0.1', 9900), 'cl...
          └ <fastapi.middleware.asyncexitstack.AsyncExitStackMiddleware object at 0x00000203284F3690>
  File "D:\__lybix__\DEVTools\miniconda3\envs\fams\Lib\site-packages\fastapi\middleware\asyncexitstack.py", line 18, in __call__
    await self.app(scope, receive, send)
          │    │   │      │        └ <function wrap_app_handling_exceptions.<locals>.wrapped_app.<locals>.sender at 0x00000203286507C0>
          │    │   │      └ <function BaseHTTPMiddleware.__call__.<locals>.call_next.<locals>.receive_or_disconnect at 0x00000203286C7240>
          │    │   └ {'type': 'http', 'asgi': {'version': '3.0', 'spec_version': '2.3'}, 'http_version': '1.1', 'server': ('127.0.0.1', 9900), 'cl...
          │    └ <fastapi.routing.APIRouter object at 0x00000203285ABF10>
          └ <fastapi.middleware.asyncexitstack.AsyncExitStackMiddleware object at 0x00000203284F3690>
  File "D:\__lybix__\DEVTools\miniconda3\envs\fams\Lib\site-packages\starlette\routing.py", line 660, in __call__
    await self.middleware_stack(scope, receive, send)
          │    │                │      │        └ <function wrap_app_handling_exceptions.<locals>.wrapped_app.<locals>.sender at 0x00000203286507C0>
          │    │                │      └ <function BaseHTTPMiddleware.__call__.<locals>.call_next.<locals>.receive_or_disconnect at 0x00000203286C7240>
          │    │                └ {'type': 'http', 'asgi': {'version': '3.0', 'spec_version': '2.3'}, 'http_version': '1.1', 'server': ('127.0.0.1', 9900), 'cl...
          │    └ <bound method APIRouter.app of <fastapi.routing.APIRouter object at 0x00000203285ABF10>>
          └ <fastapi.routing.APIRouter object at 0x00000203285ABF10>
  File "D:\__lybix__\DEVTools\miniconda3\envs\fams\Lib\site-packages\fastapi\routing.py", line 2683, in app
    await route.handle(scope, receive, send)
          │     │      │      │        └ <function wrap_app_handling_exceptions.<locals>.wrapped_app.<locals>.sender at 0x00000203286507C0>
          │     │      │      └ <function BaseHTTPMiddleware.__call__.<locals>.call_next.<locals>.receive_or_disconnect at 0x00000203286C7240>
          │     │      └ {'type': 'http', 'asgi': {'version': '3.0', 'spec_version': '2.3'}, 'http_version': '1.1', 'server': ('127.0.0.1', 9900), 'cl...
          │     └ <function _IncludedRouter.handle at 0x00000203265A1BC0>
          └ _IncludedRouter(original_router=<fastapi.routing.APIRouter object at 0x0000020326863150>, include_context=_RouterIncludeConte...
  File "D:\__lybix__\DEVTools\miniconda3\envs\fams\Lib\site-packages\fastapi\routing.py", line 1753, in handle
    await self.original_router.handle(scope, receive, send)
          │    │               │      │      │        └ <function wrap_app_handling_exceptions.<locals>.wrapped_app.<locals>.sender at 0x00000203286507C0>
          │    │               │      │      └ <function BaseHTTPMiddleware.__call__.<locals>.call_next.<locals>.receive_or_disconnect at 0x00000203286C7240>
          │    │               │      └ {'type': 'http', 'asgi': {'version': '3.0', 'spec_version': '2.3'}, 'http_version': '1.1', 'server': ('127.0.0.1', 9900), 'cl...
          │    │               └ <function APIRouter.handle at 0x00000203265A3BA0>
          │    └ <fastapi.routing.APIRouter object at 0x0000020326863150>
          └ _IncludedRouter(original_router=<fastapi.routing.APIRouter object at 0x0000020326863150>, include_context=_RouterIncludeConte...
  File "D:\__lybix__\DEVTools\miniconda3\envs\fams\Lib\site-packages\fastapi\routing.py", line 2738, in handle
    await included_router._handle_selected(scope, receive, send)
          │               │                │      │        └ <function wrap_app_handling_exceptions.<locals>.wrapped_app.<locals>.sender at 0x00000203286507C0>
          │               │                │      └ <function BaseHTTPMiddleware.__call__.<locals>.call_next.<locals>.receive_or_disconnect at 0x00000203286C7240>
          │               │                └ {'type': 'http', 'asgi': {'version': '3.0', 'spec_version': '2.3'}, 'http_version': '1.1', 'server': ('127.0.0.1', 9900), 'cl...
          │               └ <function _IncludedRouter._handle_selected at 0x00000203265A1C60>
          └ _IncludedRouter(original_router=<fastapi.routing.APIRouter object at 0x0000020326863150>, include_context=_RouterIncludeConte...
  File "D:\__lybix__\DEVTools\miniconda3\envs\fams\Lib\site-packages\fastapi\routing.py", line 1773, in _handle_selected
    await original_route.handle(scope, receive, send)
          │              │      │      │        └ <function wrap_app_handling_exceptions.<locals>.wrapped_app.<locals>.sender at 0x00000203286507C0>
          │              │      │      └ <function BaseHTTPMiddleware.__call__.<locals>.call_next.<locals>.receive_or_disconnect at 0x00000203286C7240>
          │              │      └ {'type': 'http', 'asgi': {'version': '3.0', 'spec_version': '2.3'}, 'http_version': '1.1', 'server': ('127.0.0.1', 9900), 'cl...
          │              └ <function APIRoute.handle at 0x000002032658FCE0>
          └ APIRoute(path='/api/check/diff/{task_id}', name='get_diff_report', methods=['GET'])
  File "D:\__lybix__\DEVTools\miniconda3\envs\fams\Lib\site-packages\fastapi\routing.py", line 1264, in handle
    await app(scope, receive, send)
          │   │      │        └ <function wrap_app_handling_exceptions.<locals>.wrapped_app.<locals>.sender at 0x00000203286507C0>
          │   │      └ <function BaseHTTPMiddleware.__call__.<locals>.call_next.<locals>.receive_or_disconnect at 0x00000203286C7240>
          │   └ {'type': 'http', 'asgi': {'version': '3.0', 'spec_version': '2.3'}, 'http_version': '1.1', 'server': ('127.0.0.1', 9900), 'cl...
          └ <function request_response.<locals>.app at 0x00000203286519E0>
  File "D:\__lybix__\DEVTools\miniconda3\envs\fams\Lib\site-packages\fastapi\routing.py", line 150, in app
    await wrap_app_handling_exceptions(app, request)(scope, receive, send)
          │                            │    │        │      │        └ <function wrap_app_handling_exceptions.<locals>.wrapped_app.<locals>.sender at 0x00000203286507C0>
          │                            │    │        │      └ <function BaseHTTPMiddleware.__call__.<locals>.call_next.<locals>.receive_or_disconnect at 0x00000203286C7240>
          │                            │    │        └ {'type': 'http', 'asgi': {'version': '3.0', 'spec_version': '2.3'}, 'http_version': '1.1', 'server': ('127.0.0.1', 9900), 'cl...
          │                            │    └ <starlette.requests.Request object at 0x0000020328928290>
          │                            └ <function request_response.<locals>.app.<locals>.app at 0x0000020328651BC0>
          └ <function wrap_app_handling_exceptions at 0x000002032655F100>
  File "D:\__lybix__\DEVTools\miniconda3\envs\fams\Lib\site-packages\starlette\_exception_handler.py", line 53, in wrapped_app
    raise exc
  File "D:\__lybix__\DEVTools\miniconda3\envs\fams\Lib\site-packages\starlette\_exception_handler.py", line 42, in wrapped_app
    await app(scope, receive, sender)
          │   │      │        └ <function wrap_app_handling_exceptions.<locals>.wrapped_app.<locals>.sender at 0x0000020328650AE0>
          │   │      └ <function BaseHTTPMiddleware.__call__.<locals>.call_next.<locals>.receive_or_disconnect at 0x00000203286C7240>
          │   └ {'type': 'http', 'asgi': {'version': '3.0', 'spec_version': '2.3'}, 'http_version': '1.1', 'server': ('127.0.0.1', 9900), 'cl...
          └ <function request_response.<locals>.app.<locals>.app at 0x0000020328651BC0>
  File "D:\__lybix__\DEVTools\miniconda3\envs\fams\Lib\site-packages\fastapi\routing.py", line 136, in app
    response = await f(request)
                     │ └ <starlette.requests.Request object at 0x0000020328928290>
                     └ <function get_request_handler.<locals>.app at 0x0000020328650540>
  File "D:\__lybix__\DEVTools\miniconda3\envs\fams\Lib\site-packages\fastapi\routing.py", line 690, in app
    raw_response = await run_endpoint_function(
                         └ <function run_endpoint_function at 0x000002032658EF20>
  File "D:\__lybix__\DEVTools\miniconda3\envs\fams\Lib\site-packages\fastapi\routing.py", line 344, in run_endpoint_function
    return await dependant.call(**values)
                 │         │      └ {'_auth': {'user_id': 1, 'username': 'admin', 'dept_id': 1, 'role_keys': ['admin'], 'exp': 1783956875, 'iat': 1783870475}, 'c...
                 │         └ <function get_diff_report at 0x00000203285316C0>
                 └ Dependant(path_params=[ModelField(field_info=Path(PydanticUndefined), name='task_id', mode='validation', config=None)], query...

  File "D:\__lybix__\_Codes\FAMS-NEPU\platform\server\services\svr_gateway\routes.py", line 956, in get_diff_report
    report = logic.get_diff_report(task_id)
             │     │               └ 8
             │     └ <function CheckLogic.get_diff_report at 0x000002032831C220>
             └ <data.logic.check_logic.CheckLogic object at 0x0000020328929350>

  File "D:\__lybix__\_Codes\FAMS-NEPU\platform\server\data\logic\check_logic.py", line 353, in get_diff_report
    report = self.report_dao.get_by_task(task_id)
             │    │          │           └ 8
             │    │          └ <function CheckDiffReportDAO.get_by_task at 0x00000203282DF9C0>
             │    └ <data.basic.check_dao.CheckDiffReportDAO object at 0x0000020328929190>
             └ <data.logic.check_logic.CheckLogic object at 0x0000020328929350>

  File "D:\__lybix__\_Codes\FAMS-NEPU\platform\server\data\basic\check_dao.py", line 264, in get_by_task
    return self._execute_one(sql, {"task_id": task_id})
           │    │            │                └ 8
           │    │            └ 'SELECT diff.report_id, diff.task_id, t.status as status, diff.task_name, \n                        diff.total_items, diff.ma...
           │    └ <function BaseDAO._execute_one at 0x000002032685AAC0>
           └ <data.basic.check_dao.CheckDiffReportDAO object at 0x0000020328929190>

  File "D:\__lybix__\_Codes\FAMS-NEPU\platform\server\data\basic\base_dao.py", line 47, in _execute_one
    rows = self._execute(sql, params)
           │    │        │    └ {'task_id': 8}
           │    │        └ 'SELECT diff.report_id, diff.task_id, t.status as status, diff.task_name, \n                        diff.total_items, diff.ma...
           │    └ <function BaseDAO._execute at 0x0000020327EFCC20>
           └ <data.basic.check_dao.CheckDiffReportDAO object at 0x0000020328929190>

  File "D:\__lybix__\_Codes\FAMS-NEPU\platform\server\data\basic\base_dao.py", line 39, in _execute
    result = conn.execute(text(sql), params or {})
             │    │       │    │     └ {'task_id': 8}
             │    │       │    └ 'SELECT diff.report_id, diff.task_id, t.status as status, diff.task_name, \n                        diff.total_items, diff.ma...
             │    │       └ <function text at 0x0000020326E44040>
             │    └ <function Connection.execute at 0x0000020327E7AD40>
             └ <sqlalchemy.engine.base.Connection object at 0x000002032892A2D0>

  File "D:\__lybix__\DEVTools\miniconda3\envs\fams\Lib\site-packages\sqlalchemy\engine\base.py", line 1421, in execute
    return meth(
           └ <bound method ClauseElement._execute_on_connection of <sqlalchemy.sql.elements.TextClause object at 0x000002032892AC90>>
  File "D:\__lybix__\DEVTools\miniconda3\envs\fams\Lib\site-packages\sqlalchemy\sql\elements.py", line 526, in _execute_on_connection
    return connection._execute_clauseelement(
           │          └ <function Connection._execute_clauseelement at 0x0000020327E7B060>
           └ <sqlalchemy.engine.base.Connection object at 0x000002032892A2D0>
  File "D:\__lybix__\DEVTools\miniconda3\envs\fams\Lib\site-packages\sqlalchemy\engine\base.py", line 1643, in _execute_clauseelement
    ret = self._execute_context(
          │    └ <function Connection._execute_context at 0x0000020327E7B240>
          └ <sqlalchemy.engine.base.Connection object at 0x000002032892A2D0>
  File "D:\__lybix__\DEVTools\miniconda3\envs\fams\Lib\site-packages\sqlalchemy\engine\base.py", line 1848, in _execute_context
    return self._exec_single_context(
           │    └ <function Connection._exec_single_context at 0x0000020327E7B2E0>
           └ <sqlalchemy.engine.base.Connection object at 0x000002032892A2D0>
  File "D:\__lybix__\DEVTools\miniconda3\envs\fams\Lib\site-packages\sqlalchemy\engine\base.py", line 1988, in _exec_single_context
    self._handle_dbapi_exception(
    │    └ <function Connection._handle_dbapi_exception at 0x0000020327E7B560>
    └ <sqlalchemy.engine.base.Connection object at 0x000002032892A2D0>
  File "D:\__lybix__\DEVTools\miniconda3\envs\fams\Lib\site-packages\sqlalchemy\engine\base.py", line 2365, in _handle_dbapi_exception
    raise sqlalchemy_exception.with_traceback(exc_info[2]) from e
          │                    │              │                 └ InternalError(1052, "Column 'task_id' in where clause is ambiguous")
          │                    │              └ (<class 'pymysql.err.InternalError'>, InternalError(1052, "Column 'task_id' in where clause is ambiguous"), <traceback object...
          │                    └ <method 'with_traceback' of 'BaseException' objects>
          └ InternalError('(pymysql.err.InternalError) (1052, "Column \'task_id\' in where clause is ambiguous")')
  File "D:\__lybix__\DEVTools\miniconda3\envs\fams\Lib\site-packages\sqlalchemy\engine\base.py", line 1969, in _exec_single_context
    self.dialect.do_execute(
    │    │       └ <function DefaultDialect.do_execute at 0x0000020327F26E80>
    │    └ <sqlalchemy.dialects.mysql.pymysql.MySQLDialect_pymysql object at 0x000002032892ACD0>
    └ <sqlalchemy.engine.base.Connection object at 0x000002032892A2D0>
  File "D:\__lybix__\DEVTools\miniconda3\envs\fams\Lib\site-packages\sqlalchemy\engine\default.py", line 952, in do_execute
    cursor.execute(statement, parameters)
    │      │       │          └ {'task_id': 8}
    │      │       └ 'SELECT diff.report_id, diff.task_id, t.status as status, diff.task_name, \n                        diff.total_items, diff.ma...
    │      └ <function Cursor.execute at 0x00000203288D1940>
    └ <pymysql.cursors.Cursor object at 0x000002032892BB50>
  File "D:\__lybix__\DEVTools\miniconda3\envs\fams\Lib\site-packages\pymysql\cursors.py", line 170, in execute
    result = self._query(query)
             │    │      └ 'SELECT diff.report_id, diff.task_id, t.status as status, diff.task_name, \n                        diff.total_items, diff.ma...
             │    └ <function Cursor._query at 0x00000203288D1E40>
             └ <pymysql.cursors.Cursor object at 0x000002032892BB50>
  File "D:\__lybix__\DEVTools\miniconda3\envs\fams\Lib\site-packages\pymysql\cursors.py", line 328, in _query
    conn.query(q)
    │    │     └ 'SELECT diff.report_id, diff.task_id, t.status as status, diff.task_name, \n                        diff.total_items, diff.ma...
    │    └ <function Connection.query at 0x00000203288F1A80>
    └ <pymysql.connections.Connection object at 0x000002032892B2D0>
  File "D:\__lybix__\DEVTools\miniconda3\envs\fams\Lib\site-packages\pymysql\connections.py", line 517, in query
    self._affected_rows = self._read_query_result(unbuffered=unbuffered)
    │    │                │    │                             └ False
    │    │                │    └ <function Connection._read_query_result at 0x00000203288F2160>
    │    │                └ <pymysql.connections.Connection object at 0x000002032892B2D0>
    │    └ 1
    └ <pymysql.connections.Connection object at 0x000002032892B2D0>
  File "D:\__lybix__\DEVTools\miniconda3\envs\fams\Lib\site-packages\pymysql\connections.py", line 732, in _read_query_result
    result.read()
    │      └ <function MySQLResult.read at 0x00000203288F2A20>
    └ <pymysql.connections.MySQLResult object at 0x000002032892BB90>
  File "D:\__lybix__\DEVTools\miniconda3\envs\fams\Lib\site-packages\pymysql\connections.py", line 1075, in read
    first_packet = self.connection._read_packet()
                   │    └ None
                   └ <pymysql.connections.MySQLResult object at 0x000002032892BB90>
  File "D:\__lybix__\DEVTools\miniconda3\envs\fams\Lib\site-packages\pymysql\connections.py", line 684, in _read_packet
    packet.check_error()
    │      └ <function MysqlPacket.check_error at 0x00000203288D3F60>
    └ <pymysql.protocol.MysqlPacket object at 0x000002032891CAC0>
  File "D:\__lybix__\DEVTools\miniconda3\envs\fams\Lib\site-packages\pymysql\protocol.py", line 220, in check_error
    err.raise_mysql_exception(self._data)
    │   │                     │    └ <member '_data' of 'MysqlPacket' objects>
    │   │                     └ <pymysql.protocol.MysqlPacket object at 0x000002032891CAC0>
    │   └ <function raise_mysql_exception at 0x000002032887B1A0>
    └ <module 'pymysql.err' from 'D:\\__lybix__\\DEVTools\\miniconda3\\envs\\fams\\Lib\\site-packages\\pymysql\\err.py'>
  File "D:\__lybix__\DEVTools\miniconda3\envs\fams\Lib\site-packages\pymysql\err.py", line 109, in raise_mysql_exception
    raise errorclass(errno, errval)
          │          │      └ "Column 'task_id' in where clause is ambiguous"
          │          └ 1052
          └ <class 'pymysql.err.InternalError'>

sqlalchemy.exc.InternalError: (pymysql.err.InternalError) (1052, "Column 'task_id' in where clause is ambiguous")
[SQL: SELECT diff.report_id, diff.task_id, t.status as status, diff.task_name, 
                        diff.total_items, diff.matched_items, diff.surplus_items, diff.shortage_items,
                        diff.mismatch_items, diff.llm_analysis, diff.create_time
                 FROM check_diff_report diff
                 LEFT JOIN check_task t ON t.task_id = check_diff_report.task_id
                 WHERE task_id = %(task_id)s]
[parameters: {'task_id': 8}]
(Background on this error at: https://sqlalche.me/e/20/2j85)

Traceback (most recent call last):

  File "D:\__lybix__\DEVTools\miniconda3\envs\fams\Lib\site-packages\sqlalchemy\engine\base.py", line 1969, in _exec_single_context
    self.dialect.do_execute(
    │    │       └ <function DefaultDialect.do_execute at 0x0000020327F26E80>
    │    └ <sqlalchemy.dialects.mysql.pymysql.MySQLDialect_pymysql object at 0x000002032892ACD0>
    └ <sqlalchemy.engine.base.Connection object at 0x000002032892A2D0>
  File "D:\__lybix__\DEVTools\miniconda3\envs\fams\Lib\site-packages\sqlalchemy\engine\default.py", line 952, in do_execute
    cursor.execute(statement, parameters)
    │      │       │          └ {'task_id': 8}
    │      │       └ 'SELECT diff.report_id, diff.task_id, t.status as status, diff.task_name, \n                        diff.total_items, diff.ma...
    │      └ <function Cursor.execute at 0x00000203288D1940>
    └ <pymysql.cursors.Cursor object at 0x000002032892BB50>
  File "D:\__lybix__\DEVTools\miniconda3\envs\fams\Lib\site-packages\pymysql\cursors.py", line 170, in execute
    result = self._query(query)
             │    │      └ 'SELECT diff.report_id, diff.task_id, t.status as status, diff.task_name, \n                        diff.total_items, diff.ma...
             │    └ <function Cursor._query at 0x00000203288D1E40>
             └ <pymysql.cursors.Cursor object at 0x000002032892BB50>
  File "D:\__lybix__\DEVTools\miniconda3\envs\fams\Lib\site-packages\pymysql\cursors.py", line 328, in _query
    conn.query(q)
    │    │     └ 'SELECT diff.report_id, diff.task_id, t.status as status, diff.task_name, \n                        diff.total_items, diff.ma...
    │    └ <function Connection.query at 0x00000203288F1A80>
    └ <pymysql.connections.Connection object at 0x000002032892B2D0>
  File "D:\__lybix__\DEVTools\miniconda3\envs\fams\Lib\site-packages\pymysql\connections.py", line 517, in query
    self._affected_rows = self._read_query_result(unbuffered=unbuffered)
    │    │                │    │                             └ False
    │    │                │    └ <function Connection._read_query_result at 0x00000203288F2160>
    │    │                └ <pymysql.connections.Connection object at 0x000002032892B2D0>
    │    └ 1
    └ <pymysql.connections.Connection object at 0x000002032892B2D0>
  File "D:\__lybix__\DEVTools\miniconda3\envs\fams\Lib\site-packages\pymysql\connections.py", line 732, in _read_query_result
    result.read()
    │      └ <function MySQLResult.read at 0x00000203288F2A20>
    └ <pymysql.connections.MySQLResult object at 0x000002032892BB90>
  File "D:\__lybix__\DEVTools\miniconda3\envs\fams\Lib\site-packages\pymysql\connections.py", line 1075, in read
    first_packet = self.connection._read_packet()
                   │    └ None
                   └ <pymysql.connections.MySQLResult object at 0x000002032892BB90>
  File "D:\__lybix__\DEVTools\miniconda3\envs\fams\Lib\site-packages\pymysql\connections.py", line 684, in _read_packet
    packet.check_error()
    │      └ <function MysqlPacket.check_error at 0x00000203288D3F60>
    └ <pymysql.protocol.MysqlPacket object at 0x000002032891CAC0>
  File "D:\__lybix__\DEVTools\miniconda3\envs\fams\Lib\site-packages\pymysql\protocol.py", line 220, in check_error
    err.raise_mysql_exception(self._data)
    │   │                     │    └ <member '_data' of 'MysqlPacket' objects>
    │   │                     └ <pymysql.protocol.MysqlPacket object at 0x000002032891CAC0>
    │   └ <function raise_mysql_exception at 0x000002032887B1A0>
    └ <module 'pymysql.err' from 'D:\\__lybix__\\DEVTools\\miniconda3\\envs\\fams\\Lib\\site-packages\\pymysql\\err.py'>
  File "D:\__lybix__\DEVTools\miniconda3\envs\fams\Lib\site-packages\pymysql\err.py", line 109, in raise_mysql_exception
    raise errorclass(errno, errval)
          │          │      └ "Column 'task_id' in where clause is ambiguous"
          │          └ 1052
          └ <class 'pymysql.err.InternalError'>

pymysql.err.InternalError: (1052, "Column 'task_id' in where clause is ambiguous")


The above exception was the direct cause of the following exception:


Traceback (most recent call last):

  File "D:\__lybix__\_Codes\FAMS-NEPU\platform\server\services\svr_gateway\main.py", line 64, in <module>
    uvicorn.run(app, host="0.0.0.0", port=gateway_config.HTTP_PORT)
    │       │   │                         │              └ 9900
    │       │   │                         └ <services.svr_gateway.config.GatewayConfig object at 0x0000020326669A50>
    │       │   └ <fastapi.applications.FastAPI object at 0x00000203285ABC50>
    │       └ <function run at 0x00000203253DFD80>
    └ <module 'uvicorn' from 'D:\\__lybix__\\DEVTools\\miniconda3\\envs\\fams\\Lib\\site-packages\\uvicorn\\__init__.py'>

  File "D:\__lybix__\DEVTools\miniconda3\envs\fams\Lib\site-packages\uvicorn\main.py", line 621, in run
    server.run()
    │      └ <function Server.run at 0x0000020325570860>
    └ <uvicorn.server.Server object at 0x00000203253DB1D0>
  File "D:\__lybix__\DEVTools\miniconda3\envs\fams\Lib\site-packages\uvicorn\server.py", line 74, in run
    return asyncio_run(self.serve(sockets=sockets), loop_factory=self.config.get_loop_factory())
           │           │    │             │                      │    │      └ <function Config.get_loop_factory at 0x00000203253DD1C0>
           │           │    │             │                      │    └ <uvicorn.config.Config object at 0x000002032837A3D0>
           │           │    │             │                      └ <uvicorn.server.Server object at 0x00000203253DB1D0>
           │           │    │             └ None
           │           │    └ <function Server.serve at 0x0000020325570900>
           │           └ <uvicorn.server.Server object at 0x00000203253DB1D0>
           └ <function asyncio_run at 0x0000020325367740>
  File "D:\__lybix__\DEVTools\miniconda3\envs\fams\Lib\site-packages\uvicorn\_compat.py", line 30, in asyncio_run
    return runner.run(main)
           │      │   └ <coroutine object Server.serve at 0x00000203285C07C0>
           │      └ <function Runner.run at 0x0000020324DC3560>
           └ <asyncio.runners.Runner object at 0x00000203285AD3D0>
  File "D:\__lybix__\DEVTools\miniconda3\envs\fams\Lib\asyncio\runners.py", line 118, in run
    return self._loop.run_until_complete(task)
           │    │     │                  └ <Task pending name='Task-1' coro=<Server.serve() running at D:\__lybix__\DEVTools\miniconda3\envs\fams\Lib\site-packages\uvic...
           │    │     └ <function BaseEventLoop.run_until_complete at 0x0000020324DC1120>
           │    └ <ProactorEventLoop running=True closed=False debug=False>
           └ <asyncio.runners.Runner object at 0x00000203285AD3D0>
  File "D:\__lybix__\DEVTools\miniconda3\envs\fams\Lib\asyncio\base_events.py", line 637, in run_until_complete
    self.run_forever()
    │    └ <function ProactorEventLoop.run_forever at 0x0000020324E98860>
    └ <ProactorEventLoop running=True closed=False debug=False>
  File "D:\__lybix__\DEVTools\miniconda3\envs\fams\Lib\asyncio\windows_events.py", line 321, in run_forever
    super().run_forever()
  File "D:\__lybix__\DEVTools\miniconda3\envs\fams\Lib\asyncio\base_events.py", line 604, in run_forever
    self._run_once()
    │    └ <function BaseEventLoop._run_once at 0x0000020324DC2E80>
    └ <ProactorEventLoop running=True closed=False debug=False>
  File "D:\__lybix__\DEVTools\miniconda3\envs\fams\Lib\asyncio\base_events.py", line 1909, in _run_once
    handle._run()
    │      └ <function Handle._run at 0x0000020324D053A0>
    └ <Handle Task.task_wakeup(<Future finished result=None>)>
  File "D:\__lybix__\DEVTools\miniconda3\envs\fams\Lib\asyncio\events.py", line 80, in _run
    self._context.run(self._callback, *self._args)
    │    │            │    │           │    └ <member '_args' of 'Handle' objects>
    │    │            │    │           └ <Handle Task.task_wakeup(<Future finished result=None>)>
    │    │            │    └ <member '_callback' of 'Handle' objects>
    │    │            └ <Handle Task.task_wakeup(<Future finished result=None>)>
    │    └ <member '_context' of 'Handle' objects>
    └ <Handle Task.task_wakeup(<Future finished result=None>)>
  File "D:\__lybix__\DEVTools\miniconda3\envs\fams\Lib\site-packages\uvicorn\protocols\http\httptools_impl.py", line 422, in run_asgi
    result = await app(  # type: ignore[func-returns-value]
                   └ <uvicorn.middleware.proxy_headers.ProxyHeadersMiddleware object at 0x00000203285B70D0>
  File "D:\__lybix__\DEVTools\miniconda3\envs\fams\Lib\site-packages\uvicorn\middleware\proxy_headers.py", line 63, in __call__
    return await self.app(scope, receive, send)
                 │    │   │      │        └ <bound method RequestResponseCycle.send of <uvicorn.protocols.http.httptools_impl.RequestResponseCycle object at 0x0000020328...
                 │    │   │      └ <bound method RequestResponseCycle.receive of <uvicorn.protocols.http.httptools_impl.RequestResponseCycle object at 0x0000020...
                 │    │   └ {'type': 'http', 'asgi': {'version': '3.0', 'spec_version': '2.3'}, 'http_version': '1.1', 'server': ('127.0.0.1', 9900), 'cl...
                 │    └ <fastapi.applications.FastAPI object at 0x00000203285ABC50>
                 └ <uvicorn.middleware.proxy_headers.ProxyHeadersMiddleware object at 0x00000203285B70D0>
  File "D:\__lybix__\DEVTools\miniconda3\envs\fams\Lib\site-packages\fastapi\applications.py", line 1163, in __call__
    await super().__call__(scope, receive, send)
                           │      │        └ <bound method RequestResponseCycle.send of <uvicorn.protocols.http.httptools_impl.RequestResponseCycle object at 0x0000020328...
                           │      └ <bound method RequestResponseCycle.receive of <uvicorn.protocols.http.httptools_impl.RequestResponseCycle object at 0x0000020...
                           └ {'type': 'http', 'asgi': {'version': '3.0', 'spec_version': '2.3'}, 'http_version': '1.1', 'server': ('127.0.0.1', 9900), 'cl...
  File "D:\__lybix__\DEVTools\miniconda3\envs\fams\Lib\site-packages\starlette\applications.py", line 90, in __call__
    await self.middleware_stack(scope, receive, send)
          │    │                │      │        └ <bound method RequestResponseCycle.send of <uvicorn.protocols.http.httptools_impl.RequestResponseCycle object at 0x0000020328...
          │    │                │      └ <bound method RequestResponseCycle.receive of <uvicorn.protocols.http.httptools_impl.RequestResponseCycle object at 0x0000020...
          │    │                └ {'type': 'http', 'asgi': {'version': '3.0', 'spec_version': '2.3'}, 'http_version': '1.1', 'server': ('127.0.0.1', 9900), 'cl...
          │    └ <starlette.middleware.errors.ServerErrorMiddleware object at 0x0000020328054E90>
          └ <fastapi.applications.FastAPI object at 0x00000203285ABC50>
> File "D:\__lybix__\DEVTools\miniconda3\envs\fams\Lib\site-packages\starlette\middleware\errors.py", line 164, in __call__
    await self.app(scope, receive, _send)
          │    │   │      │        └ <function ServerErrorMiddleware.__call__.<locals>._send at 0x00000203286C71A0>
          │    │   │      └ <bound method RequestResponseCycle.receive of <uvicorn.protocols.http.httptools_impl.RequestResponseCycle object at 0x0000020...
          │    │   └ {'type': 'http', 'asgi': {'version': '3.0', 'spec_version': '2.3'}, 'http_version': '1.1', 'server': ('127.0.0.1', 9900), 'cl...
          │    └ <starlette.middleware.base.BaseHTTPMiddleware object at 0x0000020328034AD0>
          └ <starlette.middleware.errors.ServerErrorMiddleware object at 0x0000020328054E90>
  File "D:\__lybix__\DEVTools\miniconda3\envs\fams\Lib\contextlib.py", line 222, in __aexit__
    await self.gen.athrow(typ, value, traceback)
          │    │   │      │    │      └ <traceback object at 0x000002032803BFC0>
          │    │   │      │    └ InternalError('(pymysql.err.InternalError) (1052, "Column \'task_id\' in where clause is ambiguous")')
          │    │   │      └ <class 'sqlalchemy.exc.InternalError'>
          │    │   └ <method 'athrow' of 'async_generator' objects>
          │    └ <async_generator object create_collapsing_task_group at 0x00000203288FD240>
          └ <contextlib._AsyncGeneratorContextManager object at 0x000002032890E250>
  File "D:\__lybix__\DEVTools\miniconda3\envs\fams\Lib\site-packages\starlette\_utils.py", line 93, in create_collapsing_task_group
    raise exc from exc.__cause__ or context
          │        │   │            └ None
          │        │   └ <attribute '__cause__' of 'BaseException' objects>
          │        └ InternalError('(pymysql.err.InternalError) (1052, "Column \'task_id\' in where clause is ambiguous")')
          └ InternalError('(pymysql.err.InternalError) (1052, "Column \'task_id\' in where clause is ambiguous")')
  File "D:\__lybix__\DEVTools\miniconda3\envs\fams\Lib\site-packages\starlette\_utils.py", line 86, in create_collapsing_task_group
    yield tg
          └ <anyio._backends._asyncio.TaskGroup object at 0x000002032890E690>
  File "D:\__lybix__\DEVTools\miniconda3\envs\fams\Lib\site-packages\starlette\middleware\base.py", line 193, in __call__
    response = await self.dispatch_func(request, call_next)
                     │    │             │        └ <function BaseHTTPMiddleware.__call__.<locals>.call_next at 0x00000203286C6E80>
                     │    │             └ <starlette.middleware.base._CachedRequest object at 0x0000020328677750>
                     │    └ <function log_requests at 0x00000203285A6FC0>
                     └ <starlette.middleware.base.BaseHTTPMiddleware object at 0x0000020328034AD0>

  File "D:\__lybix__\_Codes\FAMS-NEPU\platform\server\services\svr_gateway\main.py", line 42, in log_requests
    response = await call_next(request)
                     │         └ <starlette.middleware.base._CachedRequest object at 0x0000020328677750>
                     └ <function BaseHTTPMiddleware.__call__.<locals>.call_next at 0x00000203286C6E80>

  File "D:\__lybix__\DEVTools\miniconda3\envs\fams\Lib\site-packages\starlette\middleware\base.py", line 168, in call_next
    raise app_exc from app_exc.__cause__ or app_exc.__context__
          │            │       │            │       └ <attribute '__context__' of 'BaseException' objects>
          │            │       │            └ InternalError('(pymysql.err.InternalError) (1052, "Column \'task_id\' in where clause is ambiguous")')
          │            │       └ <attribute '__cause__' of 'BaseException' objects>
          │            └ InternalError('(pymysql.err.InternalError) (1052, "Column \'task_id\' in where clause is ambiguous")')
          └ InternalError('(pymysql.err.InternalError) (1052, "Column \'task_id\' in where clause is ambiguous")')
  File "D:\__lybix__\DEVTools\miniconda3\envs\fams\Lib\site-packages\starlette\middleware\base.py", line 144, in coro
    await self.app(scope, receive_or_disconnect, send_no_error)
          │    │   │      │                      └ <function BaseHTTPMiddleware.__call__.<locals>.call_next.<locals>.send_no_error at 0x00000203285A6700>
          │    │   │      └ <function BaseHTTPMiddleware.__call__.<locals>.call_next.<locals>.receive_or_disconnect at 0x00000203286C7240>
          │    │   └ {'type': 'http', 'asgi': {'version': '3.0', 'spec_version': '2.3'}, 'http_version': '1.1', 'server': ('127.0.0.1', 9900), 'cl...
          │    └ <starlette.middleware.cors.CORSMiddleware object at 0x0000020328060650>
          └ <starlette.middleware.base.BaseHTTPMiddleware object at 0x0000020328034AD0>
  File "D:\__lybix__\DEVTools\miniconda3\envs\fams\Lib\site-packages\starlette\middleware\cors.py", line 88, in __call__
    await self.app(scope, receive, send)
          │    │   │      │        └ <function BaseHTTPMiddleware.__call__.<locals>.call_next.<locals>.send_no_error at 0x00000203285A6700>
          │    │   │      └ <function BaseHTTPMiddleware.__call__.<locals>.call_next.<locals>.receive_or_disconnect at 0x00000203286C7240>
          │    │   └ {'type': 'http', 'asgi': {'version': '3.0', 'spec_version': '2.3'}, 'http_version': '1.1', 'server': ('127.0.0.1', 9900), 'cl...
          │    └ <starlette.middleware.exceptions.ExceptionMiddleware object at 0x0000020328490BD0>
          └ <starlette.middleware.cors.CORSMiddleware object at 0x0000020328060650>
  File "D:\__lybix__\DEVTools\miniconda3\envs\fams\Lib\site-packages\starlette\middleware\exceptions.py", line 63, in __call__
    await wrap_app_handling_exceptions(self.app, conn)(scope, receive, send)
          │                            │    │    │     │      │        └ <function BaseHTTPMiddleware.__call__.<locals>.call_next.<locals>.send_no_error at 0x00000203285A6700>
          │                            │    │    │     │      └ <function BaseHTTPMiddleware.__call__.<locals>.call_next.<locals>.receive_or_disconnect at 0x00000203286C7240>
          │                            │    │    │     └ {'type': 'http', 'asgi': {'version': '3.0', 'spec_version': '2.3'}, 'http_version': '1.1', 'server': ('127.0.0.1', 9900), 'cl...
          │                            │    │    └ <starlette.requests.Request object at 0x0000020328928A90>
          │                            │    └ <fastapi.middleware.asyncexitstack.AsyncExitStackMiddleware object at 0x00000203284F3690>
          │                            └ <starlette.middleware.exceptions.ExceptionMiddleware object at 0x0000020328490BD0>
          └ <function wrap_app_handling_exceptions at 0x000002032655F100>
  File "D:\__lybix__\DEVTools\miniconda3\envs\fams\Lib\site-packages\starlette\_exception_handler.py", line 53, in wrapped_app
    raise exc
  File "D:\__lybix__\DEVTools\miniconda3\envs\fams\Lib\site-packages\starlette\_exception_handler.py", line 42, in wrapped_app
    await app(scope, receive, sender)
          │   │      │        └ <function wrap_app_handling_exceptions.<locals>.wrapped_app.<locals>.sender at 0x00000203286507C0>
          │   │      └ <function BaseHTTPMiddleware.__call__.<locals>.call_next.<locals>.receive_or_disconnect at 0x00000203286C7240>
          │   └ {'type': 'http', 'asgi': {'version': '3.0', 'spec_version': '2.3'}, 'http_version': '1.1', 'server': ('127.0.0.1', 9900), 'cl...
          └ <fastapi.middleware.asyncexitstack.AsyncExitStackMiddleware object at 0x00000203284F3690>
  File "D:\__lybix__\DEVTools\miniconda3\envs\fams\Lib\site-packages\fastapi\middleware\asyncexitstack.py", line 18, in __call__
    await self.app(scope, receive, send)
          │    │   │      │        └ <function wrap_app_handling_exceptions.<locals>.wrapped_app.<locals>.sender at 0x00000203286507C0>
          │    │   │      └ <function BaseHTTPMiddleware.__call__.<locals>.call_next.<locals>.receive_or_disconnect at 0x00000203286C7240>
          │    │   └ {'type': 'http', 'asgi': {'version': '3.0', 'spec_version': '2.3'}, 'http_version': '1.1', 'server': ('127.0.0.1', 9900), 'cl...
          │    └ <fastapi.routing.APIRouter object at 0x00000203285ABF10>
          └ <fastapi.middleware.asyncexitstack.AsyncExitStackMiddleware object at 0x00000203284F3690>
  File "D:\__lybix__\DEVTools\miniconda3\envs\fams\Lib\site-packages\starlette\routing.py", line 660, in __call__
    await self.middleware_stack(scope, receive, send)
          │    │                │      │        └ <function wrap_app_handling_exceptions.<locals>.wrapped_app.<locals>.sender at 0x00000203286507C0>
          │    │                │      └ <function BaseHTTPMiddleware.__call__.<locals>.call_next.<locals>.receive_or_disconnect at 0x00000203286C7240>
          │    │                └ {'type': 'http', 'asgi': {'version': '3.0', 'spec_version': '2.3'}, 'http_version': '1.1', 'server': ('127.0.0.1', 9900), 'cl...
          │    └ <bound method APIRouter.app of <fastapi.routing.APIRouter object at 0x00000203285ABF10>>
          └ <fastapi.routing.APIRouter object at 0x00000203285ABF10>
  File "D:\__lybix__\DEVTools\miniconda3\envs\fams\Lib\site-packages\fastapi\routing.py", line 2683, in app
    await route.handle(scope, receive, send)
          │     │      │      │        └ <function wrap_app_handling_exceptions.<locals>.wrapped_app.<locals>.sender at 0x00000203286507C0>
          │     │      │      └ <function BaseHTTPMiddleware.__call__.<locals>.call_next.<locals>.receive_or_disconnect at 0x00000203286C7240>
          │     │      └ {'type': 'http', 'asgi': {'version': '3.0', 'spec_version': '2.3'}, 'http_version': '1.1', 'server': ('127.0.0.1', 9900), 'cl...
          │     └ <function _IncludedRouter.handle at 0x00000203265A1BC0>
          └ _IncludedRouter(original_router=<fastapi.routing.APIRouter object at 0x0000020326863150>, include_context=_RouterIncludeConte...
  File "D:\__lybix__\DEVTools\miniconda3\envs\fams\Lib\site-packages\fastapi\routing.py", line 1753, in handle
    await self.original_router.handle(scope, receive, send)
          │    │               │      │      │        └ <function wrap_app_handling_exceptions.<locals>.wrapped_app.<locals>.sender at 0x00000203286507C0>
          │    │               │      │      └ <function BaseHTTPMiddleware.__call__.<locals>.call_next.<locals>.receive_or_disconnect at 0x00000203286C7240>
          │    │               │      └ {'type': 'http', 'asgi': {'version': '3.0', 'spec_version': '2.3'}, 'http_version': '1.1', 'server': ('127.0.0.1', 9900), 'cl...
          │    │               └ <function APIRouter.handle at 0x00000203265A3BA0>
          │    └ <fastapi.routing.APIRouter object at 0x0000020326863150>
          └ _IncludedRouter(original_router=<fastapi.routing.APIRouter object at 0x0000020326863150>, include_context=_RouterIncludeConte...
  File "D:\__lybix__\DEVTools\miniconda3\envs\fams\Lib\site-packages\fastapi\routing.py", line 2738, in handle
    await included_router._handle_selected(scope, receive, send)
          │               │                │      │        └ <function wrap_app_handling_exceptions.<locals>.wrapped_app.<locals>.sender at 0x00000203286507C0>
          │               │                │      └ <function BaseHTTPMiddleware.__call__.<locals>.call_next.<locals>.receive_or_disconnect at 0x00000203286C7240>
          │               │                └ {'type': 'http', 'asgi': {'version': '3.0', 'spec_version': '2.3'}, 'http_version': '1.1', 'server': ('127.0.0.1', 9900), 'cl...
          │               └ <function _IncludedRouter._handle_selected at 0x00000203265A1C60>
          └ _IncludedRouter(original_router=<fastapi.routing.APIRouter object at 0x0000020326863150>, include_context=_RouterIncludeConte...
  File "D:\__lybix__\DEVTools\miniconda3\envs\fams\Lib\site-packages\fastapi\routing.py", line 1773, in _handle_selected
    await original_route.handle(scope, receive, send)
          │              │      │      │        └ <function wrap_app_handling_exceptions.<locals>.wrapped_app.<locals>.sender at 0x00000203286507C0>
          │              │      │      └ <function BaseHTTPMiddleware.__call__.<locals>.call_next.<locals>.receive_or_disconnect at 0x00000203286C7240>
          │              │      └ {'type': 'http', 'asgi': {'version': '3.0', 'spec_version': '2.3'}, 'http_version': '1.1', 'server': ('127.0.0.1', 9900), 'cl...
          │              └ <function APIRoute.handle at 0x000002032658FCE0>
          └ APIRoute(path='/api/check/diff/{task_id}', name='get_diff_report', methods=['GET'])
  File "D:\__lybix__\DEVTools\miniconda3\envs\fams\Lib\site-packages\fastapi\routing.py", line 1264, in handle
    await app(scope, receive, send)
          │   │      │        └ <function wrap_app_handling_exceptions.<locals>.wrapped_app.<locals>.sender at 0x00000203286507C0>
          │   │      └ <function BaseHTTPMiddleware.__call__.<locals>.call_next.<locals>.receive_or_disconnect at 0x00000203286C7240>
          │   └ {'type': 'http', 'asgi': {'version': '3.0', 'spec_version': '2.3'}, 'http_version': '1.1', 'server': ('127.0.0.1', 9900), 'cl...
          └ <function request_response.<locals>.app at 0x00000203286519E0>
  File "D:\__lybix__\DEVTools\miniconda3\envs\fams\Lib\site-packages\fastapi\routing.py", line 150, in app
    await wrap_app_handling_exceptions(app, request)(scope, receive, send)
          │                            │    │        │      │        └ <function wrap_app_handling_exceptions.<locals>.wrapped_app.<locals>.sender at 0x00000203286507C0>
          │                            │    │        │      └ <function BaseHTTPMiddleware.__call__.<locals>.call_next.<locals>.receive_or_disconnect at 0x00000203286C7240>
          │                            │    │        └ {'type': 'http', 'asgi': {'version': '3.0', 'spec_version': '2.3'}, 'http_version': '1.1', 'server': ('127.0.0.1', 9900), 'cl...
          │                            │    └ <starlette.requests.Request object at 0x0000020328928290>
          │                            └ <function request_response.<locals>.app.<locals>.app at 0x0000020328651BC0>
          └ <function wrap_app_handling_exceptions at 0x000002032655F100>
  File "D:\__lybix__\DEVTools\miniconda3\envs\fams\Lib\site-packages\starlette\_exception_handler.py", line 53, in wrapped_app
    raise exc
  File "D:\__lybix__\DEVTools\miniconda3\envs\fams\Lib\site-packages\starlette\_exception_handler.py", line 42, in wrapped_app
    await app(scope, receive, sender)
          │   │      │        └ <function wrap_app_handling_exceptions.<locals>.wrapped_app.<locals>.sender at 0x0000020328650AE0>
          │   │      └ <function BaseHTTPMiddleware.__call__.<locals>.call_next.<locals>.receive_or_disconnect at 0x00000203286C7240>
          │   └ {'type': 'http', 'asgi': {'version': '3.0', 'spec_version': '2.3'}, 'http_version': '1.1', 'server': ('127.0.0.1', 9900), 'cl...
          └ <function request_response.<locals>.app.<locals>.app at 0x0000020328651BC0>
  File "D:\__lybix__\DEVTools\miniconda3\envs\fams\Lib\site-packages\fastapi\routing.py", line 136, in app
    response = await f(request)
                     │ └ <starlette.requests.Request object at 0x0000020328928290>
                     └ <function get_request_handler.<locals>.app at 0x0000020328650540>
  File "D:\__lybix__\DEVTools\miniconda3\envs\fams\Lib\site-packages\fastapi\routing.py", line 690, in app
    raw_response = await run_endpoint_function(
                         └ <function run_endpoint_function at 0x000002032658EF20>
  File "D:\__lybix__\DEVTools\miniconda3\envs\fams\Lib\site-packages\fastapi\routing.py", line 344, in run_endpoint_function
    return await dependant.call(**values)
                 │         │      └ {'_auth': {'user_id': 1, 'username': 'admin', 'dept_id': 1, 'role_keys': ['admin'], 'exp': 1783956875, 'iat': 1783870475}, 'c...
                 │         └ <function get_diff_report at 0x00000203285316C0>
                 └ Dependant(path_params=[ModelField(field_info=Path(PydanticUndefined), name='task_id', mode='validation', config=None)], query...

  File "D:\__lybix__\_Codes\FAMS-NEPU\platform\server\services\svr_gateway\routes.py", line 956, in get_diff_report
    report = logic.get_diff_report(task_id)
             │     │               └ 8
             │     └ <function CheckLogic.get_diff_report at 0x000002032831C220>
             └ <data.logic.check_logic.CheckLogic object at 0x0000020328929350>

  File "D:\__lybix__\_Codes\FAMS-NEPU\platform\server\data\logic\check_logic.py", line 353, in get_diff_report
    report = self.report_dao.get_by_task(task_id)
             │    │          │           └ 8
             │    │          └ <function CheckDiffReportDAO.get_by_task at 0x00000203282DF9C0>
             │    └ <data.basic.check_dao.CheckDiffReportDAO object at 0x0000020328929190>
             └ <data.logic.check_logic.CheckLogic object at 0x0000020328929350>

  File "D:\__lybix__\_Codes\FAMS-NEPU\platform\server\data\basic\check_dao.py", line 264, in get_by_task
    return self._execute_one(sql, {"task_id": task_id})
           │    │            │                └ 8
           │    │            └ 'SELECT diff.report_id, diff.task_id, t.status as status, diff.task_name, \n                        diff.total_items, diff.ma...
           │    └ <function BaseDAO._execute_one at 0x000002032685AAC0>
           └ <data.basic.check_dao.CheckDiffReportDAO object at 0x0000020328929190>

  File "D:\__lybix__\_Codes\FAMS-NEPU\platform\server\data\basic\base_dao.py", line 47, in _execute_one
    rows = self._execute(sql, params)
           │    │        │    └ {'task_id': 8}
           │    │        └ 'SELECT diff.report_id, diff.task_id, t.status as status, diff.task_name, \n                        diff.total_items, diff.ma...
           │    └ <function BaseDAO._execute at 0x0000020327EFCC20>
           └ <data.basic.check_dao.CheckDiffReportDAO object at 0x0000020328929190>

  File "D:\__lybix__\_Codes\FAMS-NEPU\platform\server\data\basic\base_dao.py", line 39, in _execute
    result = conn.execute(text(sql), params or {})
             │    │       │    │     └ {'task_id': 8}
             │    │       │    └ 'SELECT diff.report_id, diff.task_id, t.status as status, diff.task_name, \n                        diff.total_items, diff.ma...
             │    │       └ <function text at 0x0000020326E44040>
             │    └ <function Connection.execute at 0x0000020327E7AD40>
             └ <sqlalchemy.engine.base.Connection object at 0x000002032892A2D0>

  File "D:\__lybix__\DEVTools\miniconda3\envs\fams\Lib\site-packages\sqlalchemy\engine\base.py", line 1421, in execute
    return meth(
           └ <bound method ClauseElement._execute_on_connection of <sqlalchemy.sql.elements.TextClause object at 0x000002032892AC90>>
  File "D:\__lybix__\DEVTools\miniconda3\envs\fams\Lib\site-packages\sqlalchemy\sql\elements.py", line 526, in _execute_on_connection
    return connection._execute_clauseelement(
           │          └ <function Connection._execute_clauseelement at 0x0000020327E7B060>
           └ <sqlalchemy.engine.base.Connection object at 0x000002032892A2D0>
  File "D:\__lybix__\DEVTools\miniconda3\envs\fams\Lib\site-packages\sqlalchemy\engine\base.py", line 1643, in _execute_clauseelement
    ret = self._execute_context(
          │    └ <function Connection._execute_context at 0x0000020327E7B240>
          └ <sqlalchemy.engine.base.Connection object at 0x000002032892A2D0>
  File "D:\__lybix__\DEVTools\miniconda3\envs\fams\Lib\site-packages\sqlalchemy\engine\base.py", line 1848, in _execute_context
    return self._exec_single_context(
           │    └ <function Connection._exec_single_context at 0x0000020327E7B2E0>
           └ <sqlalchemy.engine.base.Connection object at 0x000002032892A2D0>
  File "D:\__lybix__\DEVTools\miniconda3\envs\fams\Lib\site-packages\sqlalchemy\engine\base.py", line 1988, in _exec_single_context
    self._handle_dbapi_exception(
    │    └ <function Connection._handle_dbapi_exception at 0x0000020327E7B560>
    └ <sqlalchemy.engine.base.Connection object at 0x000002032892A2D0>
  File "D:\__lybix__\DEVTools\miniconda3\envs\fams\Lib\site-packages\sqlalchemy\engine\base.py", line 2365, in _handle_dbapi_exception
    raise sqlalchemy_exception.with_traceback(exc_info[2]) from e
          │                    │              │                 └ InternalError(1052, "Column 'task_id' in where clause is ambiguous")
          │                    │              └ (<class 'pymysql.err.InternalError'>, InternalError(1052, "Column 'task_id' in where clause is ambiguous"), <traceback object...
          │                    └ <method 'with_traceback' of 'BaseException' objects>
          └ InternalError('(pymysql.err.InternalError) (1052, "Column \'task_id\' in where clause is ambiguous")')
  File "D:\__lybix__\DEVTools\miniconda3\envs\fams\Lib\site-packages\sqlalchemy\engine\base.py", line 1969, in _exec_single_context
    self.dialect.do_execute(
    │    │       └ <function DefaultDialect.do_execute at 0x0000020327F26E80>
    │    └ <sqlalchemy.dialects.mysql.pymysql.MySQLDialect_pymysql object at 0x000002032892ACD0>
    └ <sqlalchemy.engine.base.Connection object at 0x000002032892A2D0>
  File "D:\__lybix__\DEVTools\miniconda3\envs\fams\Lib\site-packages\sqlalchemy\engine\default.py", line 952, in do_execute
    cursor.execute(statement, parameters)
    │      │       │          └ {'task_id': 8}
    │      │       └ 'SELECT diff.report_id, diff.task_id, t.status as status, diff.task_name, \n                        diff.total_items, diff.ma...
    │      └ <function Cursor.execute at 0x00000203288D1940>
    └ <pymysql.cursors.Cursor object at 0x000002032892BB50>
  File "D:\__lybix__\DEVTools\miniconda3\envs\fams\Lib\site-packages\pymysql\cursors.py", line 170, in execute
    result = self._query(query)
             │    │      └ 'SELECT diff.report_id, diff.task_id, t.status as status, diff.task_name, \n                        diff.total_items, diff.ma...
             │    └ <function Cursor._query at 0x00000203288D1E40>
             └ <pymysql.cursors.Cursor object at 0x000002032892BB50>
  File "D:\__lybix__\DEVTools\miniconda3\envs\fams\Lib\site-packages\pymysql\cursors.py", line 328, in _query
    conn.query(q)
    │    │     └ 'SELECT diff.report_id, diff.task_id, t.status as status, diff.task_name, \n                        diff.total_items, diff.ma...
    │    └ <function Connection.query at 0x00000203288F1A80>
    └ <pymysql.connections.Connection object at 0x000002032892B2D0>
  File "D:\__lybix__\DEVTools\miniconda3\envs\fams\Lib\site-packages\pymysql\connections.py", line 517, in query
    self._affected_rows = self._read_query_result(unbuffered=unbuffered)
    │    │                │    │                             └ False
    │    │                │    └ <function Connection._read_query_result at 0x00000203288F2160>
    │    │                └ <pymysql.connections.Connection object at 0x000002032892B2D0>
    │    └ 1
    └ <pymysql.connections.Connection object at 0x000002032892B2D0>
  File "D:\__lybix__\DEVTools\miniconda3\envs\fams\Lib\site-packages\pymysql\connections.py", line 732, in _read_query_result
    result.read()
    │      └ <function MySQLResult.read at 0x00000203288F2A20>
    └ <pymysql.connections.MySQLResult object at 0x000002032892BB90>
  File "D:\__lybix__\DEVTools\miniconda3\envs\fams\Lib\site-packages\pymysql\connections.py", line 1075, in read
    first_packet = self.connection._read_packet()
                   │    └ None
                   └ <pymysql.connections.MySQLResult object at 0x000002032892BB90>
  File "D:\__lybix__\DEVTools\miniconda3\envs\fams\Lib\site-packages\pymysql\connections.py", line 684, in _read_packet
    packet.check_error()
    │      └ <function MysqlPacket.check_error at 0x00000203288D3F60>
    └ <pymysql.protocol.MysqlPacket object at 0x000002032891CAC0>
  File "D:\__lybix__\DEVTools\miniconda3\envs\fams\Lib\site-packages\pymysql\protocol.py", line 220, in check_error
    err.raise_mysql_exception(self._data)
    │   │                     │    └ <member '_data' of 'MysqlPacket' objects>
    │   │                     └ <pymysql.protocol.MysqlPacket object at 0x000002032891CAC0>
    │   └ <function raise_mysql_exception at 0x000002032887B1A0>
    └ <module 'pymysql.err' from 'D:\\__lybix__\\DEVTools\\miniconda3\\envs\\fams\\Lib\\site-packages\\pymysql\\err.py'>
  File "D:\__lybix__\DEVTools\miniconda3\envs\fams\Lib\site-packages\pymysql\err.py", line 109, in raise_mysql_exception
    raise errorclass(errno, errval)
          │          │      └ "Column 'task_id' in where clause is ambiguous"
          │          └ 1052
          └ <class 'pymysql.err.InternalError'>

sqlalchemy.exc.InternalError: (pymysql.err.InternalError) (1052, "Column 'task_id' in where clause is ambiguous")
[SQL: SELECT diff.report_id, diff.task_id, t.status as status, diff.task_name, 
                        diff.total_items, diff.matched_items, diff.surplus_items, diff.shortage_items,
                        diff.mismatch_items, diff.llm_analysis, diff.create_time
                 FROM check_diff_report diff
                 LEFT JOIN check_task t ON t.task_id = check_diff_report.task_id
                 WHERE task_id = %(task_id)s]
[parameters: {'task_id': 8}]
(Background on this error at: https://sqlalche.me/e/20/2j85)
2026-07-13 08:17:19.229 | ERROR    | __main__:global_exception_handler:50 - Unhandled exception on POST /api/asset
Traceback (most recent call last):

  File "D:\__lybix__\DEVTools\miniconda3\envs\fams\Lib\site-packages\sqlalchemy\engine\base.py", line 1969, in _exec_single_context
    self.dialect.do_execute(
    │    │       └ <function DefaultDialect.do_execute at 0x0000028410CB6E80>
    │    └ <sqlalchemy.dialects.mysql.pymysql.MySQLDialect_pymysql object at 0x00000284116E4E10>
    └ <sqlalchemy.engine.base.Connection object at 0x0000028411715F10>
  File "D:\__lybix__\DEVTools\miniconda3\envs\fams\Lib\site-packages\sqlalchemy\engine\default.py", line 952, in do_execute
    cursor.execute(statement, parameters)
    │      │       │          └ {'asset_code': 'TEST-2026-001', 'asset_name': '测试资产1号', 'spec': '', 'category_id': 9, 'purchase_date': '', 'book_value': 0, '...
    │      │       └ 'INSERT INTO asset_info (asset_code, asset_name, spec, category_id,\n                                         purchase_date, ...
    │      └ <function Cursor.execute at 0x0000028411661940>
    └ <pymysql.cursors.Cursor object at 0x00000284117316D0>
  File "D:\__lybix__\DEVTools\miniconda3\envs\fams\Lib\site-packages\pymysql\cursors.py", line 170, in execute
    result = self._query(query)
             │    │      └ "INSERT INTO asset_info (asset_code, asset_name, spec, category_id,\n                                         purchase_date, ...
             │    └ <function Cursor._query at 0x0000028411661E40>
             └ <pymysql.cursors.Cursor object at 0x00000284117316D0>
  File "D:\__lybix__\DEVTools\miniconda3\envs\fams\Lib\site-packages\pymysql\cursors.py", line 328, in _query
    conn.query(q)
    │    │     └ "INSERT INTO asset_info (asset_code, asset_name, spec, category_id,\n                                         purchase_date, ...
    │    └ <function Connection.query at 0x0000028411681A80>
    └ <pymysql.connections.Connection object at 0x0000028410DD8590>
  File "D:\__lybix__\DEVTools\miniconda3\envs\fams\Lib\site-packages\pymysql\connections.py", line 517, in query
    self._affected_rows = self._read_query_result(unbuffered=unbuffered)
    │    │                │    │                             └ False
    │    │                │    └ <function Connection._read_query_result at 0x0000028411682160>
    │    │                └ <pymysql.connections.Connection object at 0x0000028410DD8590>
    │    └ 10
    └ <pymysql.connections.Connection object at 0x0000028410DD8590>
  File "D:\__lybix__\DEVTools\miniconda3\envs\fams\Lib\site-packages\pymysql\connections.py", line 732, in _read_query_result
    result.read()
    │      └ <function MySQLResult.read at 0x0000028411682A20>
    └ <pymysql.connections.MySQLResult object at 0x0000028411731C50>
  File "D:\__lybix__\DEVTools\miniconda3\envs\fams\Lib\site-packages\pymysql\connections.py", line 1075, in read
    first_packet = self.connection._read_packet()
                   │    └ None
                   └ <pymysql.connections.MySQLResult object at 0x0000028411731C50>
  File "D:\__lybix__\DEVTools\miniconda3\envs\fams\Lib\site-packages\pymysql\connections.py", line 684, in _read_packet
    packet.check_error()
    │      └ <function MysqlPacket.check_error at 0x0000028411663F60>
    └ <pymysql.protocol.MysqlPacket object at 0x0000028411721D20>
  File "D:\__lybix__\DEVTools\miniconda3\envs\fams\Lib\site-packages\pymysql\protocol.py", line 220, in check_error
    err.raise_mysql_exception(self._data)
    │   │                     │    └ <member '_data' of 'MysqlPacket' objects>
    │   │                     └ <pymysql.protocol.MysqlPacket object at 0x0000028411721D20>
    │   └ <function raise_mysql_exception at 0x000002841160B1A0>
    └ <module 'pymysql.err' from 'D:\\__lybix__\\DEVTools\\miniconda3\\envs\\fams\\Lib\\site-packages\\pymysql\\err.py'>
  File "D:\__lybix__\DEVTools\miniconda3\envs\fams\Lib\site-packages\pymysql\err.py", line 109, in raise_mysql_exception
    raise errorclass(errno, errval)
          │          │      └ "Incorrect date value: '' for column 'purchase_date' at row 1"
          │          └ 1292
          └ <class 'pymysql.err.InternalError'>

pymysql.err.InternalError: (1292, "Incorrect date value: '' for column 'purchase_date' at row 1")


The above exception was the direct cause of the following exception:


Traceback (most recent call last):

  File "D:\__lybix__\_Codes\FAMS-NEPU\platform\server\services\svr_gateway\main.py", line 64, in <module>
    uvicorn.run(app, host="0.0.0.0", port=gateway_config.HTTP_PORT)
    │       │   │                         │              └ 9900
    │       │   │                         └ <services.svr_gateway.config.GatewayConfig object at 0x000002840F3F9890>
    │       │   └ <fastapi.applications.FastAPI object at 0x000002841133B750>
    │       └ <function run at 0x000002840E16FD80>
    └ <module 'uvicorn' from 'D:\\__lybix__\\DEVTools\\miniconda3\\envs\\fams\\Lib\\site-packages\\uvicorn\\__init__.py'>

  File "D:\__lybix__\DEVTools\miniconda3\envs\fams\Lib\site-packages\uvicorn\main.py", line 621, in run
    server.run()
    │      └ <function Server.run at 0x000002840E300860>
    └ <uvicorn.server.Server object at 0x0000028411216D50>
  File "D:\__lybix__\DEVTools\miniconda3\envs\fams\Lib\site-packages\uvicorn\server.py", line 74, in run
    return asyncio_run(self.serve(sockets=sockets), loop_factory=self.config.get_loop_factory())
           │           │    │             │                      │    │      └ <function Config.get_loop_factory at 0x000002840E16D1C0>
           │           │    │             │                      │    └ <uvicorn.config.Config object at 0x000002841133B190>
           │           │    │             │                      └ <uvicorn.server.Server object at 0x0000028411216D50>
           │           │    │             └ None
           │           │    └ <function Server.serve at 0x000002840E300900>
           │           └ <uvicorn.server.Server object at 0x0000028411216D50>
           └ <function asyncio_run at 0x000002840E0F7740>
  File "D:\__lybix__\DEVTools\miniconda3\envs\fams\Lib\site-packages\uvicorn\_compat.py", line 30, in asyncio_run
    return runner.run(main)
           │      │   └ <coroutine object Server.serve at 0x00000284113507C0>
           │      └ <function Runner.run at 0x000002840DB53560>
           └ <asyncio.runners.Runner object at 0x00000284110EB7D0>
  File "D:\__lybix__\DEVTools\miniconda3\envs\fams\Lib\asyncio\runners.py", line 118, in run
    return self._loop.run_until_complete(task)
           │    │     │                  └ <Task pending name='Task-1' coro=<Server.serve() running at D:\__lybix__\DEVTools\miniconda3\envs\fams\Lib\site-packages\uvic...
           │    │     └ <function BaseEventLoop.run_until_complete at 0x000002840DB51120>
           │    └ <ProactorEventLoop running=True closed=False debug=False>
           └ <asyncio.runners.Runner object at 0x00000284110EB7D0>
  File "D:\__lybix__\DEVTools\miniconda3\envs\fams\Lib\asyncio\base_events.py", line 637, in run_until_complete
    self.run_forever()
    │    └ <function ProactorEventLoop.run_forever at 0x000002840DC28860>
    └ <ProactorEventLoop running=True closed=False debug=False>
  File "D:\__lybix__\DEVTools\miniconda3\envs\fams\Lib\asyncio\windows_events.py", line 321, in run_forever
    super().run_forever()
  File "D:\__lybix__\DEVTools\miniconda3\envs\fams\Lib\asyncio\base_events.py", line 604, in run_forever
    self._run_once()
    │    └ <function BaseEventLoop._run_once at 0x000002840DB52E80>
    └ <ProactorEventLoop running=True closed=False debug=False>
  File "D:\__lybix__\DEVTools\miniconda3\envs\fams\Lib\asyncio\base_events.py", line 1909, in _run_once
    handle._run()
    │      └ <function Handle._run at 0x000002840DA953A0>
    └ <Handle Task.task_wakeup(<Future finished result=None>)>
  File "D:\__lybix__\DEVTools\miniconda3\envs\fams\Lib\asyncio\events.py", line 80, in _run
    self._context.run(self._callback, *self._args)
    │    │            │    │           │    └ <member '_args' of 'Handle' objects>
    │    │            │    │           └ <Handle Task.task_wakeup(<Future finished result=None>)>
    │    │            │    └ <member '_callback' of 'Handle' objects>
    │    │            └ <Handle Task.task_wakeup(<Future finished result=None>)>
    │    └ <member '_context' of 'Handle' objects>
    └ <Handle Task.task_wakeup(<Future finished result=None>)>
  File "D:\__lybix__\DEVTools\miniconda3\envs\fams\Lib\site-packages\uvicorn\protocols\http\httptools_impl.py", line 422, in run_asgi
    result = await app(  # type: ignore[func-returns-value]
                   └ <uvicorn.middleware.proxy_headers.ProxyHeadersMiddleware object at 0x000002841133CE50>
  File "D:\__lybix__\DEVTools\miniconda3\envs\fams\Lib\site-packages\uvicorn\middleware\proxy_headers.py", line 63, in __call__
    return await self.app(scope, receive, send)
                 │    │   │      │        └ <bound method RequestResponseCycle.send of <uvicorn.protocols.http.httptools_impl.RequestResponseCycle object at 0x0000028411...
                 │    │   │      └ <bound method RequestResponseCycle.receive of <uvicorn.protocols.http.httptools_impl.RequestResponseCycle object at 0x0000028...
                 │    │   └ {'type': 'http', 'asgi': {'version': '3.0', 'spec_version': '2.3'}, 'http_version': '1.1', 'server': ('127.0.0.1', 9900), 'cl...
                 │    └ <fastapi.applications.FastAPI object at 0x000002841133B750>
                 └ <uvicorn.middleware.proxy_headers.ProxyHeadersMiddleware object at 0x000002841133CE50>
  File "D:\__lybix__\DEVTools\miniconda3\envs\fams\Lib\site-packages\fastapi\applications.py", line 1163, in __call__
    await super().__call__(scope, receive, send)
                           │      │        └ <bound method RequestResponseCycle.send of <uvicorn.protocols.http.httptools_impl.RequestResponseCycle object at 0x0000028411...
                           │      └ <bound method RequestResponseCycle.receive of <uvicorn.protocols.http.httptools_impl.RequestResponseCycle object at 0x0000028...
                           └ {'type': 'http', 'asgi': {'version': '3.0', 'spec_version': '2.3'}, 'http_version': '1.1', 'server': ('127.0.0.1', 9900), 'cl...
  File "D:\__lybix__\DEVTools\miniconda3\envs\fams\Lib\site-packages\starlette\applications.py", line 90, in __call__
    await self.middleware_stack(scope, receive, send)
          │    │                │      │        └ <bound method RequestResponseCycle.send of <uvicorn.protocols.http.httptools_impl.RequestResponseCycle object at 0x0000028411...
          │    │                │      └ <bound method RequestResponseCycle.receive of <uvicorn.protocols.http.httptools_impl.RequestResponseCycle object at 0x0000028...
          │    │                └ {'type': 'http', 'asgi': {'version': '3.0', 'spec_version': '2.3'}, 'http_version': '1.1', 'server': ('127.0.0.1', 9900), 'cl...
          │    └ <starlette.middleware.errors.ServerErrorMiddleware object at 0x00000284113DAF50>
          └ <fastapi.applications.FastAPI object at 0x000002841133B750>
> File "D:\__lybix__\DEVTools\miniconda3\envs\fams\Lib\site-packages\starlette\middleware\errors.py", line 164, in __call__
    await self.app(scope, receive, _send)
          │    │   │      │        └ <function ServerErrorMiddleware.__call__.<locals>._send at 0x00000284116B65C0>
          │    │   │      └ <bound method RequestResponseCycle.receive of <uvicorn.protocols.http.httptools_impl.RequestResponseCycle object at 0x0000028...
          │    │   └ {'type': 'http', 'asgi': {'version': '3.0', 'spec_version': '2.3'}, 'http_version': '1.1', 'server': ('127.0.0.1', 9900), 'cl...
          │    └ <starlette.middleware.base.BaseHTTPMiddleware object at 0x0000028410DE5210>
          └ <starlette.middleware.errors.ServerErrorMiddleware object at 0x00000284113DAF50>
  File "D:\__lybix__\DEVTools\miniconda3\envs\fams\Lib\contextlib.py", line 222, in __aexit__
    await self.gen.athrow(typ, value, traceback)
          │    │   │      │    │      └ <traceback object at 0x00000284117322C0>
          │    │   │      │    └ InternalError('(pymysql.err.InternalError) (1292, "Incorrect date value: \'\' for column \'purchase_date\' at row 1")')
          │    │   │      └ <class 'sqlalchemy.exc.InternalError'>
          │    │   └ <method 'athrow' of 'async_generator' objects>
          │    └ <async_generator object create_collapsing_task_group at 0x0000028411393740>
          └ <contextlib._AsyncGeneratorContextManager object at 0x0000028411716E10>
  File "D:\__lybix__\DEVTools\miniconda3\envs\fams\Lib\site-packages\starlette\_utils.py", line 93, in create_collapsing_task_group
    raise exc from exc.__cause__ or context
          │        │   │            └ None
          │        │   └ <attribute '__cause__' of 'BaseException' objects>
          │        └ InternalError('(pymysql.err.InternalError) (1292, "Incorrect date value: \'\' for column \'purchase_date\' at row 1")')
          └ InternalError('(pymysql.err.InternalError) (1292, "Incorrect date value: \'\' for column \'purchase_date\' at row 1")')
  File "D:\__lybix__\DEVTools\miniconda3\envs\fams\Lib\site-packages\starlette\_utils.py", line 86, in create_collapsing_task_group
    yield tg
          └ <anyio._backends._asyncio.TaskGroup object at 0x0000028411714A50>
  File "D:\__lybix__\DEVTools\miniconda3\envs\fams\Lib\site-packages\starlette\middleware\base.py", line 193, in __call__
    response = await self.dispatch_func(request, call_next)
                     │    │             │        └ <function BaseHTTPMiddleware.__call__.<locals>.call_next at 0x00000284116B6700>
                     │    │             └ <starlette.middleware.base._CachedRequest object at 0x0000028411715B90>
                     │    └ <function log_requests at 0x0000028411336FC0>
                     └ <starlette.middleware.base.BaseHTTPMiddleware object at 0x0000028410DE5210>

  File "D:\__lybix__\_Codes\FAMS-NEPU\platform\server\services\svr_gateway\main.py", line 42, in log_requests
    response = await call_next(request)
                     │         └ <starlette.middleware.base._CachedRequest object at 0x0000028411715B90>
                     └ <function BaseHTTPMiddleware.__call__.<locals>.call_next at 0x00000284116B6700>

  File "D:\__lybix__\DEVTools\miniconda3\envs\fams\Lib\site-packages\starlette\middleware\base.py", line 168, in call_next
    raise app_exc from app_exc.__cause__ or app_exc.__context__
          │            │       │            │       └ <attribute '__context__' of 'BaseException' objects>
          │            │       │            └ InternalError('(pymysql.err.InternalError) (1292, "Incorrect date value: \'\' for column \'purchase_date\' at row 1")')
          │            │       └ <attribute '__cause__' of 'BaseException' objects>
          │            └ InternalError('(pymysql.err.InternalError) (1292, "Incorrect date value: \'\' for column \'purchase_date\' at row 1")')
          └ InternalError('(pymysql.err.InternalError) (1292, "Incorrect date value: \'\' for column \'purchase_date\' at row 1")')
  File "D:\__lybix__\DEVTools\miniconda3\envs\fams\Lib\site-packages\starlette\middleware\base.py", line 144, in coro
    await self.app(scope, receive_or_disconnect, send_no_error)
          │    │   │      │                      └ <function BaseHTTPMiddleware.__call__.<locals>.call_next.<locals>.send_no_error at 0x00000284116B67A0>
          │    │   │      └ <function BaseHTTPMiddleware.__call__.<locals>.call_next.<locals>.receive_or_disconnect at 0x00000284116B76A0>
          │    │   └ {'type': 'http', 'asgi': {'version': '3.0', 'spec_version': '2.3'}, 'http_version': '1.1', 'server': ('127.0.0.1', 9900), 'cl...
          │    └ <starlette.middleware.cors.CORSMiddleware object at 0x00000284113DAB50>
          └ <starlette.middleware.base.BaseHTTPMiddleware object at 0x0000028410DE5210>
  File "D:\__lybix__\DEVTools\miniconda3\envs\fams\Lib\site-packages\starlette\middleware\cors.py", line 96, in __call__
    await self.simple_response(scope, receive, send, request_headers=headers)
          │    │               │      │        │                     └ Headers({'host': '127.0.0.1:9900', 'connection': 'close', 'content-length': '220', 'sec-ch-ua-platform': '"Windows"', 'author...
          │    │               │      │        └ <function BaseHTTPMiddleware.__call__.<locals>.call_next.<locals>.send_no_error at 0x00000284116B67A0>
          │    │               │      └ <function BaseHTTPMiddleware.__call__.<locals>.call_next.<locals>.receive_or_disconnect at 0x00000284116B76A0>
          │    │               └ {'type': 'http', 'asgi': {'version': '3.0', 'spec_version': '2.3'}, 'http_version': '1.1', 'server': ('127.0.0.1', 9900), 'cl...
          │    └ <function CORSMiddleware.simple_response at 0x000002840F3ED080>
          └ <starlette.middleware.cors.CORSMiddleware object at 0x00000284113DAB50>
  File "D:\__lybix__\DEVTools\miniconda3\envs\fams\Lib\site-packages\starlette\middleware\cors.py", line 154, in simple_response
    await self.app(scope, receive, send)
          │    │   │      │        └ functools.partial(<bound method CORSMiddleware.send of <starlette.middleware.cors.CORSMiddleware object at 0x00000284113DAB50...
          │    │   │      └ <function BaseHTTPMiddleware.__call__.<locals>.call_next.<locals>.receive_or_disconnect at 0x00000284116B76A0>
          │    │   └ {'type': 'http', 'asgi': {'version': '3.0', 'spec_version': '2.3'}, 'http_version': '1.1', 'server': ('127.0.0.1', 9900), 'cl...
          │    └ <starlette.middleware.exceptions.ExceptionMiddleware object at 0x0000028410DDD7D0>
          └ <starlette.middleware.cors.CORSMiddleware object at 0x00000284113DAB50>
  File "D:\__lybix__\DEVTools\miniconda3\envs\fams\Lib\site-packages\starlette\middleware\exceptions.py", line 63, in __call__
    await wrap_app_handling_exceptions(self.app, conn)(scope, receive, send)
          │                            │    │    │     │      │        └ functools.partial(<bound method CORSMiddleware.send of <starlette.middleware.cors.CORSMiddleware object at 0x00000284113DAB50...
          │                            │    │    │     │      └ <function BaseHTTPMiddleware.__call__.<locals>.call_next.<locals>.receive_or_disconnect at 0x00000284116B76A0>
          │                            │    │    │     └ {'type': 'http', 'asgi': {'version': '3.0', 'spec_version': '2.3'}, 'http_version': '1.1', 'server': ('127.0.0.1', 9900), 'cl...
          │                            │    │    └ <starlette.requests.Request object at 0x0000028411717590>
          │                            │    └ <fastapi.middleware.asyncexitstack.AsyncExitStackMiddleware object at 0x0000028410DDD790>
          │                            └ <starlette.middleware.exceptions.ExceptionMiddleware object at 0x0000028410DDD7D0>
          └ <function wrap_app_handling_exceptions at 0x000002840F2EF100>
  File "D:\__lybix__\DEVTools\miniconda3\envs\fams\Lib\site-packages\starlette\_exception_handler.py", line 53, in wrapped_app
    raise exc
  File "D:\__lybix__\DEVTools\miniconda3\envs\fams\Lib\site-packages\starlette\_exception_handler.py", line 42, in wrapped_app
    await app(scope, receive, sender)
          │   │      │        └ <function wrap_app_handling_exceptions.<locals>.wrapped_app.<locals>.sender at 0x00000284116EDE40>
          │   │      └ <function BaseHTTPMiddleware.__call__.<locals>.call_next.<locals>.receive_or_disconnect at 0x00000284116B76A0>
          │   └ {'type': 'http', 'asgi': {'version': '3.0', 'spec_version': '2.3'}, 'http_version': '1.1', 'server': ('127.0.0.1', 9900), 'cl...
          └ <fastapi.middleware.asyncexitstack.AsyncExitStackMiddleware object at 0x0000028410DDD790>
  File "D:\__lybix__\DEVTools\miniconda3\envs\fams\Lib\site-packages\fastapi\middleware\asyncexitstack.py", line 18, in __call__
    await self.app(scope, receive, send)
          │    │   │      │        └ <function wrap_app_handling_exceptions.<locals>.wrapped_app.<locals>.sender at 0x00000284116EDE40>
          │    │   │      └ <function BaseHTTPMiddleware.__call__.<locals>.call_next.<locals>.receive_or_disconnect at 0x00000284116B76A0>
          │    │   └ {'type': 'http', 'asgi': {'version': '3.0', 'spec_version': '2.3'}, 'http_version': '1.1', 'server': ('127.0.0.1', 9900), 'cl...
          │    └ <fastapi.routing.APIRouter object at 0x000002841133B850>
          └ <fastapi.middleware.asyncexitstack.AsyncExitStackMiddleware object at 0x0000028410DDD790>
  File "D:\__lybix__\DEVTools\miniconda3\envs\fams\Lib\site-packages\starlette\routing.py", line 660, in __call__
    await self.middleware_stack(scope, receive, send)
          │    │                │      │        └ <function wrap_app_handling_exceptions.<locals>.wrapped_app.<locals>.sender at 0x00000284116EDE40>
          │    │                │      └ <function BaseHTTPMiddleware.__call__.<locals>.call_next.<locals>.receive_or_disconnect at 0x00000284116B76A0>
          │    │                └ {'type': 'http', 'asgi': {'version': '3.0', 'spec_version': '2.3'}, 'http_version': '1.1', 'server': ('127.0.0.1', 9900), 'cl...
          │    └ <bound method APIRouter.app of <fastapi.routing.APIRouter object at 0x000002841133B850>>
          └ <fastapi.routing.APIRouter object at 0x000002841133B850>
  File "D:\__lybix__\DEVTools\miniconda3\envs\fams\Lib\site-packages\fastapi\routing.py", line 2683, in app
    await route.handle(scope, receive, send)
          │     │      │      │        └ <function wrap_app_handling_exceptions.<locals>.wrapped_app.<locals>.sender at 0x00000284116EDE40>
          │     │      │      └ <function BaseHTTPMiddleware.__call__.<locals>.call_next.<locals>.receive_or_disconnect at 0x00000284116B76A0>
          │     │      └ {'type': 'http', 'asgi': {'version': '3.0', 'spec_version': '2.3'}, 'http_version': '1.1', 'server': ('127.0.0.1', 9900), 'cl...
          │     └ <function _IncludedRouter.handle at 0x000002840F331BC0>
          └ _IncludedRouter(original_router=<fastapi.routing.APIRouter object at 0x000002840BAC4650>, include_context=_RouterIncludeConte...
  File "D:\__lybix__\DEVTools\miniconda3\envs\fams\Lib\site-packages\fastapi\routing.py", line 1753, in handle
    await self.original_router.handle(scope, receive, send)
          │    │               │      │      │        └ <function wrap_app_handling_exceptions.<locals>.wrapped_app.<locals>.sender at 0x00000284116EDE40>
          │    │               │      │      └ <function BaseHTTPMiddleware.__call__.<locals>.call_next.<locals>.receive_or_disconnect at 0x00000284116B76A0>
          │    │               │      └ {'type': 'http', 'asgi': {'version': '3.0', 'spec_version': '2.3'}, 'http_version': '1.1', 'server': ('127.0.0.1', 9900), 'cl...
          │    │               └ <function APIRouter.handle at 0x000002840F333BA0>
          │    └ <fastapi.routing.APIRouter object at 0x000002840BAC4650>
          └ _IncludedRouter(original_router=<fastapi.routing.APIRouter object at 0x000002840BAC4650>, include_context=_RouterIncludeConte...
  File "D:\__lybix__\DEVTools\miniconda3\envs\fams\Lib\site-packages\fastapi\routing.py", line 2738, in handle
    await included_router._handle_selected(scope, receive, send)
          │               │                │      │        └ <function wrap_app_handling_exceptions.<locals>.wrapped_app.<locals>.sender at 0x00000284116EDE40>
          │               │                │      └ <function BaseHTTPMiddleware.__call__.<locals>.call_next.<locals>.receive_or_disconnect at 0x00000284116B76A0>
          │               │                └ {'type': 'http', 'asgi': {'version': '3.0', 'spec_version': '2.3'}, 'http_version': '1.1', 'server': ('127.0.0.1', 9900), 'cl...
          │               └ <function _IncludedRouter._handle_selected at 0x000002840F331C60>
          └ _IncludedRouter(original_router=<fastapi.routing.APIRouter object at 0x000002840BAC4650>, include_context=_RouterIncludeConte...
  File "D:\__lybix__\DEVTools\miniconda3\envs\fams\Lib\site-packages\fastapi\routing.py", line 1773, in _handle_selected
    await original_route.handle(scope, receive, send)
          │              │      │      │        └ <function wrap_app_handling_exceptions.<locals>.wrapped_app.<locals>.sender at 0x00000284116EDE40>
          │              │      │      └ <function BaseHTTPMiddleware.__call__.<locals>.call_next.<locals>.receive_or_disconnect at 0x00000284116B76A0>
          │              │      └ {'type': 'http', 'asgi': {'version': '3.0', 'spec_version': '2.3'}, 'http_version': '1.1', 'server': ('127.0.0.1', 9900), 'cl...
          │              └ <function APIRoute.handle at 0x000002840F31FCE0>
          └ APIRoute(path='/api/asset', name='create_asset', methods=['POST'])
  File "D:\__lybix__\DEVTools\miniconda3\envs\fams\Lib\site-packages\fastapi\routing.py", line 1264, in handle
    await app(scope, receive, send)
          │   │      │        └ <function wrap_app_handling_exceptions.<locals>.wrapped_app.<locals>.sender at 0x00000284116EDE40>
          │   │      └ <function BaseHTTPMiddleware.__call__.<locals>.call_next.<locals>.receive_or_disconnect at 0x00000284116B76A0>
          │   └ {'type': 'http', 'asgi': {'version': '3.0', 'spec_version': '2.3'}, 'http_version': '1.1', 'server': ('127.0.0.1', 9900), 'cl...
          └ <function request_response.<locals>.app at 0x00000284116F8C20>
  File "D:\__lybix__\DEVTools\miniconda3\envs\fams\Lib\site-packages\fastapi\routing.py", line 150, in app
    await wrap_app_handling_exceptions(app, request)(scope, receive, send)
          │                            │    │        │      │        └ <function wrap_app_handling_exceptions.<locals>.wrapped_app.<locals>.sender at 0x00000284116EDE40>
          │                            │    │        │      └ <function BaseHTTPMiddleware.__call__.<locals>.call_next.<locals>.receive_or_disconnect at 0x00000284116B76A0>
          │                            │    │        └ {'type': 'http', 'asgi': {'version': '3.0', 'spec_version': '2.3'}, 'http_version': '1.1', 'server': ('127.0.0.1', 9900), 'cl...
          │                            │    └ <starlette.requests.Request object at 0x0000028411712A90>
          │                            └ <function request_response.<locals>.app.<locals>.app at 0x00000284116F9800>
          └ <function wrap_app_handling_exceptions at 0x000002840F2EF100>
  File "D:\__lybix__\DEVTools\miniconda3\envs\fams\Lib\site-packages\starlette\_exception_handler.py", line 53, in wrapped_app
    raise exc
  File "D:\__lybix__\DEVTools\miniconda3\envs\fams\Lib\site-packages\starlette\_exception_handler.py", line 42, in wrapped_app
    await app(scope, receive, sender)
          │   │      │        └ <function wrap_app_handling_exceptions.<locals>.wrapped_app.<locals>.sender at 0x00000284116FA020>
          │   │      └ <function BaseHTTPMiddleware.__call__.<locals>.call_next.<locals>.receive_or_disconnect at 0x00000284116B76A0>
          │   └ {'type': 'http', 'asgi': {'version': '3.0', 'spec_version': '2.3'}, 'http_version': '1.1', 'server': ('127.0.0.1', 9900), 'cl...
          └ <function request_response.<locals>.app.<locals>.app at 0x00000284116F9800>
  File "D:\__lybix__\DEVTools\miniconda3\envs\fams\Lib\site-packages\fastapi\routing.py", line 136, in app
    response = await f(request)
                     │ └ <starlette.requests.Request object at 0x0000028411712A90>
                     └ <function get_request_handler.<locals>.app at 0x000002840BEB4A40>
  File "D:\__lybix__\DEVTools\miniconda3\envs\fams\Lib\site-packages\fastapi\routing.py", line 690, in app
    raw_response = await run_endpoint_function(
                         └ <function run_endpoint_function at 0x000002840F31EF20>
  File "D:\__lybix__\DEVTools\miniconda3\envs\fams\Lib\site-packages\fastapi\routing.py", line 344, in run_endpoint_function
    return await dependant.call(**values)
                 │         │      └ {'current_user': {'user_id': 1, 'username': 'admin', 'dept_id': 1, 'role_keys': ['admin'], 'exp': 1783956875, 'iat': 17838704...
                 │         └ <function create_asset at 0x0000028411244CC0>
                 └ Dependant(path_params=[], query_params=[], header_params=[], cookie_params=[], body_params=[ModelField(field_info=Body(Pydant...

  File "D:\__lybix__\_Codes\FAMS-NEPU\platform\server\services\svr_gateway\routes.py", line 349, in create_asset
    result = logic.create_asset(data, current_user["user_id"])
             │     │            │     └ {'user_id': 1, 'username': 'admin', 'dept_id': 1, 'role_keys': ['admin'], 'exp': 1783956875, 'iat': 1783870475}
             │     │            └ {'asset_id': 0, 'asset_code': 'TEST-2026-001', 'asset_name': '测试资产1号', 'category_id': 9, 'category_id_path': 9, 'spec': '', '...
             │     └ <function AssetLogic.create_asset at 0x0000028411053240>
             └ <data.logic.asset_logic.AssetLogic object at 0x00000284116D9890>

  File "D:\__lybix__\_Codes\FAMS-NEPU\platform\server\data\logic\asset_logic.py", line 47, in create_asset
    asset_id = self.asset_dao.insert_asset(data)
               │    │         │            └ {'asset_id': 0, 'asset_code': 'TEST-2026-001', 'asset_name': '测试资产1号', 'category_id': 9, 'category_id_path': 9, 'spec': '', '...
               │    │         └ <function AssetDAO.insert_asset at 0x0000028411052B60>
               │    └ <data.basic.asset_dao.AssetDAO object at 0x00000284116DB3D0>
               └ <data.logic.asset_logic.AssetLogic object at 0x00000284116D9890>

  File "D:\__lybix__\_Codes\FAMS-NEPU\platform\server\data\basic\asset_dao.py", line 89, in insert_asset
    return self._execute_insert(sql, asset)
           │    │               │    └ {'asset_id': 0, 'asset_code': 'TEST-2026-001', 'asset_name': '测试资产1号', 'category_id': 9, 'category_id_path': 9, 'spec': '', '...
           │    │               └ 'INSERT INTO asset_info (asset_code, asset_name, spec, category_id,\n                                         purchase_date, ...
           │    └ <function BaseDAO._execute_insert at 0x0000028410C8BC40>
           └ <data.basic.asset_dao.AssetDAO object at 0x00000284116DB3D0>

  File "D:\__lybix__\_Codes\FAMS-NEPU\platform\server\data\basic\base_dao.py", line 65, in _execute_insert
    result = conn.execute(text(sql), params or {})
             │    │       │    │     └ {'asset_id': 0, 'asset_code': 'TEST-2026-001', 'asset_name': '测试资产1号', 'category_id': 9, 'category_id_path': 9, 'spec': '', '...
             │    │       │    └ 'INSERT INTO asset_info (asset_code, asset_name, spec, category_id,\n                                         purchase_date, ...
             │    │       └ <function text at 0x000002840FBD4040>
             │    └ <function Connection.execute at 0x0000028410C0AD40>
             └ <sqlalchemy.engine.base.Connection object at 0x0000028411715F10>

  File "D:\__lybix__\DEVTools\miniconda3\envs\fams\Lib\site-packages\sqlalchemy\engine\base.py", line 1421, in execute
    return meth(
           └ <bound method ClauseElement._execute_on_connection of <sqlalchemy.sql.elements.TextClause object at 0x00000284117178D0>>
  File "D:\__lybix__\DEVTools\miniconda3\envs\fams\Lib\site-packages\sqlalchemy\sql\elements.py", line 526, in _execute_on_connection
    return connection._execute_clauseelement(
           │          └ <function Connection._execute_clauseelement at 0x0000028410C0B060>
           └ <sqlalchemy.engine.base.Connection object at 0x0000028411715F10>
  File "D:\__lybix__\DEVTools\miniconda3\envs\fams\Lib\site-packages\sqlalchemy\engine\base.py", line 1643, in _execute_clauseelement
    ret = self._execute_context(
          │    └ <function Connection._execute_context at 0x0000028410C0B240>
          └ <sqlalchemy.engine.base.Connection object at 0x0000028411715F10>
  File "D:\__lybix__\DEVTools\miniconda3\envs\fams\Lib\site-packages\sqlalchemy\engine\base.py", line 1848, in _execute_context
    return self._exec_single_context(
           │    └ <function Connection._exec_single_context at 0x0000028410C0B2E0>
           └ <sqlalchemy.engine.base.Connection object at 0x0000028411715F10>
  File "D:\__lybix__\DEVTools\miniconda3\envs\fams\Lib\site-packages\sqlalchemy\engine\base.py", line 1988, in _exec_single_context
    self._handle_dbapi_exception(
    │    └ <function Connection._handle_dbapi_exception at 0x0000028410C0B560>
    └ <sqlalchemy.engine.base.Connection object at 0x0000028411715F10>
  File "D:\__lybix__\DEVTools\miniconda3\envs\fams\Lib\site-packages\sqlalchemy\engine\base.py", line 2365, in _handle_dbapi_exception
    raise sqlalchemy_exception.with_traceback(exc_info[2]) from e
          │                    │              │                 └ InternalError(1292, "Incorrect date value: '' for column 'purchase_date' at row 1")
          │                    │              └ (<class 'pymysql.err.InternalError'>, InternalError(1292, "Incorrect date value: '' for column 'purchase_date' at row 1"), <t...
          │                    └ <method 'with_traceback' of 'BaseException' objects>
          └ InternalError('(pymysql.err.InternalError) (1292, "Incorrect date value: \'\' for column \'purchase_date\' at row 1")')
  File "D:\__lybix__\DEVTools\miniconda3\envs\fams\Lib\site-packages\sqlalchemy\engine\base.py", line 1969, in _exec_single_context
    self.dialect.do_execute(
    │    │       └ <function DefaultDialect.do_execute at 0x0000028410CB6E80>
    │    └ <sqlalchemy.dialects.mysql.pymysql.MySQLDialect_pymysql object at 0x00000284116E4E10>
    └ <sqlalchemy.engine.base.Connection object at 0x0000028411715F10>
  File "D:\__lybix__\DEVTools\miniconda3\envs\fams\Lib\site-packages\sqlalchemy\engine\default.py", line 952, in do_execute
    cursor.execute(statement, parameters)
    │      │       │          └ {'asset_code': 'TEST-2026-001', 'asset_name': '测试资产1号', 'spec': '', 'category_id': 9, 'purchase_date': '', 'book_value': 0, '...
    │      │       └ 'INSERT INTO asset_info (asset_code, asset_name, spec, category_id,\n                                         purchase_date, ...
    │      └ <function Cursor.execute at 0x0000028411661940>
    └ <pymysql.cursors.Cursor object at 0x00000284117316D0>
  File "D:\__lybix__\DEVTools\miniconda3\envs\fams\Lib\site-packages\pymysql\cursors.py", line 170, in execute
    result = self._query(query)
             │    │      └ "INSERT INTO asset_info (asset_code, asset_name, spec, category_id,\n                                         purchase_date, ...
             │    └ <function Cursor._query at 0x0000028411661E40>
             └ <pymysql.cursors.Cursor object at 0x00000284117316D0>
  File "D:\__lybix__\DEVTools\miniconda3\envs\fams\Lib\site-packages\pymysql\cursors.py", line 328, in _query
    conn.query(q)
    │    │     └ "INSERT INTO asset_info (asset_code, asset_name, spec, category_id,\n                                         purchase_date, ...
    │    └ <function Connection.query at 0x0000028411681A80>
    └ <pymysql.connections.Connection object at 0x0000028410DD8590>
  File "D:\__lybix__\DEVTools\miniconda3\envs\fams\Lib\site-packages\pymysql\connections.py", line 517, in query
    self._affected_rows = self._read_query_result(unbuffered=unbuffered)
    │    │                │    │                             └ False
    │    │                │    └ <function Connection._read_query_result at 0x0000028411682160>
    │    │                └ <pymysql.connections.Connection object at 0x0000028410DD8590>
    │    └ 10
    └ <pymysql.connections.Connection object at 0x0000028410DD8590>
  File "D:\__lybix__\DEVTools\miniconda3\envs\fams\Lib\site-packages\pymysql\connections.py", line 732, in _read_query_result
    result.read()
    │      └ <function MySQLResult.read at 0x0000028411682A20>
    └ <pymysql.connections.MySQLResult object at 0x0000028411731C50>
  File "D:\__lybix__\DEVTools\miniconda3\envs\fams\Lib\site-packages\pymysql\connections.py", line 1075, in read
    first_packet = self.connection._read_packet()
                   │    └ None
                   └ <pymysql.connections.MySQLResult object at 0x0000028411731C50>
  File "D:\__lybix__\DEVTools\miniconda3\envs\fams\Lib\site-packages\pymysql\connections.py", line 684, in _read_packet
    packet.check_error()
    │      └ <function MysqlPacket.check_error at 0x0000028411663F60>
    └ <pymysql.protocol.MysqlPacket object at 0x0000028411721D20>
  File "D:\__lybix__\DEVTools\miniconda3\envs\fams\Lib\site-packages\pymysql\protocol.py", line 220, in check_error
    err.raise_mysql_exception(self._data)
    │   │                     │    └ <member '_data' of 'MysqlPacket' objects>
    │   │                     └ <pymysql.protocol.MysqlPacket object at 0x0000028411721D20>
    │   └ <function raise_mysql_exception at 0x000002841160B1A0>
    └ <module 'pymysql.err' from 'D:\\__lybix__\\DEVTools\\miniconda3\\envs\\fams\\Lib\\site-packages\\pymysql\\err.py'>
  File "D:\__lybix__\DEVTools\miniconda3\envs\fams\Lib\site-packages\pymysql\err.py", line 109, in raise_mysql_exception
    raise errorclass(errno, errval)
          │          │      └ "Incorrect date value: '' for column 'purchase_date' at row 1"
          │          └ 1292
          └ <class 'pymysql.err.InternalError'>

sqlalchemy.exc.InternalError: (pymysql.err.InternalError) (1292, "Incorrect date value: '' for column 'purchase_date' at row 1")
[SQL: INSERT INTO asset_info (asset_code, asset_name, spec, category_id,
                                         purchase_date, book_value, location, dept_id,
                                         user_id, status, remark, version)
                 VALUES (%(asset_code)s, %(asset_name)s, %(spec)s, %(category_id)s, %(purchase_date)s,
                         %(book_value)s, %(location)s, %(dept_id)s, %(user_id)s, %(status)s, %(remark)s, 1)]
[parameters: {'asset_code': 'TEST-2026-001', 'asset_name': '测试资产1号', 'spec': '', 'category_id': 9, 'purchase_date': '', 'book_value': 0, 'location': '', 'dept_id': 1, 'user_id': 0, 'status': 1, 'remark': ''}]
(Background on this error at: https://sqlalche.me/e/20/2j85)

Traceback (most recent call last):

  File "D:\__lybix__\DEVTools\miniconda3\envs\fams\Lib\site-packages\sqlalchemy\engine\base.py", line 1969, in _exec_single_context
    self.dialect.do_execute(
    │    │       └ <function DefaultDialect.do_execute at 0x0000028410CB6E80>
    │    └ <sqlalchemy.dialects.mysql.pymysql.MySQLDialect_pymysql object at 0x00000284116E4E10>
    └ <sqlalchemy.engine.base.Connection object at 0x0000028411715F10>
  File "D:\__lybix__\DEVTools\miniconda3\envs\fams\Lib\site-packages\sqlalchemy\engine\default.py", line 952, in do_execute
    cursor.execute(statement, parameters)
    │      │       │          └ {'asset_code': 'TEST-2026-001', 'asset_name': '测试资产1号', 'spec': '', 'category_id': 9, 'purchase_date': '', 'book_value': 0, '...
    │      │       └ 'INSERT INTO asset_info (asset_code, asset_name, spec, category_id,\n                                         purchase_date, ...
    │      └ <function Cursor.execute at 0x0000028411661940>
    └ <pymysql.cursors.Cursor object at 0x00000284117316D0>
  File "D:\__lybix__\DEVTools\miniconda3\envs\fams\Lib\site-packages\pymysql\cursors.py", line 170, in execute
    result = self._query(query)
             │    │      └ "INSERT INTO asset_info (asset_code, asset_name, spec, category_id,\n                                         purchase_date, ...
             │    └ <function Cursor._query at 0x0000028411661E40>
             └ <pymysql.cursors.Cursor object at 0x00000284117316D0>
  File "D:\__lybix__\DEVTools\miniconda3\envs\fams\Lib\site-packages\pymysql\cursors.py", line 328, in _query
    conn.query(q)
    │    │     └ "INSERT INTO asset_info (asset_code, asset_name, spec, category_id,\n                                         purchase_date, ...
    │    └ <function Connection.query at 0x0000028411681A80>
    └ <pymysql.connections.Connection object at 0x0000028410DD8590>
  File "D:\__lybix__\DEVTools\miniconda3\envs\fams\Lib\site-packages\pymysql\connections.py", line 517, in query
    self._affected_rows = self._read_query_result(unbuffered=unbuffered)
    │    │                │    │                             └ False
    │    │                │    └ <function Connection._read_query_result at 0x0000028411682160>
    │    │                └ <pymysql.connections.Connection object at 0x0000028410DD8590>
    │    └ 10
    └ <pymysql.connections.Connection object at 0x0000028410DD8590>
  File "D:\__lybix__\DEVTools\miniconda3\envs\fams\Lib\site-packages\pymysql\connections.py", line 732, in _read_query_result
    result.read()
    │      └ <function MySQLResult.read at 0x0000028411682A20>
    └ <pymysql.connections.MySQLResult object at 0x0000028411731C50>
  File "D:\__lybix__\DEVTools\miniconda3\envs\fams\Lib\site-packages\pymysql\connections.py", line 1075, in read
    first_packet = self.connection._read_packet()
                   │    └ None
                   └ <pymysql.connections.MySQLResult object at 0x0000028411731C50>
  File "D:\__lybix__\DEVTools\miniconda3\envs\fams\Lib\site-packages\pymysql\connections.py", line 684, in _read_packet
    packet.check_error()
    │      └ <function MysqlPacket.check_error at 0x0000028411663F60>
    └ <pymysql.protocol.MysqlPacket object at 0x0000028411721D20>
  File "D:\__lybix__\DEVTools\miniconda3\envs\fams\Lib\site-packages\pymysql\protocol.py", line 220, in check_error
    err.raise_mysql_exception(self._data)
    │   │                     │    └ <member '_data' of 'MysqlPacket' objects>
    │   │                     └ <pymysql.protocol.MysqlPacket object at 0x0000028411721D20>
    │   └ <function raise_mysql_exception at 0x000002841160B1A0>
    └ <module 'pymysql.err' from 'D:\\__lybix__\\DEVTools\\miniconda3\\envs\\fams\\Lib\\site-packages\\pymysql\\err.py'>
  File "D:\__lybix__\DEVTools\miniconda3\envs\fams\Lib\site-packages\pymysql\err.py", line 109, in raise_mysql_exception
    raise errorclass(errno, errval)
          │          │      └ "Incorrect date value: '' for column 'purchase_date' at row 1"
          │          └ 1292
          └ <class 'pymysql.err.InternalError'>

pymysql.err.InternalError: (1292, "Incorrect date value: '' for column 'purchase_date' at row 1")


The above exception was the direct cause of the following exception:


Traceback (most recent call last):

  File "D:\__lybix__\_Codes\FAMS-NEPU\platform\server\services\svr_gateway\main.py", line 64, in <module>
    uvicorn.run(app, host="0.0.0.0", port=gateway_config.HTTP_PORT)
    │       │   │                         │              └ 9900
    │       │   │                         └ <services.svr_gateway.config.GatewayConfig object at 0x000002840F3F9890>
    │       │   └ <fastapi.applications.FastAPI object at 0x000002841133B750>
    │       └ <function run at 0x000002840E16FD80>
    └ <module 'uvicorn' from 'D:\\__lybix__\\DEVTools\\miniconda3\\envs\\fams\\Lib\\site-packages\\uvicorn\\__init__.py'>

  File "D:\__lybix__\DEVTools\miniconda3\envs\fams\Lib\site-packages\uvicorn\main.py", line 621, in run
    server.run()
    │      └ <function Server.run at 0x000002840E300860>
    └ <uvicorn.server.Server object at 0x0000028411216D50>
  File "D:\__lybix__\DEVTools\miniconda3\envs\fams\Lib\site-packages\uvicorn\server.py", line 74, in run
    return asyncio_run(self.serve(sockets=sockets), loop_factory=self.config.get_loop_factory())
           │           │    │             │                      │    │      └ <function Config.get_loop_factory at 0x000002840E16D1C0>
           │           │    │             │                      │    └ <uvicorn.config.Config object at 0x000002841133B190>
           │           │    │             │                      └ <uvicorn.server.Server object at 0x0000028411216D50>
           │           │    │             └ None
           │           │    └ <function Server.serve at 0x000002840E300900>
           │           └ <uvicorn.server.Server object at 0x0000028411216D50>
           └ <function asyncio_run at 0x000002840E0F7740>
  File "D:\__lybix__\DEVTools\miniconda3\envs\fams\Lib\site-packages\uvicorn\_compat.py", line 30, in asyncio_run
    return runner.run(main)
           │      │   └ <coroutine object Server.serve at 0x00000284113507C0>
           │      └ <function Runner.run at 0x000002840DB53560>
           └ <asyncio.runners.Runner object at 0x00000284110EB7D0>
  File "D:\__lybix__\DEVTools\miniconda3\envs\fams\Lib\asyncio\runners.py", line 118, in run
    return self._loop.run_until_complete(task)
           │    │     │                  └ <Task pending name='Task-1' coro=<Server.serve() running at D:\__lybix__\DEVTools\miniconda3\envs\fams\Lib\site-packages\uvic...
           │    │     └ <function BaseEventLoop.run_until_complete at 0x000002840DB51120>
           │    └ <ProactorEventLoop running=True closed=False debug=False>
           └ <asyncio.runners.Runner object at 0x00000284110EB7D0>
  File "D:\__lybix__\DEVTools\miniconda3\envs\fams\Lib\asyncio\base_events.py", line 637, in run_until_complete
    self.run_forever()
    │    └ <function ProactorEventLoop.run_forever at 0x000002840DC28860>
    └ <ProactorEventLoop running=True closed=False debug=False>
  File "D:\__lybix__\DEVTools\miniconda3\envs\fams\Lib\asyncio\windows_events.py", line 321, in run_forever
    super().run_forever()
  File "D:\__lybix__\DEVTools\miniconda3\envs\fams\Lib\asyncio\base_events.py", line 604, in run_forever
    self._run_once()
    │    └ <function BaseEventLoop._run_once at 0x000002840DB52E80>
    └ <ProactorEventLoop running=True closed=False debug=False>
  File "D:\__lybix__\DEVTools\miniconda3\envs\fams\Lib\asyncio\base_events.py", line 1909, in _run_once
    handle._run()
    │      └ <function Handle._run at 0x000002840DA953A0>
    └ <Handle Task.task_wakeup(<Future finished result=None>)>
  File "D:\__lybix__\DEVTools\miniconda3\envs\fams\Lib\asyncio\events.py", line 80, in _run
    self._context.run(self._callback, *self._args)
    │    │            │    │           │    └ <member '_args' of 'Handle' objects>
    │    │            │    │           └ <Handle Task.task_wakeup(<Future finished result=None>)>
    │    │            │    └ <member '_callback' of 'Handle' objects>
    │    │            └ <Handle Task.task_wakeup(<Future finished result=None>)>
    │    └ <member '_context' of 'Handle' objects>
    └ <Handle Task.task_wakeup(<Future finished result=None>)>
  File "D:\__lybix__\DEVTools\miniconda3\envs\fams\Lib\site-packages\uvicorn\protocols\http\httptools_impl.py", line 422, in run_asgi
    result = await app(  # type: ignore[func-returns-value]
                   └ <uvicorn.middleware.proxy_headers.ProxyHeadersMiddleware object at 0x000002841133CE50>
  File "D:\__lybix__\DEVTools\miniconda3\envs\fams\Lib\site-packages\uvicorn\middleware\proxy_headers.py", line 63, in __call__
    return await self.app(scope, receive, send)
                 │    │   │      │        └ <bound method RequestResponseCycle.send of <uvicorn.protocols.http.httptools_impl.RequestResponseCycle object at 0x0000028411...
                 │    │   │      └ <bound method RequestResponseCycle.receive of <uvicorn.protocols.http.httptools_impl.RequestResponseCycle object at 0x0000028...
                 │    │   └ {'type': 'http', 'asgi': {'version': '3.0', 'spec_version': '2.3'}, 'http_version': '1.1', 'server': ('127.0.0.1', 9900), 'cl...
                 │    └ <fastapi.applications.FastAPI object at 0x000002841133B750>
                 └ <uvicorn.middleware.proxy_headers.ProxyHeadersMiddleware object at 0x000002841133CE50>
  File "D:\__lybix__\DEVTools\miniconda3\envs\fams\Lib\site-packages\fastapi\applications.py", line 1163, in __call__
    await super().__call__(scope, receive, send)
                           │      │        └ <bound method RequestResponseCycle.send of <uvicorn.protocols.http.httptools_impl.RequestResponseCycle object at 0x0000028411...
                           │      └ <bound method RequestResponseCycle.receive of <uvicorn.protocols.http.httptools_impl.RequestResponseCycle object at 0x0000028...
                           └ {'type': 'http', 'asgi': {'version': '3.0', 'spec_version': '2.3'}, 'http_version': '1.1', 'server': ('127.0.0.1', 9900), 'cl...
  File "D:\__lybix__\DEVTools\miniconda3\envs\fams\Lib\site-packages\starlette\applications.py", line 90, in __call__
    await self.middleware_stack(scope, receive, send)
          │    │                │      │        └ <bound method RequestResponseCycle.send of <uvicorn.protocols.http.httptools_impl.RequestResponseCycle object at 0x0000028411...
          │    │                │      └ <bound method RequestResponseCycle.receive of <uvicorn.protocols.http.httptools_impl.RequestResponseCycle object at 0x0000028...
          │    │                └ {'type': 'http', 'asgi': {'version': '3.0', 'spec_version': '2.3'}, 'http_version': '1.1', 'server': ('127.0.0.1', 9900), 'cl...
          │    └ <starlette.middleware.errors.ServerErrorMiddleware object at 0x00000284113DAF50>
          └ <fastapi.applications.FastAPI object at 0x000002841133B750>
> File "D:\__lybix__\DEVTools\miniconda3\envs\fams\Lib\site-packages\starlette\middleware\errors.py", line 164, in __call__
    await self.app(scope, receive, _send)
          │    │   │      │        └ <function ServerErrorMiddleware.__call__.<locals>._send at 0x00000284116B65C0>
          │    │   │      └ <bound method RequestResponseCycle.receive of <uvicorn.protocols.http.httptools_impl.RequestResponseCycle object at 0x0000028...
          │    │   └ {'type': 'http', 'asgi': {'version': '3.0', 'spec_version': '2.3'}, 'http_version': '1.1', 'server': ('127.0.0.1', 9900), 'cl...
          │    └ <starlette.middleware.base.BaseHTTPMiddleware object at 0x0000028410DE5210>
          └ <starlette.middleware.errors.ServerErrorMiddleware object at 0x00000284113DAF50>
  File "D:\__lybix__\DEVTools\miniconda3\envs\fams\Lib\contextlib.py", line 222, in __aexit__
    await self.gen.athrow(typ, value, traceback)
          │    │   │      │    │      └ <traceback object at 0x00000284117322C0>
          │    │   │      │    └ InternalError('(pymysql.err.InternalError) (1292, "Incorrect date value: \'\' for column \'purchase_date\' at row 1")')
          │    │   │      └ <class 'sqlalchemy.exc.InternalError'>
          │    │   └ <method 'athrow' of 'async_generator' objects>
          │    └ <async_generator object create_collapsing_task_group at 0x0000028411393740>
          └ <contextlib._AsyncGeneratorContextManager object at 0x0000028411716E10>
  File "D:\__lybix__\DEVTools\miniconda3\envs\fams\Lib\site-packages\starlette\_utils.py", line 93, in create_collapsing_task_group
    raise exc from exc.__cause__ or context
          │        │   │            └ None
          │        │   └ <attribute '__cause__' of 'BaseException' objects>
          │        └ InternalError('(pymysql.err.InternalError) (1292, "Incorrect date value: \'\' for column \'purchase_date\' at row 1")')
          └ InternalError('(pymysql.err.InternalError) (1292, "Incorrect date value: \'\' for column \'purchase_date\' at row 1")')
  File "D:\__lybix__\DEVTools\miniconda3\envs\fams\Lib\site-packages\starlette\_utils.py", line 86, in create_collapsing_task_group
    yield tg
          └ <anyio._backends._asyncio.TaskGroup object at 0x0000028411714A50>
  File "D:\__lybix__\DEVTools\miniconda3\envs\fams\Lib\site-packages\starlette\middleware\base.py", line 193, in __call__
    response = await self.dispatch_func(request, call_next)
                     │    │             │        └ <function BaseHTTPMiddleware.__call__.<locals>.call_next at 0x00000284116B6700>
                     │    │             └ <starlette.middleware.base._CachedRequest object at 0x0000028411715B90>
                     │    └ <function log_requests at 0x0000028411336FC0>
                     └ <starlette.middleware.base.BaseHTTPMiddleware object at 0x0000028410DE5210>

  File "D:\__lybix__\_Codes\FAMS-NEPU\platform\server\services\svr_gateway\main.py", line 42, in log_requests
    response = await call_next(request)
                     │         └ <starlette.middleware.base._CachedRequest object at 0x0000028411715B90>
                     └ <function BaseHTTPMiddleware.__call__.<locals>.call_next at 0x00000284116B6700>

  File "D:\__lybix__\DEVTools\miniconda3\envs\fams\Lib\site-packages\starlette\middleware\base.py", line 168, in call_next
    raise app_exc from app_exc.__cause__ or app_exc.__context__
          │            │       │            │       └ <attribute '__context__' of 'BaseException' objects>
          │            │       │            └ InternalError('(pymysql.err.InternalError) (1292, "Incorrect date value: \'\' for column \'purchase_date\' at row 1")')
          │            │       └ <attribute '__cause__' of 'BaseException' objects>
          │            └ InternalError('(pymysql.err.InternalError) (1292, "Incorrect date value: \'\' for column \'purchase_date\' at row 1")')
          └ InternalError('(pymysql.err.InternalError) (1292, "Incorrect date value: \'\' for column \'purchase_date\' at row 1")')
  File "D:\__lybix__\DEVTools\miniconda3\envs\fams\Lib\site-packages\starlette\middleware\base.py", line 144, in coro
    await self.app(scope, receive_or_disconnect, send_no_error)
          │    │   │      │                      └ <function BaseHTTPMiddleware.__call__.<locals>.call_next.<locals>.send_no_error at 0x00000284116B67A0>
          │    │   │      └ <function BaseHTTPMiddleware.__call__.<locals>.call_next.<locals>.receive_or_disconnect at 0x00000284116B76A0>
          │    │   └ {'type': 'http', 'asgi': {'version': '3.0', 'spec_version': '2.3'}, 'http_version': '1.1', 'server': ('127.0.0.1', 9900), 'cl...
          │    └ <starlette.middleware.cors.CORSMiddleware object at 0x00000284113DAB50>
          └ <starlette.middleware.base.BaseHTTPMiddleware object at 0x0000028410DE5210>
  File "D:\__lybix__\DEVTools\miniconda3\envs\fams\Lib\site-packages\starlette\middleware\cors.py", line 96, in __call__
    await self.simple_response(scope, receive, send, request_headers=headers)
          │    │               │      │        │                     └ Headers({'host': '127.0.0.1:9900', 'connection': 'close', 'content-length': '220', 'sec-ch-ua-platform': '"Windows"', 'author...
          │    │               │      │        └ <function BaseHTTPMiddleware.__call__.<locals>.call_next.<locals>.send_no_error at 0x00000284116B67A0>
          │    │               │      └ <function BaseHTTPMiddleware.__call__.<locals>.call_next.<locals>.receive_or_disconnect at 0x00000284116B76A0>
          │    │               └ {'type': 'http', 'asgi': {'version': '3.0', 'spec_version': '2.3'}, 'http_version': '1.1', 'server': ('127.0.0.1', 9900), 'cl...
          │    └ <function CORSMiddleware.simple_response at 0x000002840F3ED080>
          └ <starlette.middleware.cors.CORSMiddleware object at 0x00000284113DAB50>
  File "D:\__lybix__\DEVTools\miniconda3\envs\fams\Lib\site-packages\starlette\middleware\cors.py", line 154, in simple_response
    await self.app(scope, receive, send)
          │    │   │      │        └ functools.partial(<bound method CORSMiddleware.send of <starlette.middleware.cors.CORSMiddleware object at 0x00000284113DAB50...
          │    │   │      └ <function BaseHTTPMiddleware.__call__.<locals>.call_next.<locals>.receive_or_disconnect at 0x00000284116B76A0>
          │    │   └ {'type': 'http', 'asgi': {'version': '3.0', 'spec_version': '2.3'}, 'http_version': '1.1', 'server': ('127.0.0.1', 9900), 'cl...
          │    └ <starlette.middleware.exceptions.ExceptionMiddleware object at 0x0000028410DDD7D0>
          └ <starlette.middleware.cors.CORSMiddleware object at 0x00000284113DAB50>
  File "D:\__lybix__\DEVTools\miniconda3\envs\fams\Lib\site-packages\starlette\middleware\exceptions.py", line 63, in __call__
    await wrap_app_handling_exceptions(self.app, conn)(scope, receive, send)
          │                            │    │    │     │      │        └ functools.partial(<bound method CORSMiddleware.send of <starlette.middleware.cors.CORSMiddleware object at 0x00000284113DAB50...
          │                            │    │    │     │      └ <function BaseHTTPMiddleware.__call__.<locals>.call_next.<locals>.receive_or_disconnect at 0x00000284116B76A0>
          │                            │    │    │     └ {'type': 'http', 'asgi': {'version': '3.0', 'spec_version': '2.3'}, 'http_version': '1.1', 'server': ('127.0.0.1', 9900), 'cl...
          │                            │    │    └ <starlette.requests.Request object at 0x0000028411717590>
          │                            │    └ <fastapi.middleware.asyncexitstack.AsyncExitStackMiddleware object at 0x0000028410DDD790>
          │                            └ <starlette.middleware.exceptions.ExceptionMiddleware object at 0x0000028410DDD7D0>
          └ <function wrap_app_handling_exceptions at 0x000002840F2EF100>
  File "D:\__lybix__\DEVTools\miniconda3\envs\fams\Lib\site-packages\starlette\_exception_handler.py", line 53, in wrapped_app
    raise exc
  File "D:\__lybix__\DEVTools\miniconda3\envs\fams\Lib\site-packages\starlette\_exception_handler.py", line 42, in wrapped_app
    await app(scope, receive, sender)
          │   │      │        └ <function wrap_app_handling_exceptions.<locals>.wrapped_app.<locals>.sender at 0x00000284116EDE40>
          │   │      └ <function BaseHTTPMiddleware.__call__.<locals>.call_next.<locals>.receive_or_disconnect at 0x00000284116B76A0>
          │   └ {'type': 'http', 'asgi': {'version': '3.0', 'spec_version': '2.3'}, 'http_version': '1.1', 'server': ('127.0.0.1', 9900), 'cl...
          └ <fastapi.middleware.asyncexitstack.AsyncExitStackMiddleware object at 0x0000028410DDD790>
  File "D:\__lybix__\DEVTools\miniconda3\envs\fams\Lib\site-packages\fastapi\middleware\asyncexitstack.py", line 18, in __call__
    await self.app(scope, receive, send)
          │    │   │      │        └ <function wrap_app_handling_exceptions.<locals>.wrapped_app.<locals>.sender at 0x00000284116EDE40>
          │    │   │      └ <function BaseHTTPMiddleware.__call__.<locals>.call_next.<locals>.receive_or_disconnect at 0x00000284116B76A0>
          │    │   └ {'type': 'http', 'asgi': {'version': '3.0', 'spec_version': '2.3'}, 'http_version': '1.1', 'server': ('127.0.0.1', 9900), 'cl...
          │    └ <fastapi.routing.APIRouter object at 0x000002841133B850>
          └ <fastapi.middleware.asyncexitstack.AsyncExitStackMiddleware object at 0x0000028410DDD790>
  File "D:\__lybix__\DEVTools\miniconda3\envs\fams\Lib\site-packages\starlette\routing.py", line 660, in __call__
    await self.middleware_stack(scope, receive, send)
          │    │                │      │        └ <function wrap_app_handling_exceptions.<locals>.wrapped_app.<locals>.sender at 0x00000284116EDE40>
          │    │                │      └ <function BaseHTTPMiddleware.__call__.<locals>.call_next.<locals>.receive_or_disconnect at 0x00000284116B76A0>
          │    │                └ {'type': 'http', 'asgi': {'version': '3.0', 'spec_version': '2.3'}, 'http_version': '1.1', 'server': ('127.0.0.1', 9900), 'cl...
          │    └ <bound method APIRouter.app of <fastapi.routing.APIRouter object at 0x000002841133B850>>
          └ <fastapi.routing.APIRouter object at 0x000002841133B850>
  File "D:\__lybix__\DEVTools\miniconda3\envs\fams\Lib\site-packages\fastapi\routing.py", line 2683, in app
    await route.handle(scope, receive, send)
          │     │      │      │        └ <function wrap_app_handling_exceptions.<locals>.wrapped_app.<locals>.sender at 0x00000284116EDE40>
          │     │      │      └ <function BaseHTTPMiddleware.__call__.<locals>.call_next.<locals>.receive_or_disconnect at 0x00000284116B76A0>
          │     │      └ {'type': 'http', 'asgi': {'version': '3.0', 'spec_version': '2.3'}, 'http_version': '1.1', 'server': ('127.0.0.1', 9900), 'cl...
          │     └ <function _IncludedRouter.handle at 0x000002840F331BC0>
          └ _IncludedRouter(original_router=<fastapi.routing.APIRouter object at 0x000002840BAC4650>, include_context=_RouterIncludeConte...
  File "D:\__lybix__\DEVTools\miniconda3\envs\fams\Lib\site-packages\fastapi\routing.py", line 1753, in handle
    await self.original_router.handle(scope, receive, send)
          │    │               │      │      │        └ <function wrap_app_handling_exceptions.<locals>.wrapped_app.<locals>.sender at 0x00000284116EDE40>
          │    │               │      │      └ <function BaseHTTPMiddleware.__call__.<locals>.call_next.<locals>.receive_or_disconnect at 0x00000284116B76A0>
          │    │               │      └ {'type': 'http', 'asgi': {'version': '3.0', 'spec_version': '2.3'}, 'http_version': '1.1', 'server': ('127.0.0.1', 9900), 'cl...
          │    │               └ <function APIRouter.handle at 0x000002840F333BA0>
          │    └ <fastapi.routing.APIRouter object at 0x000002840BAC4650>
          └ _IncludedRouter(original_router=<fastapi.routing.APIRouter object at 0x000002840BAC4650>, include_context=_RouterIncludeConte...
  File "D:\__lybix__\DEVTools\miniconda3\envs\fams\Lib\site-packages\fastapi\routing.py", line 2738, in handle
    await included_router._handle_selected(scope, receive, send)
          │               │                │      │        └ <function wrap_app_handling_exceptions.<locals>.wrapped_app.<locals>.sender at 0x00000284116EDE40>
          │               │                │      └ <function BaseHTTPMiddleware.__call__.<locals>.call_next.<locals>.receive_or_disconnect at 0x00000284116B76A0>
          │               │                └ {'type': 'http', 'asgi': {'version': '3.0', 'spec_version': '2.3'}, 'http_version': '1.1', 'server': ('127.0.0.1', 9900), 'cl...
          │               └ <function _IncludedRouter._handle_selected at 0x000002840F331C60>
          └ _IncludedRouter(original_router=<fastapi.routing.APIRouter object at 0x000002840BAC4650>, include_context=_RouterIncludeConte...
  File "D:\__lybix__\DEVTools\miniconda3\envs\fams\Lib\site-packages\fastapi\routing.py", line 1773, in _handle_selected
    await original_route.handle(scope, receive, send)
          │              │      │      │        └ <function wrap_app_handling_exceptions.<locals>.wrapped_app.<locals>.sender at 0x00000284116EDE40>
          │              │      │      └ <function BaseHTTPMiddleware.__call__.<locals>.call_next.<locals>.receive_or_disconnect at 0x00000284116B76A0>
          │              │      └ {'type': 'http', 'asgi': {'version': '3.0', 'spec_version': '2.3'}, 'http_version': '1.1', 'server': ('127.0.0.1', 9900), 'cl...
          │              └ <function APIRoute.handle at 0x000002840F31FCE0>
          └ APIRoute(path='/api/asset', name='create_asset', methods=['POST'])
  File "D:\__lybix__\DEVTools\miniconda3\envs\fams\Lib\site-packages\fastapi\routing.py", line 1264, in handle
    await app(scope, receive, send)
          │   │      │        └ <function wrap_app_handling_exceptions.<locals>.wrapped_app.<locals>.sender at 0x00000284116EDE40>
          │   │      └ <function BaseHTTPMiddleware.__call__.<locals>.call_next.<locals>.receive_or_disconnect at 0x00000284116B76A0>
          │   └ {'type': 'http', 'asgi': {'version': '3.0', 'spec_version': '2.3'}, 'http_version': '1.1', 'server': ('127.0.0.1', 9900), 'cl...
          └ <function request_response.<locals>.app at 0x00000284116F8C20>
  File "D:\__lybix__\DEVTools\miniconda3\envs\fams\Lib\site-packages\fastapi\routing.py", line 150, in app
    await wrap_app_handling_exceptions(app, request)(scope, receive, send)
          │                            │    │        │      │        └ <function wrap_app_handling_exceptions.<locals>.wrapped_app.<locals>.sender at 0x00000284116EDE40>
          │                            │    │        │      └ <function BaseHTTPMiddleware.__call__.<locals>.call_next.<locals>.receive_or_disconnect at 0x00000284116B76A0>
          │                            │    │        └ {'type': 'http', 'asgi': {'version': '3.0', 'spec_version': '2.3'}, 'http_version': '1.1', 'server': ('127.0.0.1', 9900), 'cl...
          │                            │    └ <starlette.requests.Request object at 0x0000028411712A90>
          │                            └ <function request_response.<locals>.app.<locals>.app at 0x00000284116F9800>
          └ <function wrap_app_handling_exceptions at 0x000002840F2EF100>
  File "D:\__lybix__\DEVTools\miniconda3\envs\fams\Lib\site-packages\starlette\_exception_handler.py", line 53, in wrapped_app
    raise exc
  File "D:\__lybix__\DEVTools\miniconda3\envs\fams\Lib\site-packages\starlette\_exception_handler.py", line 42, in wrapped_app
    await app(scope, receive, sender)
          │   │      │        └ <function wrap_app_handling_exceptions.<locals>.wrapped_app.<locals>.sender at 0x00000284116FA020>
          │   │      └ <function BaseHTTPMiddleware.__call__.<locals>.call_next.<locals>.receive_or_disconnect at 0x00000284116B76A0>
          │   └ {'type': 'http', 'asgi': {'version': '3.0', 'spec_version': '2.3'}, 'http_version': '1.1', 'server': ('127.0.0.1', 9900), 'cl...
          └ <function request_response.<locals>.app.<locals>.app at 0x00000284116F9800>
  File "D:\__lybix__\DEVTools\miniconda3\envs\fams\Lib\site-packages\fastapi\routing.py", line 136, in app
    response = await f(request)
                     │ └ <starlette.requests.Request object at 0x0000028411712A90>
                     └ <function get_request_handler.<locals>.app at 0x000002840BEB4A40>
  File "D:\__lybix__\DEVTools\miniconda3\envs\fams\Lib\site-packages\fastapi\routing.py", line 690, in app
    raw_response = await run_endpoint_function(
                         └ <function run_endpoint_function at 0x000002840F31EF20>
  File "D:\__lybix__\DEVTools\miniconda3\envs\fams\Lib\site-packages\fastapi\routing.py", line 344, in run_endpoint_function
    return await dependant.call(**values)
                 │         │      └ {'current_user': {'user_id': 1, 'username': 'admin', 'dept_id': 1, 'role_keys': ['admin'], 'exp': 1783956875, 'iat': 17838704...
                 │         └ <function create_asset at 0x0000028411244CC0>
                 └ Dependant(path_params=[], query_params=[], header_params=[], cookie_params=[], body_params=[ModelField(field_info=Body(Pydant...

  File "D:\__lybix__\_Codes\FAMS-NEPU\platform\server\services\svr_gateway\routes.py", line 349, in create_asset
    result = logic.create_asset(data, current_user["user_id"])
             │     │            │     └ {'user_id': 1, 'username': 'admin', 'dept_id': 1, 'role_keys': ['admin'], 'exp': 1783956875, 'iat': 1783870475}
             │     │            └ {'asset_id': 0, 'asset_code': 'TEST-2026-001', 'asset_name': '测试资产1号', 'category_id': 9, 'category_id_path': 9, 'spec': '', '...
             │     └ <function AssetLogic.create_asset at 0x0000028411053240>
             └ <data.logic.asset_logic.AssetLogic object at 0x00000284116D9890>

  File "D:\__lybix__\_Codes\FAMS-NEPU\platform\server\data\logic\asset_logic.py", line 47, in create_asset
    asset_id = self.asset_dao.insert_asset(data)
               │    │         │            └ {'asset_id': 0, 'asset_code': 'TEST-2026-001', 'asset_name': '测试资产1号', 'category_id': 9, 'category_id_path': 9, 'spec': '', '...
               │    │         └ <function AssetDAO.insert_asset at 0x0000028411052B60>
               │    └ <data.basic.asset_dao.AssetDAO object at 0x00000284116DB3D0>
               └ <data.logic.asset_logic.AssetLogic object at 0x00000284116D9890>

  File "D:\__lybix__\_Codes\FAMS-NEPU\platform\server\data\basic\asset_dao.py", line 89, in insert_asset
    return self._execute_insert(sql, asset)
           │    │               │    └ {'asset_id': 0, 'asset_code': 'TEST-2026-001', 'asset_name': '测试资产1号', 'category_id': 9, 'category_id_path': 9, 'spec': '', '...
           │    │               └ 'INSERT INTO asset_info (asset_code, asset_name, spec, category_id,\n                                         purchase_date, ...
           │    └ <function BaseDAO._execute_insert at 0x0000028410C8BC40>
           └ <data.basic.asset_dao.AssetDAO object at 0x00000284116DB3D0>

  File "D:\__lybix__\_Codes\FAMS-NEPU\platform\server\data\basic\base_dao.py", line 65, in _execute_insert
    result = conn.execute(text(sql), params or {})
             │    │       │    │     └ {'asset_id': 0, 'asset_code': 'TEST-2026-001', 'asset_name': '测试资产1号', 'category_id': 9, 'category_id_path': 9, 'spec': '', '...
             │    │       │    └ 'INSERT INTO asset_info (asset_code, asset_name, spec, category_id,\n                                         purchase_date, ...
             │    │       └ <function text at 0x000002840FBD4040>
             │    └ <function Connection.execute at 0x0000028410C0AD40>
             └ <sqlalchemy.engine.base.Connection object at 0x0000028411715F10>

  File "D:\__lybix__\DEVTools\miniconda3\envs\fams\Lib\site-packages\sqlalchemy\engine\base.py", line 1421, in execute
    return meth(
           └ <bound method ClauseElement._execute_on_connection of <sqlalchemy.sql.elements.TextClause object at 0x00000284117178D0>>
  File "D:\__lybix__\DEVTools\miniconda3\envs\fams\Lib\site-packages\sqlalchemy\sql\elements.py", line 526, in _execute_on_connection
    return connection._execute_clauseelement(
           │          └ <function Connection._execute_clauseelement at 0x0000028410C0B060>
           └ <sqlalchemy.engine.base.Connection object at 0x0000028411715F10>
  File "D:\__lybix__\DEVTools\miniconda3\envs\fams\Lib\site-packages\sqlalchemy\engine\base.py", line 1643, in _execute_clauseelement
    ret = self._execute_context(
          │    └ <function Connection._execute_context at 0x0000028410C0B240>
          └ <sqlalchemy.engine.base.Connection object at 0x0000028411715F10>
  File "D:\__lybix__\DEVTools\miniconda3\envs\fams\Lib\site-packages\sqlalchemy\engine\base.py", line 1848, in _execute_context
    return self._exec_single_context(
           │    └ <function Connection._exec_single_context at 0x0000028410C0B2E0>
           └ <sqlalchemy.engine.base.Connection object at 0x0000028411715F10>
  File "D:\__lybix__\DEVTools\miniconda3\envs\fams\Lib\site-packages\sqlalchemy\engine\base.py", line 1988, in _exec_single_context
    self._handle_dbapi_exception(
    │    └ <function Connection._handle_dbapi_exception at 0x0000028410C0B560>
    └ <sqlalchemy.engine.base.Connection object at 0x0000028411715F10>
  File "D:\__lybix__\DEVTools\miniconda3\envs\fams\Lib\site-packages\sqlalchemy\engine\base.py", line 2365, in _handle_dbapi_exception
    raise sqlalchemy_exception.with_traceback(exc_info[2]) from e
          │                    │              │                 └ InternalError(1292, "Incorrect date value: '' for column 'purchase_date' at row 1")
          │                    │              └ (<class 'pymysql.err.InternalError'>, InternalError(1292, "Incorrect date value: '' for column 'purchase_date' at row 1"), <t...
          │                    └ <method 'with_traceback' of 'BaseException' objects>
          └ InternalError('(pymysql.err.InternalError) (1292, "Incorrect date value: \'\' for column \'purchase_date\' at row 1")')
  File "D:\__lybix__\DEVTools\miniconda3\envs\fams\Lib\site-packages\sqlalchemy\engine\base.py", line 1969, in _exec_single_context
    self.dialect.do_execute(
    │    │       └ <function DefaultDialect.do_execute at 0x0000028410CB6E80>
    │    └ <sqlalchemy.dialects.mysql.pymysql.MySQLDialect_pymysql object at 0x00000284116E4E10>
    └ <sqlalchemy.engine.base.Connection object at 0x0000028411715F10>
  File "D:\__lybix__\DEVTools\miniconda3\envs\fams\Lib\site-packages\sqlalchemy\engine\default.py", line 952, in do_execute
    cursor.execute(statement, parameters)
    │      │       │          └ {'asset_code': 'TEST-2026-001', 'asset_name': '测试资产1号', 'spec': '', 'category_id': 9, 'purchase_date': '', 'book_value': 0, '...
    │      │       └ 'INSERT INTO asset_info (asset_code, asset_name, spec, category_id,\n                                         purchase_date, ...
    │      └ <function Cursor.execute at 0x0000028411661940>
    └ <pymysql.cursors.Cursor object at 0x00000284117316D0>
  File "D:\__lybix__\DEVTools\miniconda3\envs\fams\Lib\site-packages\pymysql\cursors.py", line 170, in execute
    result = self._query(query)
             │    │      └ "INSERT INTO asset_info (asset_code, asset_name, spec, category_id,\n                                         purchase_date, ...
             │    └ <function Cursor._query at 0x0000028411661E40>
             └ <pymysql.cursors.Cursor object at 0x00000284117316D0>
  File "D:\__lybix__\DEVTools\miniconda3\envs\fams\Lib\site-packages\pymysql\cursors.py", line 328, in _query
    conn.query(q)
    │    │     └ "INSERT INTO asset_info (asset_code, asset_name, spec, category_id,\n                                         purchase_date, ...
    │    └ <function Connection.query at 0x0000028411681A80>
    └ <pymysql.connections.Connection object at 0x0000028410DD8590>
  File "D:\__lybix__\DEVTools\miniconda3\envs\fams\Lib\site-packages\pymysql\connections.py", line 517, in query
    self._affected_rows = self._read_query_result(unbuffered=unbuffered)
    │    │                │    │                             └ False
    │    │                │    └ <function Connection._read_query_result at 0x0000028411682160>
    │    │                └ <pymysql.connections.Connection object at 0x0000028410DD8590>
    │    └ 10
    └ <pymysql.connections.Connection object at 0x0000028410DD8590>
  File "D:\__lybix__\DEVTools\miniconda3\envs\fams\Lib\site-packages\pymysql\connections.py", line 732, in _read_query_result
    result.read()
    │      └ <function MySQLResult.read at 0x0000028411682A20>
    └ <pymysql.connections.MySQLResult object at 0x0000028411731C50>
  File "D:\__lybix__\DEVTools\miniconda3\envs\fams\Lib\site-packages\pymysql\connections.py", line 1075, in read
    first_packet = self.connection._read_packet()
                   │    └ None
                   └ <pymysql.connections.MySQLResult object at 0x0000028411731C50>
  File "D:\__lybix__\DEVTools\miniconda3\envs\fams\Lib\site-packages\pymysql\connections.py", line 684, in _read_packet
    packet.check_error()
    │      └ <function MysqlPacket.check_error at 0x0000028411663F60>
    └ <pymysql.protocol.MysqlPacket object at 0x0000028411721D20>
  File "D:\__lybix__\DEVTools\miniconda3\envs\fams\Lib\site-packages\pymysql\protocol.py", line 220, in check_error
    err.raise_mysql_exception(self._data)
    │   │                     │    └ <member '_data' of 'MysqlPacket' objects>
    │   │                     └ <pymysql.protocol.MysqlPacket object at 0x0000028411721D20>
    │   └ <function raise_mysql_exception at 0x000002841160B1A0>
    └ <module 'pymysql.err' from 'D:\\__lybix__\\DEVTools\\miniconda3\\envs\\fams\\Lib\\site-packages\\pymysql\\err.py'>
  File "D:\__lybix__\DEVTools\miniconda3\envs\fams\Lib\site-packages\pymysql\err.py", line 109, in raise_mysql_exception
    raise errorclass(errno, errval)
          │          │      └ "Incorrect date value: '' for column 'purchase_date' at row 1"
          │          └ 1292
          └ <class 'pymysql.err.InternalError'>

sqlalchemy.exc.InternalError: (pymysql.err.InternalError) (1292, "Incorrect date value: '' for column 'purchase_date' at row 1")
[SQL: INSERT INTO asset_info (asset_code, asset_name, spec, category_id,
                                         purchase_date, book_value, location, dept_id,
                                         user_id, status, remark, version)
                 VALUES (%(asset_code)s, %(asset_name)s, %(spec)s, %(category_id)s, %(purchase_date)s,
                         %(book_value)s, %(location)s, %(dept_id)s, %(user_id)s, %(status)s, %(remark)s, 1)]
[parameters: {'asset_code': 'TEST-2026-001', 'asset_name': '测试资产1号', 'spec': '', 'category_id': 9, 'purchase_date': '', 'book_value': 0, 'location': '', 'dept_id': 1, 'user_id': 0, 'status': 1, 'remark': ''}]
(Background on this error at: https://sqlalche.me/e/20/2j85)
